,open,high,low,close,volume,dc_high,dc_low,dc_mid,atr,ema20,ema50,ema200,macd,macd_signal,macd_hist,rsi,bb_upper,bb_lower,bb_width,roc10,adx,plus_di,minus_di,volume_ma20,obv
2004-10-08,53.7,54.05,53.6,53.66,577900.0,0.0,0.0,0.0,0.0,53.66,53.66,53.66,0.0,0.0,0.0,0.0,0.0,0.0,0.0,0.0,0.0,0.0,0.0,0.0,0.0
2004-10-11,54.3,54.4,54.08,54.33,344900.0,0.0,0.0,0.0,0.0,53.72380952380952,53.68627450980392,53.666666666666664,0.053447293447298705,0.010689458689459742,0.04275783475783897,0.0,0.0,0.0,0.0,0.0,0.0,0.0,0.0,0.0,344900.0
2004-10-12,53.6,53.85,53.38,53.7,248200.0,0.0,0.0,0.0,0.0,53.72154195011338,53.68681276432142,53.66699834162521,0.044456457333957644,0.017442858418359325,0.02701359891559832,0.0,0.0,0.0,0.0,0.0,0.0,0.0,0.0,0.0,96700.0
2004-10-13,53.0,53.31,52.2,52.32,369100.0,0.0,0.0,0.0,0.0,53.58806176438829,53.633212263759795,53.65359537305183,-0.0731797414139237,-0.0006816615480972787,-0.07249807986582642,0.0,0.0,0.0,0.0,0.0,0.0,0.0,0.0,0.0,-272400.0
2004-10-14,51.96,52.1,51.45,51.62,119800.0,0.0,0.0,0.0,0.0,53.40062731063703,53.554262763220194,53.633360593220466,-0.220351353066377,-0.04461559985175322,-0.17573575321462376,0.0,0.0,0.0,0.0,0.0,0.0,0.0,0.0,0.0,-392200.0
2004-10-15,52.05,52.64,52.03,52.4,234500.0,0.0,0.0,0.0,0.0,53.30532947152874,53.5089975568194,53.621088348511805,-0.2709233980582866,-0.0898771594930599,-0.18104623856522667,0.0,0.0,0.0,0.0,0.0,0.0,0.0,0.0,0.0,-157700.0
2004-10-18,51.89,51.95,51.62,51.75,186800.0,0.0,0.0,0.0,0.0,53.157202855192665,53.440017260473546,53.602470553999254,-0.35930977635042893,-0.14376368286453373,-0.2155460934858952,0.0,0.0,0.0,0.0,0.0,0.0,0.0,0.0,0.0,-344500.0
2004-10-19,52.39,52.46,52.01,52.06,158400.0,0.0,0.0,0.0,0.0,53.05270734517432,53.38589893653341,53.58712258828782,-0.399734320296119,-0.19495781035085077,-0.20477650994526822,0.0,0.0,0.0,0.0,0.0,0.0,0.0,0.0,0.0,-186100.0
2004-10-20,51.35,51.47,50.88,51.4,229000.0,0.0,0.0,0.0,0.0,52.89530664563391,53.308020546865436,53.565360174474016,-0.4795001673157202,-0.2518662817438247,-0.2276338855718955,0.0,0.0,0.0,0.0,0.0,0.0,0.0,0.0,0.0,-415100.0
2004-10-21,51.19,51.8,51.06,51.69,185500.0,0.0,0.0,0.0,0.0,52.78051553652592,53.244568760713854,53.5466998742305,-0.5133964842989869,-0.30417232225485713,-0.20922416204412975,0.0,0.0,0.0,0.0,0.0,0.0,0.0,0.0,0.0,-229600.0
2004-10-22,51.75,51.78,51.05,51.1,121100.0,0.0,0.0,0.0,0.0,52.62046643780916,53.16046802499959,53.5223546018501,-0.5811682826841817,-0.3595715143407221,-0.22159676834345965,0.0,0.0,0.0,0.0,-4.77077897875512,0.0,0.0,0.0,0.0,-350700.0
2004-10-25,50.8,50.86,50.52,50.75,139300.0,0.0,0.0,0.0,0.0,52.44232677706543,53.065939867156466,53.49476898392124,-0.6555630730693451,-0.4187698260864467,-0.23679324698289844,0.0,0.0,0.0,0.0,-6.589361310509845,0.0,0.0,0.0,0.0,-490000.0
2004-10-26,50.8,51.5,50.75,51.4,232200.0,0.0,0.0,0.0,0.0,52.343057560202055,53.00060889197386,53.47392551144441,-0.654526933649521,-0.46592124759906156,-0.1886056860504594,0.0,0.0,0.0,0.0,-4.283054003724407,0.0,0.0,0.0,0.0,-257800.0
2004-10-27,51.3,51.44,50.9,51.35,352800.0,0.0,0.0,0.0,0.8242857142857137,52.24848064970662,52.9358791315043,53.45279192426587,-0.6502447510995211,-0.5027859482991535,-0.1474588028003676,0.0,0.0,0.0,0.0,-1.8539755351681952,0.0,20.537261698440197,40.81455805892545,0.0,-610600.0
2004-10-28,51.8,51.8,50.2,50.6,571800.0,0.0,0.0,0.0,0.9064285714285708,52.09148249259171,52.84427602830805,53.42440593496969,-0.6993086280065057,-0.5420904842406239,-0.15721814376588183,31.914893617021306,0.0,0.0,0.0,-1.9759783029833278,0.0,18.67612293144207,42.631993695823425,0.0,-1182400.0
2004-10-29,51.25,51.5,51.24,51.49,145300.0,0.0,0.0,0.0,0.9178571428571419,52.034198445678214,52.79116716445284,53.40515811472124,-0.6587825073153297,-0.5654288888555651,-0.09335361845976464,33.64055299539173,0.0,0.0,0.0,-1.7366412213740356,0.0,15.719844357976637,42.10116731517506,0.0,-1037100.0
2004-11-01,51.54,51.55,51.3,51.4,121200.0,0.0,0.0,0.0,0.8678571428571422,51.973798593708864,52.73661158937626,53.38520629268422,-0.6267032673741966,-0.5776837645592914,-0.04901950281490519,35.87223587223586,0.0,0.0,0.0,-0.6763285024154575,0.0,17.037037037036995,38.76543209876541,0.0,-1158300.0
2004-11-02,52.3,52.74,52.09,52.24,154700.0,0.0,0.0,0.0,0.8564285714285711,51.999151108593736,52.717136625086994,53.373811205194826,-0.5274194951425528,-0.5676309106759437,0.040211415533390915,49.473684210526336,0.0,0.0,0.0,0.34575489819439476,0.0,27.189324437030855,29.44120100083399,0.0,-1003600.0
2004-11-03,52.76,53.12,52.7,53.07,234400.0,0.0,0.0,0.0,0.8571428571428567,52.10113671729909,52.73097440449535,53.37078820812821,-0.37741175911898495,-0.529587080364552,0.1521753212455671,59.37904269081502,0.0,0.0,0.0,3.2490272373540963,0.0,30.333333333333297,23.16666666666663,0.0,-769200.0
2004-11-04,52.7,53.25,52.48,53.13,187400.0,54.4,50.2,52.3,0.8392857142857137,52.19912369660394,52.746622467064164,53.36839230555977,-0.25079701711625546,-0.47382906771489275,0.2230320505986373,55.20684736091301,54.1306644910905,50.0153355089095,0.07902999600908336,2.785838653511319,0.0,26.38297872340423,25.531914893617035,245715.0,-581800.0
2004-11-05,53.18,53.4,53.06,53.31,239700.0,54.4,50.2,52.3,0.807857142857142,52.30492143978452,52.76871570364988,53.36781128759401,-0.13438037290197258,-0.40593932875230876,0.2715589558503362,61.926605504587165,54.06164293450996,50.04935706549006,0.07707707867602663,4.3248532289628105,0.0,28.73563218390801,22.90008841732979,228805.0,-342100.0
2004-11-08,53.31,53.39,52.85,53.0,251900.0,53.85,50.2,52.025000000000006,0.7957142857142847,52.37111939790028,52.77778567605577,53.3641514737871,-0.06636869583491745,-0.33802520216883053,0.2716565063339131,57.186544342507624,53.75100722861292,50.226992771387074,0.06778384768366089,4.4334975369458185,0.0,24.596050269299806,25.1346499102334,224155.0,-594000.0
2004-11-09,53.41,53.45,53.26,53.36,218400.0,53.45,50.2,51.825,0.7435714285714278,52.465298502862154,52.800617610328096,53.36411016559022,0.01639109327271626,-0.2671419430805212,0.28353303635323746,65.7051282051282,53.66989467158286,50.27410532841714,0.0653388236582336,3.8132295719844445,0.0,26.89721421709894,16.042267050912617,222665.0,-375600.0
2004-11-10,54.25,54.68,54.03,54.45,522200.0,54.68,50.2,52.44,0.7849999999999996,52.65431769306576,52.865299272668175,53.37491503956445,0.16799615774995402,-0.18011432291442617,0.3481104806643802,69.60227272727275,54.10392029426513,50.053079705734866,0.07778335759536592,6.037000973709827,0.0,33.66696997270243,15.195632393084646,230320.0,146600.0
2004-11-11,54.25,54.57,54.11,54.48,390700.0,54.68,50.2,52.44,0.7657142857142851,52.82819219848807,52.928620869818445,53.38591090981754,0.2872537306851086,-0.08664071219451921,0.3738944428796278,76.0802469135802,54.498804731937575,49.94419526806244,0.08721713209837209,7.66798418972332,0.0,34.51492537313431,15.485074626865652,243865.0,537300.0
2004-11-12,54.48,55.14,54.48,55.08,536700.0,55.14,50.2,52.67,0.7714285714285712,53.04265008434635,53.012988678845176,53.402767517680054,0.4252788521507114,0.01574320067452691,0.4095356514761845,82.16939078751854,54.96778252683358,49.74321747316643,0.09979018543738764,6.972227617012994,0.0,39.53703703703701,10.462962962962989,258975.0,1074000.0
2004-11-15,55.49,55.8,55.4,55.67,735400.0,55.8,50.2,53.0,0.769285714285714,53.292873885837174,53.11718520124341,53.425327044867316,0.5756372367502536,0.12772200788967225,0.4479152288605813,82.00899550224885,55.534435855124855,49.56856414487514,0.11352428970152546,8.307392996108964,28.97698534640652,39.832869080779886,10.492107706592414,286405.0,1809400.0
2004-11-16,54.79,54.8,54.43,54.55,424400.0,55.8,50.2,53.0,0.8192857142857142,53.41260018242411,53.17337401688092,53.43651782054028,0.5975346920718323,0.22168454472610427,0.375850147345728,70.67183462532293,55.7780360037274,49.5739639962726,0.11777796354041305,4.4218989280244925,29.064231990110546,37.40191804707928,18.308631211857033,299705.0,1385000.0
2004-11-17,55.05,55.59,54.99,55.32,372700.0,55.8,50.2,53.0,0.779285714285715,53.594257307907526,53.25755542798363,53.455258936753815,0.6693058073001623,0.3112087972409159,0.35809701005924643,80.41237113402053,56.12620278862177,49.61779721137823,0.12309739705786685,4.239683436970032,30.329630084985922,46.56278643446373,12.832263978001873,306890.0,1757700.0
2004-11-18,55.15,55.21,54.98,55.13,216500.0,55.8,50.2,53.0,0.7392857142857154,53.740518516678236,53.330984626886234,53.47192302693537,0.7027526262705024,0.3895175630468332,0.3132350632236692,75.77903682719541,56.39728527048672,49.69071472951329,0.12643410265012878,3.7643515904385527,31.10982258678344,49.08212560386464,13.623188405797185,308440.0,1541200.0
2004-11-19,54.91,54.95,54.32,54.41,456900.0,55.8,50.2,53.0,0.7792857142857156,53.80427865794697,53.37329895524364,53.48125712616985,0.6635129245946203,0.44431663535639065,0.21919628923822965,69.57087126137836,56.484621371796784,49.93437862820323,0.12310288094407121,2.0634027386981613,31.30640028304952,46.10449129239223,18.97341888175989,325230.0,1084300.0
2004-11-22,54.53,54.88,54.5,54.87,229300.0,55.8,50.2,53.0,0.7171428571428586,53.90577592861869,53.43199311386154,53.49507546322289,0.6619033244258219,0.48783397317027694,0.17406935125554496,67.98905608755123,56.55472199546991,50.27627800453008,0.11753974016792569,3.528301886792451,33.161600471869605,38.247011952191116,20.617529880478116,329730.0,1313600.0
2004-11-23,55.4,55.66,55.33,55.55,426000.0,55.8,50.2,53.0,0.7107142857142874,54.06236869732167,53.515052207435595,53.51552247353908,0.7073441980892881,0.5317360181540792,0.17560817993520883,67.31843575418988,56.74988242251137,50.49611757748864,0.11662467308846444,4.104197901049478,34.66118752472471,42.61306532663301,20.804020100502537,339420.0,1739600.0
2004-11-24,55.72,56.2,55.68,56.16,502900.0,56.2,50.2,53.2,0.7021428571428591,54.26214310710056,53.61877565028126,53.5418356827576,0.7835460883032397,0.5820980321839113,0.20144805611932837,69.64980544747074,56.99418531256589,50.732814687434114,0.11624514977919695,3.140495867768589,37.700738780283686,48.62665310274657,18.819938962360087,346925.0,2242500.0
2004-11-26,56.1,56.1,55.75,55.88,277500.0,56.2,51.24,53.72,0.7071428571428591,54.416224715948125,53.70745111497611,53.56510099934708,0.8119829414531594,0.628075014037761,0.1839079274153984,66.45326504481432,56.97734117747676,51.277658822523264,0.1053010457706987,2.569750367107204,39.95787197348994,46.76767676767667,18.686868686868653,332210.0,1965000.0
2004-11-29,56.23,56.23,55.77,55.85,499200.0,56.23,51.3,53.765,0.701428571428573,54.55277474300068,53.79147263987901,53.587836312786415,0.8226159980070591,0.6669832108316206,0.1556327871754385,68.92430278884461,57.006631338359675,51.68436866164033,0.09793382481933825,1.3979665940450303,43.36265536699174,48.47250509164957,16.70061099796331,349905.0,1465800.0
2004-11-30,56.05,56.05,55.75,55.8,347700.0,56.23,52.09,54.16,0.6907142857142868,54.67155810081014,53.87023841870729,53.609847891763664,0.8175835950449297,0.6971032876742824,0.1204803073706473,66.89750692520771,56.91000286504633,52.22099713495367,0.08593352448145183,0.23351895096102027,44.9711625155774,48.603929679420766,17.166494312306114,361230.0,1118100.0
2004-12-01,55.98,56.52,55.98,56.46,420600.0,56.52,52.48,54.5,0.6478571428571444,54.84188590073298,53.97179769640504,53.63820761423368,0.8569732098746599,0.7290772721143579,0.12789593776030195,64.80117820324001,56.99603314199652,52.55696685800348,0.08103961158513309,3.5013748854262117,45.179139561144225,43.439911797133355,18.30209481808159,374525.0,1538700.0
2004-12-02,56.86,56.86,56.5,56.5,476600.0,56.86,52.48,54.67,0.6435714285714299,54.9998015292346,54.07094288478132,53.66668316036071,0.8812588259392697,0.7595135828793403,0.1217452430599294,64.85294117647058,57.14225661791484,52.75374338208516,0.07986666003912203,2.1330441070137374,45.61114260508756,47.50277469478348,18.42397336293008,386635.0,2015300.0
2004-12-03,56.45,56.45,56.15,56.4,519600.0,56.86,52.85,54.855000000000004,0.6214285714285727,55.13315376454559,54.16227845792715,53.693880342844686,0.8822659744122348,0.7840640611859193,0.09820191322631544,60.47619047619044,57.22105994413399,53.00194005586601,0.07655607066162204,2.3036459278069854,43.580580574525534,42.64367816091947,23.103448275862082,403245.0,1495700.0
2004-12-06,56.48,56.5,56.3,56.39,362700.0,56.86,52.85,54.855000000000004,0.5842857142857157,55.25285340601744,54.24964008702805,53.720707404109916,0.8722030169547281,0.8016918523396811,0.07051116461504703,56.293706293706265,57.26831354730365,53.26268645269634,0.07247970423876209,3.6390369417386603,40.93973350628409,37.89731051344736,24.5721271393643,409395.0,1133000.0
2004-12-07,56.08,56.23,55.37,55.64,370500.0,56.86,53.26,55.06,0.5685714285714302,55.289724510206256,54.304164005183814,53.739804842874996,0.7945502381267175,0.8002635294970885,-0.00571329137037091,60.18691588785048,57.09658799065848,53.698412009341524,0.06134168475683836,1.403316930927656,40.08370979002202,38.94472361809036,24.748743718592973,415325.0,762500.0
2004-12-08,55.0,55.0,54.53,54.99,222900.0,56.86,54.03,55.445,0.5735714285714296,55.26117931875804,54.331059534392296,53.752244595682214,0.6728046109751205,0.7747717457926949,-0.10196713481757447,46.84512428298281,56.90023593359696,54.05776406640304,0.05123509557118769,-1.008100810081003,36.724817043108466,28.76712328767112,34.9937733499377,415550.0,539600.0
2004-12-09,54.95,55.0,54.1,54.93,361000.0,56.86,54.1,55.480000000000004,0.6135714285714293,55.22963843125727,54.35454739578868,53.76396355492916,0.5649662465574892,0.7328106459456538,-0.16784439938816464,48.03921568627449,56.86609400378615,54.13990599621386,0.049117849622043665,-2.1901709401709324,33.8718143277794,26.891734575087224,37.60186263096615,407490.0,178600.0
2004-12-10,54.2,54.2,53.8,54.03,213400.0,56.86,53.8,55.33,0.6364285714285722,55.115387152089916,54.341820046934224,53.76661068373584,0.40224426592763507,0.6666973699420501,-0.264453104014415,46.4015151515152,56.926998130695345,54.03400186930467,0.052144379762090784,-3.3106657122405125,31.666147896760872,25.925925925925835,32.21099887766555,398625.0,-34800.0
2004-12-13,54.0,54.12,53.75,54.04,201100.0,56.86,53.75,55.305,0.6292857142857144,55.012969328081354,54.3299839666623,53.76933097543996,0.2709692752241537,0.5875517509984708,-0.3165824757743171,41.40786749482404,57.0045880953203,53.8524119046797,0.05686923136365954,-3.240823634735901,30.36002227853504,26.2202043132803,33.14415437003406,381845.0,166300.0
2004-12-14,54.58,54.58,54.08,54.38,232600.0,56.86,53.75,55.305,0.6114285714285715,54.95268653493075,54.331945379734364,53.775407284142055,0.19215303720605448,0.5084720082399875,-0.316318971033933,36.971046770601404,57.002810865423896,53.7251891345761,0.059201317297301465,-2.5448028673835,29.256527956698527,23.24766355140189,34.1121495327103,356705.0,398900.0
2004-12-15,55.31,55.33,54.89,55.33,315800.0,56.86,53.75,55.305,0.6328571428571423,54.98862115065163,54.371084776607525,53.79087586837945,0.2039961209559067,0.4475768307831714,-0.2435807098272647,41.40786749482404,56.99675227554013,53.80924772445988,0.057533067723413024,-2.001416932341482,27.10434496811849,24.83069977426634,32.95711060948086,351275.0,714700.0
2004-12-16,55.1,55.11,54.746,54.94,232300.0,56.86,53.75,55.305,0.6452857142857137,54.983990564875285,54.39339517752488,53.80230993934085,0.17983903704532622,0.3940292720356024,-0.21419023499027617,40.485829959514135,56.99092448975965,53.77707551024034,0.05802847355769379,-2.7610619469026543,25.212354917567147,24.352446313925146,33.916316139030364,344255.0,482400.0
2004-12-17,55.0,55.02,54.66,54.81,167600.0,56.86,53.75,55.305,0.6381428571428575,54.96742003488716,54.40973262154351,53.812336706113584,0.1484927287160076,0.34492196337168346,-0.19642923465567586,39.682539682539684,56.99185635869805,53.74414364130197,0.05865685445376541,-2.8191489361702016,23.20804457273957,23.169912693082598,35.258562793821405,341810.0,314800.0
2004-12-20,55.9,55.92,55.65,55.77,1253000.0,56.86,53.75,55.305,0.6960000000000005,55.043856222040766,54.463076440306516,53.83181594286867,0.19882262699114506,0.3157020960955758,-0.11687946910443076,49.747899159663916,57.00388023173088,53.86811976826912,0.0565654171199539,-1.0994857244192136,19.98120233569011,30.48029556650243,32.12233169129721,381615.0,1567800.0
2004-12-21,55.78,55.8,55.57,55.8,280600.0,56.86,53.75,55.305,0.6609999999999998,55.11586991517974,54.51550481519646,53.851399863835155,0.2383822609446966,0.3002381290654,-0.06185586812070337,43.796992481202956,57.034786937663895,53.93021306233611,0.055955911779890725,0.28756290438531895,17.961205194977445,27.015344715798506,34.687702615085385,384180.0,1848400.0
2004-12-22,55.75,55.75,55.4,55.45,237400.0,56.86,53.75,55.305,0.6609999999999998,55.14769182801977,54.552151685188754,53.867306332851726,0.23873944126791713,0.28793839150590345,-0.049198950237986316,40.67495559502664,57.029515667310996,53.925484332689,0.055951175424667536,0.8365157301327475,16.383627805125702,23.341257834449937,36.524746055759714,374750.0,1611000.0
2004-12-23,55.65,55.78,55.6,55.76,233400.0,56.86,53.75,55.305,0.6595714285714281,55.20600689201788,54.59951828576959,53.886139105659176,0.2610279507374713,0.28255630335221704,-0.021528352614745727,44.52054794520545,56.98255910152943,53.932440898470574,0.05499920124525732,1.5110140178408837,15.410175969604913,23.71669915529564,32.81351526965565,361275.0,1844400.0
2004-12-27,55.75,55.8,55.45,55.47,215800.0,56.86,53.75,55.305,0.6702857142857133,55.23114909277808,54.633654823582546,53.90189891555312,0.2523818775214508,0.2765214181860638,-0.02413954066461299,42.48366013071892,56.94911389156124,53.924886108438756,0.054552515163563756,2.665186007773457,15.282900834604991,22.8047740835465,33.887468030690584,358190.0,1628600.0
2004-12-28,55.5,55.7,55.35,55.66,183400.0,56.86,53.75,55.305,0.6224285714285703,55.27199203632303,54.67390365403029,53.91939245868195,0.2578884369388561,0.27279482193662224,-0.014906384997766142,50.179856115107874,56.93105193493689,53.9239480650631,0.054252922644423586,2.9977794226498933,14.02497881259184,24.558182235483176,26.968097314666117,342400.0,1812000.0
2004-12-29,55.64,55.67,55.5,55.55,146600.0,56.86,53.75,55.305,0.5552857142857134,55.29846898524465,54.70826037348009,53.93561740934183,0.25048886455147823,0.26833363045959346,-0.017844765908115234,55.57768924302787,56.90964306599826,53.92035693400174,0.05394362775415541,2.1515262964324933,14.560310882063442,27.527656290198145,19.423720092616513,332345.0,1665400.0
2004-12-30,55.1,55.12,54.9,54.98,234800.0,56.86,53.75,55.305,0.5374285714285705,55.26813860569754,54.71891682942204,53.94600927591554,0.19636681935280365,0.2539402682382355,-0.057573448885431866,50.45207956600359,56.76256178013362,53.919438219866365,0.05137463291713664,-0.6325682270016286,14.234267069335429,28.44231791600218,22.328548644338248,323055.0,1430600.0
2004-12-31,55.4,55.48,55.25,55.47,177500.0,56.5,53.75,55.125,0.49242857142857027,55.287363500393006,54.748371071405494,53.961173362722356,0.19081402816463822,0.24131502022351606,-0.05050099205887784,64.06250000000004,56.604938289976644,53.97406171002335,0.047583656570475315,0.9646887513651281,15.523921967237731,36.26341746446194,20.017406440383027,308100.0,1608100.0
2005-01-03,55.47,55.55,55.12,55.15,332500.0,56.5,53.75,55.125,0.4967142857142847,55.27428126226034,54.764121225468024,53.97300248349129,0.15876196637145767,0.2248044094531044,-0.06604244308164672,60.220994475138156,56.434644074438395,54.0193559255616,0.04373382854177844,0.6203247582557969,16.566718134316854,35.95053206787468,20.995110727638927,298745.0,1275600.0
2005-01-04,54.8,54.84,53.58,53.63,556800.0,56.23,53.58,54.905,0.5702857142857134,55.117683046806974,54.719645883292806,53.969589523456555,0.01058713771445241,0.18196095510537402,-0.1713738173909216,44.326777609682274,56.36586952719279,53.812130472807205,0.0463566057540632,-3.8371884525730704,16.57433829032224,25.55110220440885,37.57515030060135,308450.0,718800.0
2005-01-05,53.0,53.0,52.33,52.41,344800.0,55.92,52.33,54.125,0.595285714285714,54.8598084709206,54.629071534928386,53.95407121974057,-0.20294684072297287,0.10497939593970465,-0.3079262366626775,28.779069767441797,56.650176925448754,53.204823074551236,0.0627254808774752,-6.075268817204305,19.386274210899852,15.478761699064073,50.99592032637401,307165.0,374000.0
2005-01-06,52.44,52.5,52.1,52.47,237600.0,55.92,52.1,54.010000000000005,0.5821428571428571,54.63220766416625,54.54440206297041,53.93930434193221,-0.36314643248194045,0.011354230255375627,-0.3745006627373161,31.145038167938893,56.84389565216926,52.759104347830736,0.0745379470331747,-5.3742110009017185,22.081139360747674,15.828220858895698,53.20245398773014,307900.0,611600.0
2005-01-07,52.43,52.43,51.8,52.0,226000.0,55.92,51.8,53.86,0.6042857142857139,54.38152121995994,54.44462158991275,53.92000778131597,-0.5220133897576957,-0.09531929374723865,-0.4266940960104571,29.608127721335222,57.04870666100658,52.26129333899341,0.0875933276372366,-6.743185078909608,24.59058669187663,15.24822695035461,53.78250591016557,301150.0,385600.0
2005-01-10,52.4,52.57,52.186,52.42,404500.0,55.92,51.8,53.86,0.5657142857142853,54.19470967520186,54.365224664818136,53.90508233075561,-0.6070286595349046,-0.19766116690477184,-0.4093674926301327,23.622047244094418,57.157509057179944,51.99149094282006,0.09465992568617003,-5.498467640165849,30.05565150959408,6.691919191919212,57.44949494949504,310705.0,790100.0
2005-01-11,52.17,52.19,51.95,52.0,337200.0,55.92,51.8,53.86,0.5828571428571426,53.98568970613501,54.27247075639389,53.886126287663515,-0.7002226326135172,-0.29817346004652096,-0.4020491725669963,21.8100890207715,57.29444315284605,51.65055684715396,0.10360982708140974,-6.575637800934242,34.86430956921976,6.495098039215702,57.671568627451045,317510.0,452900.0
2005-01-12,52.55,52.65,52.22,52.65,252500.0,55.92,51.8,53.86,0.6007142857142854,53.858481162693586,54.208844452221584,53.873826523607164,-0.7134062567336414,-0.38122001938394506,-0.3321862373496964,30.11363636363633,57.323570783021765,51.44842921697824,0.10802672684226683,-5.220522052205223,37.874861030482066,11.771700356718222,53.93579072532704,318505.0,705400.0
2005-01-13,52.9,52.9,52.32,52.35,220700.0,55.92,51.8,53.86,0.6185714285714283,53.7148162900561,54.13594859135015,53.85866407063595,-0.7395369450701139,-0.45288340452117887,-0.28665354054893505,25.74679943100999,57.27359851253269,51.20040148746731,0.11197516501770716,-4.783557657329929,40.85998897270159,13.972286374133965,52.37875288683607,313750.0,484700.0
2005-01-14,52.14,52.25,51.93,52.2,115100.0,55.92,51.8,53.86,0.6235714285714289,53.57054807195552,54.06002903874818,53.842159950530124,-0.7635477470993095,-0.5150162730368051,-0.24853147406250442,26.269956458635747,57.2482392739936,50.951760726006405,0.11638592510142684,-5.895078420767974,43.718807777625216,13.860252004581906,54.70790378006873,307890.0,369600.0
2005-01-18,53.16,53.3,52.76,53.29,303800.0,55.92,51.8,53.86,0.6771428571428569,53.54382920795976,54.02983182154237,53.83666582166913,-0.6867066632521102,-0.5493543510798661,-0.13735231217224408,34.78818998716305,57.17345876720362,50.87454123279638,0.11659480109594324,-3.372620126926562,45.87278609894196,23.83966244725737,49.32489451476796,314700.0,673400.0
2005-01-19,53.6,53.6,53.1,53.1,202700.0,55.8,51.8,53.8,0.7007142857142854,53.50155975958264,53.99336782854071,53.82933581349332,-0.633834513078348,-0.5662503834795625,-0.06758412959878557,34.4345616264295,56.953504888564225,50.827495111435766,0.11367513341179725,-0.9882528435577131,46.72867192313693,26.09582059123347,47.66564729867486,262185.0,470700.0
2005-01-20,53.08,53.13,52.76,52.91,181500.0,55.8,51.8,53.8,0.6807142857142858,53.445220734860484,53.95088281565676,53.82018819345856,-0.6003439736193812,-0.5730691015075262,-0.027274872111854975,36.18157543391189,56.70046424032656,50.791535759673444,0.10994173483892972,0.9540164090822367,47.76893047816566,26.862539349422892,46.337880377754495,257230.0,289200.0
2005-01-21,52.73,52.81,52.43,52.43,304800.0,55.8,51.8,53.8,0.6792857142857142,53.34853304582615,53.89124035229767,53.806355475115694,-0.6055540185034474,-0.5795660849067105,-0.0259879335967369,29.67914438502673,56.49088819208418,50.699111807915806,0.10806561030260982,-0.07623403849819077,48.325231198174045,23.133543638275533,49.905362776025264,260600.0,-15600.0
2005-01-24,52.4,52.41,52.04,52.13,162200.0,55.8,51.8,53.8,0.6764285714285714,53.232482279557,53.82217210318796,53.789675321134446,-0.6266666859367973,-0.5889862051127279,-0.037680480824069384,29.758713136729227,56.190641847674556,50.63635815232544,0.10398651455810073,0.24999999999999467,49.2307416374064,23.231256599788836,52.86166842661035,257040.0,-177800.0
2005-01-25,52.98,53.1,52.79,52.79,151000.0,55.7,51.8,53.75,0.6335714285714283,53.19034111007538,53.78169476580804,53.779728303013705,-0.5834168762513912,-0.5878723393404606,0.004455463089069411,43.6363636363636,55.89262053823938,50.66637946176062,0.09809103081820883,0.7058374666157885,48.51750480082153,32.581736189402584,39.075535512965075,253800.0,-26800.0
2005-01-26,53.7,53.7,53.33,53.53,210700.0,55.67,51.8,53.735,0.6057142857142855,53.22268957578249,53.77182438283518,53.777243444277254,-0.48385173332120957,-0.5670682181366103,0.08321648481540078,59.150326797385674,55.5396107233319,50.806389276668106,0.08901550498681268,2.9423076923076996,46.295917072622856,41.15566037735861,26.132075471698137,255165.0,183900.0
2005-01-27,53.71,53.71,53.418,53.53,151900.0,55.55,51.8,53.675,0.598,53.25195723523178,53.762341073704384,53.77478331050335,-0.40033087509019794,-0.5337207495273278,0.1333898744371299,58.74587458745878,55.168479254168275,50.97552074583173,0.07900509700664277,1.6714150047483445,44.399919572936994,41.806020066889715,23.721930243669426,255430.0,183900.0
2005-01-28,53.77,53.77,53.2,53.3,152100.0,55.55,51.8,53.675,0.5908571428571427,53.25653273663828,53.744210051206174,53.770059098458546,-0.348679708383969,-0.4967125412986561,0.1480328329146871,61.168384879725075,54.88801218832657,51.08798781167343,0.07171481045997473,1.8147086914995114,42.52218821209825,42.311411992263146,23.01740812379106,251295.0,31800.0
2005-01-31,54.14,54.65,53.87,54.18,170200.0,55.55,51.8,53.675,0.6465714285714286,53.344481999815585,53.76129985311966,53.77413811240424,-0.23403928195163815,-0.4441778894292525,0.21013860747761437,64.01273885350318,54.5343222810269,51.312677718973106,0.06087361119453166,3.7931034482758585,39.58554357392803,46.84047724259835,21.03402562969505,250930.0,202000.0
2005-02-01,53.9,53.9,53.5,53.69,235200.0,54.84,51.8,53.32,0.6615714285714286,53.377388476023626,53.7585037804483,53.77330091725594,-0.18064248879865374,-0.39147080930313277,0.21082832050447903,63.30708661417322,54.13594033004466,51.56505966995533,0.04864439617580401,0.7506098705198028,36.39406686160623,45.77844957892466,22.003886849492513,246065.0,-33200.0
2005-02-02,53.9,53.9,53.58,53.73,171000.0,54.65,51.8,53.224999999999994,0.6380000000000001,53.41097052592614,53.7573859851366,53.772870062357875,-0.133557907396181,-0.3398882289217424,0.2063303215255614,59.407665505226475,54.15441412138635,51.55658587861363,0.04914962951391475,1.186440677966094,33.9492225449119,42.31974921630094,22.81683833407967,226775.0,137800.0
2005-02-03,53.53,53.56,53.4,53.54,139500.0,54.65,51.8,53.224999999999994,0.6201428571428573,53.423259047266505,53.74886104454301,53.77055294730954,-0.11030294581423306,-0.29397117230024056,0.1836682264860075,60.56838365896979,54.22752030931133,51.59647969068867,0.04972483781793663,1.1907011907011933,31.44505006889008,40.658834369960836,25.547108961068826,216510.0,-1700.0
2005-02-04,54.0,54.39,54.0,54.35,269400.0,54.65,51.8,53.224999999999994,0.650857142857143,53.51152009038398,53.7724351212276,53.77631858962487,-0.026210848326222447,-0.24041910750543694,0.2142082591792145,67.09062003179649,54.45085147661402,51.56114852338597,0.054516525548580407,3.6620255578867056,30.112590795633377,47.8489903424056,20.06145741878836,218100.0,267700.0
2005-02-07,55.14,55.38,55.05,55.26,230200.0,55.38,51.93,53.655,0.6458571428571435,53.67804198653789,53.83077099882652,53.791081588733086,0.11256456535613779,-0.169822372933122,0.28238693828925976,66.12111292962356,54.85192852523589,51.4860714747641,0.06330487785122513,6.004220218684053,30.505924292447865,47.55585047555851,20.216766202167598,218310.0,497900.0
2005-02-08,55.59,55.74,55.55,55.65,195200.0,55.74,51.93,53.835,0.6444285714285723,53.86584751162952,53.90211331259803,53.80957828934271,0.25112006535962195,-0.0856338852745732,0.33675395063419516,70.20602218700472,55.30538947059136,51.35561052940863,0.07406228970631681,5.417692744838032,31.339869300480434,48.32631345599638,20.26158279760578,207845.0,693100.0
2005-02-09,55.83,55.83,55.18,55.22,133200.0,55.83,51.93,53.879999999999995,0.6644285714285719,53.99481441528385,53.95379514347654,53.82361233621492,0.32251118285113733,-0.0040048716494311,0.3265160545005684,67.63358778625957,55.53355546602333,51.44944453397666,0.0763506525718417,3.157108163646538,32.31362030536332,46.871640507417716,19.974199096968267,197645.0,559900.0
2005-02-10,55.5,55.7,55.32,55.69,250800.0,55.83,51.93,53.879999999999995,0.6644285714285724,54.15626066144729,54.02188160843824,53.84218335774512,0.41226193093877583,0.0792484888682103,0.33301344207056555,74.92354740061161,55.86637888251154,51.420621117488466,0.08287598245869629,4.035120493181377,33.13102292146305,46.87164050741769,16.426574930122438,197560.0,810700.0
2005-02-11,55.67,56.4,55.6,56.1,205300.0,56.4,51.93,54.165,0.6937142857142865,54.34137869369041,54.10337644732302,53.86464919498149,0.510587879657713,0.16551636702611086,0.3450715126316022,79.84962406015035,56.2208372549743,51.44116274502569,0.08879037190370988,5.253283302063805,34.86950181547466,52.10049423393729,11.71746293245459,196790.0,1016000.0
2005-02-14,56.15,56.28,56.13,56.22,237600.0,56.4,52.04,54.22,0.6372857142857151,54.52029500857704,54.18638129252604,53.88808552139959,0.5913778636436859,0.2506886663496259,0.34068919729406005,78.0687397708674,56.518507590979745,51.54549240902025,0.0920383325059131,3.765227021040962,38.41350058646292,48.98004931629662,12.754987670925683,202915.0,1253600.0
2005-02-15,55.95,56.08,55.87,55.93,145700.0,56.4,52.04,54.22,0.597285714285715,54.65455262680779,54.25475849674071,53.90840307840059,0.6248016076367549,0.3255112546070517,0.29929035302970314,71.2014134275618,56.76243191580086,51.56556808419914,0.09594682504249534,4.17209908735332,40.0971047381795,45.08490791676614,16.718488399904263,195010.0,1107900.0
2005-02-16,55.78,55.82,55.61,55.82,116400.0,56.4,52.04,54.22,0.5992857142857149,54.76554761473086,54.31614051647637,53.927423943292126,0.6350931266326114,0.38742762901216365,0.24766549762044776,69.84402079722702,56.948200978221344,51.65179902177865,0.09753963087371444,3.8898194677089215,40.89703923463902,44.815256257449185,19.761620977353903,190695.0,991500.0
2005-02-17,55.82,55.82,55.3,55.3,228400.0,56.4,52.04,54.22,0.5957142857142864,54.816447841899354,54.354723241320436,53.941081416493205,0.594437272550941,0.42882955771991915,0.16560771483102188,66.5016501650165,57.01884789393111,51.8201521060689,0.09553001750957296,3.2872618602913573,41.39314281322096,45.08393285371686,20.98321342925657,193040.0,763100.0
2005-02-18,55.85,56.03,55.77,56.02,119900.0,56.4,52.04,54.22,0.5514285714285724,54.93107185695656,54.42002821224905,53.96176717354302,0.6132460789251155,0.46571286196095846,0.14753321696415705,65.59322033898306,57.11434155889307,52.08365844110694,0.09213874096203456,3.072677092916276,40.65493689035595,40.02590673575118,22.66839378238338,183795.0,883000.0
2005-02-22,56.3,56.42,55.95,55.97,266300.0,56.42,52.79,54.605000000000004,0.5364285714285723,55.03001739438927,54.48081141961183,53.981749589726675,0.6170051599427708,0.495971321557321,0.12103383838544984,70.87912087912086,57.08971268322073,52.49228731677929,0.08390840405251668,1.2848353239232724,41.236009171545014,46.33821571238338,18.375499334221043,189000.0,616700.0
2005-02-23,56.18,56.18,55.88,56.11,129300.0,56.42,53.2,54.81,0.5350000000000007,55.13287288063791,54.54470116786235,54.002926210724425,0.6240870022222111,0.521594457690299,0.10249254453191214,71.40287769784172,57.12295767077262,52.791042329227395,0.07882372293875622,0.8265947888589364,42.03850273686388,46.46194926568749,19.35914552736984,187915.0,746000.0
2005-02-24,56.22,56.55,56.18,56.5,109700.0,56.55,53.2,54.875,0.5428571428571435,55.2630754634343,54.62137955343638,54.027772716090354,0.6536344626722297,0.5480024586866852,0.10563200398554451,75.6944444444444,57.26676157115401,52.94423842884598,0.07844086601714946,2.3180007243752243,44.007452340452694,50.65789473684197,16.710526315789494,182865.0,855700.0
2005-02-25,57.43,57.84,57.1,57.7,308100.0,57.84,53.2,55.52,0.5778571428571436,55.4951635145358,54.74210976702711,54.064312291054634,0.7650618523390875,0.5914143374171656,0.17364751492192187,77.23577235772353,57.63403992706109,52.99396007293891,0.08388617446075455,3.6092655773029447,44.976193848635766,53.2756489493201,15.698393077873938,190675.0,1163800.0
2005-02-28,58.2,58.2,57.69,57.8,300600.0,58.2,53.4,55.8,0.5407142857142867,55.71467175124667,54.86202703106526,54.101483313034194,0.8516210681482832,0.6434556835633892,0.20816538458489398,73.78277153558047,57.908933598892084,53.16906640110792,0.08534304178656736,3.0303030303030276,45.57243978430727,48.612945838837426,16.776750330251,198100.0,1464400.0
2005-03-01,57.98,57.98,57.45,57.55,301300.0,58.2,53.4,55.8,0.5442857142857146,55.889464917794605,54.96743773572937,54.13579691190948,0.8897900142307265,0.6927225496968568,0.1970674645338697,68.26923076923072,58.14873243249661,53.266267567503384,0.08764465942634699,2.3657061543934432,45.326455102809255,43.569553805774255,19.81627296587923,204655.0,1163100.0
2005-03-02,56.91,56.96,56.31,56.45,240400.0,58.2,53.4,55.8,0.5864285714285715,55.94284921133798,55.025577432367434,54.15882380830839,0.8218051142755982,0.7185390626126051,0.10326605166299307,60.477001703577535,58.11234547798306,53.57865452201694,0.08118274446403241,0.9297335955658959,43.7788415253744,40.438489646772226,27.77101096224118,204915.0,922700.0
2005-03-03,56.88,56.9,56.7,56.83,165100.0,58.2,53.4,55.8,0.5842857142857137,56.02733976263912,55.09633910168636,54.18540267588742,0.7894886813845332,0.7327289863669908,0.05675969501754241,59.86159169550173,58.07397635880564,53.92702364119437,0.07405206592104124,1.809387316374056,41.669813131408105,40.586797066014704,27.87286063569686,204620.0,1087800.0
2005-03-04,56.82,56.82,56.1,56.43,233500.0,58.2,54.0,56.1,0.5792857142857137,56.06568835667349,55.14863952907121,54.20773697761988,0.7232636848871579,0.7308359260710242,-0.007572241183866346,52.859618717504326,57.87001716238589,54.419982837614114,0.061448647693860145,2.0433996383363517,37.48758425992462,32.305795314426724,35.5117139334156,209320.0,854300.0
2005-03-07,56.5,56.79,56.39,56.66,212200.0,58.2,55.05,56.625,0.5949999999999994,56.12228946556173,55.20790856714685,54.23213760470824,0.6814832610229757,0.7209653930614146,-0.039482132038438866,53.74149659863944,57.77609576613136,54.74490423386864,0.05387779227455718,1.1424491253123836,33.63394044549647,31.45258103241305,34.57382953181279,206460.0,1066500.0
2005-03-08,57.1,57.12,56.95,57.0,222100.0,58.2,55.18,56.69,0.6028571428571422,56.20588094503204,55.27818666255286,54.259678524064384,0.6681056268157377,0.7103934398122793,-0.04228781299654161,59.02192242833053,57.82044013170206,54.87455986829795,0.05228058500206941,1.8402715740575282,30.778709247848752,34.95260663507116,31.042654028436022,206055.0,1288600.0
2005-03-09,57.15,57.2,56.75,56.75,332700.0,58.2,55.18,56.69,0.6121428571428567,56.257701807409944,55.33590483264883,54.284457842232904,0.6300678150942147,0.6943283148686664,-0.0642604997744517,57.66062602965404,57.847664350515025,54.957335649484996,0.05124469129967694,1.1406166458741707,28.51309753460031,34.42240373395572,29.871645274212423,212930.0,955900.0
2005-03-10,56.75,56.75,56.25,56.44,261100.0,58.2,55.3,56.75,0.610714285714285,56.27506354003757,55.379202682348875,54.30590602290721,0.5683565060235694,0.6691339530996471,-0.10077744707607772,59.72696245733788,57.79719727489116,55.12980272510883,0.04724104155396548,-0.10619469026549311,26.158072039828905,34.50292397660826,32.16374269005852,219325.0,694800.0
2005-03-11,56.8,56.81,56.53,56.66,164900.0,58.2,55.3,56.75,0.5849999999999993,56.31172415527209,55.429430028139116,54.329329843574804,0.531080050130349,0.6415231725057875,-0.11044312237543852,55.97014925373129,57.796918182936786,55.227081817063215,0.04547417125342529,-1.802426343154262,24.24485421752018,34.18803418803428,33.57753357753362,215030.0,859700.0
2005-03-14,56.75,56.83,56.58,56.66,143900.0,58.2,55.3,56.75,0.5692857142857137,56.34489328334141,55.47768767409445,54.35252059139993,0.49582265534072434,0.612383069072775,-0.11656041373205062,56.497175141242934,57.81145171897468,55.26854828102532,0.044975299574626156,-1.972318339100343,21.599692048548494,30.48933500627355,34.50439146800505,211960.0,859700.0
2005-03-15,56.5,56.5,55.65,55.7,201200.0,58.2,55.3,56.75,0.6199999999999994,56.28347487540414,55.48640580452212,54.36592834670939,0.3859677431227553,0.567100003882771,-0.18113226076001576,46.65579119086462,57.833368269884645,55.19463173011535,0.04669173195614003,-3.214596003475234,20.05397442375024,27.995391705069146,41.58986175115211,210140.0,658500.0
2005-03-16,56.0,56.14,55.7,55.7,431500.0,58.2,55.3,56.75,0.6199999999999994,56.22790583965136,55.49478204748204,54.37920269151825,0.2955005869049927,0.5127801204872154,-0.21727953358222274,43.031358885017426,57.847069976257124,55.15793002374287,0.04759329149177918,-1.3286093888396855,18.40727697162125,23.732718894009263,41.58986175115211,224430.0,658500.0
2005-03-17,56.09,56.72,56.07,56.7,277800.0,58.2,55.3,56.75,0.5971428571428561,56.272867188255994,55.542045496600394,54.40229520205041,0.30102631252463397,0.47042935889469917,-0.1694030463700652,40.97472924187722,57.85411776162829,55.238882238371716,0.04624929081829242,-0.22875241949673608,17.770436213812765,16.148325358851633,43.18181818181826,232500.0,936300.0
2005-03-18,56.6,56.64,56.45,56.48,163000.0,58.2,55.65,56.925,0.5785714285714272,56.292594122707804,55.57882802614548,54.422968881632,0.2843752278958718,0.4332185326949337,-0.14884330479906194,38.33922261484097,57.77555577914697,55.435444220853014,0.04134070997153908,0.08860535176324902,18.361125717545765,12.22222222222219,44.567901234568005,229230.0,773300.0
2005-03-21,56.9,56.9,56.4,56.49,120400.0,58.2,55.65,56.925,0.5764285714285704,56.311394682449915,55.61456026041429,54.44353635544661,0.2688864837804985,0.4003521229120467,-0.13146563913154818,40.22140221402218,57.76800972686548,55.48999027313452,0.04022708247948865,-0.30003529827037356,18.96207756073365,15.489467162329554,41.75960346964078,229255.0,893700.0
2005-03-22,56.3,56.3,55.2,55.2,193300.0,58.2,55.2,56.7,0.5799999999999993,56.20554756983564,55.5983029953,54.45106335688496,0.1507812115102709,0.35043794063169154,-0.19965672912142063,38.85918003565063,57.867049213597454,55.31395078640254,0.04511531842261353,-3.157894736842104,20.962775275717096,15.394088669950671,42.241379310344875,225605.0,700400.0
2005-03-23,55.15,55.15,54.55,54.69,295800.0,58.2,54.55,56.375,0.5942857142857143,56.061209706041765,55.562683269994125,54.45344083592093,0.01584652569729883,0.283519657644813,-0.2676731319475142,31.358885017421628,58.0427026509263,54.996297349073686,0.053900075228064934,-3.629955947136565,23.428793577972353,15.024038461538375,49.038461538461604,233930.0,404600.0
2005-03-24,55.0,55.13,54.83,54.91,180800.0,58.2,54.55,56.375,0.5735714285714292,55.95157068641874,55.537087847641416,54.45798371317545,-0.07250226262565462,0.2123152735907195,-0.2848175362163741,36.33093525179856,58.12488013004815,54.75511986995185,0.05970517824408752,-2.7108433734939763,26.458693910198292,15.566625155666147,43.337484433374854,237485.0,585400.0
2005-03-28,55.1,55.1,54.75,54.85,128700.0,58.2,54.55,56.375,0.5700000000000008,55.8466591924741,55.51014322616528,54.46188437274585,-0.1456814869513181,0.140715921482312,-0.2863974084336301,33.20964749536185,58.01544093397622,54.579559066023776,0.06103080719308044,-3.19449346981997,29.551385002889408,15.664160401002395,44.6115288220551,228515.0,456700.0
2005-03-29,54.5,54.6,54.0,54.0,209700.0,57.98,54.0,55.989999999999995,0.5978571428571436,55.67078688842895,55.45092192317841,54.45728850834042,-0.2691617169848044,0.05874039378888871,-0.32790211077369313,24.576271186440692,57.960961910218586,54.25403808978142,0.0660682407955651,-4.694669961171893,33.75808211647984,10.991636798088331,51.49342891278371,223970.0,247000.0
2005-03-30,54.15,54.54,54.13,54.5,158700.0,57.2,54.0,55.6,0.6042857142857149,55.559283375245236,55.413630867367495,54.457713498307186,-0.32295207707389295,-0.017598100383667624,-0.30535397669022535,31.707317073170742,57.81062586973254,54.09937413026747,0.06632564988767883,-2.1543985637342944,37.78247091462178,10.874704491725693,48.58156028368789,216840.0,405700.0
2005-03-31,54.6,54.72,54.5,54.6,143500.0,57.2,54.0,55.6,0.5842857142857147,55.46792305379331,55.381723774529554,54.45912928439368,-0.35343794806022544,-0.08476606991897918,-0.26867187814124627,34.511784511784555,57.7969943579789,53.92800564202109,0.06925914013797829,-1.9748653500897717,41.338335097371655,13.447432762836106,44.13202933985326,211995.0,549200.0
2005-04-01,55.16,55.25,54.72,54.81,160000.0,57.2,54.0,55.6,0.6042857142857143,55.4052637153368,55.35930323435193,54.462620535295244,-0.3565429700801701,-0.13912144995121736,-0.21742152012895274,34.401349072512716,57.69423490435857,53.82876509564143,0.06932148182378768,-3.3333333333333326,44.08700213175299,18.557919621749328,42.67139479905437,211740.0,709200.0
2005-04-04,55.0,55.07,54.71,55.06,169300.0,57.2,54.0,55.6,0.6121428571428572,55.372381456733294,55.34756585261264,54.46856460957092,-0.33496949194672965,-0.17829105835031983,-0.15667843359640982,37.05501618122983,57.623084263227256,53.76291573677274,0.06931155668494272,-2.514164305948996,46.50565059903368,18.086347724620737,42.240373395565896,208530.0,878500.0
2005-04-05,55.28,55.28,54.86,54.92,95100.0,57.2,54.0,55.6,0.5700000000000003,55.32929750847298,55.33079856427489,54.473056504003054,-0.3254179692843877,-0.20771644053713342,-0.11770152874725429,42.72388059701493,57.50923160080832,53.70276839919167,0.06845418123254059,-2.7792529651265663,46.60296863927901,22.055137844611494,33.70927318295735,202675.0,783400.0
2005-04-06,55.2,55.42,55.13,55.26,97500.0,57.2,54.0,55.6,0.5742857142857147,55.32269774576127,55.32802214998961,54.480886787545316,-0.28710360857418493,-0.22359387414454374,-0.0635097344296412,46.140350877192944,57.309676437903505,53.72832356209648,0.06450679723710853,0.10869565217390686,45.87971637541051,23.631840796019866,33.457711442786014,196445.0,880900.0
2005-04-07,55.37,55.61,55.31,55.52,95600.0,56.9,54.0,55.45,0.5264285714285722,55.34148843664115,55.335550693127274,54.491226222495115,-0.23307265806249688,-0.22548963092813437,-0.007583027134362513,38.10483870967745,57.15207182916812,53.76292817083187,0.061112449323107824,1.5176449076613752,44.631910801568054,20.488466757123415,36.49932157394835,184590.0,976500.0
2005-04-08,56.0,56.0,55.6,55.64,203500.0,56.9,54.0,55.45,0.5428571428571435,55.369918109341995,55.347489881632086,54.502656807345915,-0.17851196853838758,-0.21609409845018504,0.03758212991179746,41.35802469135807,57.051093069215575,53.78390693078443,0.05895585579340718,1.3294481879439157,41.79296846134694,24.999999999999954,35.39473684210519,181710.0,1180000.0
2005-04-11,55.7,55.79,55.4,55.6,107200.0,56.9,54.0,55.45,0.5350000000000007,55.391830670357045,55.357392239215145,54.51357564508377,-0.13692154832959602,-0.20025958842606725,0.06333804009647123,40.899795501022496,56.89381322735669,53.83518677264331,0.05524526464997203,1.3673655423883213,40.48628082542559,21.895861148197575,38.58477970627499,178825.0,1072800.0
2005-04-12,55.36,55.61,55.0,55.55,225900.0,56.9,54.0,55.45,0.4864285714285721,55.406894416037325,55.36494548473612,54.52388832523219,-0.10676470573491059,-0.18156061188783593,0.07479590615292533,54.79452054794512,56.71603346011899,53.90196653988099,0.05087900559109739,2.8703703703703676,38.02079129559289,24.082232011747408,30.690161527165937,182925.0,846900.0
2005-04-13,55.9,55.9,55.33,55.45,132400.0,56.9,54.0,55.45,0.480714285714286,55.410999709748054,55.36828095592294,54.533103366772174,-0.08989806602983919,-0.16322810271623658,0.0733300366863974,61.72839506172849,56.693312536870145,53.89968746312986,0.0505208299574166,1.7431192660550598,35.266818048748526,28.677563150074274,21.396731054977664,179485.0,714500.0
2005-04-14,55.6,55.6,54.83,54.88,222600.0,56.9,54.0,55.45,0.5042857142857144,55.36042830881967,55.349132683141654,54.53655507456549,-0.12112906835743331,-0.15480829584447595,0.033679227487042634,49.582172701949936,56.65058120872841,53.8604187912716,0.0504956505226957,0.512820512820511,31.917712374061434,27.33711048158639,27.478753541076443,169040.0,491900.0
2005-04-15,54.69,54.69,53.22,53.27,266300.0,56.9,53.22,55.06,0.5978571428571432,55.16133989845589,55.26759806811649,54.523952536510116,-0.27265046256444236,-0.17837672918846925,-0.09427373337597311,34.63035019455255,56.571638892232926,53.59636110776708,0.05401346642338692,-2.809706257982114,30.524395980745027,23.058542413381108,41.4575866188769,168465.0,225600.0
2005-04-18,52.5,53.17,52.45,53.15,261800.0,56.9,52.45,54.675,0.595714285714286,54.96978371765057,55.18455500662173,54.51028136699261,-0.39782932739826293,-0.222267248830428,-0.17556207856783493,40.362811791383216,56.4902398152001,53.344760184799895,0.057276453414671157,-3.4689429713040343,27.950391136626642,23.141486810551545,41.846522781774496,173405.0,-36200.0
2005-04-19,53.5,53.79,53.4,53.79,124400.0,56.3,52.45,54.375,0.6028571428571432,54.857423363588616,55.12986657498951,54.50311438821657,-0.44031613799571545,-0.2658770266634855,-0.17443911133222995,42.1978021978022,56.24668110757836,53.31831889242165,0.05345433697178314,-2.057538237436274,24.53206476561899,30.213270142180043,41.35071090047385,173605.0,88200.0
2005-04-20,53.75,53.78,52.74,52.74,146000.0,56.0,52.45,54.225,0.6621428571428574,54.655763995627794,55.03614631714678,54.48557096146815,-0.55234636125018,-0.3231708935808244,-0.2291754676693556,33.09090909090909,56.368799333214135,52.95020066678587,0.06254354076470268,-4.56026058631921,22.675617837662536,25.56634304207116,44.76806903991359,171240.0,-57800.0
2005-04-21,53.23,54.55,53.23,54.35,163300.0,56.0,52.45,54.225,0.745,54.626643615091815,55.00923861843514,54.48422199667743,-0.5053917343270342,-0.35961506173006635,-0.14577667259696786,46.66666666666666,56.35727633956642,52.92772366043358,0.06276346578456037,-2.107348703170031,21.489819673842383,25.02396931927126,39.78906999041219,164615.0,105500.0
2005-04-22,54.75,54.75,53.99,54.3,86700.0,56.0,52.45,54.225,0.7735714285714285,54.595534699368784,54.981425339280825,54.48238894198412,-0.4668330752353782,-0.38105866443112874,-0.08577441080424947,44.32835820895519,56.32844185208207,52.89555814791793,0.06285951263759139,-2.408339324227182,19.996820097267108,25.946445060018426,38.22714681440438,159910.0,18800.0
2005-04-25,54.52,55.0,54.52,54.82,97600.0,56.0,52.45,54.225,0.7935714285714285,54.61691234704795,54.97509493381883,54.48574825599423,-0.3898217830668642,-0.38281128815827586,-0.0070104949085883494,49.29378531073445,56.3261183479403,52.894881652059674,0.06283108002821122,-1.4028776978417312,19.822252898540196,25.6525652565256,37.263726372637215,158355.0,116400.0
2005-04-26,54.86,55.4,54.86,55.04,142800.0,56.0,52.45,54.225,0.7992857142857142,54.65720640923386,54.97764023053182,54.49126319872066,-0.3074930295665581,-0.36774763643993236,0.06025460687337425,48.41954022988507,56.36318562025653,52.96181437974347,0.06222494837435276,-0.9180918091809098,19.607650582518005,27.792672028596897,36.997319034852495,155010.0,259200.0
2005-04-27,54.86,54.86,54.29,54.35,411500.0,56.0,52.45,54.225,0.8278571428571426,54.62794865597349,54.95302688815802,54.48985759475329,-0.29452898588892396,-0.3531039063297307,0.058574920440806755,42.083897158322046,56.36002045056417,52.94997954943582,0.06239211236169344,-1.9837691614066788,19.276564019452415,25.194132873166485,40.63848144952541,167650.0,-152300.0
2005-04-28,54.6,54.6,54.07,54.18,195700.0,56.0,52.45,54.225,0.8314285714285715,54.58528687921411,54.92271210823026,54.486774434606495,-0.294576769493176,-0.3413984789624198,0.0468217094692438,40.18817204301075,56.35216793493289,52.91583206506711,0.0628973875217957,-1.2755102040816424,20.345153504695425,21.735395189003384,42.35395189003429,170260.0,-348000.0
2005-04-29,54.6,55.32,54.41,55.32,282600.0,56.0,52.45,54.225,0.885,54.65525955738419,54.93829202555456,54.4950652362522,-0.20031703562764136,-0.3131821902954641,0.11286515466782276,48.36065573770491,56.40360857943021,52.91539142056979,0.06381721674842292,3.8483198798573204,19.69890685685539,26.23083131557702,38.175948345439785,176390.0,-65400.0
2005-05-02,55.05,55.4,54.91,55.4,173300.0,56.0,52.45,54.225,0.8764285714285717,54.7261872185857,54.95639822063085,54.504069562259644,-0.11780223518452715,-0.27410619927327673,0.15630396408874958,49.124854142357066,56.44352277112781,52.90947722887221,0.06463554803719325,4.233301975540926,19.769655937117346,27.139364303178404,35.289323553382154,176590.0,107900.0
2005-05-03,55.1,55.1,54.75,54.8,83900.0,56.0,52.45,54.225,0.8821428571428572,54.73321700729182,54.950264957076705,54.5070141437297,-0.09967465950762033,-0.23921989132014546,0.13954523181252512,46.41675854465267,56.434854362306346,52.90614563769366,0.06454502381746434,1.8776724298196656,20.10653084809938,24.61538461538455,36.35627530364362,176030.0,24000.0
2005-05-04,55.0,55.63,54.85,55.57,157700.0,56.0,52.45,54.225,0.8864285714285717,54.81291062564498,54.97456829209331,54.51759111742393,-0.02291174797149864,-0.1959582626504161,0.17304651467891746,53.72168284789642,56.47739933542115,52.89460066457885,0.06551582984387767,5.365946150929091,20.4848992497236,28.76712328767117,32.15149073327951,179040.0,181700.0
2005-05-05,55.89,55.9,55.35,55.65,114000.0,56.0,52.45,54.225,0.8071428571428569,54.892633423202604,55.00105581005044,54.528858867499316,0.043873003208901196,-0.14799200947855265,0.19186501268745385,65.37467700258394,56.49753243883957,52.88746756116045,0.0660065800188165,2.391904323827032,20.124481413421528,33.98230088495567,21.06194690265477,179960.0,295700.0
2005-05-06,55.88,55.9,55.72,55.8,54700.0,55.9,52.45,54.175,0.7664285714285712,54.9790492876595,55.032386954754344,54.54150703797196,0.10766307318546353,-0.09686099294574942,0.20452406613121293,67.05276705276704,56.524532259640836,52.87646774035916,0.06669161194653934,2.7624309392265234,20.991277368405992,35.78751164958052,15.00465983224597,172520.0,350400.0
2005-05-09,55.98,56.03,55.85,56.0,147300.0,56.03,52.45,54.24,0.7371428571428572,55.07628268883479,55.070332564371824,54.55601940575334,0.1723685345837893,-0.04301508743984167,0.21538362202363098,65.075034106412,56.5941564308999,52.8468435691001,0.06848096895678582,2.15249908792412,22.385401029406392,32.46124031007746,15.600775193798375,174525.0,497700.0
2005-05-10,55.88,55.88,55.24,55.32,79800.0,56.03,52.45,54.24,0.7164285714285715,55.099493861326714,55.08012344420038,54.56362120271102,0.16685436861855862,-0.0010411962281616136,0.16789556484672025,68.53448275862065,56.563949566628914,52.85405043337109,0.06781149597429711,0.5087209302325535,23.03937233767031,33.39980059820532,15.553339980059771,167220.0,417900.0
2005-05-11,55.25,55.56,55.25,55.51,110500.0,56.03,52.45,54.24,0.6092857142857149,55.1385896840575,55.09698134834939,54.573037907161655,0.1757893739891756,0.03432491781530583,0.14146445617386977,60.46931407942234,56.57218222084203,52.851817779157976,0.06799905764154215,2.1343146274148905,23.1719877712891,30.246189917936643,18.288393903868624,166125.0,528400.0
2005-05-12,55.51,55.51,54.35,54.4,317400.0,56.03,52.45,54.24,0.6378571428571433,55.068247809385355,55.06964874645333,54.57131613694114,0.09223942806599439,0.045907819865443546,0.04633160820055084,50.757575757575765,56.551438813196256,52.82456118680375,0.06814799638663889,0.40605389442598394,21.92314505089634,26.651735722284364,27.547592385218273,170865.0,211000.0
2005-05-13,54.46,54.61,54.35,54.46,161300.0,56.03,52.45,54.24,0.6064285714285715,55.01031944658675,55.04574095247477,54.570208513688,0.030515231937400245,0.042829302279834884,-0.01231407034243464,47.06840390879479,56.4925305381131,53.0024694618869,0.0637483186670843,-1.554591467823574,21.118474112420802,25.088339222614785,28.975265017667766,165615.0,372300.0
2005-05-16,54.46,54.76,54.41,54.76,106000.0,56.03,52.74,54.385000000000005,0.5900000000000004,54.98647949929277,55.034535424926744,54.57209698618862,0.00573969101684213,0.03541138002723634,-0.029671689010394207,47.74919614147909,56.40299674185124,53.25300325814878,0.05745227773587326,-1.1552346570397165,21.058271165836157,22.760290556900653,29.78208232445511,157825.0,478300.0
2005-05-17,53.9,53.97,53.57,53.93,99000.0,56.03,52.74,54.385000000000005,0.6214285714285717,54.88586240412203,54.99122031022374,54.56570796145043,-0.07994758111198053,0.012339587799392964,-0.0922871689113735,46.69811320754715,56.39171043178264,53.278289568217346,0.05677798602289223,-1.5875912408759074,20.699567713112348,21.609195402298788,31.379310344827456,156555.0,379300.0
2005-05-18,53.89,54.2824,53.72,54.19,125200.0,56.03,53.23,54.629999999999995,0.6237428571428575,54.81958979420565,54.95979990590124,54.561969573774306,-0.12542965949084817,-0.015214261658655262,-0.1102153978321929,50.07751937984494,56.15841755797172,53.65658244202827,0.04556454247495243,-2.483354327874754,18.88402601233036,25.106499931290344,28.743529842883852,155515.0,504500.0
2005-05-19,54.29,54.57,54.24,54.5,93100.0,56.03,53.57,54.8,0.5694571428571434,54.78915267094796,54.94176853704237,54.561352961099935,-0.13490502392453152,-0.039152414111830514,-0.095752609812701,42.70462633451956,56.15358153164261,53.67641846835739,0.04510904239798266,-2.066486972147352,18.813885790581597,22.076162761527225,31.483618483768854,152005.0,597600.0
2005-05-20,54.45,54.55,54.34,54.52,99800.0,56.03,53.57,54.8,0.5494571428571428,54.763519083238634,54.92522859441326,54.56094148885019,-0.13919592171246364,-0.05916111563195715,-0.0800348060805065,42.086330935251844,56.14534235941901,53.70665764058099,0.04439945961544658,-2.2939068100358284,19.296331428096174,21.839737923144924,32.62960844469855,152660.0,697400.0
2005-05-23,54.39,54.48,54.12,54.4,118300.0,56.03,53.57,54.8,0.5316000000000004,54.72889821816829,54.904631394632354,54.55934008100094,-0.15054410748121683,-0.07743771400180909,-0.07310639347940774,46.06299212598427,56.14629813205025,53.66370186794977,0.04521621462709187,-2.857142857142858,19.41667916878607,22.573363431151222,34.531871439320625,153695.0,579100.0
2005-05-24,54.33,54.38,54.12,54.2,91200.0,56.03,53.57,54.8,0.49231428571428587,54.67852695929512,54.876998790921284,54.5557645578069,-0.17367394980738027,-0.09668496116292333,-0.07698898864445694,34.81152993348118,56.14135585194827,53.58464414805173,0.04660174806147201,-2.024584237165572,21.746428272728735,16.685044396726802,37.28744704311995,151115.0,487900.0
2005-05-25,53.7,53.7816,53.5,53.76,52400.0,56.03,53.5,54.765,0.5030285714285719,54.591048201267014,54.83319491676751,54.547846502505344,-0.22491614593405984,-0.12233119811715064,-0.1025849478169092,30.59548254620124,56.18673822153027,53.48026177846973,0.049358082979575224,-3.1525851197982346,24.123863126047812,12.495740088606182,45.29705782119724,133160.0,435500.0
2005-05-26,53.73,53.97,53.61,53.88,125000.0,56.03,53.5,54.765,0.5108857142857148,54.523329324955874,54.7958147239531,54.541201263674445,-0.25292736915657343,-0.14845043232503521,-0.10447693683153822,30.16528925619845,56.20839246081538,53.428607539184604,0.05070888334468799,-0.9558823529411731,24.759870127489894,14.93764330853983,44.60041384710019,129625.0,560500.0
2005-05-27,54.24,54.48,54.24,54.42,121800.0,56.03,53.5,54.765,0.5373142857142855,54.51348843686484,54.78107689164121,54.53999528095132,-0.22891419795875123,-0.16454318545177843,-0.0643710125069728,34.74903474903479,56.153267715004354,53.39373228499564,0.05038084895083774,-0.07344840249724482,24.936069055135363,19.254493246836116,42.406678719557576,121585.0,682300.0
2005-05-31,54.5,54.7,54.5,54.64,144200.0,56.03,53.5,54.765,0.5030285714285715,54.52553715716343,54.77554446451803,54.54099035278265,-0.18994189348229185,-0.16962292705788112,-0.020318966424410723,42.79661016949154,56.08412854313867,53.38687145686131,0.049278020412298444,-0.21913805697588717,23.86473177412929,23.690787231625656,36.63523798704984,120130.0,826500.0
2005-06-01,54.5,54.74,54.35,54.52,184900.0,56.03,53.5,54.765,0.508742857142857,54.52500980886215,54.7655231129683,54.54078149355099,-0.16681610628868526,-0.16906156290404195,0.002245456615356689,39.35483870967749,56.07311930174218,53.3698806982578,0.04939993610343978,1.0940107546820066,23.82890093935178,23.424688307312223,38.32977647983822,125180.0,641600.0
2005-06-02,54.55,54.57,54.05,54.15,143100.0,56.03,53.5,54.765,0.46302857142857184,54.489294588970516,54.74138495167543,54.53689312048083,-0.17631224331604756,-0.17051169898644308,-0.005800544329604473,46.80306905370845,55.963070399114486,53.337929600885516,0.04803507375465859,-0.0738143568924099,24.57887184613512,25.737381216833334,32.858200666419854,124450.0,498500.0
2005-06-03,54.2,54.25,53.88,53.97,72000.0,56.03,53.5,54.765,0.47088571428571463,54.43983796144951,54.71113456141365,54.53125239291386,-0.19610195473843817,-0.17562975013684212,-0.020472204601596045,43.92059553349875,55.823602348971434,53.30939765102856,0.04607597514854119,-0.9724770642201896,25.202171261657785,25.307930344032588,34.88865966870935,122350.0,426500.0
2005-06-06,54.22,54.7,54.22,54.7,221400.0,56.03,53.5,54.765,0.498028571428572,54.46461529845432,54.710697911946454,54.53293147358139,-0.15113831605525974,-0.17073146332052566,0.019593147265265926,49.32735426008975,55.629981583501326,53.39301841649867,0.041036536639106544,0.33015407190022383,24.80250438011378,28.231312030290965,32.98720670070556,130685.0,647900.0
2005-06-07,54.92,55.14,54.8,54.8,122400.0,55.88,53.5,54.69,0.4444571428571434,54.49655669860152,54.714199954615225,54.535588871854216,-0.10621081206068794,-0.15782733306855812,0.051616521007870175,61.662198391420844,55.338583334363435,53.56441666563656,0.032582512304103244,0.7352941176470562,25.236677104006592,38.70532270506564,23.463615325276404,129440.0,770300.0
2005-06-08,55.48,55.53,55.25,55.33,204500.0,55.56,53.5,54.53,0.45642857142857196,54.57593225111567,54.73834897600287,54.54349346019398,-0.027521618765106837,-0.13176619020786787,0.10424457144276103,64.24999999999996,55.34115335247111,53.562846647528886,0.032658244048744296,2.0848708487084755,26.611463941596234,38.90453834115808,22.848200312989032,135675.0,974800.0
2005-06-09,55.42,55.43,55.12,55.26,73900.0,55.53,53.5,54.515,0.45142857142857196,54.64108156053322,54.75880587890472,54.55062287850051,0.02885904970026587,-0.09964114222624113,0.128500191926507,60.106382978723346,55.27120022433445,53.60779977566554,0.030555028034219812,2.790178571428581,26.503974469852476,34.78481012658234,25.15822784810129,133845.0,900900.0
2005-06-10,55.35,55.5,55.3,55.45,209600.0,55.53,53.5,54.515,0.4535714285714297,54.718121411911014,54.785911530712376,54.559571904585084,0.08785975519649725,-0.06214096274169345,0.1500007179381907,61.832061068702245,55.437918656789904,53.54608134321009,0.03471770743558345,2.913882702301418,26.344927924853,35.72283464566931,25.03937007874015,128455.0,1110500.0
2005-06-13,55.5,55.54,55.26,55.41,145800.0,55.54,53.5,54.519999999999996,0.4450000000000008,54.78401461077663,54.8103855883315,54.568033875683746,0.12989324519842427,-0.023734121153669907,0.15362736635209417,63.11688311688304,55.57025802459316,53.508741975406835,0.03779858724752379,1.8191841234840078,26.61285620434423,36.41091492776891,21.990369181380338,127680.0,964700.0
2005-06-14,55.2,55.48,55.17,55.42,137200.0,55.54,53.5,54.519999999999996,0.4471428571428575,54.84458464784552,54.83429203584791,54.57651115055257,0.1621429226050779,0.013441287598079655,0.14870163500699823,66.66666666666654,55.672889883058204,53.47211011694178,0.04032763326064275,1.427525622254766,25.435011913394277,36.236421725239694,23.32268370607017,129240.0,1101900.0
2005-06-15,55.36,55.39,55.2,55.39,93300.0,55.54,53.5,54.519999999999996,0.4128571428571429,54.89652896709833,54.856084505030346,54.58460556696498,0.1831688188911471,0.04738679385669315,0.13578202503445397,75.07692307692295,55.76004451399852,53.53095548600149,0.04079181319590879,1.5957446808510634,24.66330798894299,39.24567474048454,14.532871972318272,128955.0,1008600.0
2005-06-16,55.35,55.5,55.24,55.35,136100.0,55.54,53.5,54.519999999999996,0.4057142857142857,54.939716684517535,54.8754537401272,54.59222143197031,0.1943638223187989,0.0767821995491143,0.11758162276968459,73.18611987381689,55.83877691961498,53.56822308038502,0.04150655514235765,2.216066481994461,24.287088434135494,38.5563380281691,14.788732394366132,129500.0,872500.0
2005-06-17,55.4,55.89,55.4,55.8,72600.0,55.89,53.5,54.695,0.40142857142857175,55.0216484288492,54.911710456200645,54.60423912916464,0.23681729996361156,0.10878921963201377,0.1280280803315978,72.40259740259724,55.999541920702235,53.53745807929777,0.044954377815796746,3.3907726514730285,24.62427494047741,36.83274021352324,14.946619217081771,128475.0,945100.0
2005-06-20,56.0,56.0,55.64,55.78,95200.0,56.0,53.5,54.75,0.40714285714285736,55.09387238800642,54.94576102654572,54.61593824230728,0.2657843573780525,0.14018824718122153,0.12559611019683098,69.79166666666661,56.13578080605847,53.52721919394154,0.0475741428214973,1.9744058500914097,25.94873994915297,34.3859649122807,14.736842105263085,128245.0,849900.0
2005-06-21,56.16,56.16,55.78,55.79,40300.0,56.16,53.5,54.83,0.40642857142857125,55.16017025581533,54.97886843726942,54.62762044885149,0.2862481846129725,0.16940023466757173,0.11684794994540079,72.92418772563161,56.25563182024523,53.546368179754765,0.04934816561611742,1.8065693430656893,27.85971353792206,37.25834797891034,12.126537785588717,124345.0,890200.0
2005-06-22,56.7,56.73,56.42,56.56,91300.0,56.73,53.5,55.114999999999995,0.4364285714285709,55.29348737430911,55.04087359659219,54.646848106076845,0.3604435115393301,0.2076088900419234,0.15283462149740668,88.01261829652992,56.5197913701917,53.518208629808285,0.05455538523752545,2.2230254834628704,32.32563063923455,44.026186579378084,6.382978723404157,124350.0,981500.0
2005-06-23,56.64,56.85,56.13,56.13,190000.0,56.85,53.61,55.230000000000004,0.46142857142857097,55.37315524342253,55.08358443594152,54.66160583636464,0.38016414076608385,0.2421199401867555,0.13804420057932834,81.57894736842103,56.5933177300602,53.681682269939806,0.05280680952383394,1.574375678610207,36.05486390345045,41.64086687306502,7.894736842105241,131230.0,791500.0
2005-06-24,56.6,56.79,56.46,56.46,106500.0,56.85,53.88,55.365,0.45642857142857046,55.47666426785848,55.137561516884986,54.67950030565455,0.4176072076444157,0.27721739367828757,0.14038981396612815,79.13907284768206,56.7103293382164,53.82267066178359,0.052249711424331324,1.8214607754734047,39.99346189996244,35.05477308294209,7.981220657276982,130305.0,898000.0
2005-06-27,56.9,56.95,56.66,56.88,108100.0,56.95,53.88,55.415000000000006,0.45999999999999935,55.6103152899672,55.20589243779146,54.70139582500127,0.475688160809554,0.3169115471045409,0.15877661370501311,81.13772455089818,56.94454577695342,53.83445422304658,0.05614947876234379,2.6529507309150047,42.43545171657744,30.43478260869571,7.919254658385073,129620.0,1006100.0
2005-06-28,57.3,57.58,57.3,57.51,105800.0,57.58,53.88,55.730000000000004,0.4578571428571416,55.79123764330365,55.29624959709376,54.72934213520026,0.5660286436505118,0.3667349664137351,0.19929367723677666,81.68604651162786,57.31059269504384,53.755407304956165,0.06401932886909895,3.7712017322266256,45.032638140255436,34.32137285491422,7.9563182527301,127700.0,1111900.0
2005-06-29,57.5,57.51,57.21,57.22,82000.0,57.58,53.88,55.730000000000004,0.4571428571428555,55.92731024870331,55.3716907893646,54.75412480052166,0.6072238522164994,0.414832743574288,0.19239110864221143,76.77595628415298,57.52977730592075,53.80622269407923,0.06688860048576421,3.3038454594692235,48.51367080345154,34.37500000000006,7.343749999999898,122555.0,1029900.0
2005-06-30,57.4,57.5,57.11,57.11,140600.0,57.58,53.88,55.730000000000004,0.46785714285714114,56.03994736787442,55.43985977801697,54.777566344795076,0.6238044418084598,0.4566270832211224,0.16717735858733745,73.1843575418994,57.639904429629034,53.99209557037096,0.06535417907514114,3.1797651309846353,51.384767960263,32.5190839694657,8.702290076335805,122430.0,889300.0
2005-07-01,57.11,57.35,57.054,57.3,68400.0,57.58,54.22,55.9,0.46899999999999814,56.15995238045781,55.512806453388855,54.802665187135425,0.6448427448584795,0.49427021554859385,0.15057252930988563,75.33512064343171,57.701837387667375,54.26316261233263,0.06142410173419812,2.6881720430107503,53.51903016509325,32.43984160828517,9.533962838866785,122250.0,957700.0
2005-07-05,57.2,57.77,57.15,57.76,162300.0,57.77,54.8,56.285,0.49114285714285594,56.312337868033254,55.60093169051086,54.832091404178854,0.6906722672497096,0.5335506258888171,0.15712164136089257,77.99043062200963,57.91775729136699,54.35324270863301,0.06349840266380415,3.549659376120462,56.63190536218194,37.08551483420599,7.795229784758516,119295.0,1120000.0
2005-07-06,57.62,57.7,57.4,57.5,127800.0,57.77,55.12,56.445,0.501142857142856,56.42544854726818,55.67540495754965,54.85863775836613,0.6979669384422706,0.5664338883995078,0.13153305004276283,73.92290249433115,58.03577290271272,54.50522709728729,0.06274239264668757,3.0650654239110953,58.011160639485965,36.345496009122044,7.6396807297604825,119565.0,992200.0
2005-07-07,56.65,56.91,56.42,56.82,199900.0,57.77,55.12,56.445,0.5597142857142846,56.46302487609979,55.720291037645744,54.87815380057145,0.6414830832405158,0.5814437273677094,0.0600393558728064,64.55445544554459,58.06841765717187,54.62158234282814,0.061173756577224764,0.4596888260254506,56.49705140680913,31.138335885655984,19.346605410923864,119335.0,792300.0
2005-07-08,56.6,56.87,56.56,56.87,159400.0,57.77,55.17,56.47,0.5432857142857129,56.50178441170933,55.76537766362042,54.89797316573989,0.5939076059942394,0.5839365030930155,0.009971102901223938,61.50537634408606,58.08473856981991,54.76626143018009,0.05881165677999884,1.3183680741136516,54.547531435421675,26.952405995266922,19.931632921377794,123610.0,951700.0
2005-07-11,57.03,57.43,57.028,57.36,77300.0,57.77,55.17,56.47,0.5575714285714274,56.58351922964177,55.82791187289021,54.92247094518527,0.5889535129267074,0.5849399050597539,0.004013607866953484,65.4296875,58.163615372860285,54.87838462713972,0.058124073277552916,1.5940488841657885,53.44053086626972,32.02664616961319,19.420958237253323,116995.0,1029000.0
2005-07-12,57.3,57.35,57.086,57.35,84700.0,57.77,55.17,56.47,0.5499999999999992,56.65651739824732,55.887601603365106,54.946625463143626,0.577562659236456,0.5834644558950943,-0.005901796658638325,65.23437500000006,58.212802083084135,55.023197916915855,0.0563355146096344,0.8263009845288272,51.33193192987736,30.389610389610482,19.688311688311604,113940.0,944300.0
2005-07-13,57.62,57.79,57.48,57.72,177700.0,57.79,55.2,56.495000000000005,0.5142857142857135,56.75780145555709,55.95946036401745,54.974221229679515,0.591571960086128,0.5850859567333011,0.006486003352826897,62.288135593220346,58.29544208313679,55.17055791686322,0.05508053806908808,0.3651538862806447,47.32839961371564,30.694444444444507,21.055555555555465,115965.0,1122000.0
2005-07-14,57.95,58.0,57.7,57.79,186400.0,58.0,55.24,56.620000000000005,0.4842857142857134,56.85610607883737,56.0312462320952,55.00223892888668,0.6013903928306163,0.5883468439527642,0.013043548877852196,69.03669724770646,58.3483556169191,55.35764438308089,0.052604281811658354,0.9961551904928312,44.801486558312476,35.693215339233134,18.082595870206404,120620.0,1308400.0
2005-07-15,57.9,57.9,57.56,57.74,63800.0,58.0,55.4,56.7,0.46142857142857047,56.940286452281434,56.09825618377774,55.029480332579354,0.5982408413588516,0.5903256434339816,0.007915197924869943,65.68627450980401,58.338521884697506,55.6064781153025,0.04795372801606047,1.1031343022237738,42.29650923241599,37.461300309597625,21.145510835913242,117005.0,1244600.0
2005-07-18,57.9,57.9,57.55,57.63,52400.0,58.0,55.64,56.82,0.45142857142857046,57.00597345682606,56.158324568727636,55.05535615016563,0.5801807558313072,0.5882966659134468,-0.008115910082139521,59.94694960212206,58.34163597484155,55.78636402515845,0.044779054214269996,0.5759162303665022,39.839936218260895,35.75949367088612,21.772151898734187,115995.0,1192200.0
2005-07-19,57.8,58.25,57.64,58.2,115900.0,58.25,55.78,57.015,0.44571428571428484,57.119690270461675,56.23839027191479,55.0866461387212,0.6048894551378581,0.5916152237583291,0.013274231379528989,59.29919137466317,58.4078267510799,55.9621732489201,0.04276739533373787,0.7617728531855938,36.671078546370715,31.730769230769358,22.051282051282055,117030.0,1308100.0
2005-07-20,58.47,58.69,58.36,58.59,112600.0,58.69,56.13,57.41,0.45928571428571324,57.259719768512944,56.330610261251465,55.121505381121985,0.6484659066727616,0.6029853603412156,0.04548054633154597,67.97900262467203,58.516080889028615,56.13391911097139,0.04155537336340556,1.8956521739130539,34.22858005434425,37.63608087091769,20.000000000000068,120645.0,1420700.0
2005-07-21,59.06,60.75,59.0,60.72,839700.0,60.75,56.13,58.44,0.5857142857142844,57.58927026674981,56.502743192182784,55.177211795240176,0.8451316062323286,0.6514146095194383,0.19371699671289033,80.96054888507727,59.4144451332612,55.651554866738806,0.06540403362457008,6.863780359028504,34.254185307623324,54.634146341463584,14.463414634146373,158065.0,2260400.0
2005-07-22,60.48,60.67,60.18,60.61,236600.0,60.75,56.42,58.585,0.6031428571428558,57.87695881277364,56.66381208660699,55.23126938931739,0.9808083610868863,0.717293359832928,0.2635150012539583,78.78260869565227,59.9722685473415,55.54173145265848,0.076709958873955,6.576402321083186,34.621539004610725,53.05542396968278,13.382283278067328,160395.0,2023800.0
2005-07-25,60.59,60.74,60.5,60.59,180600.0,60.75,56.42,58.585,0.5759999999999985,58.13534368774758,56.81778024007338,55.28459009191125,1.0743350680403196,0.7887017014744063,0.2856333665659133,76.64783427495306,60.42589314488941,55.501106855110585,0.08496357690234066,5.631101813110195,34.03380649286961,51.21527777777794,14.012896825396892,164100.0,1843200.0
2005-07-26,60.56,60.6,60.42,60.52,154800.0,60.75,56.42,58.585,0.5631428571428556,58.362453812724,56.962965328697955,55.336683722837506,1.1297837977840075,0.8569181207363266,0.27286567704768094,79.49218750000013,60.80119081110901,55.489809188891,0.0913463917623549,5.527462946817785,33.27803308168245,52.38457635717928,15.347539320142111,166435.0,1688400.0
2005-07-27,60.9,61.45,60.8,61.37,220500.0,61.45,56.42,58.935,0.55242857142857,58.648886782940764,57.13579021776862,55.39671672062022,1.2281577735343703,0.9311660512959353,0.29699172223843495,93.00567107750489,61.33845982429208,55.33854017570791,0.10284665612904288,6.323631323631318,38.12188302081269,64.3910007757954,2.973881561934375,172170.0,1908900.0
2005-07-28,61.37,61.57,61.09,61.57,364400.0,61.57,56.42,58.995000000000005,0.5645714285714273,58.92708804170831,57.309680797463976,55.45814242489266,1.3071897172301377,1.0063707844827758,0.3008189327473618,93.19852941176487,61.832528329609694,55.2794716703903,0.11191093413517647,6.540924035300222,43.5786576183886,64.52429149797587,2.9099190283401377,186290.0,2273300.0
2005-07-29,61.62,61.9,61.58,61.76,235900.0,61.9,56.42,59.16,0.5481428571428556,59.19688918059323,57.484203119132054,55.52084747539124,1.36936927747918,1.0789704830820568,0.29039879439712313,92.80155642023362,62.285501873785755,55.29149812621424,0.11896890969443874,6.962244544509866,48.32711477017359,63.46103726869965,2.9971331769612277,191055.0,2509200.0
2005-08-01,62.0,62.5,62.0,62.48,415200.0,62.5,56.42,59.46,0.58142857142857,59.50956640148912,57.680116722303346,55.59009277414357,1.4599160067058747,1.1551595878068204,0.30475641889905436,93.84615384615395,62.83550808646915,55.25949191353084,0.12830375837991975,8.415755682804082,53.36715262414458,67.19901719901735,2.8255528255528817,208395.0,2924400.0
2005-08-02,63.2,63.83,63.16,63.8,534200.0,63.83,56.42,60.125,0.6464285714285702,59.91817912515682,57.92011214495812,55.67178339330632,1.6195191021774349,1.2480314906809433,0.37148761149649157,94.70588235294127,63.63564156015429,55.06335843984571,0.14443732668865927,9.621993127147753,58.68099938198859,70.27624309392277,2.5414364640884464,226990.0,3458600.0
2005-08-03,63.3,63.35,62.7,63.06,340000.0,63.83,56.42,60.125,0.7035714285714272,60.21740016085617,58.121676374567606,55.74529798640775,1.667076865271362,1.331840565599027,0.3352362996723348,85.27443105756372,64.12460491667433,55.130395083325666,0.1508399619864771,7.629288274449553,62.043595394785235,62.436548223350364,7.00507614213197,237600.0,3118600.0
2005-08-04,62.98,62.98,62.3,62.33,220300.0,63.83,56.56,60.195,0.7335714285714278,60.41860014553654,58.286708673604174,55.81081740942857,1.6271055757834603,1.3908935676359138,0.2362120081475465,78.15950920245402,64.35076040626923,55.45523959373076,0.1484987531933037,2.6515151515151603,65.2864545571551,59.88315481986373,9.250243427458656,238620.0,2898300.0
2005-08-05,62.68,62.68,62.3,62.46,193800.0,63.83,57.028,60.429,0.735714285714285,60.61301917929496,58.45036715699225,55.87697843023028,1.587616895121613,1.4302382331330536,0.15737866198855932,79.55936352509184,64.52916175599734,55.835838244002666,0.1444493584014401,3.052301600395979,68.79869375205988,59.70873786407771,9.126213592232995,240340.0,3092100.0
2005-08-08,63.25,63.48,63.2,63.37,158800.0,63.83,57.086,60.458,0.7642857142857135,60.87558878126687,58.643293935149416,55.951535858785206,1.6111785624649357,1.4664262989994301,0.14475226346550563,80.37602820211518,64.83903924393867,56.1269607560613,0.1440417718677541,4.588215877207458,72.87502923688658,61.682242990654224,8.78504672897195,244415.0,3250900.0
2005-08-09,63.35,63.45,63.12,63.3,192700.0,63.83,57.48,60.655,0.7528571428571428,61.106485087812885,58.8259098592612,56.024654904966454,1.6056935034038347,1.4942797398803112,0.1114137635235235,78.75457875457877,65.04741790652804,56.51358209347197,0.14040417260562305,4.593522802379368,75.80279460333827,58.44402277039846,9.67741935483874,249815.0,3058200.0
2005-08-10,64.84,65.25,64.63,64.95,468300.0,65.25,57.55,61.4,0.7378571428571432,61.472534127068805,59.06607025693724,56.113464308897136,1.7147215226191648,1.538368096428082,0.17635342619108285,77.43190661478604,65.54022260751545,56.74377739248455,0.14386911149505893,5.8334691217207135,76.68736459549453,57.115198451113145,9.87415295256537,264345.0,3526500.0
2005-08-11,64.95,65.06,64.67,64.93,319000.0,65.25,57.55,61.4,0.7271428571428576,61.80181659115749,59.296028286076954,56.201191032191694,1.7790059077865195,1.5864956586997696,0.19251024908674985,78.34645669291348,65.9107016647711,57.08729833522891,0.1434723057211042,5.457203183368531,77.45918146727739,57.956777996070606,10.019646365422421,270975.0,3207500.0
2005-08-12,65.3,65.31,64.75,64.95,275400.0,65.31,57.55,61.43,0.7500000000000006,62.10164358247582,59.51775266701512,56.28824385774203,1.8106930368175043,1.6313351343233167,0.1793579024941876,78.60892388451447,66.15465994432861,57.5643400556714,0.1388682399414352,5.165155440414515,78.47585183166906,57.904761904761784,9.714285714285737,281555.0,3482900.0
2005-08-15,65.9,65.9,65.56,65.8,273600.0,65.9,57.64,61.77,0.8050000000000007,62.45386800319241,59.76411530752433,56.382888197465995,1.8826907243851707,1.6816062523356876,0.2010844720494831,81.42857142857144,66.42115530017415,58.11484469982583,0.13339613606263762,5.31370038412291,79.94828152170125,59.18367346938766,8.340727595386015,292615.0,3756500.0
2005-08-16,65.68,65.68,64.2,64.33,313300.0,65.9,58.36,62.13,0.8528571428571432,62.63254724098361,59.94316960919004,56.461963936794696,1.800379046845471,1.7053608112376444,0.09501823560782663,66.40798226164083,66.35131834910038,58.79768165089959,0.12071429573070168,0.8307210031347934,76.53249069017902,48.74371859296475,19.262981574539392,302485.0,3443200.0
2005-08-17,64.33,64.81,64.22,64.36,234900.0,65.9,59.0,62.45,0.8607142857142865,62.79706655136612,60.11637864412377,56.54055136030918,1.7177658630540265,1.7078418216009208,0.009924041453105659,65.7627118644068,66.21601341294134,59.50998658705866,0.10667685006892248,2.0615287028227014,73.04180454705386,47.30290456431527,19.0871369294606,308600.0,3678100.0
2005-08-18,62.85,62.89,62.43,62.65,443600.0,65.9,60.18,63.040000000000006,0.9750000000000009,62.78306021314078,60.21573634435421,56.601341894037446,1.4970544983962881,1.6656843569599944,-0.16862985856370627,54.29122468659595,66.1604700832217,59.75852991677832,0.10168346582236794,0.513396438312208,67.50968049235799,39.340659340659286,29.963369963369964,288795.0,3234500.0
2005-08-19,62.52,62.65,62.35,62.59,198500.0,65.9,60.42,63.160000000000004,0.9435714285714292,62.76467352617499,60.30884472300699,56.660930531907724,1.3022857141385629,1.5930046283957082,-0.29071891425714536,50.56642636457264,66.07040113068949,60.046598869310515,0.09552720507749114,0.2081332052513707,61.422650837684394,36.109008327024924,31.566994700984097,286890.0,3036000.0
2005-08-22,63.3,63.48,63.21,63.21,271800.0,65.9,60.42,63.160000000000004,0.9107142857142857,62.80708557130118,60.42261551818319,56.726095402237,1.184306914915119,1.5112650856995904,-0.3269581707844713,46.725860155382925,65.96821969761086,60.41078030238912,0.08794877938932484,-0.2524854031876189,54.863015642280516,33.490196078431346,32.70588235294119,291450.0,3307800.0
2005-08-23,63.21,63.21,61.87,62.01,574200.0,65.9,60.8,63.35,0.9278571428571435,62.73117265974869,60.48486589001915,56.778671567388876,0.9826505119347573,1.4055421709466238,-0.42289165901186654,44.4561774023231,65.81165444240199,60.716345557598,0.08054041611033118,-2.0379146919431212,49.75905402149034,32.8714395688991,38.87605850654356,312420.0,2733600.0
2005-08-24,61.5,61.5,61.01,61.04,301300.0,65.9,61.01,63.455,0.9450000000000003,62.570108596915475,60.50663585511644,56.82107284532531,0.7360803898055863,1.2716498147184163,-0.53556942491283,43.357363542739435,65.85047704055954,60.64452295944046,0.08231082779744782,-6.020015396458822,45.4333040204617,32.275132275132236,41.64777021919882,316460.0,2432300.0
2005-08-25,61.28,61.7,61.25,61.69,123500.0,65.9,61.01,63.455,0.9650000000000004,62.48628873054257,60.5530422921707,56.86951988169024,0.5863621415299676,1.1345922800807267,-0.5482301385507591,46.23655913978493,65.84070149562096,60.666298504379064,0.08180421622901338,-4.989989219159108,40.92880842843137,33.08660251665431,40.784603997039255,304415.0,2555800.0
2005-08-26,62.45,62.49,61.85,61.9,140400.0,65.9,61.01,63.455,0.9492857142857153,62.43045170858613,60.60586416306597,56.91957441023064,0.47913146676666685,1.0035001174179148,-0.5243686506512479,42.28751311647428,65.83139355754112,60.68960644245888,0.08127958386484833,-4.695919938414173,36.319185698931776,33.55906696764481,41.45974416854778,299640.0,2696200.0
2005-08-29,61.77,62.06,61.61,62.02,152000.0,65.9,61.01,63.455,0.9578571428571436,62.39136106967317,60.66132047039672,56.97032491361143,0.39923129176104766,0.8826463522865414,-0.48341506052549377,43.31941544885179,65.84575309556458,60.62924690443542,0.08249070869546007,-5.744680851063821,32.05896962213625,33.2587621178225,42.281879194630854,286480.0,2848200.0
2005-08-30,62.0,62.0,61.48,61.64,264000.0,65.9,61.01,63.455,0.8571428571428582,62.31980287256144,60.699700059792924,57.01678934233171,0.3017684048847258,0.7664707628061783,-0.46470235792145254,30.08423586040911,65.8173477008852,60.44165229911479,0.08515346077143651,-4.181563811596456,29.672941624252395,22.166666666666668,48.333333333333314,272970.0,2584200.0
2005-08-31,61.55,61.79,61.43,61.79,147500.0,65.9,61.01,63.455,0.855000000000001,62.26934545612702,60.742456920193206,57.06428397574135,0.23393544901427532,0.6599637000477978,-0.4260282510335225,31.39810426540278,65.8199552417714,60.31204475822859,0.0873356560356263,-3.993163455562465,27.31330449457255,22.222222222222225,48.872180451127775,263345.0,2731700.0
2005-09-01,62.42,62.68,62.25,62.65,140800.0,65.9,61.01,63.455,0.8785714285714293,62.30559826982921,60.81726253116602,57.11986323966432,0.24672802832928653,0.5773165657040956,-0.3305885373748091,37.60775862068962,65.82163193839807,60.342368061601945,0.08685938741314676,0.0,24.21339355351638,26.82926829268294,47.56097560975607,259370.0,2872500.0
2005-09-02,62.65,62.66,62.36,62.42,136400.0,65.9,61.01,63.455,0.8321428571428575,62.31649367270262,60.88011498092422,57.172600918871645,0.23559141066066047,0.5089715346954086,-0.2733801240347481,30.484988452655912,65.8216015296473,60.3383984703527,0.08692458876497457,-0.2716088832081853,21.45529208138272,23.261802575107293,50.214592274678104,256500.0,2736100.0
2005-09-06,62.32,62.55,62.2,62.54,160900.0,65.9,61.01,63.455,0.7428571428571432,62.337779989588086,60.945208511084054,57.22600787490278,0.23375398757941923,0.4539280252722107,-0.22017403769279148,37.75649794801642,65.7867379043568,60.29026209564323,0.08719236353519783,-1.0599588672678406,20.241645078353628,26.057692307692303,44.711538461538424,256605.0,2897000.0
2005-09-07,62.7,62.7,62.4,62.44,212300.0,65.9,61.01,63.455,0.7221428571428576,62.347515228674936,61.00382778515919,57.27788839356047,0.2216733400077402,0.4074770882193166,-0.1858037482115764,36.99186991869917,65.75340519282798,60.237594807172,0.0875588000040635,0.6934365424931421,18.908422708180524,28.2888229475767,45.99406528189906,257585.0,2684700.0
2005-09-08,62.01,62.06,61.92,61.97,151200.0,65.9,61.01,63.455,0.6214285714285717,62.311561397372564,61.04171689162354,57.324576071236486,0.17218937578482496,0.3604195457324183,-0.18823016994759334,44.462540716612374,65.47893953296804,60.21406046703198,0.08377362408306054,1.5235910878112602,18.49494271480555,32.87356321839086,38.39080459770109,241730.0,2533500.0
2005-09-09,62.2,62.43,62.04,62.43,243100.0,65.9,61.01,63.455,0.6328571428571433,62.322841264289465,61.09615936646183,57.37537630933364,0.1681527727522365,0.321966191136382,-0.15381341838414547,48.776758409785906,65.16824886328699,60.27475113671302,0.07801946264955348,1.1995461176852018,18.048574159006893,36.455981941309275,36.79458239277647,237935.0,2776600.0
2005-09-12,62.88,62.93,62.42,62.47,160100.0,65.9,61.01,63.455,0.6057142857142865,62.33685638197618,61.150035469737844,57.4260690823751,0.16626480430501545,0.2908259137701087,-0.12456110946509324,43.79194630872482,64.80875232438578,60.386247675614236,0.0706498605978121,0.9208400646203652,18.38138285335925,34.19811320754719,38.44339622641502,232170.0,2936700.0
2005-09-13,61.9,62.03,61.66,61.69,141700.0,65.68,61.01,63.345,0.5678571428571436,62.275251012264164,61.17121054935597,57.468496255684805,0.10066864891982163,0.2527944608000513,-0.15212581188022967,47.11191335740072,64.04307429141932,60.740925708580704,0.05292583316512712,-0.5320864237342904,18.065208111738013,36.477987421383666,33.710691823899325,225575.0,2795000.0
2005-09-14,61.79,61.96,61.61,61.69,143500.0,64.81,61.01,62.91,0.5214285714285722,62.219512820619954,61.19155523369495,57.51050126806605,0.048128428616095675,0.2118612543632602,-0.16373282574716452,57.11159737417942,63.662043621213634,60.857956378786376,0.04503834311640311,0.08111615833874541,18.701947740259104,39.72602739726029,25.616438356164313,217085.0,2795000.0
2005-09-15,61.9,62.15,61.8,62.0,157400.0,63.48,61.01,62.245,0.5071428571428578,62.19860683770377,61.223258950020636,57.55517289723952,0.031145310958009986,0.17571806568221016,-0.14457275472420017,53.664302600472844,63.13844843001563,61.14555156998436,0.03207004698965701,0.33986081890273745,19.48821415063087,40.70422535211263,26.338028169014017,213210.0,2952400.0
2005-09-16,62.23,62.23,61.75,61.88,148700.0,63.48,61.01,62.245,0.4842857142857144,62.168263329351035,61.24901350100022,57.59820600273963,0.007911867653717763,0.14215682607651167,-0.1342449584227939,49.75845410628024,63.07653161629631,61.130468383703686,0.031335806075223155,-1.229050279329602,19.282694593723818,32.153392330383475,27.581120943952765,198465.0,2803700.0
2005-09-19,61.84,62.09,61.77,61.77,182600.0,63.48,61.01,62.245,0.4749999999999999,62.13033348846046,61.269444344098254,57.63971639077207,-0.019156065050822235,0.1098942478510449,-0.12905031290186714,46.97336561743341,63.01816730612512,61.10683269387488,0.030796932322259715,-1.0413329061198295,19.460621513767016,32.78195488721805,24.511278195488657,197670.0,2621100.0
2005-09-20,62.76,63.0,62.43,62.54,299100.0,63.21,61.01,62.11,0.5242857142857135,62.16934934670232,61.3192700560944,57.68847543165992,0.021279669326538908,0.0921713321461437,-0.0708916628196048,59.955752212389385,62.85323553097569,61.204764469024305,0.026575812312811482,0.0,19.28381320178975,42.098092643051785,20.43596730245225,199035.0,2920200.0
2005-09-21,62.7,62.83,62.57,62.65,252400.0,63.0,61.01,62.004999999999995,0.5192857142857135,62.21512559939733,61.3714555440907,57.737843835324995,0.06149251341904005,0.08603556840072298,-0.024543054981682924,59.5982142857143,62.93057702966601,61.19142297033399,0.02802330061281679,0.33632286995515237,19.18653010316592,42.503438789546095,19.944979367262697,182945.0,3172600.0
2005-09-22,62.57,62.67,62.12,62.3,221800.0,63.0,61.25,62.125,0.4949999999999995,62.223208875645206,61.40786905216558,57.783238424028234,0.06437730564628197,0.08170391584983477,-0.017326610203552806,45.59193954659946,62.85339484650063,61.39460515349938,0.02348190221172575,0.532515733419392,17.718545868288444,31.746031746031715,27.417027417027427,178970.0,2950800.0
2005-09-23,62.1,62.1116,61.77,61.84,147100.0,63.0,61.43,62.215,0.5114285714285707,62.186712792250425,61.42481536384536,57.82360421085382,0.02920866929273558,0.07120486653841494,-0.041996197245679365,43.0952380952381,62.84501686440186,61.41798313559813,0.022967958745623965,-0.9450584654813299,15.178642476500139,30.72625698324021,31.42458100558654,180150.0,2803700.0
2005-09-26,62.5,62.59,62.2,62.45,221800.0,63.0,61.43,62.215,0.5399999999999997,62.21178776441705,61.46501868291025,57.86963799980055,0.04998300070471373,0.0669604933716747,-0.01697749266696097,49.04051172707893,62.87732846906557,61.440671530934445,0.023112613428966394,-0.03201536737633681,14.177276274781892,35.4285714285714,27.645502645502614,184220.0,3025500.0
2005-09-27,62.45,62.464,61.94,62.03,172000.0,63.0,61.43,62.215,0.5559999999999994,62.19447464399638,61.4871748129922,57.91103463661846,0.032185305933992936,0.06000545588413835,-0.027820149950145416,45.908183632734556,62.87743490395173,61.44156509604827,0.023099764443141567,0.5511428108283312,12.735994123566243,32.48201438848913,30.190133607399844,185220.0,2853500.0
2005-09-28,62.03,62.35,61.91,62.35,103500.0,63.0,61.43,62.215,0.5502857142857144,62.20928658266339,61.52101109483564,57.95520344620435,0.04340152449329082,0.05668466960596885,-0.01328314511267803,53.909465020576164,62.8739310483528,61.51606895164721,0.021832335343766992,1.0698654563138232,13.19658635460785,32.81931464174443,24.66251298027006,177195.0,2957000.0
2005-09-29,64.08,64.75,63.92,64.55,435900.0,64.75,61.61,63.18,0.6888571428571427,62.43221167002878,61.63979497346954,58.020823312411274,0.22719313134751928,0.09078636195427894,0.13640676939324034,66.06060606060608,63.56337178805368,61.10262821194633,0.03947738077915947,4.112903225806441,16.103704073811045,47.26669431771041,19.701368726669493,191615.0,3392900.0
2005-09-30,64.35,64.53,64.14,64.24,192800.0,64.75,61.61,63.18,0.6817142857142855,62.60438198716889,61.741763798039365,58.08270566751166,0.343870964280633,0.14140328241954978,0.20246768186108324,62.882096069868986,63.90637345338656,60.918626546613446,0.04787096986618244,3.813833225597918,18.27372792750836,42.52305113160093,19.907795473596043,194215.0,3200100.0
2005-10-03,64.49,64.67,64.4,64.6,216400.0,64.75,61.61,63.18,0.6545714285714287,62.79444084553376,61.8538514922339,58.14755436733742,0.4600844121424146,0.20513950836412276,0.2549449037782918,72.55813953488374,64.30728333099493,60.73571666900508,0.05712541544892326,4.5815120608709625,22.084293757865055,45.81405499781746,12.439982540375388,198215.0,3416500.0
2005-10-04,64.48,64.48,63.6,63.65,246400.0,64.75,61.61,63.18,0.7009999999999995,62.875922669768634,61.92428868861688,58.20230507014998,0.4701082312689664,0.2581332529450915,0.2119749783238749,63.24324324324328,64.43282553626379,60.72117446373621,0.05931334312171533,1.774864086984329,23.250110306103824,42.77970246586504,19.25820256776043,202490.0,3170100.0
2005-10-05,63.16,63.16,61.85,61.85,429400.0,64.75,61.61,63.18,0.7967142857142849,62.778215748838285,61.92137540671034,58.23860054208879,0.32901454846191314,0.2723095120484558,0.05670503641345731,49.15635545556806,64.43104508978662,60.66395491021337,0.060227669844090524,-1.276935355147646,22.063547610317894,35.936883629191314,32.63403263403274,213345.0,2740700.0
2005-10-06,61.47,61.5,59.95,60.06,533700.0,64.75,59.95,62.35,0.8981428571428565,62.519338058472734,61.8483802927217,58.25672391977945,0.0719295884454283,0.23223352732785033,-0.16030393888242203,41.38257575757574,64.62956599996572,60.27443400003427,0.06973566899268961,-3.5955056179775235,22.732583766377555,31.24224590424685,44.0591697152856,232470.0,2207000.0
2005-10-07,61.0,61.6,61.0,61.49,139300.0,64.75,59.95,62.35,0.9852857142857135,62.42130586242771,61.834326163595364,58.28889582107518,-0.016235888358892225,0.18253964419050184,-0.19877553254939406,48.82154882154882,64.62473445543105,60.185265544568935,0.07113963481871835,-0.5659767141009131,22.829879409279844,29.20400173988691,40.16238944468618,227280.0,2346300.0
2005-10-10,62.04,62.04,61.43,61.5,200300.0,64.75,59.95,62.35,0.9409999999999995,62.3335624469584,61.82121533365045,58.32084710643762,-0.08432865920718768,0.12916598351096395,-0.21349464271815163,45.32374100719424,64.61234877245944,60.100651227540546,0.07235328385844131,-1.521216973578865,21.91124588711163,27.010778806740554,42.05252770608782,229290.0,2546600.0
2005-10-11,61.65,62.0,61.65,61.91,131700.0,64.75,59.95,62.35,0.9559999999999995,62.2932231662957,61.824697085272,58.35656007055267,-0.10401013312871044,0.08253076018302907,-0.1865408933117395,46.7600700525394,64.61178044968503,60.12321955031499,0.07196954983557198,-0.19345477994519023,20.886696283385984,26.586969515839815,41.39270771069941,228790.0,2678300.0
2005-10-12,61.47,61.95,59.88,59.94,252000.0,64.75,59.88,62.315,1.0645714285714278,62.06910667426754,61.75078739565349,58.3723156917412,-0.2753957878178923,0.010945450582844797,-0.2863412384007371,40.95092024539876,64.75961796717846,59.80038203282155,0.0796280657411192,-3.8652766639935887,22.627625826159548,23.875469672571132,46.02791196994098,234215.0,2426300.0
2005-10-13,59.96,60.24,59.4,59.85,319100.0,64.75,59.4,62.075,1.0867142857142855,61.85776318148015,61.676246713471,58.38701901819154,-0.4137133715451071,-0.0739863138427456,-0.33972705770236156,42.14680347277031,64.87924693079438,59.46575306920562,0.08707215990331356,-7.281177381874516,24.871079573840582,23.388983830682264,45.94452477980814,242300.0,2107200.0
2005-10-14,59.85,59.854,59.0,59.6,160300.0,64.75,59.0,61.875,1.094142857142857,61.642738116577284,61.59482527372705,58.399088480697095,-0.5373101864704779,-0.16665108836829207,-0.37065909810218584,38.42404549147033,64.999071194065,59.117928805934994,0.09476771736555029,-7.222914072229136,26.930055657682853,20.107063585324447,48.24389606998307,242880.0,1946900.0
2005-10-17,59.95,60.3,59.7,60.27,205600.0,64.75,59.0,61.875,1.106714285714285,61.512001153093735,61.542871341424025,58.41770451571504,-0.5745748114237372,-0.24823583297938112,-0.3263389784443561,42.99363057324841,65.02967292248499,58.93732707751502,0.0982898004302753,-6.70278637770897,29.084654559165994,22.757196334064787,46.01781334710214,244030.0,2152500.0
2005-10-18,60.27,60.27,59.6,59.6,103600.0,64.75,59.0,61.875,1.1231428571428563,61.32990580518005,61.46668030842701,58.42946864988703,-0.6506701750033699,-0.32872270138417886,-0.321947473619191,39.34934159566227,65.04882019771196,58.62417980228805,0.10389721920587217,-6.362922230950508,30.517725256655876,22.42431951157466,45.78987534978382,234255.0,2048900.0
2005-10-19,59.43,59.56,58.07,59.56,268700.0,64.75,58.07,61.41,1.0609999999999995,61.161343347543855,61.39190853162595,58.44071771804736,-0.7060648880642972,-0.40419113872020257,-0.30187374934409467,26.790697674418595,65.02418711876501,58.339812881234984,0.10836831227148974,-3.702506063055777,33.08837356682284,7.5804497105156745,58.7720479332167,235070.0,1780200.0
2005-10-20,59.05,59.1004,57.58,57.59,409900.0,64.75,57.58,61.165,1.173142857142857,60.82121540968254,61.24281407940533,58.43225286513147,-0.8985699779204168,-0.5030669065602454,-0.3955030713601714,23.207091055600316,65.23878732533436,57.65421267466565,0.12343379444994762,-4.112554112554112,36.088990979842585,6.855820750121759,56.13735996103267,244475.0,1370300.0
2005-10-21,58.52,58.69,57.91,58.58,170600.0,64.75,57.58,61.165,1.220999999999999,60.60776632304611,61.138389997860024,58.43372298587643,-0.9601785813356614,-0.5944892415153287,-0.3656893398203327,26.91717791411041,65.27935192813446,57.28764807186555,0.13040547384318638,-4.732476825500087,37.75952373520983,5.768105768105756,53.937053937054024,245650.0,1540900.0
2005-10-24,58.09,59.0,58.0,58.95,213700.0,64.75,57.58,61.165,1.2209999999999996,60.44988381608933,61.052570782257675,58.43886007059408,-0.9679895545944888,-0.6691893041311607,-0.29880025046332803,31.13964686998395,65.19479171743734,57.022208282562666,0.133738897778127,-4.146341463414627,40.288640292252396,7.58160758160758,49.25704925704928,245245.0,1754600.0
2005-10-25,58.5,58.6,58.0,58.27,569300.0,64.75,57.58,61.165,1.1602857142857144,60.24227583360464,60.94345035942404,58.43717987088668,-1.017323057237796,-0.7388160547524878,-0.27850700248530824,34.21516754850087,65.17096115145135,56.67003884854866,0.13954124314315697,-5.879502503634293,44.7632844772245,7.97833046047771,41.06131494705738,265110.0,1185300.0
2005-10-26,57.85,58.46,57.85,57.97,202700.0,64.75,57.58,61.165,1.0681428571428573,60.02586861135658,60.82684446297604,58.432531314957465,-1.068312860650785,-0.8047154159321472,-0.2635974447186378,39.390862944162414,65.09091921586771,56.31208078413228,0.14462308891436682,-3.286619953286618,47.711879557843694,8.666577504346657,32.90089608131604,270070.0,982600.0
2005-10-27,57.65,57.68,56.63,56.65,191100.0,64.67,56.63,60.650000000000006,1.0538571428571426,59.7043573150369,60.66304664089855,58.41479468495789,-1.201386776593715,-0.8840496880644608,-0.31733708852925413,25.154004106776142,64.6593926861157,55.9536073138843,0.14435898903487016,-5.3467000835421885,51.39729673559891,8.10627626406397,41.6158329944422,257830.0,791500.0
2005-10-28,56.53,57.1399,56.27,57.13,241900.0,64.67,56.27,60.47,1.072421428571428,59.45918042789053,60.52449579223586,58.40201065824189,-1.2536653514596097,-0.9579728207434907,-0.295692530716119,28.59941234084232,64.1082151609863,55.79378483901369,0.1386870998310723,-4.144295302013424,55.496040964306246,5.035333923897193,43.29321495414252,260285.0,1033400.0
2005-10-31,57.55,57.82,57.5,57.61,225700.0,64.48,56.27,60.375,1.0859928571428565,59.28306800618667,60.41020183959916,58.39412995517481,-1.2420469659390534,-1.0147876497826032,-0.22725931615645023,29.085603112840488,63.258235817926014,55.94476418207399,0.12270616739263315,-4.413472706155641,58.49809569197147,9.44560277297275,42.7521885831925,260750.0,1259100.0
2005-11-01,58.63,58.63,58.38,58.4,261000.0,63.16,56.27,59.715,1.0109928571428566,59.19896629131175,60.331370394909,58.39418836358104,-1.1557699178424485,-1.0429841033945724,-0.11278581444787616,41.53846153846155,62.490967806407525,56.18703219359247,0.10623595970297871,-2.0134228187919545,58.77779337085121,15.869124410939788,33.41835112583815,261480.0,1520100.0
2005-11-02,58.95,59.43,58.91,59.43,283300.0,62.04,56.27,59.155,1.0245642857142852,59.22096950166301,60.29602253628512,58.40449494702799,-0.9928375306688366,-1.0329547888494253,0.040117258180588644,47.90836653386454,62.141628603383865,56.29437139661614,0.09874121393440713,-0.2182672934855634,57.632696816264136,21.236204937290445,29.629319780533898,254175.0,1803400.0
2005-11-03,59.86,59.92,59.6,59.7,236000.0,62.04,56.27,59.155,0.9985642857142852,59.26659145388558,60.27264910348963,58.41738554457,-0.83233110162206,-0.9928300514039523,0.16049894978189228,50.49701789264414,62.10618215823442,56.29381784176559,0.09818182967008159,3.663830526133016,54.995885442182036,25.29417234744173,27.53953890943428,239290.0,2039400.0
2005-11-04,59.82,59.82,59.05,59.25,185000.0,62.04,56.27,59.155,1.0035642857142857,59.26501131542029,60.23254521707827,58.42567026551956,-0.7329903825498363,-0.9408621176331291,0.20787173508329282,44.8170731707317,61.787922805913674,56.38807719408633,0.09138650168946902,1.1437350631614995,53.829249493884284,21.99375084520179,31.316948875081003,241575.0,1854400.0
2005-11-07,58.85,58.9,58.54,58.7,136200.0,62.0,56.27,59.135000000000005,1.0064214285714286,59.21120071395169,60.17244540464383,58.428399914618865,-0.6906808119656134,-0.890825856499626,0.2001450445340126,45.37037037037038,61.40033808950994,56.495661910490064,0.08320343657155244,-0.42408821034775057,52.937634780690686,21.931312500443624,34.137928587144,238370.0,1718200.0
2005-11-08,58.94,58.94,58.72,58.83,183700.0,61.95,56.27,59.11,0.9142785714285709,59.17489588405153,60.11980048681466,58.43239593536893,-0.6392909112290823,-0.8405188674455173,0.20122795621643497,46.27930682976553,60.811423056642276,56.77657694335773,0.06862683459680484,0.96104341856873,47.59388642593026,24.454097297635197,25.625200196876563,240970.0,1901900.0
2005-11-09,59.6,59.84,59.401,59.71,161300.0,60.3,56.27,58.285,0.8449928571428568,59.22585818080853,60.1037298794886,58.44510841362397,-0.5215433717776179,-0.7767237683119375,0.25518039653431956,62.15596330275227,60.774884184046904,56.79011581595308,0.06778834462797304,3.0015525271692267,43.30459244493875,34.06706734630058,23.584307559658157,236435.0,2063200.0
2005-11-10,60.81,60.81,59.24,59.78,145400.0,60.81,56.27,58.540000000000006,0.8785642857142858,59.2786335921601,60.09103459009689,58.458390916971,-0.4177634662612064,-0.7049317079017913,0.28716824164058485,57.6923076923077,60.76371952148043,56.79428047851956,0.06753158514028602,5.525154457193304,39.568348996651345,40.65155001260181,22.68311124480686,227750.0,2208600.0
2005-11-11,59.94,60.2,59.7748,60.15,123100.0,60.81,56.27,58.540000000000006,0.8375071428571432,59.36162086909723,60.0933469591127,58.47522284814542,-0.302177916739673,-0.6243809496693676,0.32220303292969465,57.692307692307665,60.85338492464403,56.75961507535598,0.06961424076059707,5.2861893926133385,36.14547127798975,40.00051172271457,23.795106225106803,225890.0,2331700.0
2005-11-14,59.68,59.68,59.27,59.32,130500.0,60.81,56.27,58.540000000000006,0.8325071428571427,59.357656976802254,60.06301962738279,58.48362859094995,-0.2743866409978466,-0.5543820879350635,0.2799954469372169,56.60377358490564,60.70446598395731,56.813534016042674,0.0662184851327395,2.9682346814789096,32.57493701633841,40.24075297509253,28.269169719693487,222135.0,2201200.0
2005-11-15,59.9,59.9,59.21,59.21,176000.0,60.81,56.27,58.540000000000006,0.8382214285714282,59.34359440758299,60.02956787728935,58.49085616715941,-0.25826086494942757,-0.49515784333793633,0.23689697838850876,57.9896907216495,60.65709141688303,56.82190858311697,0.06529137690593306,1.3869863013698636,29.975986599289694,41.84114323695587,26.798237765336452,225755.0,2025200.0
2005-11-16,59.33,59.69,59.33,59.65,174900.0,60.81,56.27,58.540000000000006,0.7767928571428568,59.372775892575085,60.01468286249369,58.50238993664041,-0.2075838510659196,-0.437643044883533,0.23005919381761342,71.80232558139537,60.670102145184,56.81789785481601,0.06557613186653943,0.3701834090526601,28.281960043944146,45.149929655819335,17.699147594045098,221065.0,2200100.0
2005-11-17,60.52,60.52,60.33,60.5,194900.0,60.81,56.27,58.540000000000006,0.7768000000000005,59.4801305694727,60.03371490710178,58.52226665368877,-0.09770774217067668,-0.36965598434096175,0.27194824217028507,73.24137931034483,60.88688223419349,56.8921177658065,0.06783491910080727,1.340033500837512,26.710206589234453,52.781558040311985,14.388700897454735,210315.0,2395000.0
2005-11-18,60.92,60.94,60.39,60.739,183800.0,60.94,56.27,58.605000000000004,0.7668000000000005,59.600022896189586,60.06137314603897,58.54432370191077,0.008556533940080158,-0.29401348068475336,0.3025700146248335,72.32130118419175,61.151618099289855,56.843281900710146,0.07302580363354196,2.5130801687763604,26.122158307681797,51.0470228780088,14.576346970713141,210975.0,2578800.0
2005-11-21,60.92,61.15,60.68,61.09,145700.0,61.15,56.27,58.71,0.7275142857142859,59.741925477504864,60.10171145403744,58.56965381432957,0.11971451056314208,-0.21126788243517428,0.33098239299831633,70.47184170471846,61.452556737912396,56.756343262087604,0.07945617421065235,4.071550255536627,27.25316304212676,47.91265758158899,15.363468562227522,207575.0,2724500.0
2005-11-22,60.84,61.1,60.6,61.09,203800.0,61.15,56.27,58.71,0.6896571428571429,59.870313527266305,60.140467867604606,58.59473188582878,0.20543982546083583,-0.12792634085597226,0.3333661663168081,64.9819494584838,61.71795595018134,56.77294404981864,0.08346652612753724,3.8415774264831004,29.11295835404156,42.25702212279399,17.035379898914538,189300.0,2724500.0
2005-11-23,61.09,61.79,61.09,61.6,169300.0,61.79,56.27,59.03,0.7046571428571424,60.03504557228856,60.19770442181619,58.62463505114392,0.3109460998056264,-0.040151852723652535,0.3510979525292789,66.43598615916956,62.034485434486584,56.81941456551341,0.08775599065698596,3.1652989449003632,31.986356636246942,43.38482747435433,16.6727486518266,187630.0,2893800.0
2005-11-25,61.6,61.64,61.32,61.6,82100.0,61.79,56.27,59.03,0.6725142857142851,60.18408885111822,60.25269640527438,58.654240672525574,0.39006416546259715,0.04589135091359741,0.34417281454899973,72.04502814258916,62.10590894907778,57.24299105092222,0.08149078706474142,3.0444964871194413,34.970165345287455,45.45840768119642,11.628005777891,182180.0,2893800.0
2005-11-28,61.74,61.91,61.25,61.36,204900.0,61.91,57.5,59.705,0.6689428571428563,60.29608038910696,60.29612007565578,58.68116365090841,0.42846077912019354,0.12240523655491665,0.3060555425652769,76.49402390438246,62.11278031518553,57.65911968481447,0.07436904032366626,2.011637572734837,38.93098548032935,48.58411993337038,6.244394140007635,180330.0,2688900.0
2005-11-29,61.07,61.29,61.0,61.02,116300.0,61.91,58.38,60.144999999999996,0.6775142857142852,60.36502511395392,60.32450752366928,58.70443565438196,0.42653834504428545,0.18323185825279042,0.24330648679149502,70.93690248565972,62.060597749043886,58.052302250956124,0.06674213174584515,2.865812542144308,43.67553292988384,47.547758613418814,8.801079576603497,174860.0,2572600.0
2005-11-30,61.05,61.13,60.88,60.96,144200.0,61.91,58.54,60.224999999999994,0.6232285714285705,60.42168938881545,60.34942879725088,58.72687908070652,0.41538500387319743,0.22966248737687184,0.1857225164963256,64.17233560090705,62.066430197333524,58.30246980266649,0.0625404135896737,2.955581827394016,46.53152036391755,41.37440975565027,10.943015632879396,169020.0,2428400.0
2005-12-01,61.45,62.3,61.45,62.25,288100.0,62.3,58.54,60.42,0.6067999999999988,60.59581420892827,60.42396100128026,58.761935010251726,0.5048188818289177,0.284693766267281,0.22012511556163666,71.9360568383659,62.38373068005613,58.267169319943875,0.06823921512582595,4.358759430008385,48.785244842762495,44.84885582446553,11.239288068556284,169260.0,2716500.0
2005-12-02,62.25,62.35,62.16,62.24,161700.0,62.35,58.54,60.445,0.5899999999999989,60.75240333188748,60.49517821691633,58.79654262209002,0.5683375169015932,0.34142251639414345,0.22691500050744973,69.82922201138524,62.65652283048969,58.248377169510334,0.07291922264489457,2.876033057851246,51.28073684789132,46.73123486682809,11.559322033898226,165545.0,2554800.0
2005-12-05,62.0,62.24,61.9,62.21,110900.0,62.35,58.54,60.445,0.5514285714285708,60.89122206218391,60.562426129978434,58.83050737211898,0.6092328860679146,0.3949845903288977,0.21424829573901688,82.32662192393738,62.86134022755421,58.339559772445796,0.07461628511188305,2.4218376990072343,54.95599094219814,49.999999999999964,9.196891191709772,161840.0,2443900.0
2005-12-06,61.6,62.2,61.5501,61.79,239200.0,62.35,58.72,60.535,0.5492785714285711,60.97681996102354,60.610566281743985,58.859955059958594,0.600826319049304,0.436152936072979,0.16467338297632494,76.98744769874475,62.88770857690595,58.622191423094065,0.07020855343987419,1.1458503846783374,57.31178095918342,47.33481579734451,13.78301408340801,166990.0,2204700.0
2005-12-07,62.45,62.48,62.0,62.15,123900.0,62.48,59.21,60.845,0.5642785714285711,61.08855139330701,60.670936231479516,58.892691825531145,0.6161109025070886,0.47214452935980095,0.1439663731472876,76.59574468085106,62.93645531472423,58.90544468527578,0.06616788854160097,1.7351448682271897,58.294322168175704,49.620881276978054,13.41662552690531,164000.0,2328600.0
2005-12-08,62.29,62.34,61.85,62.05,139200.0,62.48,59.21,60.845,0.5371357142857137,61.18011792727777,60.72501716357836,58.92410782726716,0.6130875886633973,0.5003331412205202,0.1127544474428771,69.62025316455691,63.02899928432948,59.046900715670525,0.06523971674440172,0.7305194805194759,57.334804186466734,41.090971954414094,16.089309698267154,162895.0,2189400.0
2005-12-09,62.1,62.22,61.75,62.0,101400.0,62.48,59.21,60.845,0.5314214285714282,61.2582019342037,60.77501649049685,58.95471371953316,0.5997435383452512,0.5202152206454664,0.07952831769978475,66.76415846849244,63.09165559841232,59.206244401587675,0.06354011306530445,0.6493506493506551,55.80612430589633,35.887579134128,17.606419441121425,160695.0,2088000.0
2005-12-12,62.37,62.38,62.03,62.32,163600.0,62.48,59.21,60.845,0.524992857142857,61.35932555951763,60.83560407910482,58.9881991551597,0.6079811793968943,0.537768412395752,0.07021276700114232,66.48793565683644,63.20761927470343,59.30728072529658,0.0636712522216784,1.5645371577575062,54.51303898941344,35.64674349310862,17.822011183825524,162720.0,2251600.0
2005-12-13,62.3,62.59,62.2,62.59,135000.0,62.59,59.21,60.900000000000006,0.5171357142857141,61.47653264908738,60.904403919139924,59.024037969536224,0.6290450727633186,0.5560237444692654,0.07302132829405317,68.75,63.23041883453547,59.61148116546454,0.058920249020422685,2.5729269092100937,54.28979400511668,39.088937692509454,16.98780369894603,162945.0,2386600.0
2005-12-14,62.7,62.8,62.18,62.5,134200.0,62.8,59.33,61.065,0.5114214285714286,61.57400573012668,60.96697631446777,59.058624656406515,0.6312000311243295,0.5710590018002782,0.0601410293240513,62.569832402234596,63.12695896338871,60.043941036611294,0.050060816747745054,2.526246719160108,53.34773205971307,32.82168745373521,17.177614212488912,160855.0,2252400.0
2005-12-15,62.26,62.49,62.1,62.47,103500.0,62.8,60.33,61.565,0.5171357142857141,61.65933851773366,61.02591841978276,59.092568689676106,0.6233020636735631,0.5815076141749352,0.04179444949862787,62.04986149584482,63.01820759091301,60.43469240908699,0.04185426477346447,0.35341365461847296,51.14466558009617,32.4590118648046,18.09279133689681,157285.0,2148900.0
2005-12-16,62.65,62.71,62.141,62.22,124200.0,62.8,60.39,61.595,0.5106357142857146,61.71273484937807,61.07274514841873,59.12368740918182,0.5900680200734101,0.5832196953546303,0.00684832471877983,61.87845303867401,62.98382085232703,60.64107914767297,0.03790080646623876,-0.03213367609254947,47.58789844931438,32.17278182657456,18.323098658534754,153750.0,2024700.0
2005-12-19,63.0,63.05,62.43,62.6,172700.0,63.05,60.6,61.825,0.5442071428571431,61.79723629229445,61.13263749553957,59.15827758421484,0.5876189201579223,0.5840995403152887,0.0035193798426336187,71.58469945355182,63.011683100860196,60.7993168991398,0.03573779715405578,0.6269088570969306,45.72678404100411,34.65067135675734,13.911457034479929,153195.0,2197400.0
2005-12-20,63.0,63.3,62.98,63.3,208600.0,63.3,60.6,61.95,0.5763499999999999,61.94035664540927,61.21763210355763,59.19948875253111,0.6348440536126532,0.5942484429747615,0.04059561063789163,77.20930232558132,63.21667349521106,60.815326504788935,0.0387214104492732,2.4437611263958603,45.20899379895348,35.81653013421888,11.648427914585563,156340.0,2406000.0
2005-12-21,63.46,63.85,63.43,63.74,257600.0,63.85,60.88,62.365,0.5199214285714291,62.111751250608386,61.31654849165341,59.244667968923835,0.6997088270758951,0.6153405197949883,0.08436830728090683,71.59420289855069,63.49493818627917,60.802061813720826,0.04332970824007571,2.5583266291230977,43.88861244177973,31.18603085631062,12.912665375262655,159030.0,2663600.0
2005-12-22,63.5,63.85,63.4,63.49,93200.0,63.85,60.88,62.365,0.5384928571428576,62.24301303626473,61.40178188413759,59.28691007868579,0.7226118965747261,0.6367947951509358,0.08581710142379029,66.93766937669372,63.68896862454028,60.79703137545971,0.046462047926362326,2.320709105560037,42.37792396966652,29.447266842642694,12.865272121927532,155225.0,2570400.0
2005-12-23,62.48,62.53,62.2,62.48,159800.0,63.85,60.88,62.365,0.6063500000000001,62.26558322328713,61.44406494750475,59.318682117703844,0.6517512029162589,0.6397860767040005,0.011965126212258426,52.89079229122051,63.70384750135725,60.870152498642746,0.04549416415487191,0.774193548387081,37.990843001779176,26.151798230630487,22.498792540847376,159110.0,2410600.0
2005-12-27,62.5,62.69,61.8401,61.97,196700.0,63.85,60.88,62.365,0.6199214285714285,62.237432440116926,61.46468985152417,59.345063390164505,0.5481224406149963,0.6214533494861997,-0.07333090887120342,51.890756302521005,63.675360158677364,60.95963984132263,0.043578775100970635,-0.5616174582798505,34.587418335071376,25.57927847999161,22.121467006187405,158700.0,2213900.0
2005-12-28,61.87,62.1599,61.8,62.04,148800.0,63.85,60.88,62.365,0.5963428571428574,62.21862935058198,61.487251033817344,59.371878679814614,0.46626945088478067,0.5904165697659159,-0.12414711888113528,48.7695749440716,63.59104738364619,61.1459526163538,0.03920400149582544,-0.8787346221441172,30.521699787535926,23.236872364890722,23.476427750095823,160325.0,2362700.0
2005-12-29,62.3,62.54,62.15,62.28,143400.0,63.85,61.45,62.650000000000006,0.5970571428571431,62.22447417433607,61.51833922856961,59.400815210363724,0.41597130279546946,0.5555275163718267,-0.13955621357635728,52.494577006507626,63.46419540718405,61.404804592815935,0.03298482112242614,-0.35199999999999676,28.280736778982746,27.756376513375074,21.653825908025095,160285.0,2506100.0
2005-12-30,61.65,61.75,61.1,61.62,149700.0,63.85,61.1,62.475,0.6477714285714288,62.16690520535168,61.52232592548845,59.422896651056625,0.3191739354571723,0.5082568001888959,-0.18908286473172353,46.36015325670497,63.49322643712557,61.312773562874426,0.0349414751574627,-1.360653113494481,26.458240555954877,25.58331863091033,30.43401552575861,153365.0,2356400.0
2006-01-03,62.45,63.07,62.4,62.99,349900.0,63.85,61.1,62.475,0.7242000000000003,62.245295185794376,61.57988177154773,59.45839021671775,0.3489859817253702,0.47640263649619075,-0.12741665477082054,55.34290271132375,63.55836403466476,61.32263596533524,0.03580573617010634,1.237544198007079,24.901322916187464,34.3245749003826,27.22215646822106,162775.0,2706300.0
2006-01-04,64.2,64.58,64.08,64.49,379600.0,64.58,61.1,62.84,0.8099142857142857,62.4590765966711,61.69400405501645,59.50845598570564,0.48802406946569477,0.47872692309009157,0.009297146375603194,62.666666666666586,63.99256119480256,61.11643880519745,0.045977865534935373,3.019169329073468,23.999831563962122,42.157018379369866,24.34120012699755,176210.0,3085900.0
2006-01-05,64.55,64.68,64.43,64.54,365800.0,64.68,61.1,62.89,0.7834857142857145,62.657259777940524,61.805611739133454,59.55852110027573,0.5953841203224641,0.5020583625365661,0.09332575778589802,63.67292225201072,64.33373977039028,61.050260229609705,0.052374777336511455,1.9589257503949575,23.601189514204673,42.57621617679239,25.162278462548297,182540.0,3451700.0
2006-01-06,65.42,66.1,65.32,66.04,596700.0,66.1,61.1,63.599999999999994,0.8663428571428565,62.979425513374764,61.971666180736065,59.623013427636174,0.7923712357193935,0.5601209371731316,0.2322502985462619,69.98880179171331,65.08513378631201,60.68786621368799,0.06992387193792028,3.6084091622215375,24.348649641996435,50.2118923553855,22.096167798957865,206180.0,4048400.0
2006-01-09,66.6,66.79,66.34,66.79,552800.0,66.79,61.1,63.94500000000001,0.8792714285714277,63.342337369243836,62.160620448158184,59.69432672686368,0.997505058486567,0.6475977614358187,0.3499072970507483,74.23117709437963,65.89081505824251,60.35618494175748,0.08767939224670726,5.197668924240051,25.388979443827445,53.291686298721444,21.77127166972658,226860.0,4601200.0
2006-01-10,66.15,66.19,65.9,66.14,357600.0,66.79,61.1,63.94500000000001,0.8835571428571422,63.608781429315854,62.31667454823042,59.7584627793327,1.095003010130526,0.7370788111747602,0.35792419895576577,68.24742268041231,66.35167770692803,60.309322293071986,0.09540988013446984,5.857874519846362,24.70931757370996,50.28456401882014,25.222719849957155,239670.0,4243600.0
2006-01-11,66.5,66.95,66.27,66.9,862700.0,66.95,61.1,64.025,0.8914142857142855,63.92223081700006,62.49641280124099,59.829522851180144,1.2195384080267218,0.8335707305451525,0.38596767748156924,68.44262295081965,66.93205470869704,60.18694529130295,0.1061227576899455,7.955462320477658,23.69021834542941,53.92794756326236,25.00040064744626,274625.0,5106300.0
2006-01-12,67.1,67.1,66.54,66.6,409900.0,67.1,61.1,64.1,0.89212857142857,64.17725645347625,62.65733778942762,59.8968907830092,1.2792793789365362,0.9227124602234292,0.356566918713107,64.86486486486476,67.35905835637993,60.16094164362007,0.1128939258588435,7.350096711798826,23.156755827732116,50.682156639818174,24.98038399333858,288370.0,4696400.0
2006-01-13,67.7,67.85,67.35,67.84,278700.0,67.85,61.1,64.475,0.949271428571427,64.5260891721928,62.86057944474419,59.975926695616074,1.4104236794620562,1.0202547040711547,0.39016897539090145,70.49952874646551,68.0048550157481,60.049144984251896,0.12425554893242241,8.92742453436095,23.159921511633126,53.27469186895223,23.25091423497721,295595.0,4975100.0
2006-01-17,67.7,67.85,66.82,66.98,707200.0,67.85,61.1,64.475,0.9306999999999986,64.7597949653173,63.02212534887187,60.045618967301486,1.4284948701363192,1.1019027372841876,0.3265921328521315,71.51051625239,68.36767793949188,60.13732206050811,0.12809393998651838,8.698474521259335,26.12738661716592,54.337748852630206,18.572810020107795,325780.0,4267900.0
2006-01-18,66.88,67.3,66.88,67.01,454700.0,67.85,61.1,64.475,0.899992857142856,64.97410020671565,63.17851259009258,60.11491629100993,1.4287672289821245,1.167275635623775,0.2614915933583495,75.25050100200393,68.66623979842237,60.31776020157762,0.12944984799424344,6.381965391331956,29.532618360125472,56.191715807268395,16.350129762934635,342305.0,4722600.0
2006-01-19,69.0,69.69,68.77,69.27,626600.0,69.69,61.1,65.395,1.0657142857142838,65.38323352036177,63.41739444930464,60.2060116512984,1.5929832682034117,1.2524171621397024,0.3405661060637093,79.70419063270327,69.40900578303925,60.24199421696077,0.1414105801895624,7.412001860753614,34.12736664048136,63.472520107238736,13.538873994638065,365000.0,5349200.0
2006-01-20,69.27,69.27,67.85,67.94,544800.0,69.69,61.1,65.395,1.1314285714285697,65.62673508985112,63.594751529724064,60.28296675924568,1.5973920366166112,1.3214121370350842,0.275979899581527,71.34238310708892,69.78339674030191,60.3316032596981,0.14528368720906598,5.268050821196146,36.89675263876397,57.38636363636375,18.560606060606073,381810.0,4804400.0
2006-01-23,68.25,68.29,67.85,68.28,330400.0,69.69,61.1,65.395,1.0785714285714276,65.87942698605578,63.778486763852534,60.36253922930294,1.6097648091726313,1.3790826714625937,0.23068213771003765,75.73415765069547,70.17713883163658,60.39186116836343,0.1498866907653908,3.391883706844334,40.96207350527404,60.19867549668882,12.516556291390742,385450.0,5134800.0
2006-01-24,69.0,69.05,68.63,69.05,490300.0,69.69,61.1,65.395,1.0299999999999987,66.18138632071714,63.98521277311322,60.44898162503127,1.6625381801590038,1.4357737732018758,0.22676440695712796,74.55429497568875,70.65363109136561,60.47136890863439,0.1553061915383218,3.383740080850406,44.68948273932365,59.153952843273274,13.106796116504874,405305.0,5625100.0
2006-01-25,69.05,69.15,68.34,68.61,507300.0,69.69,61.1,65.395,0.9742857142857133,66.41268286160123,64.16657697808917,60.53018578796629,1.649838819192098,1.4785867823999204,0.1712520367921777,68.26241134751771,70.91666292977526,60.82133707022474,0.15326368791921105,3.734502570305409,46.5335737241624,51.46627565982407,15.982404692082074,422680.0,5117800.0
2006-01-26,69.0,69.81,68.5,69.2,570900.0,69.81,61.1,65.455,1.0499999999999992,66.67814163668682,64.36396611620331,60.61645259604623,1.6681531224893433,1.516500050417805,0.15165307207153833,69.71235194585444,71.13601773113929,61.32498226886072,0.14813470323006117,3.4379671150971625,48.649307586239395,51.564625850340065,14.82993197278908,441390.0,5688700.0
2006-01-27,70.8,72.34,70.8,71.88,977000.0,72.34,61.1,66.72,1.162857142857143,67.17355671890712,64.65871254301888,60.72852769459303,1.8772808174089732,1.5886562038160388,0.28862461359293445,72.4615384615384,71.82811661825747,61.616883381742525,0.15304032727363248,7.927927927927936,50.14976139835763,53.37837837837836,13.390663390663343,482800.0,6665700.0
2006-01-30,72.25,72.4,71.61,72.0,635300.0,72.4,61.1,66.75,1.1657142857142861,67.63321798377311,64.94660616878285,60.840681647880665,2.0293064380165475,1.6767862506561406,0.3525201873604069,71.05901374292638,72.38358311654537,62.03341688345463,0.15400085157518378,6.132075471698117,51.25189748522357,49.387254901960695,13.357843137254852,507395.0,7301000.0
2006-01-31,72.05,72.098,71.691,71.75,568500.0,72.4,62.4,67.4,1.131214285714286,68.025292461509,65.2134059268698,60.949232079245036,2.1053458109937964,1.7624981627236718,0.3428476482701246,73.43358395989972,72.55942381561088,62.870576184389115,0.14308273840687838,7.121528814571509,53.48750480402823,50.89347729999359,10.986929342678502,528335.0,6732500.0
2006-02-01,71.65,72.02,71.41,71.63,586800.0,72.4,64.08,68.24000000000001,1.1169285714285715,68.36859794136528,65.46503706699255,61.05550837696399,2.131355623884886,1.8362696549559148,0.2950859689289713,70.87378640776691,72.75235660657009,63.541643393429915,0.13515948190148022,6.894493359200093,54.91501657466714,46.68414657542996,12.924474003964958,540180.0,6145700.0
2006-02-02,71.0,71.05,69.9201,70.11,1232000.0,72.4,64.43,68.415,1.199064285714286,68.53444575647335,65.6471924761301,61.145602820974304,2.0061911681854667,1.8702539576018253,0.1359372105836414,63.98406374501994,72.77225743154953,64.08374256845046,0.1269730938080767,1.212646167171938,54.92687829137655,42.59273600247806,20.914522633720296,582800.0,4913700.0
2006-02-03,68.8,69.382,68.65,68.88,525100.0,72.4,65.32,68.86,1.2140642857142854,68.56735568442826,65.77396924177206,61.22256199688501,1.787145612658179,1.8536322886130963,-0.0664866759549172,54.146730462519905,72.586431746272,64.70356825372802,0.1148352173143561,1.3835737415366367,53.15875582287174,37.653925127523216,28.128658755420066,590765.0,4388600.0
2006-02-06,70.9,71.1,70.7,71.03,613500.0,72.4,65.9,69.15,1.2990642857142853,68.80189323829224,65.98008809503591,61.3201484446772,1.7666723641663395,1.836240303723745,-0.06956793955740537,64.64208242950107,72.77285817134744,65.01614182865258,0.11258832479653466,4.027533684827178,51.888075474087664,44.636524091516335,23.3739669762301,591605.0,5002100.0
2006-02-07,71.5,71.5,70.06,70.27,606200.0,72.4,65.9,69.15,1.3719214285714278,68.94171292988345,66.14831993444626,61.409201693983896,1.6698722707420615,1.8029666971274083,-0.13309442638534685,61.19505494505491,72.86060967529525,65.27639032470475,0.1098072109657876,1.76683562635771,49.73691060533061,42.26606063445942,25.464806918347016,594275.0,4395900.0
2006-02-08,69.54,70.6,69.53,70.44,413200.0,72.4,66.27,69.33500000000001,1.2569214285714279,69.08440693656122,66.31662111348759,61.499060383595996,1.588563111839946,1.760085980069916,-0.1715228682299701,54.691259021651966,72.85784881813153,65.70915118186845,0.10318037680346809,2.6672496720594685,45.30221873043429,32.55118799333964,30.806562519534666,597055.0,4809100.0
2006-02-09,70.2,70.3,69.5,69.75,483600.0,72.4,66.54,69.47,1.2226357142857134,69.14779675212682,66.45126342276258,61.58115928525176,1.4517133364967947,1.698411451355292,-0.24669811485849724,57.65004226542688,72.8230972128684,66.0289027871316,0.09786239198192039,0.7947976878612595,42.484047970848906,33.46400341183266,26.4709147100234,578100.0,4325500.0
2006-02-10,70.1,70.2,69.14,70.0,356000.0,72.4,66.82,69.61,1.266921428571427,69.22895896620999,66.5904295630464,61.66492884460249,1.34789412975789,1.6283079870358117,-0.2804138572779218,57.32538330494036,72.72755350719335,66.46444649280663,0.08999234172059774,-2.6154702281580344,38.36321423043442,32.29425660628401,27.575280911545967,575405.0,4681500.0
2006-02-13,70.1,70.3,69.5,69.84,529500.0,72.4,66.82,69.61,1.2690642857142842,69.28715335038046,66.71786369782889,61.74627283619849,1.2384301457914262,1.5503324187869347,-0.31190227299550854,53.548966756513956,72.71723989883453,66.67476010116546,0.08669765549915454,-2.9999999999999916,33.93847697549834,28.524953706048827,27.528719135020722,587945.0,4152000.0
2006-02-14,71.05,71.98,70.96,71.9,438800.0,72.4,66.88,69.64,1.364064285714284,69.53599588843947,66.92108472928658,61.847304947281096,1.302885085466798,1.5008429521229074,-0.19795786665610948,62.90196078431374,72.83038399546476,67.05361600453523,0.0825936917864735,0.2090592334494934,31.531996310389243,35.335578025752866,24.09291560410331,574525.0,4590800.0
2006-02-15,72.0,72.0,71.46,71.65,312500.0,72.4,67.85,70.125,1.3090642857142842,69.73732961335,67.10653238696162,61.94484420153701,1.3185932566031653,1.464393013018959,-0.1457997564157938,59.87107171635778,72.80468052032052,67.5433194796795,0.07497593183573717,0.02792126204105294,28.58516822492718,33.328058755163156,25.105173269892912,567415.0,4278300.0
2006-02-16,70.98,71.75,70.85,71.74,413500.0,72.4,67.85,70.125,1.1490642857142848,69.92806012636429,67.28823699923764,62.04230843833764,1.3230530116917407,1.4361250127535155,-0.11307200106177473,49.28716904276986,72.98087474088018,67.61412525911982,0.07634339033052905,2.324917986021968,25.63448528350144,22.24169976813427,32.392816515301284,556760.0,4691800.0
2006-02-17,71.7,71.94,71.35,71.65,317100.0,72.4,67.85,70.125,1.1347785714285703,70.09205440004388,67.4592865286793,62.137907359349214,1.304290107425615,1.4097580316879355,-0.10546792426232043,48.21246169560779,72.98712796040837,67.97887203959164,0.0710562252006404,4.021486643437888,22.73661313956315,23.339984515544177,32.80060930703916,545375.0,4374700.0
2006-02-21,73.0,73.3199,72.88,72.92,648000.0,73.3199,68.34,70.82995,1.2249857142857132,70.36138255242065,67.6734321550056,62.245191863236286,1.3760366626880511,1.4030137578879587,-0.02697709519990754,55.41165587419058,73.21951802275598,68.21048197724403,0.0708341376725157,2.6608475292130063,18.215575808366385,29.667401369112145,30.385193996431465,561255.0,5022700.0
2006-02-22,73.95,74.58,73.57,74.47,462500.0,74.58,68.34,71.46000000000001,1.299985714285713,70.75267945219011,67.93996422735832,62.36683174519413,1.5402137454413776,1.4304537553986425,0.10975999004273507,61.60130718954252,73.87532263050556,68.09667736949444,0.08140542164667851,5.97694606517718,15.068261318570777,34.879504170375455,27.088209760546807,559865.0,5485200.0
2006-02-23,74.46,74.46,73.9,74.0,467600.0,74.58,68.5,71.53999999999999,1.2185642857142847,71.06194807579105,68.17761268903054,62.4825846631524,1.613797343092088,1.4671224729373318,0.14667487015475622,67.38159070598752,74.21629985636775,68.29470014363224,0.08310375638000594,5.053946621237926,14.752083237998168,37.21006570964654,20.16483097790728,557880.0,5017600.0
2006-02-24,73.64,74.0,73.43,73.85,308900.0,74.58,68.65,71.61500000000001,1.154992857142856,71.32747683047762,68.40005925024504,62.595693273469294,1.641091645033896,1.5019163073566446,0.13917533767725132,74.57962413452032,74.49904353304436,68.47695646695564,0.0842391319674451,5.878136200716844,16.664589336606255,39.25812775589206,16.326631580900333,544780.0,4708700.0
2006-02-27,73.98,73.9899,73.45,73.64,392900.0,74.58,68.65,71.61500000000001,1.0349857142857135,71.5477171323369,68.60554712278444,62.70558687273826,1.6270220337913344,1.5269374526435826,0.10008458114775176,65.97307221542232,74.73454330181924,68.41745669818074,0.08825704989994552,5.200000000000005,16.386669465776343,31.953512125771226,18.2197131775456,515575.0,4315800.0
2006-02-28,73.32,73.32,72.2,72.6,521800.0,74.58,68.65,71.61500000000001,1.0349857142857135,71.64793454830482,68.76219233365565,62.804038744651315,1.5144943094982608,1.5244488240145184,-0.009954514516257618,63.786982248520744,74.79277134086223,68.41922865913776,0.0890085004290768,3.951890034364247,15.86572566221445,31.953512125771226,22.429571146599695,509900.0,3794000.0
2006-03-01,72.75,73.24,72.64,73.13,322300.0,74.58,68.65,71.61500000000001,1.0042714285714283,71.78908363894246,68.9334789088064,62.906784627789115,1.4513515704139621,1.5098293732944073,-0.05847780288044513,65.26674233825202,74.93384383760379,68.4161561623962,0.0909339054790036,1.710709318497905,17.52521025996935,32.930767151737555,19.345936642057495,497590.0,4116300.0
2006-03-02,73.34,73.37,72.8,73.31,379600.0,74.58,68.65,71.61500000000001,0.9778428571428576,71.93393281618603,69.10510718689243,63.01029920860714,1.3997001187619986,1.4878035223879256,-0.08810340362592695,71.44578313253018,75.09856757364494,68.41943242635503,0.093077316396409,2.31681786461968,18.676455332812818,34.77041300822512,19.64966617481626,487230.0,4495900.0
2006-03-03,73.5,73.95,73.2101,73.56,572300.0,74.58,68.65,71.61500000000001,0.954978571428572,72.08879635750165,69.27980886583782,63.115271355785175,1.36322447864994,1.4628877136403284,-0.09966323499038854,71.44578313253018,75.26883757735962,68.59416242264038,0.09279210296906416,2.5369389461946,20.916577398128304,39.941060756785866,17.427466584889693,454245.0,5068200.0
2006-03-06,73.81,73.95,72.58,72.9,421400.0,74.58,69.14,71.86,0.9956928571428583,72.1660538472634,69.42177714560889,63.212631839807216,1.266461803591767,1.4236025316306162,-0.15714072803884926,67.38636363636368,75.16644740265856,69.09855259734142,0.08412150979540621,1.7445917655268595,22.775579726379842,37.590478991656944,21.23503375251974,449060.0,4646800.0
2006-03-07,71.3,71.78,70.29,70.88,755100.0,74.58,69.14,71.86,1.0292642857142869,72.0435725284764,69.47896235558501,63.28892406030665,1.015078376653392,1.3418977006351716,-0.3268193239817796,44.17808219178076,75.17113992144913,69.07886007855087,0.08446835137467244,-2.7975863960504777,22.79455814516111,24.70558026884667,36.43448510378414,456140.0,3891700.0
2006-03-08,70.03,70.03,69.0,69.93,825000.0,74.58,69.0,71.78999999999999,1.1249785714285718,71.84227990671674,69.49665010634638,63.35500441791554,0.7307742287483592,1.2196730062578092,-0.48889877750945,40.9090909090909,75.20116121723115,69.01483878276883,0.08579245623872958,-6.096414663622928,23.91529570983983,22.476618602259123,41.52523540130918,467080.0,3066700.0
2006-03-09,70.1,70.58,69.646,69.7,266500.0,74.58,69.0,71.78999999999999,1.1274071428571426,71.63825324893419,69.50462461197986,63.418138702314394,0.48135332393675867,1.0720090697935991,-0.5906557458568404,39.375000000000036,75.26425539222804,68.87774460777196,0.08861415526988772,-5.810810810810807,23.89987034890336,25.912808783745284,37.571038476402855,459745.0,2800200.0
2006-03-10,69.6,70.15,69.51,70.1,179000.0,74.58,69.0,71.78999999999999,1.130978571428571,71.49175293951188,69.52797266641203,63.48462488438092,0.31236140906797516,0.9200795376484744,-0.6077181285804992,42.1796165489404,75.23164140546211,68.94535859453791,0.08720229732792616,-5.077860528097499,24.248657176207534,24.631008545065317,38.311323316723154,444515.0,2979200.0
2006-03-13,70.9,71.0,70.65,70.7,555700.0,74.58,69.0,71.78999999999999,1.0759857142857143,71.41634789765361,69.57393452263116,63.556419661650764,0.2242639098509187,0.7809164120889633,-0.5566525022380446,37.987012987013,75.18320259992592,69.0637974000741,0.08484620407844636,-3.9923954372623527,26.204053584719787,22.372177007129633,40.26938753833688,454500.0,3534900.0
2006-03-14,70.75,71.82,70.65,71.8,405700.0,74.58,69.0,71.78999999999999,1.0409857142857137,71.45288619311516,69.66123120801818,63.63844533665922,0.24043522630650216,0.6728201749324711,-0.432384948625969,34.81228668941979,75.0930172956019,69.34998270439812,0.07951973569094771,-1.1019283746556474,27.796018625748268,20.10457121684114,41.62332404726286,448310.0,3940600.0
2006-03-15,71.99,72.37,71.64,72.37,362700.0,74.58,69.0,71.78999999999999,1.052414285714286,71.54023036519943,69.76745743515472,63.725326477587984,0.295835144027464,0.5974231687514697,-0.3015880247240057,40.832395950506225,75.11312977758087,69.37687022241914,0.07940009073516123,-1.0392451798167501,27.60902724942652,23.61916138402858,41.171320365418225,444505.0,4303300.0
2006-03-16,71.95,72.49,71.72,71.97,579900.0,74.58,69.0,71.78999999999999,1.0667000000000004,71.581160806609,69.85383165338395,63.8073630300498,0.3039594653868818,0.5387304280785522,-0.23477096269167042,39.715536105032854,75.11870537319601,69.40329462680398,0.07909398910051099,-1.8278543172827733,26.21266538415456,24.10638953246992,37.47271290629304,457875.0,3723400.0
2006-03-17,72.15,72.16,71.76,72.07,253700.0,74.58,69.0,71.78999999999999,1.0567071428571424,71.62771692026529,69.94074021599634,63.88957832328314,0.31483795687489646,0.4939519338378211,-0.17911397696292464,41.306755260243605,75.12633632752849,69.42866367247152,0.07883051648240429,-2.025557368134867,25.80789222522348,24.33435402429377,37.82707737648622,449885.0,3977100.0
2006-03-20,72.68,72.8,72.14,72.28,429800.0,74.58,69.0,71.78999999999999,1.0059928571428571,71.68983911833526,70.03247589380041,63.97306510613605,0.3365252313242024,0.4624665933350974,-0.12594136201089495,48.04878048780492,75.14251297675996,69.47548702324004,0.07837234581476614,-0.850480109739371,24.645251356677655,30.105297538323867,30.858640007384263,455520.0,4406900.0
2006-03-21,73.3,73.66,72.48,72.63,404000.0,74.58,69.0,71.78999999999999,1.0588499999999996,71.77937824992237,70.13433958423961,64.05920376179638,0.3776018682138442,0.44549364831084676,-0.06789178009700253,46.882793017456365,75.11779762399885,69.47120237600114,0.07810546096864504,2.4689616252821622,23.359156856357398,34.4039018072167,29.318195616538116,443320.0,4810900.0
2006-03-22,72.09,72.91,71.9,72.74,403800.0,74.46,69.0,71.72999999999999,1.0902785714285699,71.87086603564406,70.23652234564199,64.14557984376856,0.41425619206511044,0.4392461570616995,-0.024989964996589065,46.4150943396226,74.85089793099877,69.56510206900123,0.07320235793814456,4.018304018304009,21.406183584872025,32.560485852239545,32.27287914622081,440385.0,5214700.0
2006-03-23,73.1,73.55,72.8601,73.25,199900.0,74.0,69.0,71.5,1.0952857142857124,72.00221212748748,70.35469793993053,64.2361710891042,0.47893685956036336,0.4471842975614323,0.03175256199893106,48.11205846528623,74.72618283181531,69.6148171681847,0.0708234758472036,5.093256814921077,18.67759603355676,32.802921612103795,32.125342376418416,427000.0,5414600.0
2006-03-24,73.25,73.77,73.25,73.59,314800.0,73.9899,69.0,71.49495,1.0345714285714263,72.15343002010772,70.48157253052149,64.32924401359074,0.551277133414942,0.46800286473213426,0.08327426868280774,54.37262357414446,74.67963672987884,69.63536327012116,0.0699064332849347,4.9786019971469475,17.40548140306844,36.24689312344655,29.660314830157432,427295.0,5729400.0
2006-03-27,74.41,74.55,73.96,74.18,319500.0,74.55,69.0,71.775,0.9167142857142829,72.34643668485937,70.6266089018736,64.42726148609232,0.6487371527207699,0.5041497223298614,0.1445874303909085,75.54179566563474,74.7838397947199,69.5851602052801,0.0720193336442005,4.922206506364923,19.61198138937999,46.98457223001407,15.630356864578513,423625.0,6048900.0
2006-03-28,73.93,74.04,72.7535,73.32,352600.0,74.55,69.0,71.775,0.8843214285714264,72.43915700058704,70.73223208219228,64.51574644642972,0.649097713114557,0.5331393204868006,0.11595839262775642,76.6091051805335,74.86364386170666,69.57735613829334,0.07319649854838063,2.116991643454025,21.175397306048012,48.705625782480524,15.528452001130729,415165.0,5696300.0
2006-03-29,73.6,74.03,73.38,73.8,400000.0,74.55,69.0,71.775,0.8683214285714271,72.56876109576923,70.85253670642004,64.60812707880355,0.6802736768063937,0.5625661917507192,0.11770748505567452,80.96676737160101,74.96187078911082,69.54612921088916,0.07495421123012784,1.9759568882133483,23.296397327538585,45.07876444700365,15.81458479002993,419050.0,6096300.0
2006-03-30,74.46,74.9999,74.25,74.55,242300.0,74.9999,69.0,71.99995,0.9083142857142842,72.75745051521979,70.99753526695258,64.70705118747217,0.7567759426412408,0.6014081419288235,0.1553678007124173,81.92252510760385,75.17806697483033,69.45393302516968,0.07915446028072147,3.5848270112546876,25.788162774448068,50.72111603913054,14.048787392658241,412185.0,6338600.0
2006-03-31,74.6,74.6,73.9,74.28,267100.0,74.9999,69.0,71.99995,0.8940285714285687,72.902455228056,71.12625937413091,64.80230440948738,0.7865509264988333,0.6384366988428255,0.1481142276560078,76.95783132530107,75.29686600535017,69.40713399464984,0.08140385905987849,3.066463160815891,26.94507485737271,44.74050046339209,17.069604678661516,396925.0,6071500.0
2006-04-03,75.86,76.2,75.62,75.77,557800.0,76.2,69.0,72.6,0.9475999999999983,73.1755547301459,71.30836684965519,64.91143570889547,0.919775760843109,0.6947045112428822,0.22507124960022673,78.23613086770969,75.80938450708669,69.18161549291332,0.09142317818586487,4.828444936358589,28.01404312939392,48.0906651389979,16.104595067237437,403745.0,6629300.0
2006-04-04,76.42,78.18,76.0,76.75,310100.0,78.18,69.0,73.59,1.0675999999999988,73.51597808917963,71.52176422810008,65.02923236850845,1.0918490554337268,0.7741334200810511,0.31771563535267566,79.4354838709676,76.51463749401834,69.06336250598166,0.10236814612148383,5.672587085226488,30.153263745237247,52.25271637317353,14.294412032328763,381495.0,6939400.0
2006-04-05,76.75,78.21,76.6,77.25,345900.0,78.21,69.51,73.86,1.127599999999999,73.87159922354347,71.74640092503734,65.15083204643373,1.254107630335966,0.8701282621320342,0.38397936820393175,85.01326259946941,77.12804867695662,69.18195132304338,0.10862001714049956,6.200164971130051,32.64908638293655,48.902219632088396,13.533801246642588,357540.0,7285300.0
2006-04-06,78.13,78.13,77.37,77.85,509800.0,78.21,69.51,73.86,1.1618857142857135,74.25049453558695,71.98575775150645,65.27719192656872,1.4148047174492717,0.9790635531954818,0.43574116425378995,85.9452736318407,77.7114167895137,69.4135832104863,0.11279977677522394,6.279863481228665,35.14490902063586,47.459179658682935,13.134436630108597,369705.0,7795100.0
2006-04-07,78.0,78.0599,76.5,76.78,675700.0,78.21,70.65,74.43,1.2211642857142846,74.49139981791201,72.17376725144737,65.3916477282944,1.4392277376383475,1.0710963900840549,0.36813134755429266,75.28089887640448,77.94609920043987,69.8469007995601,0.10960192161847683,4.33482810164425,37.94129150448264,41.411884442832665,17.58567643291233,394540.0,7119400.0
2006-04-10,77.4,77.67,77.11,77.66,397300.0,78.21,70.65,74.43,1.1861642857142851,74.79317126382516,72.38891363374356,65.5137208852268,1.5121605570156618,1.1593092234703763,0.3528513335452854,76.67020148462353,78.33352755136012,70.15547244863988,0.1101503155482256,4.691291453221869,39.85895201763953,37.455062235416676,18.10457476981621,386620.0,7516700.0
2006-04-11,77.5,77.72,76.13,76.27,464900.0,78.21,71.64,74.925,1.2275928571428574,74.93382161965134,72.54111309908694,65.62074853811012,1.4411858649948783,1.2156845517752768,0.22550131321960154,66.4799253034547,78.48241402946837,70.4535859705316,0.10781581429522437,4.023458810692859,41.91482842725917,36.191035883232544,19.82102023123065,389580.0,7051800.0
2006-04-12,76.1,76.14,75.89,76.1,487900.0,78.21,71.72,74.965,1.1968785714285712,75.04488622730359,72.68067729127961,65.7250196969349,1.3555938884544219,1.2436664191111058,0.1119274693433161,63.741562198649916,78.6045804788594,70.7044195211406,0.10582297058742354,3.1165311653116534,43.337078719051256,33.300310927830104,21.761964156764858,395840.0,6563900.0
2006-04-13,76.6,76.73,76.18,76.68,223400.0,78.21,71.76,74.985,1.204735714285715,75.20061134851278,72.83751347593531,65.83402447606987,1.319354090441763,1.2588039533772373,0.06055013706452583,64.56173421300659,78.72616584900146,71.05383415099854,0.10244801305919243,2.857142857142869,44.33772417524837,35.27685384464878,21.62003521815684,378015.0,6787300.0
2006-04-17,76.95,77.67,76.9,77.65,810500.0,78.21,71.9,75.055,1.2068785714285721,75.43388645817824,73.02623843766334,65.95159637183038,1.3533046294296724,1.2777040885877244,0.075600540841948,65.78707916287533,78.95290441628372,71.3850955837163,0.10067725834542707,4.536887452880989,42.56446726574611,36.161171380716446,21.581648053123978,405855.0,7597800.0
2006-04-18,79.5,80.41,79.35,80.41,1251900.0,80.41,71.9,76.155,1.3021285714285713,75.90780203358983,73.31579771461772,66.09546108454849,1.584652719754331,1.3390938148210458,0.24555890493328514,77.50193948797522,79.77642959637227,71.37457040362774,0.11117173148367558,6.123795697505607,42.930545882313915,48.546336218718764,13.384677835192916,446960.0,8849700.0
2006-04-19,80.4,81.26,79.8,81.26,686500.0,81.26,71.9,76.58000000000001,1.3557,76.41753517324794,73.62733505914251,66.2463520190306,1.8156558934302893,1.4344062305428946,0.3812496628873947,78.12971342383112,80.6803470480557,71.33365295194429,0.12297149073258262,5.876221498371348,43.76939494095346,51.10643947776057,12.85577297969419,461085.0,9536200.0
2006-04-20,81.57,81.71,80.51,81.28,707900.0,81.71,72.7535,77.23175,1.355707142857142,76.88062706151004,73.92743956662711,66.39594055615467,1.9775454922541371,1.5430340828851432,0.4345114093689939,76.85554668794896,81.40180116561085,71.46619883438915,0.12998930228984093,5.216828478964408,43.86825533502036,48.36695662253225,12.85570524607611,476290.0,10244100.0
2006-04-21,81.4,82.0,81.35,81.64,639500.0,82.0,72.7535,77.37675,1.3571357142857141,77.33390067469956,74.22989291695546,66.54762273967552,2.1105638902813126,1.6565400443643772,0.45402384591693545,79.16006339144218,82.09845657500382,71.60854342499617,0.13649232826101157,4.868336544637142,45.23062949845591,49.842367591408376,11.000057895041571,498270.0,10883600.0
2006-04-24,80.0,80.0001,79.56,79.66,654400.0,82.0,72.7535,77.37675,1.3685642857142852,77.5554339437758,74.44283829276114,66.67809415520114,2.032779855797969,1.7317880066510958,0.30099184914687327,64.83600305110602,82.308478479651,72.00552152034902,0.13353236853820105,3.750976816879392,44.09714586687446,41.07537095705089,20.25062761287896,515250.0,10229200.0
2006-04-25,77.94,78.54,77.5,77.64,808400.0,82.0,72.7535,77.37675,1.3507071428571413,77.56348785389238,74.56821718324109,66.78716784519914,1.787532764897378,1.7429369583003524,0.044595806597025556,53.14487632508834,82.28933781657781,72.37066218342218,0.12826426526775675,-0.02575328354365025,40.0530688168813,31.147705699131105,31.412117462281685,539695.0,9420800.0
2006-04-26,78.32,78.63,78.2,78.29,589900.0,82.0,73.38,77.69,1.3064214285714268,77.63267948685501,74.71416945056497,66.90162388654043,1.6268687163012174,1.7197233099005256,-0.09285459359930814,53.63636363636366,82.17673432932247,72.98026567067751,0.11854403808587381,2.648485643110021,36.01282930257905,32.53161580981852,32.47694082526424,551560.0,10010700.0
2006-04-27,77.04,77.15,75.5,76.55,932600.0,82.0,73.9,77.95,1.4428499999999989,77.52956715477357,74.78616280544477,66.99762762896292,1.343649091716756,1.6445084662637717,-0.3008593745470156,45.790155440414516,81.99164658083451,73.4403534191655,0.11003259511128992,0.5913272010512616,33.283531325625475,29.455591364313655,42.772488972717724,578190.0,9078100.0
2006-04-28,78.5,78.79,77.5,78.6,490800.0,82.0,73.9,77.95,1.491428571428571,77.63151314003323,74.93572504836851,67.11307412021702,1.2699738976210426,1.5696015525352258,-0.2996276549141832,55.54202192448231,81.93879731814786,73.89820268185213,0.10319236941542428,2.5039123630672844,30.482588613515247,36.350574712643635,37.21264367816091,590615.0,9568900.0
2006-05-01,78.96,79.53,78.75,78.9,566700.0,82.0,75.5,78.75,1.4942857142857144,77.75232141241102,75.0911868111776,67.23035696479198,1.2217101541258728,1.5000232728533553,-0.27831311872748254,53.91414141414143,81.80378933259352,74.49521066740648,0.09352047889221354,1.6097875080489432,28.243298765803054,39.818355640535295,37.14149139579347,605595.0,10135600.0
2006-05-02,79.95,80.78,79.8,80.72,719300.0,82.0,75.5,78.75,1.5149999999999995,78.03495746837187,75.31192458328827,67.3645822686249,1.3151592422236575,1.4630504667274158,-0.14789122450375825,63.67547633681621,82.0432242908162,74.75077570918378,0.09301948520520446,0.38552418853377013,27.373119707858958,45.16737388024511,32.01320132013199,613670.0,10854900.0
2006-05-03,80.97,81.0,79.78,80.18,518200.0,82.0,75.5,78.75,1.5749999999999997,78.23924723328884,75.5028295015907,67.49209886296694,1.3303098469472872,1.43650234277139,-0.10619249582410295,62.259615384615415,82.21120735059735,74.92579264940265,0.09272691601843865,-1.3290671917302488,27.296161881707942,44.44444444444437,29.705215419501123,624075.0,10336700.0
2006-05-04,81.01,81.32,80.8,81.3,390500.0,82.0,75.5,78.75,1.6114285714285697,78.53074749678514,75.73016952113616,67.6294909140817,1.4163644820219616,1.4324747706215044,-0.016110288599542777,63.445867287543635,82.55272280428002,74.98927719571995,0.09601814891978107,0.02460629921259283,26.905418115766555,42.24290780141836,29.033687943262432,626305.0,10727200.0
2006-05-05,81.8,82.14,81.5,82.06,425000.0,82.14,75.5,78.82,1.6007142857142844,78.8668667828056,75.97839816736612,67.77307806916546,1.5282720795075733,1.4516342323987181,0.07663784710885513,62.993517972893336,83.00811814482093,74.9548818551791,0.10196357741549388,0.5144536991670723,26.38189898861172,41.99018295403833,29.228023203926828,622065.0,11152200.0
2006-05-08,83.44,83.9,82.75,83.73,675400.0,83.9,75.5,79.7,1.5349999999999997,79.33002232730031,76.28238255295962,67.93185341176084,1.7317521393096058,1.5076578137808958,0.22409432552871,60.453400503778354,83.73715942017465,74.92084057982537,0.1111361398775893,5.109214160180775,23.222937683531747,39.22754769660305,30.4792926942764,622050.0,11827600.0
2006-05-09,82.86,83.71,82.65,83.45,734500.0,83.9,75.5,79.7,1.507857142857142,79.72240115327172,76.56346559009846,68.08626283054929,1.849102589133878,1.5759467688514923,0.2731558202823856,57.15218811234486,84.31614229777925,74.92085770222074,0.1180037880085471,7.4832560535806225,19.41818861926063,35.907153008053,31.50165798199903,638910.0,11093100.0
2006-05-10,82.64,82.74,81.93,82.4,612600.0,83.9,75.5,79.7,1.5307142857142852,79.97741056724584,76.79234929244754,68.22868807601647,1.836210746812327,1.6279995644436593,0.20821118236866765,53.427172582619356,84.50108658364792,75.34891341635208,0.11450951726363269,5.249712606974066,15.39331219590358,33.271115258982725,34.391040597293475,646295.0,10480500.0
2006-05-11,83.02,83.08,81.01,81.12,564600.0,83.9,75.5,79.7,1.6271428571428561,80.08622860846052,76.96206108490058,68.35695983645412,1.7030765598446038,1.6430149635238485,0.06006159632075536,48.49362688296641,84.40634352219523,75.94565647780477,0.10552642990908069,5.969954278249512,11.517796358372276,30.026338893766436,36.391571553994716,650130.0,9915900.0
2006-05-12,81.2,81.8975,79.86,80.5,1069600.0,83.9,75.5,79.7,1.6241071428571416,80.12563540765476,77.1008037874535,68.47778610673817,1.5299021790596896,1.6203924066310167,-0.09049022757132708,52.641509433962284,84.26459493993143,76.46940506006858,0.09699490935163495,2.4173027989822016,9.491554594321611,30.082462891698714,33.64485981308416,692440.0,8846300.0
2006-05-15,78.8,79.8,78.04,79.2,1155300.0,83.9,75.5,79.7,1.6455357142857128,80.03747965454478,77.18312520755336,68.58447480219351,1.2730857590252498,1.5509310771098634,-0.27784531808461366,55.13833992094862,84.17257541712596,76.71642458287403,0.09268689387406137,0.3802281368821214,9.747079289406742,29.69072164948452,32.16494845360826,709680.0,7691000.0
2006-05-16,78.5,79.93,78.5,79.78,636600.0,83.9,75.5,79.7,1.6769642857142852,80.01295778268337,77.28496343470813,68.6958730628682,1.1036360195791701,1.4614720656037248,-0.35783604602455465,54.93050959629383,84.15293019917837,76.67306980082162,0.09301804929994838,-1.1645193260654052,10.005992364012533,29.304653391545145,31.56213395804493,678915.0,8327600.0
2006-05-17,79.3,79.95,76.95,77.27,1162400.0,83.9,75.5,79.7,1.6919642857142847,79.7517237081421,77.28437663334704,68.78118775876007,0.7580712833227921,1.3207919091475382,-0.5627206258247461,52.26700251889169,84.18189235644945,76.24510764355054,0.09894574744773527,-3.6293339985033812,9.026073166511395,29.044854881266545,26.427440633245364,702710.0,7165200.0
2006-05-18,77.08,78.09,76.57,76.59,741800.0,83.9,75.5,79.7,1.6405357142857133,79.45060716450952,77.25714617713736,68.85888738305101,0.4244456776139742,1.1415226628408255,-0.7170769852268513,43.073742246726425,84.22650527399571,75.73149472600431,0.10621551342216579,-5.793357933579324,9.784118651119371,22.814847066507074,28.9104168934364,704405.0,6423400.0
2006-05-19,77.68,78.4899,76.12,78.15,649500.0,83.9,75.5,79.7,1.743385714285713,79.32673981550862,77.29216005254374,68.9513362648117,0.28266555145904704,0.9697512405644698,-0.6870856891054228,47.622067216233354,84.05144304919995,75.55755695080006,0.10643367351966221,-4.764806239337071,11.13187506996405,18.437031392118854,29.048567237804907,704905.0,7072900.0
2006-05-22,72.8,73.5,71.51,72.97,2278800.0,83.9,71.51,77.70500000000001,2.0833857142857135,78.72133602355541,77.12266357989496,68.99132296864443,-0.24485637702653662,0.7268297170462685,-0.9716860940728052,29.74385781495033,84.70400219214305,74.23599780785695,0.13172271780906133,-12.850830048966921,13.951758434852847,11.142576986635817,40.113277151888724,786125.0,4794100.0
2006-05-23,74.86,75.91,74.0,74.1,1038300.0,83.9,71.51,77.70500000000001,2.2062428571428563,78.2812087832168,77.00412775323241,69.0421555759216,-0.5652241970420135,0.46841893422861214,-1.0336431312706256,34.58417849898578,85.00515914565177,73.58084085434824,0.14407726143926367,-11.20431396045537,15.14069257423285,17.61235973244758,37.87952368927133,797620.0,5832400.0
2006-05-24,74.06,74.7,70.88,73.1,1121800.0,83.9,70.88,77.39,2.397671428571429,77.78776032767234,76.85102470408604,69.08253213735522,-0.8895554042103555,0.19682406654081863,-1.086379470751174,29.081632653061234,85.37446215511666,72.69253784488335,0.16046264318590614,-11.286407766990303,17.291663967445892,15.252894177088539,44.14997884852562,824215.0,4710600.0
2006-05-25,73.02,75.33,73.0,75.25,584500.0,83.9,70.88,77.39,2.5041,77.54606886789402,76.78823942157287,69.14389997678452,-0.9620136958184844,-0.03494348593104196,-0.9270702098874424,33.7779895188185,85.44192185604382,72.49507814395616,0.16394946987833955,-7.236193293885607,19.588531815184584,14.062651537193307,42.273528556025234,806810.0,5295100.0
2006-05-26,75.0,75.12,73.98,74.84,561800.0,83.9,70.88,77.39,2.463385714285714,77.28834802333269,76.71183787562883,69.20057758895582,-1.0405264462713575,-0.23606007799910508,-0.8044663682722524,27.47085656360872,85.51222371763106,72.04877628236895,0.17089822272341645,-7.031055900621119,23.317684118311007,9.191762788728644,42.9722159397345,810360.0,4733300.0
2006-05-30,74.3,74.3,71.96,72.0,796300.0,83.9,70.88,77.39,2.5919571428571433,76.78469583063433,76.52705991972182,69.22843253831945,-1.3167341402584043,-0.45219489045096495,-0.8645392498074393,24.315836698070882,85.81729688579605,71.05370311420396,0.1882259151990119,-9.090909090909093,27.719199601775376,8.735814635383084,46.13171514079269,821840.0,3937000.0
2006-05-31,72.75,73.5,72.6,73.27,434700.0,83.9,70.88,77.39,2.590528571428572,76.44996289438345,76.39933207973273,69.26864713992822,-1.4168201211285094,-0.6451199365864738,-0.7717001845420356,29.720124389160347,85.70664503844043,70.4193549615596,0.19583272583529737,-8.159939834545005,32.38397009749231,8.740632082807153,44.171900935826685,807610.0,4371700.0
2006-06-01,73.32,74.37,72.35,73.99,653800.0,83.9,70.88,77.39,2.5869571428571447,76.21568071396598,76.30484846876283,69.31562577535182,-1.4216530677232697,-0.8004265628138331,-0.6212265049094366,33.75854214123005,85.53623467024022,69.97076532975979,0.20018995081225197,-4.24485570078944,35.82690833086744,11.154859266540402,41.692667060584135,814390.0,5025500.0
2006-06-02,74.37,75.12,74.0,74.85,526300.0,83.9,70.88,77.39,2.5221357142857173,76.08561588406445,76.24779558763487,69.37069417559708,-1.3406344011781641,-0.9084681304866994,-0.43216627069146474,37.26904010815681,85.12904595848441,69.73295404151561,0.1988362789705518,-2.271837054445758,38.91900406201869,13.565600582272964,39.50733363730848,821180.0,5551800.0
2006-06-05,75.36,75.42,72.32,72.5,983000.0,83.9,70.88,77.39,2.567850000000004,75.74412865701069,76.10082321164919,69.40183154698418,-1.4493447404812514,-1.0166434524856098,-0.43270128799564156,35.58519793459551,84.62800413166296,69.27799586833704,0.19947251261582938,-7.229686500319909,42.097191466012546,13.324098258965947,38.414571389628335,849080.0,4568800.0
2006-06-06,74.0,74.9,72.55,74.1,1048200.0,83.71,70.88,77.29499999999999,2.6371357142857184,75.58754497539063,76.0223595562904,69.44857949179031,-1.3903645819240609,-1.0913876783733,-0.2989769035507608,38.2934872217642,83.5407373592981,69.40226264070188,0.18488554191556633,1.5485816088803617,45.37082767509569,12.621919344310223,37.405301747837875,867720.0,5617000.0
2006-06-07,74.03,75.12,73.26,73.4,1028300.0,83.08,70.88,76.97999999999999,2.555707142857147,75.37920735868676,75.91952192663196,69.48789710878742,-1.3841509012091677,-1.1499403229404737,-0.23421057826869407,41.38084632516705,82.34430729909437,69.59369270090565,0.1678397056455754,-0.944669365721984,48.10931047144201,13.638942534775078,34.265048253348944,882410.0,4588700.0
2006-06-08,71.02,71.74,68.54,71.1,1955800.0,83.08,68.54,75.81,2.7942785714285745,74.97166380071658,75.73052106676404,69.50393793357561,-1.5469846168746102,-1.229349181727301,-0.3176354351473092,38.59576235978394,81.36927636453287,69.43872363546713,0.15822174856858706,-2.735978112175108,51.164872744881386,12.474469515515096,42.43364630277682,949570.0,2632900.0
2006-06-09,70.99,71.46,69.98,70.01,1004400.0,81.8975,68.54,75.21875,2.730714285714288,74.49912439112452,75.5061869072831,69.50897337702263,-1.7438830024600804,-1.332255945873857,-0.41162705658622345,32.754237288135585,80.63919044151604,69.05780955848397,0.15473096832978708,-6.963455149501652,53.3965340758942,12.764844363065633,42.24431075071935,971560.0,1628500.0
2006-06-12,70.32,70.4241,67.34,68.5,560900.0,79.95,67.34,73.64500000000001,2.4767214285714303,73.92777921101742,75.23143447954651,69.49893384093285,-1.9987306492582633,-1.4655508865507383,-0.533179762707525,38.78575012543902,80.0603111136757,68.43668888632429,0.156550263336652,-8.471405665419562,52.84450159266051,14.073905306842837,40.89507730553933,946125.0,1067600.0
2006-06-13,66.52,67.5,65.2,66.0,1336600.0,79.95,65.2,72.575,2.502435714285716,73.17275261949196,74.86941744113292,69.46411857883402,-2.3750502511741303,-1.6474507594754169,-0.7275994916987134,30.985915492957744,79.99983625943693,67.17716374056306,0.17424832030648638,-8.333333333333337,55.500692029225206,7.0502738760236365,46.583186095832374,955190.0,-269000.0
2006-06-14,66.52,67.9,66.32,67.9,1138100.0,79.95,65.2,72.575,2.3652928571428586,72.67058570334987,74.59610695324537,69.4485552098904,-2.491254494827018,-1.8162115065457372,-0.675042988281281,38.28828828828831,79.18817240776657,66.80082759223343,0.1697024408076381,-7.329056912788301,56.61750143156326,8.667002877928141,39.86217351520956,980265.0,869100.0
2006-06-15,69.0,71.37,68.9,71.0,877500.0,78.4899,65.2,71.84495000000001,2.44672142857143,72.51148230303083,74.45508315115731,69.46399247148354,-2.3066138937593195,-1.9142919839884538,-0.3923219097708657,40.82073434125268,78.59173920036478,66.77026079963521,0.16264881331750491,-4.041086633328817,55.8698388096261,16.66953736924924,38.535532972695265,966020.0,1746600.0
2006-06-16,71.36,71.46,70.69,71.06,877900.0,78.4899,65.2,71.84495000000001,2.4110071428571445,72.37324589321837,74.32194263542566,69.47987314340908,-2.1308799311705684,-1.9576095734248768,-0.17327035774569155,41.710526315789465,78.05704102152228,66.75195897847772,0.15613783733116815,-5.063460253841001,54.02620805402672,17.1830977570132,39.10636041251288,972825.0,2624500.0
2006-06-19,71.01,71.3,69.11,69.65,768800.0,75.91,65.2,70.555,2.361721428571429,72.11388914148328,74.1387291987423,69.48156594795228,-2.081391727647514,-1.9823660042694042,-0.09902572337810955,44.501637810014046,77.06264645615579,66.89635354384421,0.14123872647505992,-3.931034482758611,51.83644339879245,17.541684183147268,38.591705202924025,978790.0,1855700.0
2006-06-20,69.7,70.64,69.41,69.7,348100.0,75.91,65.2,70.555,2.3424357142857155,71.88399493753249,73.96466138702691,69.48373942110699,-2.014910750783045,-1.9888749535721326,-0.026035797210912426,41.141439205955336,76.97479790159161,66.65720209840839,0.14366709094328872,-5.937921727395401,49.73201773066173,17.686108171896755,38.9094379781729,882255.0,2203800.0
2006-06-21,70.2,72.27,70.18,71.76,629700.0,75.42,65.2,70.31,2.3817214285714283,71.87218589586273,73.87820407773174,69.50638878010095,-1.7755320851395595,-1.9462063798856182,0.17067429474605866,44.81154025127968,76.74458963222679,66.6534103677732,0.14074365422744511,-2.2343324250681196,47.89675725329375,19.67364541253172,38.26763955242459,861825.0,2833500.0
2006-06-22,71.47,71.6,70.5,71.55,722200.0,75.42,65.2,70.31,2.391007142857142,71.84150152482819,73.78690195703638,69.52672322009995,-1.584502850403041,-1.8738656739891029,0.2893628235860619,42.08253358925144,76.62391320711606,66.61908679288393,0.13969026638973112,0.6329113924050667,47.07865393149649,17.35670264473127,38.11902336433245,841845.0,2111300.0
2006-06-23,71.5,72.32,71.07,72.23,181000.0,75.42,65.2,70.31,2.2588642857142847,71.87850137960646,73.72584697832907,69.55362149651687,-1.362534044265857,-1.7715993480444538,0.40906530377859696,49.295774647887335,76.18582540597178,66.75517459402822,0.13195165574528742,3.170975574917878,45.460294547296584,20.648808977962975,35.03657021069375,821670.0,2292300.0
2006-06-26,72.23,72.48,72.0,72.39,181200.0,75.42,65.2,70.31,2.121721428571427,71.92721553392965,73.67346082231617,69.58184416819331,-1.1603358737109062,-1.6493466531777443,0.48901077946683813,45.17766497461931,75.81553717623537,66.88046282376463,0.1252323029723431,5.678832116788324,43.68634911753002,22.522143407812397,37.30124797586867,802640.0,2473500.0
2006-06-27,72.8,73.5,71.87,72.11,462400.0,75.42,65.2,70.31,2.1052928571428557,71.9446235783173,73.61214863320573,69.60699994761428,-1.0110314851141595,-1.5216836195650274,0.5106521344508679,46.27383015597919,75.82468623139118,66.88231376860884,0.12532493098141428,9.257575757575754,41.991711984056955,25.412141507289448,37.59232682253234,785945.0,2011100.0
2006-06-28,72.91,73.85,72.85,73.85,460200.0,75.42,65.2,70.31,1.8824357142857124,72.12608799942994,73.6214761377859,69.64921885360818,-0.7437299671524471,-1.3660928890825115,0.6223629219300644,58.208955223880594,75.9131529098427,66.85184709015729,0.12694015787742657,8.762886597938135,38.83886566967156,29.748691854398356,24.132867371680327,787220.0,2471300.0
2006-06-29,74.44,77.2,74.38,77.2,1149700.0,77.2,65.2,71.2,2.016007142857142,72.60931771376995,73.76181040689234,69.72435100431855,-0.25859367852544324,-1.1445930469710979,0.8859993684456546,68.91109942135715,76.65297826753981,66.43302173246018,0.14285054491815596,8.732394366197195,36.97681268065708,39.646968371002096,22.533933765824248,812015.0,3621000.0
2006-06-30,77.3,77.4,76.45,76.8,826700.0,77.4,65.2,71.30000000000001,1.8635714285714289,73.00843031245853,73.88095509681813,69.79475547193728,0.09253695989771415,-0.8971670455973355,0.9897040054950497,73.1843575418994,77.079948404697,66.201051595303,0.15185400450016412,8.077680833098789,37.11736989556864,43.65657339977002,14.25833652740513,827035.0,2794300.0
2006-07-03,77.63,78.3,77.47,78.0,1157200.0,78.3,65.2,71.75,1.7350000000000005,73.4838179017482,74.04248626949193,69.87639969609711,0.4623112554155995,-0.6252713853947486,1.0875826408103482,86.14457831325296,78.04966824027449,65.7813317597255,0.1705937729772995,11.988513998564244,37.367912412453414,50.596953478797815,6.504734458624941,835745.0,3951500.0
2006-07-05,76.06,76.4,75.25,75.94,665600.0,78.3,65.2,71.75,1.7957142857142858,73.7177400063436,74.1168985726491,69.93673402747923,0.5824214726399646,-0.383732813787806,0.9661542864277706,73.98568019093074,78.33186183591445,65.68313816408556,0.17565841991221592,8.952654232424662,36.45935774792436,47.29514717581538,15.115354017501978,816615.0,3285900.0
2006-07-06,77.54,78.06,77.43,77.97,331400.0,78.3,65.2,71.75,1.6992857142857147,74.12271714859659,74.26800058940796,70.01666702223069,0.8318249593811231,-0.14062125915402018,0.9724462185351432,72.21159974506051,79.08099786628644,65.39100213371357,0.18951763293334165,8.653846153846146,36.86194947023621,42.370744010088195,15.97309794031104,781770.0,3617300.0
2006-07-07,77.45,77.65,76.15,76.5,478600.0,78.3,65.2,71.75,1.7742857142857145,74.34912503920644,74.35552997805863,70.08117779812889,0.9004821075756979,0.06759941419192345,0.8328826933837745,65.90643274853798,79.58435365931287,65.42764634068713,0.19524877001387106,6.91823899371069,36.407229392004794,40.2173913043478,20.450885668276964,707910.0,3138700.0
2006-07-10,77.99,78.4,77.2,77.67,661400.0,78.4,65.2,71.80000000000001,1.7535714285714294,74.6653988449963,74.48550919460536,70.15668846680423,1.0373447495221484,0.2615484812579684,0.7757962682641799,73.78410438908654,80.22302711231711,65.55497288768291,0.20123824204796611,7.531496608057586,37.36027915123433,43.747454175152704,14.256619144602844,690760.0,3800100.0
2006-07-11,77.59,77.95,76.72,77.87,422400.0,78.4,65.2,71.80000000000001,1.7535714285714294,74.97059895499666,74.61823432422868,70.23343783529374,1.148706138516971,0.438980012709769,0.7097261258072021,74.0152851263962,80.70811723151206,66.00688276848794,0.20040533637356944,7.570106368282925,37.96198722576848,43.747454175152704,16.211812627291252,683835.0,4222500.0
2006-07-12,77.82,77.82,76.71,76.9,375200.0,78.4,66.32,72.36,1.652857142857145,75.15435143547317,74.70771533112168,70.29977178718137,1.14548550438451,0.5802811110447172,0.5652043933397928,66.14321608040197,80.53774837912063,67.26725162087938,0.17956762975868543,6.6426293163222905,38.46147809413706,39.369057908383695,17.242869490060517,635765.0,3847300.0
2006-07-13,75.35,75.6,74.21,74.42,1240300.0,78.4,68.9,73.65,1.7550000000000026,75.08441320352335,74.69643237696005,70.34076908283132,0.9320734918376132,0.6506395872032965,0.2814339046343167,57.88894997251237,80.23267845732117,68.22432154267882,0.16177555675572522,0.771834800270832,36.9878292335738,37.07773707773702,26.414326414326418,640875.0,2607000.0
2006-07-14,74.35,74.65,73.53,74.5,634000.0,78.4,69.11,73.755,1.7457142857142887,75.0287548031878,74.68872914649103,70.3821544650917,0.7606301943511511,0.6726377086328674,0.08799248571828366,56.45252984650368,80.21231825104515,68.59468174895484,0.15614368278495377,-3.497409326424872,35.70233099710706,34.32896890343693,29.33715220949259,628700.0,3241000.0
2006-07-17,74.0,74.4599,73.1,73.44,736000.0,78.4,69.11,73.755,1.8114285714285745,74.87744482193182,74.6397593760404,70.41258078882214,0.5330819676098884,0.6447265604282716,-0.11164459281838324,52.83937263385612,80.1371870372539,68.90781296274612,0.15068434465440333,-4.374999999999996,34.221990066657675,32.45268138801252,29.968454258675063,621605.0,2505000.0
2006-07-18,74.36,74.75,73.35,74.1,446700.0,78.4,69.41,73.905,1.7950000000000037,74.8034024579383,74.61859234168588,70.44927152724182,0.4013780068569446,0.5960568497140062,-0.1946788428570616,55.27291997880231,79.87877874576975,69.61122125423023,0.13736781713210947,-5.000000000000004,32.88837068774382,29.845204934341318,30.2427377636291,605500.0,2951700.0
2006-07-19,74.55,77.31,74.51,77.13,1088500.0,78.4,70.18,74.29,1.9000000000000046,75.0249831762299,74.71707891652173,70.51574643741851,0.5353264363883028,0.5839107670488656,-0.04858433066056278,58.13492063492063,79.7655622710382,70.4674377289618,0.12378271807227983,1.5670265999473187,33.01461768161048,36.50413533834577,28.571428571428537,642520.0,4040200.0
2006-07-20,77.39,77.54,75.8,76.02,439800.0,78.4,70.5,74.45,1.7850000000000048,75.11974668325561,74.76817386097186,70.57051512958351,0.5456241924440661,0.5762534521279057,-0.03062925968383956,46.70758928571427,79.71388125022895,70.94511874977104,0.1164054255033939,-2.5009619084263246,31.557158118429328,26.37094837935164,30.412164865946334,633025.0,3600400.0
2006-07-21,76.78,76.84,75.25,75.7,401500.0,78.4,71.07,74.735,1.8307142857142904,75.17500890389793,74.80471606250238,70.62155478003542,0.521947229895801,0.5653922076814848,-0.04344497778568379,46.91704035874441,79.54488223379764,71.52911776620238,0.10611706140825371,-1.0457516339869244,28.795921177411042,24.932110807647184,31.79867342957466,616990.0,3198900.0
2006-07-24,76.79,78.2,76.79,78.11,545700.0,78.4,71.87,75.135,1.9021428571428618,75.45453186543146,74.93433504044346,70.6960666727714,0.6896994987836678,0.5902536659019214,0.09944583288174635,50.28871391076115,79.6768502584626,71.98514974153738,0.10143213879449316,0.5664992918758882,23.89941596930109,25.723244461133987,30.604581299286465,635225.0,3744600.0
2006-07-25,77.2,78.1,76.87,77.72,725500.0,78.4,71.87,75.135,1.7942857142857187,75.67029073539037,75.04357680356333,70.76595655662442,0.7821584046213559,0.6286346136458083,0.15352379097554758,55.12082853855006,79.66821642523796,72.52678357476204,0.09384582739874402,-0.1926287402080451,20.73069954356909,27.269506369426676,23.60668789808914,662440.0,3019100.0
2006-07-26,77.03,77.64,76.8,77.2,469800.0,78.4,72.85,75.625,1.7085714285714328,75.81597733201986,75.12814241910986,70.82997688939433,0.8042027507378151,0.6637482410642097,0.1404545096736054,47.57403906742282,79.41562427268765,73.28837572731236,0.08025000714290778,0.39011703511053764,18.015891742936027,21.69774247491634,25.08361204013378,662810.0,2549300.0
2006-07-27,78.64,78.82,77.91,78.4,469600.0,78.82,73.1,75.96,1.6942857142857182,76.06207472897034,75.25645055953693,70.90530050243518,0.9080357540970141,0.7126057436707706,0.19543001042624353,56.089743589743605,79.5346630109087,73.62433698909132,0.07717895809997953,5.348024724536415,16.75144523806103,26.8553962900505,19.89881956155144,663280.0,3018900.0
2006-07-28,78.75,79.73,78.64,79.35,608400.0,79.73,73.1,76.41499999999999,1.653571428571432,76.3752104690684,75.41698191014332,70.98932736310748,1.0548218877363098,0.7810489724838785,0.2737729152524313,55.46163849154745,79.8837490064934,73.49025099350659,0.08337134081378605,6.510067114093943,14.269083675888785,28.207775377969725,20.388768898488134,636215.0,3627300.0
2006-07-31,78.0,78.88,77.94,78.65,392100.0,79.73,73.1,76.41499999999999,1.6664285714285743,76.5918570910619,75.54376693327495,71.06555296148453,1.1019640506988821,0.8452319881268793,0.2567320625720029,52.455919395466005,80.09487709214928,73.46412290785075,0.08636099719714928,7.094226579520702,11.979018481538754,27.99014144877837,21.174453493356207,614485.0,3235200.0
2006-08-01,77.5,77.97,76.86,77.1,1042600.0,79.73,73.1,76.41499999999999,1.711428571428574,76.64025165381791,75.60479568098967,71.125597210624,1.0026940752342313,0.8767244055483497,0.12596966968588152,50.60753341433776,80.0042431091739,73.4647568908261,0.08522224316764694,4.048582995951411,9.483556008032721,27.254173622704485,25.083472454090135,608755.0,2192600.0
2006-08-02,78.0,78.62,77.88,78.12,322100.0,79.73,73.1,76.41499999999999,1.6278571428571453,76.78118006774002,75.70343114448028,71.19519325827947,0.9948592616908911,0.9003513767768581,0.09450788491403306,62.33333333333336,80.14689713500648,73.5401028649935,0.08597726899494407,1.2835472578763163,10.736191230111642,31.50548486178148,15.40149188240456,591580.0,2514700.0
2006-08-03,76.78,78.75,76.78,78.35,266700.0,79.73,73.1,76.41499999999999,1.6885714285714306,76.93059148986002,75.80721815842223,71.26638536516226,0.9957310258755427,0.919427306596595,0.07630371927894775,62.706270627062715,80.19739919361427,73.52760080638572,0.0867757149094624,3.0649828992370454,12.265687309223624,30.372673434856186,16.62436548223351,588345.0,2781400.0
2006-08-04,78.75,79.1099,77.48,77.7,380900.0,79.73,73.1,76.41499999999999,1.7049928571428583,77.00386849082574,75.88144489730763,71.33040143118055,0.9332148180330364,0.9221848088838833,0.011030009149153086,64.45047489823614,80.27308125357858,73.57191874642142,0.08711576596128785,2.6420079260237816,14.595288572124357,31.587899404689594,14.662818026049534,583460.0,2400500.0
2006-08-07,78.1,78.4,77.7,78.24,327600.0,79.73,73.1,76.41499999999999,1.654992857142858,77.12159530122328,75.97393725427597,71.39915365574592,0.9166768794893869,0.9210832230049841,-0.004406343515597211,64.15868673050619,80.33785322044406,73.56414677955595,0.08802623020997914,0.16643195493533103,17.039683584206745,31.290165257510854,15.105805376803517,566770.0,2728100.0
2006-08-08,78.09,78.9,78.09,78.35,415900.0,79.73,73.1,76.41499999999999,1.4835642857142861,77.2385862249163,76.06711618548083,71.4683163059375,0.9020482737416415,0.9172762331523157,-0.015227959410674119,55.21367521367523,80.3959047741313,73.55409522586869,0.08888352774618517,0.8106021616057557,17.558020789628976,24.9876022513349,16.851308865232856,566445.0,3144000.0
2006-08-09,80.0,80.34,79.24,79.3,584900.0,80.34,73.1,76.72,1.5014214285714291,77.43491134635285,76.19389594291296,71.54624350687345,0.9560908387684179,0.9250391542755362,0.03105168449288176,64.21143847487006,80.66974474613085,73.52025525386915,0.09273609821988059,2.720207253885998,19.141969463632414,30.446862259097333,16.650887968068346,576930.0,3728900.0
2006-08-10,79.89,80.0,79.39,79.99,406700.0,80.34,73.1,76.72,1.4378500000000005,77.67825312289067,76.34276276868108,71.630260984417,1.0425789926923272,0.9485471219588945,0.09403187073343278,68.01007556675064,80.93863689114761,73.8083631088524,0.09215395170562538,2.0280612244897744,20.912966080173142,31.793004436186965,14.654816963819997,535250.0,4135600.0
2006-08-11,79.89,80.01,79.45,79.98,247200.0,80.34,73.1,76.72,1.299278571428572,77.8974671111868,76.48539952285046,71.71334296467157,1.0976614039695534,0.9783699783610262,0.11929142560852712,59.83175604626715,81.12400081184039,74.17099918815963,0.08954572424972809,0.7939508506616288,22.168904357774895,27.762109742219614,16.217791191815248,515910.0,3888400.0
2006-08-14,80.5,80.95,80.08,80.25,318300.0,80.95,73.35,77.15,1.279992857142858,78.12151786250234,76.63303091411123,71.79828482571962,1.1498466389705726,1.0126653104829355,0.1371813284876371,63.47177848775299,81.03706957335312,74.93893042664688,0.07819330085021087,2.0343293070565815,24.083494491858428,33.425967778838064,16.462145436079446,495025.0,4206700.0
2006-08-15,80.99,81.71,80.71,81.65,452400.0,81.71,74.51,78.11,1.318564285714286,78.45756378035927,76.82977479983236,71.89631184237913,1.289309753128407,1.0679941990120299,0.22131555411637716,71.66504381694264,81.25298643195543,75.47801356804459,0.07369279675253582,5.901426718547365,26.43696929228305,36.5652034951435,15.60138462288525,495310.0,4659100.0
2006-08-16,82.21,82.3,81.65,82.05,472700.0,82.3,75.25,78.775,1.249278571428572,78.79970056318218,77.03448951356442,71.99734356534054,1.4157915690283716,1.1375536730152982,0.27823789601307336,69.27138331573394,81.87024548028117,75.35275451971884,0.0829076020755529,5.03072196620582,27.965786773949713,35.21975540168901,16.466646464530925,464520.0,5131800.0
2006-08-17,82.06,82.06,80.21,80.62,499300.0,82.3,75.25,78.775,1.2864214285714297,78.97306241430769,77.17509776793445,72.08314114180482,1.3846785579069518,1.186978649993629,0.19769990791332281,56.38190954773877,81.97711729001855,75.70588270998144,0.07954230424379441,2.897255902999385,27.510593215588447,29.150078567898724,23.986807256009214,467495.0,4632500.0
2006-08-18,80.4,80.53,79.72,80.4,425100.0,82.3,76.78,79.53999999999999,1.249992857142859,79.10896123199268,77.30156452213309,72.16589595631423,1.3269725969667263,1.2149774393882486,0.11199515757847767,59.23970432946148,81.91079579112142,76.24220420887858,0.07168490742815932,3.474903474903468,27.39027525798438,29.99959999771421,23.485848490562766,468675.0,4207400.0
2006-08-21,79.15,79.46,79.0,79.35,308600.0,82.3,76.78,79.53999999999999,1.222135714285716,79.13191730513623,77.3818953251867,72.23737957863946,1.1828784954099376,1.2085576505925866,-0.02567915518264896,62.541806020066936,81.93781025338858,76.33918974661141,0.07074458710712443,1.418711656441718,28.284435678976404,30.68340551376682,21.917135693370472,456820.0,3898800.0
2006-08-22,79.51,80.1,79.51,79.9,315000.0,82.3,76.78,79.53999999999999,1.1671357142857153,79.2050680379804,77.48064452812056,72.31362455795649,1.100378803359348,1.186921881145939,-0.08654307778659098,60.470588235294166,81.98329681455255,76.51170318544746,0.06904436895933735,1.9783024888321732,27.015955548812396,32.06812771191983,22.949956854081094,436295.0,4213800.0
2006-08-23,79.4,79.63,78.35,78.79,554500.0,82.3,76.78,79.53999999999999,1.1371357142857161,79.16553774864893,77.5319918015276,72.3780661046435,0.934655354563489,1.136468575829449,-0.20181322126596002,52.34541577825167,81.89983051173115,76.75416948826884,0.06486645181920796,-0.6431273644388336,26.054999299770646,32.91415147080059,23.93231113260768,440530.0,3659300.0
2006-08-24,78.67,78.7,78.2,78.58,373900.0,82.3,76.78,79.53999999999999,1.0628571428571456,79.1097722487776,77.573090162252,72.43977688967192,0.7774115658537539,1.06465717383431,-0.2872456079805561,54.92170022371363,81.89640621776887,76.7755937822311,0.06454588630051646,-1.7627203400425007,24.184501936945903,32.79569892473107,26.612903225806434,435745.0,3285400.0
2006-08-25,78.1,78.75,78.1,78.38,418000.0,82.3,76.78,79.53999999999999,1.0592857142857173,79.0402701298464,77.60473368530094,72.49888358728712,0.6294010582794272,0.9776059507233336,-0.3482048924439064,50.813953488372086,81.88329315532896,76.69170684467103,0.06547799225171591,-2.000500125031268,22.348012245235935,32.90627107215092,27.376938637896192,426225.0,2867400.0
2006-08-28,78.06,78.48,77.96,78.35,365400.0,82.3,76.78,79.53999999999999,1.038571428571432,78.97453011748009,77.63395981528915,72.55710365109522,0.5038725858690043,0.8828592777524678,-0.37898669188346346,50.0,81.8872023580213,76.65779764197869,0.06596745045309041,-2.3676012461059215,21.108811394992358,30.123796423658746,28.88583218707017,424890.0,2502000.0
2006-08-29,80.25,80.25,78.46,79.1,446900.0,82.3,76.78,79.53999999999999,1.0321428571428604,78.98647963010103,77.69145158723859,72.62220709735298,0.459610989697083,0.7982096201413909,-0.3385986304443078,48.798076923076906,81.78231217874581,76.96268782125419,0.06072158943578216,-3.123086344151882,19.425360727208492,32.595155709342414,29.065743944636708,395105.0,2948900.0
2006-08-30,79.89,79.89,79.08,79.48,266900.0,82.3,76.78,79.53999999999999,1.0400000000000031,79.03348157009141,77.76159074068022,72.69044384265295,0.45000875919546957,0.7285694479522067,-0.2785606887567371,46.816479400749124,81.7771415395178,77.10385846048223,0.05882746305770444,-3.1322364411943804,17.19865964811325,32.34890109890095,28.846153846153875,392345.0,3215800.0
2006-08-31,79.65,79.65,79.02,79.23,250200.0,82.3,77.48,79.89,1.0450000000000037,79.05219761103508,77.81917541751629,72.75551405317383,0.4174143192389863,0.6663384222095626,-0.24892410297057632,45.454545454545475,81.76719900267898,77.20180099732102,0.057437588528052176,-1.7241379310344862,15.674490803273073,32.12576896787404,29.118250170881776,391520.0,2965600.0
2006-09-01,79.54,80.02,79.5,80.01,364800.0,82.3,77.7,80.0,1.0321428571428604,79.1434168861746,77.90509010702546,72.82769799294324,0.44934272874044723,0.6229392835157396,-0.17359655477529234,48.6301369863014,81.73126105491559,77.4687389450844,0.05354927273657281,-0.48507462686566694,13.35632848809536,28.581314878892517,29.48096885813153,390715.0,3330400.0
2006-09-05,80.67,80.7,80.15,80.64,504400.0,82.3,77.96,80.13,0.9771428571428606,79.28594861130084,78.0123414753774,72.90543234127217,0.5194935597887138,0.6022501387703344,-0.08275657898162059,43.679599499374206,81.79845084010333,77.64154915989667,0.052143774212326376,1.625708884688093,10.666384276870966,29.605263157894612,31.14035087719301,399555.0,3834800.0
2006-09-06,79.57,79.89,78.92,79.1,423700.0,82.3,77.96,80.13,1.0535714285714326,79.26823921974838,78.0549947508528,72.96706983041375,0.44568587972921136,0.5709372869621098,-0.1252514072328984,33.84446878422787,81.75745657847335,77.75754342152666,0.05015093448198212,-1.0012515644555853,9.694890222936264,23.457627118643938,37.22033898305086,399945.0,3411100.0
2006-09-07,78.5,79.19,78.2,78.8,501900.0,82.3,77.96,80.13,0.9921428571428602,79.22364500834377,78.08421064297622,73.02510893657879,0.358848684472008,0.5285195664640895,-0.16967088199208147,38.62500000000002,81.76870777556037,77.69629222443963,0.051075979696118164,0.012691965985522913,10.137779545358116,24.910007199423923,34.341252699783986,395795.0,2909200.0
2006-09-08,78.95,79.25,78.84,79.2,221200.0,82.3,77.96,80.13,0.9600000000000029,79.22139310278722,78.1279670883497,73.08655063870239,0.31863323309417524,0.48654229979010666,-0.16790906669593142,42.665036674816655,81.73880289218528,77.64719710781475,0.051342097604187675,0.7890048358361046,9.963853890177338,26.190476190476087,31.845238095238116,386520.0,3130400.0
2006-09-11,78.5,78.5,77.3,77.82,758000.0,82.3,77.3,79.8,0.9957142857142885,79.08792709299796,78.11588994763011,73.13364963732226,0.17340878277713045,0.4239155963875114,-0.25050681361038096,41.01057579318453,81.78895338569245,77.38104661430756,0.055386150296976654,-0.7144679765246242,10.08269143495279,25.251076040172066,36.585365853658594,412060.0,2372400.0
2006-09-12,78.66,79.33,78.44,79.24,498900.0,82.3,77.3,79.8,1.0500000000000032,79.10241022699815,78.15997269478187,73.19440934242354,0.170929127596807,0.37331830262937055,-0.20238917503256354,46.481876332622555,81.72050789712783,77.34849210287219,0.05497005443242423,1.1359285258455643,10.02586875334421,25.23809523809512,34.693877551020464,421090.0,2871300.0
2006-09-13,79.25,80.24,79.2,80.13,476900.0,82.3,77.3,79.8,1.0135714285714303,79.20027591966499,78.23722866753552,73.26342019473773,0.23803561852280097,0.3462617658080567,-0.1082261472852557,57.31441048034925,81.42999449055918,77.48700550944079,0.04962324963494642,1.302149178255374,9.464708085207093,32.558139534883594,27.766032417195248,422315.0,3348200.0
2006-09-14,79.55,79.55,78.94,79.25,347400.0,82.06,77.3,79.68,1.0564285714285728,79.20501154636356,78.27694519037726,73.32298815299906,0.2176998422565788,0.3205493810977611,-0.10284953884118231,53.407934893184134,80.86754758514454,77.76945241485546,0.03905892282744972,-0.28938097634625404,9.190933416968736,31.237322515212874,27.383367139959567,416050.0,3000800.0
2006-09-15,79.5,79.75,79.16,79.53,327700.0,80.7,77.3,79.0,1.0521428571428584,79.23596282766228,78.32608459467619,73.38474946490952,0.22162252646673153,0.3007640101715552,-0.07914148370482366,55.80221997981838,80.69223262147386,77.83576737852613,0.03603735924187191,0.37864445285875625,9.24435648356208,32.722335369993125,26.816021724372114,407470.0,3328500.0
2006-09-18,80.0,80.73,79.86,80.51,403700.0,80.73,77.3,79.015,1.1007142857142864,79.35729970121825,78.41172833606144,73.45564748018406,0.3003468798910234,0.30068058411544885,-0.00033370422442546843,59.94475138121549,80.71687111961107,77.82212888038892,0.03651773051706084,0.6249218847643956,10.573620351847802,37.63789746917582,24.72420506164837,406400.0,3732200.0
2006-09-19,80.75,80.75,79.0,79.5,525100.0,80.75,77.3,79.025,1.0900000000000003,79.37089020586413,78.4544056562159,73.51579029132651,0.2780329473329459,0.29615105675894826,-0.018118109426002338,51.798561151079156,80.72767824427423,77.82632175572577,0.03659770789192904,-1.4136904761904767,10.690221502931744,26.4089121887287,30.602883355177024,417225.0,3207100.0
2006-09-20,81.15,81.5247,80.98,81.4,620200.0,81.5247,77.3,79.41235,1.1767642857142857,79.56413875768659,78.5699191598937,73.594240139174,0.4089490064702659,0.3187106467012118,0.09023835976905409,57.59493670886074,81.06895691635553,77.63504308364448,0.04327444592084706,2.9077117572692934,10.382919729620497,29.164112244835998,28.346494928587568,432485.0,3827300.0
2006-09-21,82.1,82.1,80.9,81.0,484200.0,82.1,77.3,79.69999999999999,1.2174785714285699,79.70088744743073,78.665216447741,73.66792929201804,0.47494934902547925,0.3499583871660653,0.12499096185941394,56.9194683346364,81.30689834719817,77.61810165280184,0.04642185552174083,2.7918781725888353,10.582704974048609,31.5640639025621,27.046530593087702,428970.0,3343100.0
2006-09-22,81.23,81.23,80.2,80.7,545300.0,82.1,77.3,79.69999999999999,1.2346214285714276,79.7960410238659,78.74501188116292,73.73790014483379,0.49731486699295147,0.37942968313144254,0.11788518386150892,52.80259951259137,81.44278330161859,77.69421669838141,0.04711118851350949,1.8939393939394034,10.67967019526194,28.985171857191673,30.720810890556503,437540.0,2797800.0
2006-09-25,81.15,81.82,80.3601,81.75,437700.0,82.1,77.3,79.69999999999999,1.2896142857142843,79.98213235492629,78.86285455248986,73.81762253145236,0.5929309865743875,0.42212994382003155,0.17080104275435593,54.35978004713274,81.76132678867761,77.71267321132238,0.050775092834634175,5.050115651503484,10.771473116923953,27.25067295869193,29.41078727858841,438525.0,3235500.0
2006-09-26,80.64,80.8,79.75,80.75,501700.0,82.1,77.3,79.69999999999999,1.3096142857142843,80.05526260683807,78.93686025631379,73.88660141173642,0.5813147727242409,0.45396690960087344,0.1273478631233675,56.767842493847425,81.81870817079344,77.89529182920656,0.0491305250834227,1.905603230691577,9.322238156096546,26.834509615699243,25.580596249713768,445340.0,2733800.0
2006-09-27,81.28,81.41,80.9,81.25,521700.0,82.1,77.3,79.69999999999999,1.286042857142856,80.16904712047254,79.0275716188113,73.95986905938084,0.6054751205883804,0.48426855179837486,0.12120656879000552,59.8870056497175,81.9862603064734,77.9427396935266,0.05056644652247926,1.3977286908773312,9.358127563529655,30.71437299356827,22.05047598946947,449080.0,3255500.0
2006-09-28,81.7,81.94,81.2601,81.57,442500.0,82.1,77.3,79.69999999999999,1.3031857142857126,80.30247120423707,79.1272746925834,74.0355917553074,0.6430312322131186,0.5160210878813236,0.12701014433179503,59.626320064987766,82.19850105349383,77.93949894650615,0.05319164854047984,2.9274447949526827,10.116433726796613,32.886443111934454,21.760411299781975,457860.0,3698000.0
2006-09-29,81.43,81.6299,81.12,81.35,465000.0,82.1,77.3,79.69999999999999,1.2038928571428553,80.40223585145259,79.21444039091347,74.10837193684662,0.6475776873924559,0.5423324077835501,0.10524527960890584,65.82959641255604,82.33942529140981,78.01057470859018,0.0539925236397833,2.288444612096052,11.665762525796058,35.5988015070159,15.249339938888745,468600.0,3233000.0
2006-10-02,81.55,81.9,81.2,81.39,460000.0,82.1,77.3,79.69999999999999,1.1460357142857123,80.49630862750472,79.2997564540149,74.18082594742526,0.6469508054116915,0.5632560873091784,0.08369471810251305,61.003070624360305,82.47329207549929,78.01470792450071,0.05556283524000019,1.0930319215004314,13.097912268481485,33.90632303904763,16.01919660943005,473360.0,3693000.0
2006-10-03,81.4,81.84,80.92,81.5,661300.0,82.1,77.3,79.69999999999999,1.1374642857142843,80.59189828202808,79.38604051464176,74.25365354993845,0.6478619285844474,0.5801772555642323,0.06768467302021508,57.61957730812015,82.58069937918954,77.99330062081047,0.05713750368526743,2.515723270440251,14.156342419386423,28.447360984646274,17.898207165060157,481205.0,4354300.0
2006-10-04,81.32,82.72,81.09,82.72,385100.0,82.72,77.3,80.00999999999999,1.1688928571428556,80.79457463612064,79.5167840238715,74.3378958031729,0.7385146669268323,0.6118447378367523,0.12666992909008,68.59592711682741,82.9322846725485,78.00371532745147,0.06124881126779629,1.621621621621605,16.20441625922744,33.059977390082146,15.828164624644806,479275.0,4739400.0
2006-10-05,82.54,83.002,82.31,82.9,339900.0,83.002,77.3,80.151,1.176178571428569,80.99509133744249,79.64945916019026,74.423090869808,0.8154817449223941,0.6525721392538807,0.16290960566851342,68.25568797399782,83.23331330319463,78.11268669680537,0.06347385874318874,2.3456790123456805,18.06043063158683,33.353171590805516,15.73011872589804,471175.0,5079300.0
2006-10-06,82.01,82.29,81.5,82.124,356900.0,83.002,77.3,80.151,1.1904642857142835,81.10260644816225,79.74649997743771,74.49971683130245,0.80458721349531,0.6829751541021666,0.12161205939314346,58.94083758032343,83.35921256523821,78.27918743476178,0.06285666191296659,1.7645600991325727,17.585088317903878,27.072870728707187,20.401404014040168,477960.0,4722400.0
2006-10-09,82.07,82.07,80.92,81.46,409800.0,83.002,78.44,80.721,1.1514642857142832,81.13664392928965,79.81369605675388,74.56897338024471,0.7339138659271356,0.6931628964671604,0.04075096945997514,61.290322580645096,83.12367855112578,78.87872144887422,0.052406101418887144,-0.35474006116208434,18.36227722770249,27.98982661828098,19.355479048416637,460550.0,4312600.0
2006-10-10,82.0,82.33,81.8,82.25,357700.0,83.002,78.94,80.971,1.0689857142857124,81.24267784078587,79.90923738786158,74.64540150581442,0.733199261810455,0.7011701695358195,0.03202909227463557,55.61426684280048,83.17280017981075,79.13059982018923,0.049810421218797855,1.8575851393188847,19.141041378174673,26.71023266380676,20.84886875409268,453490.0,4670300.0
2006-10-11,82.36,82.93,82.21,82.6,343000.0,83.002,78.94,80.971,1.0346999999999997,81.37194661785388,80.01475749029838,74.72455173958741,0.752204067567348,0.7113769491421252,0.0408271184252228,60.638297872340374,83.3349227815488,79.21547721845123,0.05068514827521274,1.6615384615384476,19.49246118131172,27.765812036615134,21.539714755139503,446795.0,5013300.0
2006-10-12,83.49,84.45,83.1,84.2,718400.0,84.45,79.0,81.725,1.093271428571429,81.64128503520114,80.17888464754158,74.81883480685521,0.8861570741567419,0.7463329741450486,0.13982410001169332,69.84126984126979,83.74126142104208,79.30413857895792,0.05442806533743564,3.224224592374658,22.085428567527902,36.20914947274882,15.812306445922417,465345.0,5731700.0
2006-10-13,83.91,84.34,83.77,84.1,537600.0,84.45,79.0,81.725,1.0297071428571445,81.87544836518198,80.33265387704975,74.91118470927456,0.9730301468503484,0.7916724086861087,0.18135773816423972,64.93011435832264,84.0456760759587,79.45672392404133,0.0561331473044722,3.3804548248309807,24.266221705141525,34.3516533827232,16.788407244778266,475840.0,5194100.0
2006-10-16,84.35,84.83,84.05,84.56,512200.0,84.83,79.0,81.91499999999999,0.9425642857142874,82.13111994945037,80.49843215638114,75.0071928216201,1.0666995895949043,0.8466778448678679,0.2200217447270364,75.98908594815813,84.4891581107894,79.41824188921059,0.0618753786781904,3.8948273743703243,27.672584550084245,41.240839957865596,13.717139414515023,481265.0,5706300.0
2006-10-17,84.4,84.4891,83.25,83.88,556900.0,84.83,79.75,82.28999999999999,0.9889928571428592,82.29767995426461,80.63104266005247,75.09547946021094,1.0736861947127778,0.89207951483685,0.18160667987592782,67.50998668442062,84.56858991048144,79.77681008951858,0.058313525306614704,2.9202453987730026,28.63236566619027,34.89913981756323,18.851067825132226,482855.0,5149400.0
2006-10-18,84.5,85.22,84.31,84.73,432000.0,85.22,79.75,82.485,1.035421428571431,82.52932948242989,80.79178608514846,75.19134533622875,1.1347305583269218,0.9406097235348644,0.19412083479205744,69.65174129353225,84.9611576133692,79.71724238663082,0.06368674005502094,2.4298839458414045,29.44240937994375,34.720162252774855,18.00578094495673,473445.0,5581400.0
2006-10-19,84.63,84.99,84.49,84.91,415700.0,85.22,79.75,82.485,1.0347142857142881,82.75606000791275,80.9532846700446,75.28804836770907,1.1839849109211826,0.989284761012128,0.1947001499090546,72.24999999999986,85.31454453181135,79.75485546818865,0.06736183767097595,2.424607961399272,29.023809374389902,34.74389065304425,17.050945740715125,470020.0,5997100.0
2006-10-20,85.1,85.28,84.78,84.96,496300.0,85.28,79.75,82.515,1.0204285714285735,82.96595905477821,81.1104107614154,75.38428669240848,1.2130704018606053,1.0340418891818235,0.17902851267878184,72.28464419475638,85.58780267419839,79.9075973258016,0.0686448728894795,3.4533145000243515,28.917110237962426,35.369592608147826,17.28965420691582,467570.0,6493400.0
2006-10-23,84.75,85.12,84.18,85.0,505900.0,85.28,79.75,82.515,1.0218571428571448,83.15967724003742,81.26294367273245,75.4799654317875,1.2252248987292518,1.0722784910913092,0.15294640763794254,72.04030226700236,85.87893870789908,79.94146129210093,0.07161335295051943,4.345691136754248,29.35217455598617,35.32014539354116,19.502306724451184,470980.0,6999300.0
2006-10-24,85.14,85.45,84.78,85.4,633400.0,85.45,80.9,83.17500000000001,0.9532857142857166,83.37304131241481,81.42518117576255,75.57867224341152,1.2526938076863985,1.1083615544103271,0.14433225327607135,68.820224719101,86.1274052292064,80.15799477079361,0.071797168704081,3.82978723404257,28.512160204688033,33.7396972875768,20.905140116888845,477565.0,7632700.0
2006-10-25,85.4,85.85,85.2,85.62,691900.0,85.85,80.92,83.38499999999999,0.9502857142857165,83.58703737789912,81.58968387475225,75.6785859524323,1.2774891772945836,1.1421870789871784,0.13530209830740514,68.99441340782107,86.40180475978909,80.3205952402109,0.0729501197149055,3.6561743341404496,27.712240040612524,34.733162958508686,20.971136500300553,486075.0,8324600.0
2006-10-26,85.87,86.38,85.72,86.2,727300.0,86.38,80.92,83.65,0.9045714285714297,83.83589096095635,81.77048058554628,75.78327663947277,1.3286252739699904,1.1794747179837408,0.1491505559862496,79.26479035037323,86.76141583486027,80.42398416513974,0.07581321897391195,2.375296912114022,29.884685323396273,40.67356285533797,15.634870499052333,500315.0,9051900.0
2006-10-27,85.0,85.1,84.25,84.45,1073500.0,86.38,80.92,83.65,0.9578571428571446,83.89437753610336,81.87555977826996,75.86951269281136,1.2139469990123217,1.186369174189457,0.02757782482286464,68.57142857142853,86.75360192086895,80.74179807913104,0.07178470383948338,0.4161712247324756,30.613256171239037,38.41088739746456,21.40193885160317,530740.0,7978400.0
2006-10-30,84.56,84.57,83.48,84.25,719300.0,86.38,80.92,83.65,0.9735714285714293,83.92824634218876,81.9686750810829,75.95290062621622,1.0943107779029049,1.1679574949321467,-0.07364671702924186,63.40482573726535,86.68930665331678,81.09209334668324,0.06672030757442164,-0.36660359508041696,30.780312361537376,35.88334556126191,26.705796038151014,543705.0,7259100.0
2006-10-31,85.35,85.72,85.06,85.59,548600.0,86.38,80.92,83.65,1.027142857142857,84.08650859531363,82.11068782300123,76.04879216227377,1.095002504635957,1.153366496872909,-0.05836399223695188,67.69230769230765,86.75241322956164,81.43798677043837,0.06319536024794838,2.0386266094420735,31.294894489274707,37.836578581363014,25.312934631432455,538070.0,7807700.0
2006-11-01,86.48,86.5,85.25,85.46,1310600.0,86.5,80.92,83.71000000000001,0.9842857142857133,84.21731730052186,82.24203339856982,76.14243602135562,1.072695424388229,1.137232282375973,-0.06453685798774411,59.025787965615926,86.87336558001228,81.59103441998774,0.06271154214213258,0.8615602502065167,29.402803829914145,34.11393323657481,26.41509433962257,584345.0,6497100.0
2006-11-02,85.6,86.5,85.55,86.5,1011000.0,86.5,80.92,83.71000000000001,1.017857142857142,84.4347156528531,82.40901248097884,76.2454963594516,1.1259568808962683,1.1349772020800322,-0.009020321183763835,65.1515151515151,87.15963896823924,81.66476103176076,0.06509577924137121,1.8725709574844096,27.85822027834494,32.98877192982462,25.543859649122737,617900.0,7508100.0
2006-11-03,86.8,87.03,86.37,86.92,674600.0,87.03,80.92,83.975,1.009285714285713,84.67140940020043,82.585913952313,76.35171032602422,1.1883587983211186,1.1456535213282495,0.04270527699286908,64.97461928934003,87.39572470615164,81.90827529384839,0.06482362392268638,2.306967984934105,25.219253572046284,33.552016985138124,25.760792639773467,633785.0,8182700.0
2006-11-06,87.7,88.84,87.56,88.67,1023900.0,88.84,81.8,85.32,1.0528571428571414,85.0522275525623,82.82450556202622,76.47428037253144,1.3633077786588643,1.1891843727943725,0.17412340586449182,76.75977653631278,87.88210019221265,82.14289980778736,0.06751007657021366,4.317647058823537,25.90919296900417,44.44301221166908,19.267299864314744,664490.0,9206600.0
2006-11-07,88.42,88.81,88.01,88.12,902500.0,88.84,82.21,85.525,1.0142857142857125,85.34439635708017,83.03217201057421,76.59015817976993,1.4409651532407537,1.2395405288836487,0.20142462435710495,69.59537572254331,88.18666805117174,82.42533194882829,0.06753729048769663,3.1850117096018815,26.102807071037777,40.98591549295787,19.99999999999996,691730.0,8304100.0
2006-11-08,87.49,88.2,87.1201,88.0,800400.0,88.84,83.1,85.97,1.0557071428571416,85.5973109897392,83.22698879447327,76.70368894415033,1.4758139207537369,1.2867952072576665,0.18901871349607036,67.98603026775316,88.40047498614473,82.75152501385526,0.06601091395121848,2.7797243634664737,25.22612304121975,39.37780363872566,25.2363006515606,714600.0,7503700.0
2006-11-09,89.12,90.12,89.12,89.52,1463600.0,90.12,83.25,86.685,1.1714214285714277,85.97090041928784,83.47377354763118,76.83121442729312,1.6075522551783905,1.3509466168418114,0.2566056383365791,72.66401590457251,89.0909842947231,82.59301570527693,0.07569684524412494,3.8515081206496493,25.150484548185027,45.42710626284312,22.743431362386378,751860.0,8967300.0
2006-11-10,89.65,89.87,89.35,89.7,863700.0,90.12,83.25,86.685,1.1414214285714286,86.32605276030804,83.71793929086134,76.959262044932,1.7068053404948387,1.422118361572417,0.2846869789224218,73.03921568627445,89.68857346984164,82.55542653015836,0.08282607161565321,6.216696269982247,26.006216073969792,46.62106771631864,19.58648051614845,768165.0,9831000.0
2006-11-13,90.01,91.38,90.01,91.25,967900.0,91.38,83.25,87.315,1.2135642857142852,86.79500011646918,84.01331422063149,77.10145844249487,1.8887636798111913,1.515447425220172,0.37331625459101936,75.77092511013208,90.61243057537746,82.30056942462255,0.09613922782850227,8.308605341246288,27.669268089938708,50.794884019329125,18.422121377995207,790950.0,10798900.0
2006-11-14,91.42,91.82,91.1,91.75,1056700.0,91.82,83.48,87.65,1.2185642857142855,87.26690486728164,84.31671366295967,77.24721507490786,2.049685299733568,1.6222950001228513,0.4273902996107166,76.35425623387783,91.44580586828208,82.25419413171791,0.10583318061674347,7.197102465241256,29.258189270554208,50.82093095504665,18.346531925744035,815940.0,11855600.0
2006-11-15,92.65,93.11,92.3,92.8,1059900.0,93.11,83.48,88.295,1.2614214285714291,87.79386630849291,84.64939155852989,77.4019691537645,2.2361659387071313,1.7450691878397073,0.491096750867424,77.2727272727272,92.44415263110822,82.06284736889178,0.1189786686174932,8.588813479990653,29.66486022714786,53.39781085963116,17.723203415647905,847335.0,12915500.0
2006-11-16,94.0,94.0,92.77,92.9,1062400.0,94.0,83.48,88.74000000000001,1.2099928571428578,88.2801647553031,84.9729448307444,77.5561784159161,2.3647628388863353,1.869007918049033,0.4957549208373022,90.43062200956928,93.2945305873858,82.01146941261419,0.12872418713303144,7.3988439306358345,32.79711915079763,60.921256914149446,9.798759142615992,879670.0,13977900.0
2006-11-17,93.31,93.56,92.8,93.48,1037900.0,94.0,83.48,88.74000000000001,1.1864214285714303,88.77538715955995,85.30655483738187,77.71462440182738,2.4848343380137834,1.9921732020419833,0.49266113597180006,92.61311172668505,94.13574534799959,82.0222546520004,0.13752983907627458,7.547169811320753,37.75853322722322,62.13162029873745,5.3576481495975905,906750.0,15015800.0
2006-11-20,93.25,93.74,92.93,93.5,895600.0,94.0,83.48,88.74000000000001,1.1392785714285725,89.2253502872209,85.6278664123865,77.87169281573955,2.5521856910280007,2.104175699839187,0.44800999118881357,91.58780231335426,94.83760760255528,82.1703923974447,0.14312590623147634,5.447163640464647,42.24333580925454,58.62105718531142,5.579345325049126,926235.0,15911400.0
2006-11-21,93.55,93.86,93.31,93.85,1003300.0,94.0,83.48,88.74000000000001,1.0892785714285722,89.66579311700939,85.95030302366546,78.03068094692622,2.6037893357995188,2.2040984270312536,0.3996909087682652,93.11408016443986,95.51067648609059,82.34232351390942,0.14808131403103875,6.50249659555151,47.150640598522486,56.983980222821074,5.835448101299096,944730.0,16914700.0
2006-11-22,95.8,95.91,95.27,95.91,1092700.0,95.91,83.48,89.695,1.1621357142857147,90.26047948681801,86.34087937567858,78.20858461909611,2.778877213203984,2.3190541842658,0.45982302893818394,93.7674418604651,96.52636193036027,82.35563806963974,0.15843655438468407,8.98863636363636,52.29186146471084,66.01146903177026,5.46960952433642,964770.0,18007400.0
2006-11-24,95.77,96.5,95.21,96.14,575200.0,96.5,83.48,89.99000000000001,1.2071357142857155,90.82043382140678,86.72515861584806,78.3870066626872,2.9027337870883514,2.43579010483031,0.4669436822580413,93.65530303030302,97.44790251531013,82.42809748468987,0.16700176822500234,7.394995531724757,57.40893792257541,63.905703584044794,5.265711631429834,957165.0,18582600.0
2006-11-27,95.77,95.7899,93.59,93.85,1750000.0,96.5,83.48,89.99000000000001,1.2521357142857152,91.10896393365375,87.0045641603246,78.54086729290923,2.7840147633557137,2.505435036535391,0.2785797268203227,73.33333333333329,97.64330990861288,83.1726900913871,0.16005906354775887,4.626532887402446,58.6113144441814,51.28380652485176,14.317822691515639,990990.0,16832600.0
2006-11-28,91.21,92.75,90.6,91.98,2225900.0,96.5,85.06,90.78,1.4271357142857153,91.19191974949625,87.19967929129227,78.67459000641261,2.510100830079651,2.506368195244243,0.0037326348354076444,65.53945249597423,97.44714007744201,84.14185992255798,0.14654279890174,0.8000000000000007,57.87383924191254,44.995220196297225,27.52716480062466,1066320.0,14606700.0
2006-11-29,93.9,94.97,93.8599,94.95,1442800.0,96.5,85.25,90.875,1.5635714285714286,91.54983215430613,87.5036134367318,78.83653438445826,2.503813835859603,2.5058573233673154,-0.002043487507712438,72.75703994760971,97.68654324229958,84.83845675770043,0.1407816626171664,3.4877384196185357,59.29049992449851,51.21059844677932,21.05984467793513,1111030.0,16049500.0
2006-11-30,95.16,95.39,94.2,95.25,778600.0,96.5,85.55,91.025,1.4971428571428567,91.90222909199126,87.807393301958,78.99985245028455,2.4942862610620296,2.5035431109062585,-0.00925684984422892,70.39145907473312,97.79506509889319,85.7089349011068,0.13172606807248222,2.6400862068965525,59.45761635416845,46.32633587786258,21.99427480916031,1084430.0,16828100.0
2006-12-01,94.47,94.68,93.16,94.15,1832500.0,96.5,86.37,91.435,1.6092857142857133,92.11630251180162,88.05612297639102,79.15060018709764,2.370647434527612,2.4769639756305293,-0.10631654110291722,64.86305945223783,97.72969145055899,86.53930854944102,0.12145703185145598,1.3455328310010728,58.428987961813725,43.09809143364403,25.077674212161604,1125505.0,14995600.0
2006-12-04,94.67,95.55,94.4,95.45,884900.0,96.5,87.1201,91.81004999999999,1.5892857142857133,92.43379751067766,88.34607893810119,79.31278326981308,2.3504671865644298,2.4516646178173094,-0.10119743125287961,64.26630434782611,97.76965231584482,87.35234768415516,0.11254529047535854,2.1074026529738887,56.74782654219524,40.76404494382022,25.39325842696633,1136020.0,15880500.0
2006-12-05,97.55,98.24,96.75,98.2,1501200.0,98.24,87.1201,92.68005,1.7371428571428555,92.98295965251789,88.7325072150384,79.50071577459106,2.5272437195099258,2.466780438155833,0.060463281354092846,69.00412492634062,98.48553537742472,87.58946462257526,0.11711482740668507,5.026737967914441,55.78079121891958,46.54605263157896,23.231907894736885,1159885.0,17381700.0
2006-12-06,97.85,98.2,97.57,97.8,1016300.0,98.24,87.1201,92.68005,1.6849999999999992,93.44172539989714,89.08809516738984,79.68279820469463,2.605034522022663,2.494431254929199,0.11060326709346402,65.3186274509804,98.84868262657,88.19431737342998,0.11392423403324385,4.208843899840176,54.19316566575982,42.51801610852053,23.950826621449803,1165575.0,16365400.0
2006-12-07,97.59,98.06,96.61,96.72,2103300.0,98.24,89.12,93.68,1.700714285714285,93.75394202847836,89.3873855529824,79.85232260066783,2.5501408827147145,2.5055731804863024,0.04456770222841211,61.04046242774566,98.7859502253761,89.1290497746239,0.10277945295215607,0.8445417578980319,50.177087714783774,38.38723225535485,27.76144477110459,1230720.0,14262100.0
2006-12-08,96.7,97.07,96.15,96.85,789300.0,98.24,89.35,93.79499999999999,1.712142857142855,94.04880469243281,89.68003709992426,80.02145371906916,2.4884419814596015,2.502146940680962,-0.013704959221360724,59.999999999999986,98.83666941655879,89.8113305834412,0.09568443697380928,0.7385063449136586,45.080440028224594,38.130997079682935,29.495202336253662,1197005.0,15051400.0
2006-12-11,98.1,99.2,97.48,98.75,1677100.0,99.2,90.01,94.605,1.8221428571428564,94.49653757886779,90.03572191953508,80.20780741340678,2.5633110248470814,2.514379757514186,0.048931267332895434,64.01494927923119,99.14969237845015,90.40330762154984,0.09228431897042318,5.221097496004279,40.760268098814926,43.47314778518231,27.714621716973724,1237675.0,16728500.0
2006-12-12,98.75,98.75,97.59,98.29,895500.0,99.2,90.6,94.9,1.865714285714285,94.85781971421372,90.35941909916116,80.38772972770124,2.5560624289273335,2.5227162917968156,0.03334613713051793,61.7834394904459,99.43939818458773,90.81760181541227,0.0906331579828911,6.860186997173301,36.48863290647535,41.998468606431864,27.067381316998457,1234055.0,15833000.0
2006-12-13,98.09,98.1,97.41,97.94,917600.0,99.2,90.6,94.9,1.7814285714285714,95.1513606938124,90.656696781547,80.562379183147,2.4933341850708075,2.516839870451614,-0.02350568538080644,55.92527729130181,99.61431718900097,91.26168281099903,0.08751895867476202,3.1490258030542284,31.17659179389128,35.765838011226954,29.069767441860467,1227100.0,14915400.0
2006-12-14,99.07,100.6,98.904,100.4,1232700.0,100.6,90.6,95.6,1.8792857142857133,95.65123110392551,91.03878710383927,80.75976844500624,2.612013376521446,2.5358745716655804,0.07613880485586577,61.0020661157025,100.35143415780409,91.2845658421959,0.09462593996543645,5.406824146981637,26.535591351777327,41.16305587229192,27.55606233371343,1235740.0,16148100.0
2006-12-15,101.14,101.5,100.8,101.0,1213700.0,101.5,90.6,96.05,1.7757142857142847,96.16063766545642,91.42942290368872,80.9611637838619,2.7230923626833743,2.5733181298691394,0.14977423281423485,70.23203169213359,101.09353482419243,91.35246517580757,0.10123431662268756,7.2756240042485265,25.020524437694018,47.18423169750608,22.64682220434438,1243305.0,17361800.0
2006-12-18,102.76,103.35,101.9,102.25,1677200.0,103.35,90.6,96.975,1.71142857142857,96.74057693541295,91.8537592604068,81.17299299994289,2.8788027665118676,2.634415057197685,0.24438770931418263,80.11730205278592,102.04441752236819,91.27858247763182,0.11137666024980346,7.1241487689889915,28.11775036215497,56.67779632721206,11.018363939899844,1275270.0,19039000.0
2006-12-19,101.01,101.99,100.09,101.92,1256800.0,103.35,90.6,96.975,1.6521428571428558,97.23385532251648,92.24851379921438,81.37943088054048,2.941666441687886,2.6958653340957253,0.24580110759216067,74.18459403192227,102.73464398073283,91.4303560192672,0.11644001711395598,3.7881873727087623,28.259691237848667,49.11370514483359,19.2390834414181,1293330.0,17782200.0
2006-12-20,103.64,104.5,103.16,103.85,1243000.0,104.5,90.6,97.55,1.7514285714285702,97.86396433941967,92.70347404238244,81.60301863297292,3.1113554585159733,2.778963358979775,0.3323920995361984,76.80798004987531,103.77412379858018,91.39087620141981,0.12690029049430343,6.186094069529657,29.307177271368214,54.85318107667215,18.148450244698232,1305315.0,19025200.0
2006-12-21,103.28,103.53,102.01,102.53,1224000.0,104.5,90.6,97.55,1.7335714285714263,98.30834868804637,93.0888280015047,81.8112473032916,3.1035465063611554,2.843879988456051,0.2596665179051043,75.76875768757688,104.42803847781514,91.39896152218486,0.13306721703983898,6.007030603804808,30.9449754274852,55.418211784095675,18.788627935723092,1311880.0,17801200.0
2006-12-22,103.78,103.99,102.9,103.79,867600.0,104.5,90.6,97.55,1.7378571428571408,98.83041071775624,93.50848180536725,82.02994135997527,3.16257315061182,2.907618620887205,0.25495452972461496,75.70900123304564,105.2552510183804,91.3367489816196,0.1415978476922845,7.165720185854418,32.72698417960267,53.59638306617354,18.74229346485817,1326500.0,18668800.0
2006-12-26,104.7,108.18,104.4,107.65,1305900.0,108.18,90.6,99.39,1.8521428571428555,99.67037160177945,94.06305114633325,82.28486731659244,3.480698605217185,3.022234617753201,0.458463987463984,77.26485862665899,106.77609465519055,91.19590534480946,0.15739790788981356,9.012658227848114,34.07265600400661,56.07404550713472,17.585807944465838,1304295.0,19974700.0
2006-12-27,109.88,112.21,108.8,111.97,2013700.0,112.21,93.16,102.685,2.13285714285714,100.84176478256236,94.76528443471234,82.58024177115371,4.034891498651959,3.224765993932953,0.8101255047190059,83.34117647058827,109.02083059424803,90.95016940575198,0.1807328181435913,13.917997761725488,36.403871286117244,62.190221031480355,15.271265907568635,1293685.0,21988400.0
2006-12-28,112.4,112.9,111.0,112.4,1464600.0,112.9,93.16,103.03,2.164999999999997,101.94254908898499,95.45684190786088,82.87695578338104,4.4574085348341725,3.471294502113197,0.9861140327209754,88.0582524271845,111.1312675066477,90.5847324933523,0.20371745437442143,14.764141311006739,40.149617353573106,63.54338502144522,11.877268228307488,1294775.0,23453000.0
2006-12-29,112.0,112.24,111.1,111.45,1246800.0,112.9,93.16,103.03,2.192142857142856,102.84802060431976,96.08402457814084,83.16126468105884,4.661860246545771,3.709407650999712,0.9524525955460592,84.08029878618116,112.61220221419765,90.72379778580236,0.2152929577487045,11.00597609561753,44.377788109846,62.75659824046931,10.231345715216692,1318185.0,22206200.0
2007-01-03,115.5,118.04,114.07,116.4,3717400.0,118.04,94.4,106.22,2.4949999999999983,104.13868530867026,96.88072949664513,83.49199836582443,5.163788393937523,4.000283799587274,1.1635045943502487,86.06456885982837,114.96065897398569,90.60034102601432,0.23701303212157332,15.247524752475261,48.21881989168524,65.64557686802188,8.989407386200982,1412430.0,25923600.0
2007-01-04,112.35,112.67,110.74,112.3,3354400.0,118.04,96.15,107.095,2.816428571428571,104.91595337451119,97.4854067712865,83.77864514825404,5.171124824014385,4.234452004472696,0.9366728195416885,74.91995731056561,115.99768400447104,91.24831599552897,0.23884048916690379,9.828850855745719,50.67366055458961,58.15369008369269,16.40882576718235,1535905.0,22569200.0
2007-01-05,110.36,110.36,105.34,105.95,4860100.0,118.04,96.15,107.095,3.250714285714284,105.01443400551013,97.81735160378508,83.99925564429132,4.611389835339409,4.309839570646039,0.3015502646933701,61.74142480211083,116.15336617513977,91.86763382486025,0.2334930833933066,3.9540816326530726,52.25501875003192,50.38453087233582,25.686662272028105,1703850.0,17709100.0
2007-01-08,107.6,109.62,107.09,109.05,2756100.0,118.04,96.15,107.095,3.3228571428571416,105.39877362403297,98.25784761932293,84.24851678215907,4.367593022726936,4.321390261062219,0.04620276166471715,62.446043165467614,116.54561629939825,92.60038370060177,0.22898102377092058,5.0072219547424135,52.78427416548568,43.916595012897744,25.128976784178825,1790840.0,20465200.0
2007-01-09,106.5,107.0,102.48,104.2,4332400.0,118.04,96.15,107.095,3.713571428571427,105.2846047074584,98.4908732028789,84.44703900323212,3.7399163972017675,4.205095488290129,-0.46517909108836175,54.102564102564095,116.34001558896989,93.55398441103011,0.2171194143514324,1.628791573198085,50.91831296732533,37.56491633006352,31.352183112136927,1902295.0,16132800.0
2007-01-10,102.12,102.7,98.2,102.15,6265500.0,118.04,97.41,107.725,3.9742857142857133,104.9860709257957,98.63436837139346,84.62318786887161,3.041994067833599,3.9724752041988234,-0.9304811363652243,49.87437185929649,116.04480709113147,94.3791929088685,0.20592341351046434,-1.5801136911070435,46.64203597874115,31.775700934579486,36.9877785765636,2176105.0,9867300.0
2007-01-11,101.01,104.81,100.9,103.0,3574200.0,118.04,97.41,107.725,4.099285714285713,104.79692131381516,98.80556961173097,84.80604172092265,2.5283284927692478,3.6836458619129084,-1.1553173691436607,51.339285714285715,115.88388002590499,94.965119974095,0.19842408597441755,-4.319554110543433,43.709086932438126,34.483359470291035,32.70604634953823,2270960.0,13441500.0
2007-01-12,104.0,105.4,103.54,105.4,2121800.0,118.04,97.41,107.725,4.086428571428571,104.8543573791661,99.06417472499643,85.01095672867467,2.2885240850377073,3.404621506537868,-1.116097421500161,51.899975484187316,115.68709899649237,95.87290100350764,0.18731516348066488,-5.8676431186925,40.29315852306602,31.235797937423566,32.80894948435586,2332275.0,15563300.0
2007-01-16,107.45,107.89,106.0,107.39,2885000.0,118.04,98.2,108.12,4.132857142857143,105.09584715257886,99.39067767695737,85.23363377615055,2.233309531002604,3.1703591114308156,-0.9370495804282117,55.861070911722145,115.4620691081548,97.04293089184523,0.17335251609429952,-4.457295373665482,37.28264834276338,35.18838575872799,30.452817144832338,2430645.0,18448300.0
2007-01-17,106.72,107.0,105.1,106.25,1919300.0,118.04,98.2,108.12,4.192142857142858,105.20576647138087,99.65967070923355,85.44275184802966,2.073659273214375,2.9510191437875277,-0.8773598705731529,52.97532656023221,115.33391526747934,97.75608473252066,0.16498034196779462,-4.665769403319874,34.09765270331694,33.90696881921966,31.555631283012424,2464975.0,16529000.0
2007-01-18,106.91,107.0,104.27,104.8,2289400.0,118.04,98.2,108.12,4.073571428571429,105.16712204553507,99.86125225004793,85.63536128237763,1.809276202033132,2.7226705554366486,-0.9133943534035165,46.33958386848188,115.17662493711559,98.29337506288444,0.15817913406315784,-9.965635738831624,31.107002206103257,27.546905137646867,33.92951078379799,2518760.0,14239600.0
2007-01-19,105.01,106.4,104.7,106.35,1702900.0,118.04,98.2,108.12,3.8692857142857164,105.27977708881744,100.11571294612448,85.84147709051318,1.7051666596314874,2.5191697762756164,-0.814003116644129,42.22898230088495,115.11805021158114,98.76194978841889,0.15294651601984519,-5.2983081032947466,28.546097020776603,21.561750046151033,35.720878715155955,2520045.0,15942500.0
2007-01-22,108.0,108.17,106.34,107.0,1806100.0,118.04,98.2,108.12,3.864285714285716,105.4436078422634,100.38568498745293,86.05200965677673,1.6560191074976558,2.3465396425200247,-0.6905205350223689,42.578339747113795,115.02370430307992,99.36429569692008,0.14608474920387188,0.9910335063709308,25.118901626989977,23.585951940850276,35.76709796672825,2547510.0,17748600.0
2007-01-23,107.0,108.9,106.51,108.9,2148400.0,118.04,98.2,108.12,3.942142857142858,105.77278804776213,100.71957969382733,86.2793528442715,1.7502081295295682,2.2272733399219335,-0.4770652103923654,46.584516474685245,115.14678372682906,99.74621627317097,0.14333242547368302,-0.13755158184318717,21.253173545257898,24.44283384671137,35.06069940206557,2592780.0,19897000.0
2007-01-24,109.0,110.5,108.4,110.5,1863000.0,118.04,98.2,108.12,3.6214285714285714,106.22299870988003,101.10312558818704,86.5203543085076,1.931692883206665,2.16815724857888,-0.23646436537221494,41.3184226015303,115.29481949622269,100.39518050377731,0.1381579024752689,6.046065259117084,18.33993708108797,18.32347140039446,38.165680473372774,2624730.0,21760000.0
2007-01-25,107.72,108.32,104.34,104.65,3534700.0,118.04,98.2,108.12,3.657142857142856,106.07318930893908,101.2422187023758,86.70074879300007,1.585201532005442,2.0515661052641927,-0.4663645732587507,39.294710327455924,115.24866530173695,100.52733469826303,0.13645012052752778,2.447381302006857,16.965063769732204,18.14453124999999,39.21875000000001,2758085.0,18225300.0
2007-01-26,105.06,105.79,102.85,105.5,2728000.0,118.04,98.2,108.12,3.3700000000000006,106.01859985094488,101.40919051796891,86.88780601894038,1.363475242238053,1.9139479326589648,-0.5504726904209118,49.25570625206747,115.21819764885433,100.34280235114565,0.13801564566604052,2.4271844660194164,16.576206528722334,19.690546841882135,34.27299703264098,2829190.0,20953300.0
2007-01-29,105.01,105.4,103.03,103.6,2760700.0,118.04,98.2,108.12,3.2842857142857147,105.78825700799774,101.49510461530346,87.05409650631411,1.0226529326796907,1.73568893266311,-0.7130359999834193,40.61315880124008,114.74888339665475,99.97511660334527,0.1376070378095553,-1.7077798861480198,16.56280081876334,20.204436711613727,35.16746411483256,2866540.0,18192600.0
2007-01-30,105.26,106.89,105.0,106.75,2219800.0,118.04,98.2,108.12,3.050000000000001,105.87985157866463,101.7011789441151,87.25007564555477,0.9952547934794893,1.587602104826386,-0.5923473113468967,54.66520307354555,114.07702881192127,100.08197118807875,0.13069782380233855,-0.5959586553682894,16.168279604650156,25.245901639344222,27.072599531615953,2904300.0,20412400.0
2007-01-31,103.4,104.99,102.35,103.82,3916000.0,118.04,98.2,108.12,2.9357142857142873,105.68367523783942,101.7842699659145,87.41495051475324,0.7287148862032211,1.415824661101753,-0.687109774898532,52.9599432825239,113.52207379487348,99.87392620512654,0.12791380897249188,-2.28705882352942,15.920035298935334,26.228710462287058,24.160583941605875,3037760.0,16496400.0
2007-02-01,104.23,104.79,103.37,104.34,1863200.0,112.67,98.2,105.435,2.757857142857145,105.555706167569,101.88449467313355,87.58335896734276,0.5530643618562436,1.2432726012526512,-0.6902082393964075,52.403156384505024,111.23221407194957,100.95778592805043,0.09684177523822182,-0.43893129770992134,16.214961394122444,22.45532245532241,25.718725718725754,2945050.0,18359600.0
2007-02-02,104.41,104.58,103.71,103.95,1734600.0,110.5,98.2,104.35,2.6485714285714304,105.40278177065767,101.96549488203027,87.74621111692144,0.37803259079402096,1.0702245991609252,-0.6921920083669042,47.19752609199845,109.98098634676889,101.37401365323113,0.08144565014821277,-2.256699576868826,16.773228479400863,21.79072276159649,26.77993527508094,2864060.0,16625000.0
2007-02-05,103.8,104.18,102.76,103.55,2114100.0,110.5,98.2,104.35,2.5721428571428597,105.22632636392837,102.02763233763693,87.90346274759885,0.2046825412062958,0.8971161875699993,-0.6924336463637035,42.092257001647454,109.96166011468402,101.15333988531599,0.08344570712046075,-3.224299065420566,18.552134259549753,15.523465703971073,30.213829491807825,2726760.0,14510900.0
2007-02-06,104.6,105.79,104.0,105.45,1983700.0,110.5,98.2,104.35,2.568571428571431,105.2476286149828,102.16184283420019,88.07805515807051,0.21810136228479848,0.7613132225129592,-0.5432118602281607,48.402555910543136,109.46341869460609,101.29158130539393,0.07754821844522936,-3.1680440771349905,19.451400494524073,20.022246941045555,27.753058954393754,2688140.0,16494600.0
2007-02-07,106.42,106.6,105.51,106.05,1184900.0,110.5,98.2,104.35,2.4557142857142873,105.32404493736539,102.31431958580018,88.25688047988076,0.27399244589575744,0.6638490671895189,-0.3898566212937614,52.58371227780074,109.52734162384876,101.41265837615124,0.07693830707971475,-4.027149321266976,19.184340116225833,23.298429319371646,26.61431064572426,2530765.0,17679500.0
2007-02-08,106.6,107.5,106.17,107.14,1317800.0,110.5,100.9,105.7,2.4378571428571445,105.49699303856869,102.50356195498449,88.44477221639937,0.4016109023328909,0.6114014342181933,-0.2097905318853024,51.66455962916141,109.5229913324173,101.91600866758269,0.07195439502489719,2.3793597706641245,17.513689318377388,26.10606504541452,26.809258716671554,2283380.0,18997300.0
2007-02-09,107.28,107.29,104.65,105.37,1649100.0,110.5,102.35,106.425,2.4957142857142878,105.4848984634669,102.61597129008314,88.61318244310186,0.35582352885960233,0.560285853146475,-0.20446232428687272,46.72032193158955,109.42633548862581,102.24966451137418,0.06780807438964864,-0.12322274881516604,17.463483901583135,20.435031482541444,30.53806525472236,2187125.0,17348200.0
2007-02-12,106.88,106.88,105.0,105.75,1200100.0,110.5,102.35,106.425,2.459285714285716,105.51014622885101,102.73887437674655,88.78369804068295,0.3462086518778591,0.5174704128927519,-0.17126176101489277,43.24903557651092,109.43825092778025,102.27274907221971,0.06769135147026406,2.075289575289574,17.97043814591142,18.61748475166999,30.990415335463243,2141040.0,18548300.0
2007-02-13,104.48,106.0,104.44,106.0,1070800.0,110.5,102.35,106.425,2.4207142857142876,105.55679896896044,102.86676165608982,88.95500452784033,0.3546732508023922,0.48491098047467995,-0.13023772967228775,39.76342129208372,109.29661787933703,102.27538212066294,0.06637206963751438,-0.7025761124121788,18.32038381247128,14.192977279433414,33.13661847152551,2050330.0,19619100.0
2007-02-14,105.2,106.66,105.07,106.15,1119400.0,110.5,102.35,106.425,2.094285714285717,105.61329430524992,102.99551610094905,89.12609901015038,0.36922901063439895,0.4617745865066238,-0.09254557587222484,54.606879606879595,109.28911930421637,102.27288069578361,0.06632796634965409,2.244268926989035,16.65689801888309,18.656207366984916,24.454297407912662,2010335.0,20738500.0
2007-02-15,106.57,106.57,105.81,106.2,811700.0,110.5,102.35,106.425,1.9385714285714297,105.66917103808326,103.12118213620595,89.29598857223844,0.38041396194854826,0.4455024615950087,-0.06508849964646046,52.26098191214471,109.33246913937279,102.36953086062721,0.06578056209904094,1.7826336975273138,14.861228535959532,20.154753131908553,20.92851879145169,1936450.0,21550200.0
2007-02-16,106.38,106.9,105.91,106.9,842400.0,110.5,102.35,106.425,1.8328571428571447,105.7863928439801,103.26937107204101,89.47115286505199,0.44068235443742765,0.44453844016349253,-0.003856085726064884,61.554621848739515,109.38516298111779,102.37183701888219,0.06623937779847276,2.8379028379028393,13.00569391700015,22.603273577552578,22.135619641465265,1893425.0,22392600.0
2007-02-20,106.37,107.45,106.0,107.21,1046800.0,110.5,102.35,106.425,1.701428571428573,105.92197447788675,103.42390553980411,89.64765880669327,0.5076085040576288,0.4571524529423198,0.050456051115308986,52.01048951048948,109.41102633063244,102.36697366936752,0.06652298785770869,3.5345243843553753,13.312007564993772,20.403022670025166,23.84550797649029,1855460.0,23439400.0
2007-02-21,106.7,108.27,106.62,107.99,1366400.0,110.5,102.35,106.425,1.5050000000000006,106.11892928951659,103.60296806765493,89.83016966433811,0.6164810314916025,0.4890181686521764,0.1274628628394261,72.44348762109794,109.22234611259755,102.46465388740243,0.06384607675667485,2.408724513987659,15.192043396469911,26.95775984812525,14.380635975320294,1816360.0,24805800.0
2007-02-22,107.99,108.4995,107.2,108.0,1130600.0,108.4995,102.35,105.42474999999999,1.496392857142857,106.2980788809912,103.77540069245278,90.01096399603625,0.6955523161593362,0.5303249981536083,0.16522731800572787,70.84282460136671,108.50507892499876,102.93192107500123,0.05271695918876572,1.8387553041018467,17.008956269307106,28.208310460870162,14.463352347311332,1779740.0,25936400.0
2007-02-23,107.2,107.4,105.29,105.4,1435900.0,108.4995,102.35,105.42474999999999,1.6278214285714279,106.21254755899204,103.83911046921934,90.1640887323941,0.5421688233359561,0.5326937631900779,0.009475060145878178,56.59690627843496,108.50192444408357,103.01007555591643,0.05192943084238379,-1.6240433078215322,16.913515168719083,25.930801465587212,21.67664933412311,1674800.0,24500500.0
2007-02-26,106.15,106.25,105.04,105.4,915800.0,108.4995,102.35,105.42474999999999,1.6128214285714273,106.13516207718328,103.9003218233676,90.31568983953447,0.4158180090346093,0.5093186123589842,-0.09350060332437493,58.73465533522196,108.49925035249413,103.00274964750588,0.05197587450698575,0.0284711018316397,15.794235305271084,26.171970149914742,18.778095174826714,1584190.0,24500500.0
2007-02-27,100.15,100.5,92.55,95.0,8906400.0,108.4995,92.55,100.52475,2.37067857142857,105.07467045078488,103.55128959500026,90.3622998908824,-0.5175430905922127,0.3039462717687449,-0.8214893623609576,22.629649030906208,110.8104229396641,99.8315770603359,0.10424175500924024,-10.165484633569744,18.860536405101275,12.954398228355343,50.40750839874061,1891475.0,15594100.0
2007-02-28,98.08,99.85,97.0,99.1,5481000.0,108.4995,92.55,100.52475,2.6349642857142848,104.5056542173768,103.37672921872574,90.44924218052536,-0.9158454553643054,0.059987926342134845,-0.9758333817064402,34.61708720672863,111.04057997325373,98.83642002674628,0.11629821225296193,-6.509433962264155,23.06342629693005,9.459331246018536,45.35165833096141,2054535.0,21075100.0
2007-03-01,94.75,97.07,93.5,96.66,3072100.0,108.4995,92.55,100.52475,2.9313928571428556,103.7584490538171,103.11332807289337,90.51104076579377,-1.4121126020619243,-0.234432179338677,-1.1776804227232474,28.11194653299914,111.71215360613363,97.44884639386635,0.13638591527356705,-8.940178991992475,28.490254489160613,6.309774729224289,49.29397287978659,2012340.0,18003000.0
2007-03-02,95.75,97.62,95.1,95.69,2799400.0,108.4995,92.55,100.52475,2.9228214285714276,102.99002533440596,102.82221716807402,90.56257269847244,-1.862212359707513,-0.5599882154124443,-1.3022241442950688,29.083837510803775,112.31506247519073,95.98093752480926,0.15683570448190523,-9.896421845574388,32.16469553389674,7.672381138576995,45.72392135778788,2059150.0,15203600.0
2007-03-05,91.28,93.5,89.77,91.65,3880300.0,108.4995,89.77,99.13475,3.2113928571428567,101.91002292160539,102.38409100462015,90.57339287062695,-2.5159120289773256,-0.9511729781254206,-1.564739050851905,23.69402985074626,113.4317040087385,93.63429599126147,0.19121833635147287,-14.265668849391954,35.875879660643015,6.982951322857267,53.47034553320212,2166435.0,11323300.0
2007-03-06,95.41,97.35,94.84,96.5,2321600.0,108.4995,89.77,99.13475,3.507107142857141,101.39478264335726,102.1533423377723,90.6323640858446,-2.612503940468173,-1.2834391705939712,-1.3290647698742017,34.872611464968145,113.5667590904869,92.79424090951312,0.20132213141992697,-9.989739763081795,36.88276514588178,14.235379179014062,47.821260908970594,2176810.0,13644900.0
2007-03-07,95.95,96.65,95.03,95.41,1367300.0,108.4995,89.77,99.13475,3.5092499999999984,100.8248033439899,101.88889754021261,90.6799027516571,-2.7453608062747605,-1.575823497730129,-1.1695373085446314,33.39517625231909,113.5615457714347,91.79545422856528,0.21198295205782536,-11.649226780257427,40.03164407894518,12.883298222045845,47.7920597604291,2145990.0,12277600.0
2007-03-08,98.37,99.26,98.17,98.6,1650300.0,108.4995,89.77,99.13475,3.7299642857142854,100.61291731122895,101.75992116608663,90.75870968945155,-2.5636918457953186,-1.7733971673431672,-0.7902946784521514,39.28974069898533,113.2131225401225,91.3988774598775,0.2132254714312455,-8.703703703703713,43.1007644100024,17.119083867137775,44.964045998142474,2169260.0,13927900.0
2007-03-09,99.49,99.49,97.32,98.25,1584200.0,108.4995,89.77,99.13475,3.814249999999999,100.38787756730238,101.62227719878912,90.83324989154656,-2.420062981080136,-1.9027303300905611,-0.5173326509895748,37.68858525476798,112.66322749341931,91.0597725065807,0.21208655858041175,-6.7836812144212555,46.43505577729037,16.12281013867171,45.562224365396716,2182580.0,12343700.0
2007-03-12,98.65,100.43,98.65,99.81,1928300.0,108.4995,89.77,99.13475,3.8663928571428565,100.33284160851169,101.55120750471896,90.9225707881481,-2.1555097340117726,-1.9532862108748035,-0.20222352313696912,39.82957669048929,112.29080842388488,90.87619157611512,0.2108080234267353,-5.303605313092985,49.164834597490376,16.625869442725342,44.94776415817625,2196540.0,14272000.0
2007-03-13,98.51,99.3,95.05,95.6,4139800.0,108.4995,89.77,99.13475,4.088535714285714,99.88209478865343,101.31782681825939,90.96911237234563,-2.259514913841258,-2.0145319514680944,-0.24498296237316364,34.438583270535034,111.91318821563223,90.23881178436775,0.21443642834366694,0.6315789473684053,50.89850127714533,14.289957110037681,48.79497549768957,2343525.0,10132200.0
2007-03-14,96.01,97.75,94.28,97.75,2910400.0,108.4995,89.77,99.13475,4.243571428571429,99.679038142115,101.17791204107274,91.03658389102877,-2.1437410243761406,-2.040373766049704,-0.10336725832643667,37.783075089392135,111.3383642786879,89.9886357213121,0.21209006797275887,-1.3622603430877844,52.64176343149895,13.381585591651262,48.30836559501769,2435505.0,13042600.0
2007-03-15,97.28,98.58,97.19,97.98,1414700.0,108.4995,89.77,99.13475,4.149285714285716,99.5172249857231,101.05250372573656,91.10567260853098,-2.0102573101299583,-2.034350474865755,0.0240931647357967,40.6265790803436,110.66792213398367,89.84207786601633,0.20772873440693573,1.365611421477353,55.62009627870777,15.114477534859722,46.118092614907916,2450270.0,14457300.0
2007-03-16,98.2201,98.47,97.0,97.01,1603500.0,108.4995,89.77,99.13475,4.1678571428571445,99.27844165374948,100.89397416786454,91.16442213481426,-1.960146054693439,-2.019509590831292,0.05936353613785306,39.65474722564735,109.91064440409902,89.68035559590099,0.2027174452575319,1.379454488452292,58.05581448764618,15.047129391602422,45.809768637532144,2489860.0,12853800.0
2007-03-19,99.5,100.39,98.93,100.13,2227800.0,108.4995,89.77,99.13475,3.491428571428572,99.35954244863048,100.86401439657574,91.25363186481611,-1.649658363913332,-1.9455393454477001,0.29588098153436815,57.70964833183047,109.0085005159006,89.9054994840994,0.19207296652624953,9.25259138025094,54.84754619057386,21.890343698854366,29.132569558101483,2559130.0,15081600.0
2007-03-20,100.11,101.16,99.95,101.02,1559300.0,108.4995,89.77,99.13475,3.231428571428572,99.51768126304663,100.87013147906296,91.35080965720601,-1.316602100607966,-1.8197518964797534,0.5031497958717874,53.1936127744511,108.01810402619012,90.2768959738099,0.17893752290658074,4.683937823834183,50.939703530781806,25.353669319186583,31.476569407603904,2584755.0,16640900.0
2007-03-21,101.15,104.0,99.0,103.41,2116800.0,108.4995,89.77,99.13475,3.1885714285714295,99.88837828561361,100.96973416615853,91.47080160091541,-0.850001300575471,-1.625801777298897,0.7758004767234261,61.24625124958347,107.03212019271086,90.80487980728913,0.16404656748153013,8.384865318100832,46.43591772080145,32.05645161290325,24.05913978494625,2622275.0,18757700.0
2007-03-22,103.12,103.12,101.5901,102.06,1170800.0,107.4,89.77,98.58500000000001,3.1385642857142853,100.09519940126945,101.01248968905428,91.57616675911525,-0.5824365563839109,-1.4171287331159,0.834692176731989,60.48042119118133,105.70487794825897,91.53812205174103,0.14364774310386622,3.509127789046662,42.226205601244104,31.315501400776984,24.442477110780885,2624285.0,17586900.0
2007-03-23,102.6501,103.25,102.32,102.95,729800.0,106.25,89.77,98.00999999999999,2.800707142857142,100.36708517257712,101.08847048556196,91.68933922917381,-0.2951714541667627,-1.1927372773260725,0.8975658231593098,70.74155653450808,105.16099559164854,91.83700440835145,0.13527031932605504,4.783715012722656,39.87190517760958,35.42472691845683,13.797535826411217,2588980.0,18316700.0
2007-03-26,103.61,103.6199,101.65,103.0,1086800.0,104.0,89.77,96.88499999999999,2.5342714285714285,100.61783896566502,101.16343242730463,91.80188311744074,-0.06275382189787138,-0.9667405862404324,0.903986764342561,64.48306595365419,104.58871361319356,92.16928638680642,0.12624063292356238,3.196072537821859,37.760792490082295,28.29779198304389,17.136511479771585,2597530.0,19403500.0
2007-03-27,102.49,102.95,101.75,102.3,1016400.0,104.0,89.77,96.88499999999999,2.507842857142857,100.77804477845882,101.20800370466523,91.90634199189407,0.06421445206662213,-0.7605495785790215,0.8247640306456436,65.62358276643991,104.97557798719657,92.51242201280343,0.12621684329572577,7.008368200836834,35.405941395248455,28.59600453434656,17.31710234749272,2203030.0,18387100.0
2007-03-28,102.17,102.17,100.41,101.33,1449400.0,104.0,89.77,96.88499999999999,2.3678428571428562,100.83061194241512,101.21278787310973,92.00010973326826,0.0855803139810547,-0.5913236000670062,0.6769039140480609,56.883509833585485,105.19280301261277,92.51819698738724,0.1282134633401837,3.662404092071614,32.20710192101917,22.413408225690684,22.38324213117426,2001450.0,16937700.0
2007-03-29,103.95,104.47,102.78,104.24,1811000.0,104.47,89.77,97.12,2.43712857142857,101.15531556694701,101.33150207416426,92.12189968617106,0.33348142728746666,-0.4063625945961117,0.7398440218835783,63.37650736936131,105.91623464713491,92.55276535286508,0.13466555778756212,6.389058991630936,30.182896760890994,28.51716598573265,19.255681451825616,1938395.0,18748700.0
2007-03-30,104.02,104.62,102.3,102.43,3099200.0,104.62,89.77,97.195,2.4471285714285704,101.27671408438063,101.37458042419703,92.22446784849772,0.3795181237265268,-0.24918645093158398,0.6287045746581108,55.7862190812721,106.17999302034782,92.96300697965215,0.13273864550293682,5.5870528811462705,27.682043821893924,25.656892334456117,20.578053578829998,1953385.0,15649500.0
2007-04-02,103.72,105.09,103.4,104.48,2226200.0,105.09,94.28,99.685,2.2971285714285696,101.58178893348723,101.49636158403244,92.34641344204502,0.5747945312075444,-0.0843902545037583,0.6591847857113027,71.67968750000006,106.02687849528009,94.3991215047199,0.11603042510013857,4.344352341955471,27.04032276252635,28.79371140367788,10.727678654717975,1870680.0,17875700.0
2007-04-03,105.4,106.47,104.99,106.15,1360300.0,106.47,94.28,100.375,2.1914142857142838,102.0168566541075,101.67885720818803,92.48376256202468,0.8544578757444299,0.10337937154587934,0.7510785041985506,71.00000000000004,106.80607917833672,94.5849208216633,0.12136747279345564,5.078202336171067,27.26483103614786,34.680799744457254,8.735389409318167,1822615.0,19236000.0
2007-04-04,106.6,106.99,106.19,106.9,892800.0,106.99,94.28,100.63499999999999,2.1521285714285687,102.48191792514488,101.88360790590616,92.62720771066125,1.1236589818545895,0.30743529360762134,0.8162236882469681,71.7348927875244,107.44839018378921,95.0916098162108,0.12201817288020547,3.374915385359256,27.8482858106544,34.28499359438163,8.894848289733075,1798890.0,20128800.0
2007-04-05,106.3,107.29,106.2,107.0,843600.0,107.29,94.28,100.785,2.1249857142857116,102.91221145608347,102.08425073312553,92.77022056926164,1.3297435067915586,0.5118969362444088,0.8178465705471498,75.41984732824432,108.23531411332489,95.14468588667513,0.12873073288081183,4.8402900254752135,28.66925308492666,35.73133264761447,8.369804166750693,1758555.0,20972400.0
2007-04-09,108.13,109.0,107.258,107.7,1558800.0,109.0,94.28,101.64,2.0264142857142837,103.36819131740886,102.30447619457159,92.91877558847297,1.5318924251120762,0.7158960340179423,0.8159963910941339,71.96749854904242,109.01917980109332,95.30582019890667,0.13423085380826275,4.613890237979601,32.04290922671354,36.72919794993267,8.776938857517491,1757285.0,22531200.0
2007-04-10,107.75,108.58,107.75,108.29,1032300.0,109.0,94.28,101.64,2.002842857142855,103.83693500146515,102.53920261831388,93.07172309505533,1.719879270803503,0.9166926813750544,0.8031865894284484,71.470761961016,109.86636776918552,95.30663223081449,0.14192642831533417,5.135922330097098,35.48609246272606,34.415366728721324,8.88023452378404,1712485.0,23563500.0
2007-04-11,109.0,109.19,107.11,107.57,1668000.0,109.19,94.28,101.735,1.7942714285714263,104.19246500132562,102.7364887901447,93.21598455679609,1.7901267508089944,1.0913794952618425,0.6987472555471519,63.63040629095675,109.99974098824201,96.37025901175797,0.1320878226145665,5.151515151515151,37.11256644778268,27.11008845611827,12.46029028893542,1588895.0,21895500.0
2007-04-12,108.34,110.58,107.5,110.24,2261700.0,110.58,97.0,103.78999999999999,1.88427857142857,104.76842071548508,103.03074413170766,93.38537774528568,2.0377550983824335,1.2806546158859609,0.7571004824964727,74.66827503015679,110.81366560265796,96.80533439734204,0.13494267100136237,8.793052403039582,39.42841822034141,31.084272495346816,11.865094257370187,1556460.0,24157200.0
2007-04-13,109.89,110.08,108.93,110.08,855400.0,110.58,97.0,103.78999999999999,1.8928499999999977,105.2742854092484,103.30718553830737,93.5514933896112,2.195780098921361,1.463679712493041,0.73210038642832,72.49211356466877,111.38877898555857,97.44022101444143,0.1335883231842047,5.6024558710667804,39.440512436266125,30.45294510545324,11.811365325906888,1528495.0,23301800.0
2007-04-16,111.97,112.49,111.41,112.01,1629900.0,112.49,98.93,105.71000000000001,1.9242857142857122,105.91578203693904,103.64847237994238,93.73516012205287,2.448525838957025,1.6606489377858378,0.787876901171187,75.4089114495206,112.01105418517292,98.31794581482708,0.1302065656219146,9.3527286927658,42.112841353796206,38.90126206384559,9.13140311804013,1529815.0,24931700.0
2007-04-17,112.11,112.95,111.21,111.97,1627500.0,112.95,99.0,105.975,1.9592857142857127,106.49237422389722,103.97480679641522,93.91660131486827,2.6154516940965777,1.851609489047986,0.7638422050485918,78.32454598711189,112.8144116487873,98.6985883512127,0.1334747585025468,7.168836140888213,44.87840030134841,39.883339409405785,8.968282901932227,1499800.0,23304200.0
2007-04-18,111.71,112.1,110.78,111.17,2747300.0,112.95,99.0,105.975,1.9185714285714266,106.93786239304985,104.25697123577149,94.08827692367556,2.6526106781050913,2.0118097268594073,0.640800951245684,79.11242603550296,113.3475239520262,99.18047604797377,0.1333193546643494,4.729156853509187,50.243600590487844,40.729709605361165,5.770662695457926,1559200.0,20556900.0
2007-04-19,107.89,109.81,106.9,109.5,3792700.0,112.95,100.41,106.68,1.999285714285712,107.18187549847367,104.4625802069177,94.24162740204696,2.5182752874780903,2.113102838983144,0.4051724484949464,66.79438058748404,113.65903416442116,99.47796583557884,0.1330699815502922,2.4321796071094415,50.48845743808908,30.868167202572387,19.399785637727756,1642995.0,16764200.0
2007-04-20,110.87,111.46,110.01,110.85,2327900.0,112.95,100.41,106.68,1.9735714285714252,107.53122068909522,104.71306725762682,94.40688484083256,2.492020775875986,2.1888864263617123,0.30313434951427354,77.69736842105256,114.01102070162226,100.00497929837776,0.13088779720436317,3.598130841121483,52.20663755193849,37.24212812160698,17.91530944625406,1700850.0,19092100.0
2007-04-23,110.14,110.14,108.41,108.8,1261600.0,112.95,100.41,106.68,1.9578571428571396,107.65205681394329,104.87333912987675,94.55009991704318,2.2795191411350118,2.2070129693163723,0.0725061718186395,64.21052631578944,114.07481208393204,100.52618791606798,0.1262680431858571,1.021355617455888,50.36831807283092,35.82634075155056,23.89638817949656,1727440.0,17830500.0
2007-04-24,109.01,109.44,108.25,108.9,984000.0,112.95,100.41,106.68,1.9007142857142827,107.77090854594869,105.03124739929335,94.6928849924955,2.0950290382338466,2.1846161830998674,-0.08958714486602082,60.08804108584004,114.0893399150338,101.10166008496617,0.12070839235904508,0.5633022439745172,46.91541679814746,31.71739947388204,25.216084178880138,1722300.0,18814500.0
2007-04-25,109.26,110.07,108.5,109.95,840200.0,112.95,100.41,106.68,1.95285714285714,107.97844106538214,105.2241396581446,94.84469708212241,2.0103712192858296,2.14976719033706,-0.13939597105123047,60.947595118449364,114.04573208304058,101.91026791695941,0.11238830285874127,2.2125127823742874,43.576612850728104,31.272860277981017,24.54279444038041,1713490.0,19654700.0
2007-04-26,109.8299,109.9,108.84,109.18,1054700.0,112.95,102.3,107.625,1.9542857142857113,108.09287524963146,105.37927143625657,94.98733691215105,1.85970915350849,2.0917555829713463,-0.23204642946285636,57.46575342465755,113.58283950907608,103.1581604909239,0.09619480410399672,-0.961538461538447,39.88028675931592,30.153508771929822,24.524853801169606,1693755.0,18600000.0
2007-04-27,108.3308,108.89,107.85,108.09,1480800.0,112.95,102.3,107.625,1.9064285714285691,108.09260141633322,105.48557451718769,95.11771166924407,1.6335242398252774,2.0001093143421325,-0.36658507451685507,51.30086724482988,113.40420080797512,103.72179919202492,0.08918693860661732,-1.8077761627906974,36.0746307359513,24.503559385537656,28.849756463094835,1677245.0,17119200.0
2007-04-30,107.4,107.43,105.06,105.29,1854000.0,112.95,103.4,108.17500000000001,2.0599999999999983,107.82568699573007,105.47790492827836,95.21892846855508,1.2143363531524045,1.8429547221041869,-0.6286183689517824,41.27906976744187,112.91167736580492,104.50032263419506,0.07737709723115432,-5.999464333541649,33.51861499973511,22.676837725381407,36.373092926491,1614985.0,15265200.0
2007-05-01,105.76,106.48,104.9,106.48,2398600.0,112.95,104.9,108.92500000000001,2.0242857142857127,107.69752632947007,105.51720277422824,95.33097893155454,0.9670029792274732,1.6677643735288443,-0.7007613943013711,46.915676287492964,112.66980450633034,104.94219549366966,0.07102190148209363,-4.903099044386883,32.37180318365086,23.076923076923066,35.32110091743119,1623605.0,17663800.0
2007-05-02,106.09,108.15,106.02,107.84,2546800.0,112.95,104.9,108.92500000000001,1.9564285714285705,107.71109525047292,105.6082928615134,95.45544680288236,0.8706933218307,1.5083501631892156,-0.6376568413585155,42.66503667481665,112.579707445906,105.20129255409404,0.06775995051737255,-2.9954124314113484,30.529359822075577,24.899598393574284,36.54618473895581,1682930.0,20210600.0
2007-05-03,108.75,109.87,108.42,109.45,1361000.0,112.95,104.9,108.92500000000001,2.007857142857143,107.87670522661836,105.75894804341485,95.59469608842582,0.9137476549605168,1.3894296615434758,-0.475682006582959,48.23133071308255,112.59201499127738,105.44398500872262,0.06556742907184832,-0.04566210045662267,27.944887353842997,30.380647456421173,35.61010316613301,1706340.0,21571600.0
2007-05-04,111.08,111.09,110.1,110.2,1652800.0,112.95,104.9,108.92500000000001,1.952857142857143,108.09797139551185,105.9331069436731,95.74002249550617,0.9968956634814816,1.310922861931077,-0.3140271984495955,44.55802766085387,112.65687822209851,105.69912177790154,0.0637285574401159,-0.5863779882724351,24.61233156640862,26.883686905632747,36.61302121433793,1746800.0,23224400.0
2007-05-07,112.0,112.09,111.05,111.19,1033300.0,112.95,104.9,108.92500000000001,1.9635714285714283,108.392450310225,106.13925961254867,95.89375361495387,1.129653839234578,1.2746690573917774,-0.1450152181571993,47.781569965870304,112.86913640129711,105.83586359870287,0.06431743949698672,2.1966911764705888,20.938045375654504,28.701345943979582,36.41324117861037,1720525.0,24257700.0
2007-05-08,110.49,110.5,109.4,110.22,1829800.0,112.95,104.9,108.92500000000001,1.9971428571428567,108.56650266163214,106.29928864735069,96.03630333022797,1.1434141895911694,1.2484180838316559,-0.1050038942404865,47.32394366197182,112.94875578095048,105.94924421904952,0.06395226600426646,1.2121212121211977,16.815793599338054,28.218884120171634,40.16452074391986,1760400.0,22427900.0
2007-05-09,110.75,111.99,110.5,111.83,1583100.0,112.95,104.9,108.92500000000001,1.818571428571428,108.87731193195289,106.51617928863106,96.19345454087247,1.269597778165803,1.2526540226984852,0.016943755467317745,56.5856416054268,113.1985912818302,106.12540871816981,0.06449985011818493,1.70986812187357,16.052893047872843,36.84210526315783,28.868813825608786,1756155.0,24011000.0
2007-05-10,111.4,111.82,108.89,109.0,3654000.0,112.95,104.9,108.92500000000001,1.8885714285714283,108.88899650986214,106.61358402241024,96.32088285389861,1.1282362275827893,1.2277704636753461,-0.09953423609255685,45.17475221700575,113.1374031509869,106.06259684901309,0.06455115239027198,-0.16486535995604568,14.076486788289799,29.23600605143718,33.888048411497714,1825770.0,20357000.0
2007-05-11,111.5,116.18,110.68,115.0,9248300.0,116.18,104.9,110.54,2.2271428571428578,109.47099684225623,106.94246308035494,96.50674471604887,1.4832579617119706,1.2788679632826712,0.2043899984292994,63.408304498269906,114.12955681033284,105.56244318966716,0.07799203995289478,6.392820797483578,14.386715431775883,38.774855676715845,23.604874919820347,2245415.0,29605300.0
2007-05-14,115.31,115.99,113.7,114.48,4302100.0,116.18,104.9,110.54,2.3057142857142856,109.94804476204135,107.23805276347828,96.68558307708321,1.703024186893387,1.3636992080048145,0.3393249788885726,61.85216652506373,114.64064535712055,105.29835464287945,0.08495347086456792,8.728274290056026,15.381771169298094,37.453531598513024,22.304832713754614,2379025.0,25303200.0
2007-05-15,114.15,115.88,113.9,114.09,2606600.0,116.18,104.9,110.54,2.335,110.34251668946598,107.50675657667522,96.85876135492317,1.8246869081962842,1.4558967480431084,0.3687901601531758,59.04720279720281,115.02567054464117,105.12532945535884,0.08994136832703313,7.146882043576253,16.151193661443134,35.0565922300398,22.02508412358516,2427980.0,22696600.0
2007-05-16,115.35,116.52,114.58,116.48,2422800.0,116.52,104.9,110.71000000000001,2.429285714285714,110.92703890951684,107.85864847562914,97.05399756034683,2.0898678219441678,1.5826909628233203,0.5071768591208474,64.89795918367346,116.04980723093541,104.6321927690646,0.10347572037475472,8.01186943620178,17.229371046386756,35.57777124375187,21.170244045868834,2411755.0,25119400.0
2007-05-17,115.22,116.18,114.8,115.57,1771100.0,116.52,104.9,110.71000000000001,2.4542857142857133,111.36922568003905,108.16105441776133,97.23823639059214,2.201221895998003,1.706397149458257,0.4948247465397462,65.37828947368419,116.79348699401875,104.49551300598124,0.11114853416154905,5.5915943353129105,18.94523866602466,35.21536670547152,18.073341094295643,2310675.0,23348300.0
2007-05-18,114.81,115.28,114.67,114.84,1937400.0,116.52,104.9,110.71000000000001,2.3021428571428553,111.69977561527342,108.42297385235894,97.41337831705391,2.205146348364977,1.8061469892396012,0.39899935912537576,71.46067415730337,117.27356460832394,104.41443539167608,0.1160110535224988,4.210526315789465,21.19082616391078,37.542662116041015,11.01458268693759,2291150.0,21410900.0
2007-05-21,115.25,115.57,114.51,114.7,3650900.0,116.52,104.9,110.71000000000001,2.2649999999999975,111.98551127096167,108.66913174050173,97.58538450295387,2.1719230976739823,1.8793022109264774,0.29262088674750486,69.38679245283019,117.71346383645252,104.56453616354744,0.11831065308222205,3.15675870132206,23.767072818247804,39.072847682119246,10.690633869441784,2410615.0,17760000.0
2007-05-22,114.94,114.94,113.19,113.95,1873100.0,116.52,104.9,110.71000000000001,2.23785714285714,112.17260543563198,108.87622461342323,97.74821649794936,2.061313165107819,1.9157044017627458,0.14560876334507333,64.83729966002915,117.99174648662387,104.79125351337618,0.1185053884115726,3.3841408092905034,25.195347735905518,34.21640600063841,15.033514203638685,2455070.0,15886900.0
2007-05-23,114.21,115.49,112.72,113.1,3664000.0,116.52,104.9,110.71000000000001,2.2907142857142824,112.26092872747655,109.04186286387723,97.90097056264638,1.883355945403764,1.9092347104909495,-0.02587876508718545,59.20322743318203,118.15474518685548,104.94325481314453,0.11843665450798253,1.1356523294285825,27.053673854995356,29.778609292173407,14.686623012160899,2596260.0,12222900.0
2007-05-24,112.27,113.5,108.89,110.0,6026400.0,116.52,104.9,110.71000000000001,2.502857142857139,112.0456021820026,109.07943686921539,98.02135891525687,1.475174580160953,1.8224226844249503,-0.3472481042639972,49.54914337240756,118.14380965947376,105.03619034052625,0.11746231130878675,0.917431192660545,26.048119043055856,23.77283105022834,24.372146118721474,2844845.0,6196500.0
2007-05-25,111.9,112.28,111.32,112.04,3173900.0,116.52,104.9,110.71000000000001,2.530714285714282,112.0450686408595,109.19553738414812,98.16084788127422,1.3012983016355406,1.7181978078670683,-0.4168995062315277,51.829530779164884,118.13193602072181,105.44306397927818,0.11350886316845471,-2.5739130434782598,25.746752844930715,20.688681907987604,24.10386677956535,2929500.0,9370400.0
2007-05-29,112.03,112.36,109.64,110.68,3695300.0,116.52,104.9,110.71000000000001,2.597142857142854,111.91506210363478,109.25375160437761,98.28541655907249,1.0417508093249097,1.5829084081586366,-0.5411575988337269,50.97375105842508,117.6531042840421,106.46089571595788,0.09987960206041771,-3.319357092941999,25.05604733718092,20.159515951595182,23.569856985698582,3021565.0,5675100.0
2007-05-30,107.99,111.54,107.65,111.13,5111600.0,116.52,106.02,111.27,2.748571428571426,111.840294284241,109.3273299728334,98.41322335947973,0.8624272662402319,1.4388121797749558,-0.5763849135347239,48.44167408726624,117.26159253840936,107.31740746159065,0.08855845895492198,-2.594442983609435,26.2450899508587,15.1767151767152,27.44282744282744,3157215.0,10786700.0
2007-05-31,112.97,113.5,111.84,112.35,3260100.0,116.52,107.65,112.08500000000001,2.7078571428571405,111.88883768574185,109.44586605233013,98.55189775391277,0.8094253191939487,1.3129348076587544,-0.5035094884648057,58.0335731414868,117.02502859134134,108.00497140865863,0.08016759705535001,-3.5456730769230838,26.209089179231082,20.575046161962554,23.608546557636497,3192880.0,14046800.0
2007-06-01,114.35,114.53,113.46,114.52,2166600.0,116.52,107.65,112.08500000000001,2.3507142857142833,112.13942457281405,109.64485169733679,98.71078434342608,0.9317807701497713,1.2367040001569578,-0.30492323000718646,48.58989424206814,117.12032369514938,108.4166763048506,0.0771815479526533,-0.9085402786190189,26.856535205327702,13.582497721057397,27.195381343056813,3233160.0,16213400.0
2007-06-04,113.61,114.56,113.41,114.3,2562700.0,116.52,107.65,112.08500000000001,2.269285714285713,112.34519366111748,109.82740653273535,98.86590091712334,0.9994748611248525,1.1892581723505369,-0.18978331122568437,49.46172248803826,117.20035785997123,108.7466421400288,0.07482919197814032,-0.4702194357366851,27.447990011955678,14.069877242681736,28.32861189801697,3278655.0,13650700.0
2007-06-05,115.3,116.0,114.26,115.45,2295900.0,116.52,107.65,112.08500000000001,2.2521428571428563,112.64088950291581,110.04790039419672,99.03091682839575,1.132859406918712,1.177978419264172,-0.04511901234546012,53.89016018306636,117.46397724470005,108.90902275529994,0.0755828167617172,0.6538796861377483,27.297616017876358,18.74405328258796,28.54424357754516,3341785.0,15946600.0
2007-06-06,114.77,115.25,113.47,113.77,2365900.0,116.52,107.65,112.08500000000001,2.2199999999999998,112.74842383597145,110.19386508462038,99.17757437239182,1.090435795709709,1.1604698945532794,-0.07003409884357037,41.92009540846748,117.4116134618836,109.31638653811638,0.07140915038078428,-0.15796401930672221,27.627950244748792,16.9562419562419,31.49935649935648,3368590.0,13580700.0
2007-06-07,114.4,115.81,112.23,112.84,3760600.0,116.52,107.65,112.08500000000001,2.355714285714285,112.75714537540274,110.29763508130193,99.31351890599986,0.9705832707373077,1.1224925697900852,-0.1519092990527775,41.870160810005984,117.40634682228801,109.422653177712,0.07039394120307386,-0.22988505747125743,27.854322332050398,15.979381443298918,33.44451182534867,3477465.0,9820100.0
2007-06-08,113.5,115.7,113.49,115.7,3503500.0,116.52,107.65,112.08500000000001,2.4957142857142856,113.03741724441201,110.50949252909402,99.47656846912425,1.09376908996704,1.1167478738254761,-0.022978783858436103,52.272727272727266,117.27927396025659,110.21972603974338,0.06206223254179765,5.181818181818176,26.43896344130518,15.082999427590101,31.196336576989097,3469940.0,13323600.0
2007-06-11,115.9,117.57,115.43,116.95,2273000.0,117.57,107.65,112.61,2.5728571428571425,113.41004417351563,110.76206144952171,99.65043345948122,1.2775326909024045,1.148904837240862,0.1286278536615426,55.61657513729406,117.62145764664211,110.0725423533579,0.06630754691194507,4.38236344162799,23.994869218171697,19.017212659633483,30.260966129927798,3121175.0,15596600.0
2007-06-12,115.4,116.45,114.4,114.72,2388300.0,117.57,107.65,112.61,2.6299999999999994,113.53480187127604,110.91727472601106,99.80037939520778,1.2290565071235307,1.1649351712173956,0.064121335906135,51.78986517898651,117.64344405984346,110.07455594015653,0.06647597572161122,3.6501626310083024,22.750929202859812,18.604019554589847,28.81586094513848,3025485.0,13208300.0
2007-06-13,115.88,117.39,115.88,116.83,2609400.0,117.57,107.65,112.61,2.6228571428571428,113.84863026448785,111.14914630538317,99.9698283564495,1.3453893374150283,1.2010260044569223,0.144363332958106,58.190601668862556,118.0072389475966,109.98476105240336,0.07037508241686768,5.129128048231801,21.675104763687226,19.71677559912849,28.894335511982533,3025625.0,15817700.0
2007-06-14,118.12,119.98,118.07,119.85,2943900.0,119.98,107.65,113.815,2.518571428571429,114.42018928691758,111.49035625419168,100.16764100961916,1.662112901462038,1.2932433838579456,0.36886951760409237,71.70559717937417,118.84275642284324,109.48624357715677,0.0819564124196792,6.675567423230966,22.897791834523566,27.878615995462226,19.228587634713517,3051680.0,18761600.0
2007-06-15,121.32,122.86,121.1,122.73,4204200.0,122.86,107.65,115.255,2.570714285714286,115.21159983102066,111.93112659716456,100.39214209410056,2.1210602761260873,1.458806762311574,0.6622535138145134,72.7156821079473,120.55378641248723,108.49121358751279,0.10532928311008262,7.169053440447093,24.526464032369436,35.31536537927196,18.838566268407853,3173335.0,22965800.0
2007-06-18,125.02,125.89,124.49,125.56,2805100.0,125.89,107.65,116.77000000000001,2.6021428571428578,116.19716175187584,112.46559222080518,100.64256854092544,2.682217788741781,1.7034889675976153,0.9787288211441656,79.75999999999999,122.85549881533241,107.26150118466761,0.13553103534866873,9.851268591426066,27.616244035921937,43.20614877847922,13.999451001921475,3216720.0,25770900.0
2007-06-19,125.45,127.09,125.04,126.44,2659600.0,127.09,107.65,117.37,2.470714285714286,117.17267015645909,113.01360821214615,100.89925940121474,3.1615039563040312,1.9950919653388985,1.1664119909651327,80.1022414471097,124.95069147686021,106.34030852313981,0.1609261316153279,9.519272412299685,30.487463200553915,48.97369181844458,8.991037872217401,3167155.0,28430500.0
2007-06-20,127.5,128.2,125.75,126.09,4799400.0,128.2,107.65,117.925,2.4764285714285705,118.02193966536775,113.52640789010121,101.14991353652603,3.473064298909165,2.290686432052952,1.1823778668562128,77.97231270358309,126.61569575786197,105.889304242138,0.17828770577599604,10.828865254460762,34.82592713090218,46.40899913469853,8.970291318142488,3313470.0,23631100.0
2007-06-21,128.75,130.04,128.15,129.94,3453500.0,130.04,107.65,118.845,2.6028571428571405,119.15699303057083,114.17007816892078,101.43638205855065,3.9847077092247645,2.6294906874873147,1.3552170217374497,79.38262195121952,129.0008034609925,105.18819653900749,0.20336230072279235,15.154200638071602,37.36396511638036,46.37760702524696,8.534577387486285,3302945.0,27084600.0
2007-06-22,129.69,130.4,128.11,128.57,2493000.0,130.4,107.65,119.025,2.684285714285711,120.05346988480218,114.73478098582585,101.70636830672427,4.230870407230157,2.9497666314358835,1.2811037757942731,76.04965315808688,130.48323755792717,105.56276244207282,0.21114931086190272,11.123595505617967,39.953365132915046,45.92868547099524,8.142629058009595,3126275.0,24591600.0
2007-06-25,128.27,129.1,127.12,127.68,2897300.0,130.4,107.65,119.025,2.701428571428568,120.7798060862496,115.24243663344052,101.96481240317478,4.304520721539447,3.2207174494565964,1.0838032720828505,72.53962403243644,131.64165885370076,105.96834114629921,0.21609627294643788,9.174861051731508,42.704128104590794,41.829719725013256,10.708619777895336,3112445.0,21694300.0
2007-06-26,127.8,128.1899,125.97,126.02,2831100.0,130.4,107.65,119.025,2.7185642857142818,121.27887217327344,115.66508617722717,102.2041675036407,4.180747939627466,3.4127235474907707,0.7680243921366952,72.59313906307636,132.19594483344542,106.94805516655457,0.21115219003521607,9.850069735006972,44.588992666773756,41.56605771428726,11.586998389380994,3069235.0,18863200.0
2007-06-27,126.84,129.05,126.31,129.05,2391400.0,130.4,111.84,121.12,2.6792785714285685,122.01897958534263,116.18998475851238,102.47129021504728,4.277840512891558,3.585746940570928,0.6920935723206298,77.74734679904142,133.11284683888763,107.82315316111239,0.20992872528617762,10.459642215184473,46.9263634518685,44.468526975545196,8.451102242341408,2933225.0,21254600.0
2007-06-28,129.15,130.36,128.83,129.52,1331000.0,130.4,112.23,121.315,2.5842785714285688,122.73336248197667,116.712730454257,102.74043160594233,4.34265275105696,3.7371281026681347,0.6055246483888252,75.76435495898585,133.9821336945451,108.67086630545492,0.2086210958783957,8.06841885690448,49.44210526558051,49.724018032111836,8.761771038615416,2836770.0,22585600.0
2007-06-29,128.71,130.19,127.9,128.85,2146800.0,130.4,112.23,121.315,2.594992857142855,123.31589938845508,117.18870180899202,103.00022830638072,4.290495356445163,3.8478015534235404,0.44269380302162276,72.67530487804875,134.6986932892496,109.3873067107504,0.20739728274869684,4.986555854314334,52.05849041780521,44.37144060402048,11.285470094880598,2835780.0,20438800.0
2007-07-02,129.2,131.72,129.12,131.22,2224400.0,131.72,112.23,121.975,2.617849999999998,124.06867087526888,117.7389487968747,103.28102205457594,4.389796595920885,3.9562005619230094,0.4335960339978753,81.2736921910538,135.62717453665533,110.15082546334467,0.20731187554061514,4.507805033450141,55.54649051670858,48.15865800452399,8.376557644086406,2818865.0,22663200.0
2007-07-03,132.64,133.97,132.25,133.97,1504400.0,133.97,112.23,123.1,2.623564285714284,125.01165460143375,118.37546060876197,103.58638501920703,4.636943759659161,4.09234920147024,0.5445945581889209,81.71724648408583,136.96226707642793,110.66773292357209,0.21236953642818596,5.9553938627016745,59.350025503042765,51.62034201018799,8.358312982066447,2779290.0,24167600.0
2007-07-05,132.98,134.16,132.62,133.5,2368700.0,134.16,112.23,123.195,2.5085642857142827,125.82006844891625,118.96857980057523,103.88403292946369,4.740242035982234,4.221927768372639,0.5183142676095951,77.89129546383325,137.73431468936488,111.86868531063513,0.20725415462738628,5.876754699024511,62.94710207096006,47.153038590656685,8.741482749096738,2779430.0,21798900.0
2007-07-06,135.39,136.9,134.76,136.85,2079100.0,136.9,113.49,125.195,2.5364214285714257,126.87053812044803,119.66981196525856,104.21205250230484,5.0343903489307,4.384420284484252,0.6499700644464479,78.30793905372892,138.71534913843584,113.28865086156415,0.20179598956263942,5.317839002616598,65.66645686945502,46.24090746524224,8.645476331952569,2695355.0,23878000.0
2007-07-09,138.3,139.1,138.039,138.74,2283700.0,139.1,114.4,126.75,2.4714214285714258,128.00096306135774,120.4176624764249,104.55561416894858,5.358245689856915,4.579185365558785,0.77906032429813,77.45833333333331,140.1099763084548,114.19802369154526,0.20378401479237412,7.910087889865447,66.81216439515285,45.05822271162644,8.872858014040576,2634365.0,26161700.0
2007-07-10,138.08,138.79,136.6,137.11,2582800.0,139.1,114.4,126.75,2.481421428571426,128.86849038884748,121.07226394793764,104.87953840607348,5.420887387849163,4.7475257700168605,0.6733616178323025,71.55555555555557,140.91059183142153,115.41340816857841,0.1989449576539311,7.385651629072676,65.61972767793458,41.422399028206854,12.97931197268852,2649855.0,23578900.0
2007-07-11,136.9,138.15,136.9,137.85,2163500.0,139.1,115.88,127.49,2.395707142857141,129.7238722565763,121.73021438135186,105.20760270054042,5.46722048584482,4.891464713182453,0.575755772662367,73.38902147971358,141.09198899680436,117.5450110031957,0.18208514631401276,9.387398825583237,64.31271832449423,39.59493021744264,13.443689456438504,2638615.0,25742400.0
2007-07-12,139.02,140.5,138.79,140.49,2060100.0,140.5,118.07,129.285,2.3028499999999994,130.74921775594999,122.46589224874982,105.55867133038579,5.651815129734928,5.043534796492948,0.6082803332419795,72.0434600919348,141.73370421729084,119.26929578270921,0.17213908219125162,8.86478109259976,63.0129572948706,42.773395699118254,13.985775390122226,2611150.0,27802500.0
2007-07-13,141.31,141.31,140.26,140.99,1262800.0,141.31,121.1,131.20499999999998,2.214278571428572,131.72453035062142,123.19232784683807,105.91122186441181,5.771918453241568,5.189211527842672,0.5827069253988961,76.92974848222029,142.5463464438516,120.5706535561484,0.16704122415277767,8.855775169857939,61.72865740325644,45.935954632111745,14.54520821034911,2527095.0,29065300.0
2007-07-16,139.4,140.33,138.31,139.05,1948600.0,141.31,124.49,132.9,2.2642785714285734,132.42219412675271,123.8141973430405,106.24096095033806,5.645481815496169,5.2804655853733715,0.36501623012279705,73.57942762339275,143.02041540154346,121.72858459845651,0.16084541058199997,7.9161816065192125,60.676354935120635,44.92159281259562,17.25242035463831,2414315.0,27116700.0
2007-07-17,139.05,140.15,138.05,138.98,2629400.0,141.31,125.04,133.175,2.2557142857142876,133.04674706706197,124.40893470213696,106.56672253292177,5.476501750989115,5.319672818496521,0.15682893249259422,78.77442273534628,143.57399861841057,122.51700138158944,0.1582691427881524,5.913732662703852,60.314589922837435,45.092146928435724,14.499683343888458,2405530.0,24487300.0
2007-07-18,136.36,137.45,134.54,136.34,2456600.0,141.31,125.75,133.53,2.356428571428572,133.36039020353226,124.87681961577866,106.86297405000714,5.071101395594866,5.26995853391619,-0.19885713832132446,66.47085404428375,143.6852906777181,123.39570932228195,0.15193578993216394,1.7690527730088945,57.21346295406157,40.557744771142744,24.519551379205808,2395380.0,22030700.0
2007-07-19,137.82,138.85,137.8,138.2,2260200.0,141.31,125.97,133.64,2.426428571428571,133.82130542224348,125.39929727790499,107.17478525348966,4.844065773612527,5.184779981855458,-0.34071420824293064,68.4523809523809,143.85462969354043,124.43737030645961,0.14474721115113992,3.5205992509363293,53.993567591273994,39.652634677656756,23.812187224021194,2268420.0,24290900.0
2007-07-20,140.0,140.0,137.82,138.24,1943500.0,141.31,125.97,133.64,2.4185714285714295,134.2421334772679,125.90285424739892,107.4838918678828,4.614176716234766,5.0706593287313195,-0.4564826124965533,70.5111402359109,144.22208831180006,124.89991168819994,0.1435941812531129,1.0157106320789255,52.19438742755511,43.17779090372121,21.142941523922,2192920.0,26234400.0
2007-07-23,142.0,142.9,141.5,142.58,2260800.0,142.9,125.97,134.435,2.5464285714285717,135.0362160032424,126.55685996318721,107.83310687417253,4.727691822662621,5.00206582751758,-0.274374004854959,72.84794851166534,145.12314558703008,125.39985441296994,0.14581600214443974,2.767767046273617,49.89307155263399,44.852734922861174,20.081346423562387,2181310.0,28495200.0
2007-07-24,141.63,142.13,138.91,139.0,2508400.0,142.9,125.97,134.435,2.612142857142859,135.41371924102884,127.04482623914065,108.143225213733,4.477167284135561,4.897086118841177,-0.41991883470561575,59.78980147917476,145.1411840469438,126.51381595305624,0.1371398876802383,1.378455254904809,45.95463514521795,37.57178014766202,26.658463221219552,2161865.0,25986800.0
2007-07-25,142.0,142.84,139.37,141.59,2850800.0,142.9,126.31,134.60500000000002,2.776428571428574,136.00193645616895,127.61522521015475,108.4760289429496,4.436475212250997,4.804963937523141,-0.3684887252721438,64.54512765192376,145.0282197349118,128.18378026508825,0.1233067322798673,2.713093942691347,42.38801252503563,36.6863905325444,25.081039361975783,2162850.0,28837600.0
2007-07-26,139.31,139.47,132.31,135.57,6133600.0,142.9,127.9,135.4,3.1964285714285734,135.96079965081952,127.9271771626977,108.74562069476104,3.8738079170451556,4.618732733427544,-0.7449248163823885,47.9002624671916,144.59311328999152,129.27088671000845,0.11189660985002095,-3.5020286141362433,38.828947355618546,25.743016759776545,37.56201117318433,2349960.0,22704000.0
2007-07-27,135.65,138.0,132.81,133.81,4067700.0,142.9,127.9,135.4,3.4064285714285734,135.7559615888367,128.15787609749387,108.9950175037684,3.2484268975300665,4.344671566248048,-1.0962446687179819,41.87808896210873,144.14543307658434,130.14756692341567,0.10206506293028748,-5.092559756011072,36.08366683955735,19.542881107150382,35.246382889494626,2486795.0,18636300.0
2007-07-30,137.0,139.78,136.4,139.17,3082300.0,142.9,129.12,136.01,3.6764285714285734,136.08110810418557,128.58972409367058,109.29526608582046,3.149015250929608,4.105540303184361,-0.9565250522547526,53.022300469483525,143.51357412540915,131.81142587459084,0.08500607101293607,0.08629989212511902,33.50138309095329,21.565960753837217,29.862055566349323,2533570.0,21718600.0
2007-07-31,141.8,142.8,138.66,139.91,3466600.0,142.9,132.25,137.575,3.8828571428571457,136.44576447521553,129.0336564821541,109.599890303872,3.094273758568221,3.903286994261133,-0.8090132356929121,53.02230046948357,143.17297478322934,133.02102521677062,0.07351317962344375,0.669161030364096,30.282289467597625,25.974981604120718,28.27446651949962,2595680.0,25185200.0
2007-08-01,136.6,138.12,133.7201,137.2,5344600.0,142.9,132.31,137.60500000000002,4.135707142857145,136.5175964299569,129.35390524755982,109.87451826104741,2.7999404097543845,3.6826176773597834,-0.8826772676053989,45.18301610541725,142.97436471391836,133.54263528608163,0.06821808010239319,0.6307760011735164,28.56099168748051,20.328187095314558,35.07760807877041,2787690.0,19840600.0
2007-08-02,135.5,136.83,134.66,136.2,3305600.0,142.9,132.31,137.60500000000002,4.242135714285715,136.4873491509134,129.6223795515771,110.13646335297729,2.457657126099633,3.4376255671077534,-0.9799684410081202,43.08802308802306,142.66991401668332,134.11708598331666,0.06180079290838563,-1.447178002894356,26.989487972604035,18.454316306308034,34.1975655793325,2834535.0,16535000.0
2007-08-03,135.6,135.67,129.34,130.16,2950000.0,142.9,129.34,136.12,4.540707142857142,135.88474446987402,129.6434627064172,110.33570252359443,1.6796556118276555,3.086031576051734,-1.4063759642240785,38.529032258064504,143.6792075256666,132.43879247433344,0.08141747406060576,-5.844907407407418,26.433600720360328,17.24086399380845,37.25017657727951,2878080.0,13585000.0
2007-08-06,130.01,132.02,126.0,131.19,4254800.0,142.9,126.0,134.45,4.8207071428571435,135.43762594893363,129.7041112277342,110.54320797112086,1.1331341335595653,2.6954520875533006,-1.5623179539937353,40.191387559808625,144.0707385675966,131.29226143240334,0.09281186749994207,-7.988497685509898,25.758655349995866,16.23946694246107,39.65022914539807,2976635.0,17839800.0
2007-08-07,128.8,131.5499,127.66,130.27,3456700.0,142.9,126.0,134.45,4.781414285714287,134.94547109665425,129.72630294429365,110.73949445897041,0.6186442672975829,2.280090523502157,-1.6614462562045742,42.01105554093183,144.53848669770016,130.1405133022998,0.10483490470986394,-6.280575539568334,26.5643799242151,16.372920146161228,34.73255073961977,3020330.0,14383100.0
2007-08-08,133.95,137.2,132.72,135.9,2563500.0,142.9,126.0,134.45,5.097128571428572,135.0363786112586,129.9684087111841,110.98984774793588,0.6576206482342286,1.9555965484485716,-1.297975900214343,47.246168582375496,144.46465616689892,130.01934383310106,0.10525431233731554,-4.01864538456106,26.274730100694573,21.314661756339017,32.58122920748096,3040330.0,16946600.0
2007-08-09,131.44,133.8199,130.27,130.76,2538100.0,142.9,126.0,134.45,5.343557142857143,134.6291044578054,129.99945150682396,111.18656568079224,0.27063495639558255,1.618604230037974,-1.3479692736423914,42.01877934272299,144.35778905970753,129.1532109402925,0.11118074314682065,-3.5479825920188834,25.918828647687462,18.794462757553163,34.35365420038549,3064230.0,14408500.0
2007-08-10,128.02,131.33,126.75,130.45,3977800.0,142.9,126.0,134.45,5.337842857142858,134.23109450944298,130.0171200751838,111.37824164416745,-0.06037246548820008,1.2828088909327393,-1.3431813564209394,35.83936493112303,144.0528756098612,128.4041243901388,0.11487134644896174,-2.51102309244452,26.388550077116097,14.933935324328445,39.10073357616371,3199980.0,10430700.0
2007-08-13,132.27,133.0,129.67,129.67,2305300.0,142.9,126.0,134.45,5.313557142857143,133.7967045561627,130.00350752321583,111.56024918999663,-0.3812429816024121,0.9499985164257091,-1.3312414980281213,38.34624031976017,143.98593869995946,127.53306130004056,0.12119135235411815,-6.826183803980745,27.672884712943564,17.24712258938724,35.797784104810056,3217815.0,8125400.0
2007-08-14,130.9,131.17,127.5,127.85,2981100.0,142.9,126.0,134.45,5.301414285714285,133.23035174129006,129.9190562477956,111.72233626273298,-0.7734777964314787,0.6053032538542715,-1.3787810502857503,32.5012735608762,143.99830520699484,126.40769479300518,0.13010517824300988,-8.619827031663219,29.242398073411323,16.330008973346708,38.80352682168368,3235400.0,5144300.0
2007-08-15,126.4,127.77,122.0,122.57,4193300.0,142.9,122.0,132.45,5.056414285714284,132.2150801468815,129.63085796356833,111.8302732153426,-1.4931662947000177,0.1856093441434137,-1.6787756388434314,33.12564901349947,144.93984255400756,124.08915744599244,0.15500697031186314,-10.66326530612245,30.652698915845974,17.121251931775458,38.47997875400126,3322235.0,951000.0
2007-08-16,118.69,123.0,111.21,119.74,9003600.0,142.9,111.21,127.055,5.527842857142857,131.0269772757499,129.2429811806833,111.90897696444368,-2.265763650383917,-0.3046652547620525,-1.9610983956218646,32.230361202323806,145.7650801506455,121.4179198493545,0.18225081911117846,-12.085168869309836,32.29576790573476,15.661107794567217,49.140713634096464,3659405.0,-8052600.0
2007-08-17,123.78,125.54,120.8,124.34,5738500.0,142.9,111.21,127.055,5.515700000000001,130.39012229710707,129.0507074088918,112.03266873594175,-2.478302733607677,-0.7393927505311774,-1.7389099830764998,30.903940252382213,145.53105958035155,120.26194041964845,0.1901413442844853,-4.47141979102642,34.67212798551712,16.679789380443854,49.24889730354129,3849155.0,-2314100.0
2007-08-20,128.1,128.5,125.25,127.4,3636200.0,142.84,111.21,127.025,5.517128571428571,130.10534874500163,128.9859737850137,112.18557750473836,-2.3724766280581093,-1.0660095260365638,-1.3064671020215455,34.799513973268546,144.13023617872963,120.14476382127035,0.18151904158516158,-2.888939705770255,37.91056152138042,16.597790258390063,49.23614509618097,3917925.0,1322100.0
2007-08-21,129.01,131.8727,128.51,129.0,2955200.0,142.84,111.21,127.025,5.394471428571428,130.00007743595387,128.98652383266023,112.35288519125838,-2.134892338775046,-1.2797860885842605,-0.8551062501907856,39.76023976023977,143.25347969223884,120.02152030776114,0.17648435578370683,-0.9748982881707335,38.45809597698876,21.440999118144738,43.81469917614064,3940265.0,4277300.0
2007-08-22,134.16,137.96,134.06,137.92,3491200.0,142.8,111.21,127.005,5.853042857142858,130.75435577538684,129.33685623137944,112.60728434358417,-1.2128545925985463,-1.2663997893871177,0.05354519678857139,51.79316096747289,142.51047017051818,120.39752982948185,0.1682180864868039,1.4863870493009523,37.716835432547164,27.189886579141948,40.38192588470464,3972285.0,7768500.0
2007-08-23,138.67,139.2,135.81,138.01,3537800.0,142.8,111.21,127.005,5.6051857142857155,131.44536951106429,129.6769795164234,112.86004768344901,-0.46945915508021585,-1.1070116625257373,0.6375525074455215,59.343013568198046,142.8748893725273,120.2771106274727,0.17174696559444427,5.544509024166411,35.68580921233187,29.972372522383544,35.38814821988821,3842495.0,11306300.0
2007-08-24,139.05,144.19,139.01,143.64,3114800.0,144.19,111.21,127.69999999999999,5.616614285714286,132.60676289096293,130.22454894715187,113.16631586570325,0.5674399387598328,-0.7721213422686234,1.3395612810284563,63.3555031109204,144.56698356827846,119.56801643172155,0.18928931899639892,10.111153698735142,33.24435017939098,36.25735382017123,31.06853900290718,3794850.0,14421100.0
2007-08-27,147.9,154.54,147.4,153.07,6402300.0,154.54,111.21,132.875,6.117335714285715,134.55564261563313,131.12044898844005,113.5633674491291,2.1256094289335294,-0.19257518802819285,2.318184616961722,70.6821480406386,148.13934640175404,117.38565359824592,0.2316444237153422,18.045808591038792,32.30684672185329,45.37467875253811,28.525490205236398,3960850.0,20823400.0
2007-08-28,146.7,147.15,140.33,140.7,5449300.0,154.54,111.21,132.875,6.532335714285715,135.14081950938237,131.49611765556006,113.83338369341638,2.335393394979235,0.3130185285732927,2.022374866405942,53.879728419010654,148.25999823630676,117.34400176369323,0.23279767226859183,10.050840829096597,31.002435503083856,36.3138540469554,34.444035003887244,4059985.0,15374100.0
2007-08-29,144.15,148.82,143.83,148.09,4349600.0,154.54,111.21,132.875,6.710192857142858,136.3740747942031,132.14685813965573,114.17424554721323,3.0626555519098417,0.8629459332406025,2.1997096186692393,63.51583216346904,150.1641727534485,116.52882724655149,0.25224018258369746,20.82075548666069,29.562735387573245,37.12901587882822,30.92310525458603,4010235.0,19723700.0
2007-08-30,145.4,148.18,144.27,146.49,2297600.0,154.54,111.21,132.875,6.662335714285715,137.33749624237424,132.70933429104178,114.49579534276336,3.4699104548964215,1.3843388375717665,2.0855716173246552,62.26299694189604,151.64790813639658,116.07409186360344,0.2657519088666089,22.340070151995995,27.473660658440714,37.39572243539639,27.371353032559355,3959835.0,17426100.0
2007-08-31,151.58,153.37,150.09,150.31,3613400.0,154.54,111.21,132.875,6.915907142857142,138.57297279071955,133.39955647570682,114.852155588109,4.054171014730372,1.9183052730034877,2.1358657417268843,65.07890122735243,154.004292063427,115.73270793657298,0.28376962839250097,20.886279556055975,26.413644721633972,39.66012102533804,26.3677835879396,3993005.0,21039500.0
2007-09-04,150.2,154.14,150.0,152.81,2547700.0,154.54,111.21,132.875,6.94947857142857,139.92888014398434,134.1607503394046,115.22984558225717,4.665153834945215,2.467674985391833,2.197478849553382,68.05555555555556,156.593565771522,115.30543422847799,0.30370197421133593,19.94505494505494,25.30806537598018,40.259957838563395,24.01002336249277,3907650.0,23587200.0
2007-09-05,150.0,150.6699,147.62,148.87,3386800.0,154.54,111.21,132.875,6.902335714285713,140.7804153683668,134.73758365942794,115.56457348691133,4.776377938134118,2.9294155759402902,1.8469623621938278,69.40100324579522,158.11367055002026,115.64532944997976,0.3102607848512049,15.403100775193801,24.84015085145807,40.534932791901674,20.945290776310706,3904155.0,20200400.0
2007-09-06,151.3,151.75,148.6,150.52,2270400.0,154.54,111.21,132.875,6.285192857142856,141.70799485709375,135.3565019472935,115.9123886760963,4.940711603730733,3.331674781498379,1.6090368222323543,73.10810810810811,159.69237680333976,115.52862319666025,0.32093302187463535,9.135730858468705,25.576386660010673,45.742544551991195,10.73952725623829,3889500.0,22470800.0
2007-09-07,146.99,147.92,145.05,146.78,3140900.0,154.54,111.21,132.875,6.261621428571426,142.19104296594196,135.80448226308593,116.21952908727943,4.714811067047378,3.608302038608179,1.1065090284391994,67.06723456038941,160.60899846029312,116.21400153970686,0.3207464475176287,6.354611984638803,25.528361797803683,43.017269602693,14.829568334080486,3919640.0,19329900.0
2007-09-10,150.25,150.59,146.21,149.35,3604300.0,154.54,111.21,132.875,6.277335714285712,142.87284839775702,136.33567903708257,116.54918551427167,4.6891076714459246,3.8244631651757284,0.8646445062701962,66.81992337164749,161.7353775175912,116.97762248240883,0.3211745059267587,3.975215817321076,25.446681028134442,42.57959757722507,14.79244492943432,3900965.0,22934200.0
2007-09-11,149.4,151.7,149.4,151.18,3121400.0,154.54,111.21,132.875,6.125714285714283,143.66400569320874,136.91780927092248,116.89377073303514,4.7615154649610645,4.011873625132796,0.7496418398282687,66.93646915088576,162.9180196098535,117.94598039014649,0.3202406803271834,-1.234729208858687,26.28412195979132,40.99510261194025,15.158582089552212,3941770.0,26055600.0
2007-09-12,150.75,153.09,149.66,152.67,3558200.0,154.54,111.21,132.875,5.730714285714283,144.52171943671266,137.53554224069023,117.24975311380096,4.882843332074543,4.186067566521145,0.6967757655533982,62.704565030146426,163.97409943006068,119.37190056993931,0.3148249762489773,8.50746268656717,27.75926620632052,37.965972828119114,16.203415181353577,3970625.0,29613800.0
2007-09-13,153.99,154.96,152.67,153.68,2236900.0,154.96,111.21,133.085,5.652142857142857,145.3939366332162,138.1686582312514,117.61224313256912,5.002825640131249,4.349419181243166,0.6534064588880826,63.28641682211294,164.22079058989289,122.23620941010711,0.29313007662431556,3.774731582145985,30.09811200565847,39.289902691773,16.42866169594335,3872805.0,31850700.0
2007-09-14,153.37,156.93,153.11,156.04,2873800.0,156.93,120.8,138.865,5.483571428571428,146.40784743005275,138.8694951633592,117.99460887254357,5.228078723194102,4.525151089633353,0.7029276335607486,61.1310592459605,163.62335697639077,126.46364302360922,0.25619703022046175,6.519216328759625,32.168582868860724,36.56389214536925,16.93369805913765,3566315.0,34724500.0
2007-09-17,154.69,155.92,153.15,154.73,2186800.0,156.93,125.25,141.09,4.911428571428568,147.20043338909534,139.49147574518827,118.36013515241876,5.240478389716941,4.668216549650071,0.5722618400668695,51.74443043295502,162.84193970425332,130.28406029574666,0.22214255581904482,2.940589448473152,31.63750618767933,25.77094240837694,18.90634089586966,3388730.0,32537700.0
2007-09-18,156.73,163.89,155.75,163.3,4907500.0,163.89,128.51,146.2,4.655714285714284,148.73372544727673,140.42514336302403,118.80729798672306,5.874119400357728,4.909397119791603,0.9647222805661251,75.8108725445409,163.6256784158727,133.0903215841273,0.2058221115932096,6.864733983378057,35.912481410694916,39.414084074869564,9.097882786130686,3452295.0,37445200.0
2007-09-19,164.79,167.67,163.01,164.25,5041400.0,167.67,134.06,150.865,4.408571428571427,150.2114658808694,141.35945146643485,119.2594641759099,6.379403731767354,5.203398442186753,1.1760052895806012,71.63899303695769,164.059690454481,136.18130954551899,0.18570668835343618,10.331161416000544,39.89242267674354,45.042287751134154,9.607906675307811,3556605.0,42486600.0
2007-09-20,165.2,165.86,162.76,163.59,2885900.0,167.67,135.81,151.74,4.350714285714285,151.48561198745327,142.2312376834374,119.70056403485607,6.64993243891999,5.4927052415334,1.1572271973865895,73.48901098901098,165.34037935310542,137.46762064689457,0.18409525974353944,8.683231464257247,43.33157976684759,45.641274010835645,10.146117222130979,3526340.0,39600700.0
2007-09-21,166.5,169.03,166.22,168.48,3477500.0,169.03,139.01,154.01999999999998,4.247857142857143,153.10412513150533,143.2606009115379,120.18593155689732,7.176187893937907,5.829401772014302,1.3467861219236053,74.24606351748064,167.35209285204775,138.50290714795227,0.18864616046228097,14.78403052186945,46.274107310854895,43.34975617958631,10.391794181940437,3523325.0,43078200.0
2007-09-24,174.4,175.34,171.55,173.44,3645600.0,175.34,140.33,157.835,4.442142857142859,155.040875118981,144.44410675814424,120.7158227851869,7.9023858955167725,6.243998596714796,1.6583872988019763,75.8327072376659,170.82308425466223,138.0119157453378,0.21248348476904774,16.129896216940075,49.2566947499761,50.36195529827944,9.937288953207872,3549865.0,46723800.0
2007-09-25,172.39,174.4,171.23,174.15,3410600.0,175.34,140.33,157.835,4.297857142857146,156.86079177431614,145.60904374802095,121.24750614055819,8.437926940679517,6.682784265507741,1.7551426751717765,84.44141689373296,174.07408983101632,136.86891016898366,0.23930546538775702,15.193808704855138,52.462850364133836,52.052684061824785,6.847266079441584,3400280.0,50134400.0
2007-09-26,176.07,177.2,174.39,176.06,3272800.0,177.2,143.83,160.515,4.290714285714287,158.68928779580983,146.80319889515738,121.79290408940835,8.9137163414118,7.128970680688553,1.784745660723246,84.55086580086578,176.63532318031602,137.84367681968396,0.24670420829773726,15.320626187201158,53.59525832441313,55.00249708673211,6.85866489096055,3291455.0,53407200.0
2007-09-27,179.39,182.43,178.64,182.09,3866900.0,182.43,144.27,163.35000000000002,4.355000000000002,160.91792705335175,148.18699501691592,122.39287519299633,9.665930642938122,7.636362673138468,2.029567969799654,94.98089171974523,180.7664475889922,137.1125524110078,0.27465730783086895,18.486465382613225,57.047881105208,62.7685747088732,0.9348860095129101,3267320.0,57274100.0
2007-09-28,182.5,183.53,178.31,180.0,4474600.0,183.53,145.05,164.29000000000002,4.415000000000002,162.73526733398492,149.43456383978196,122.96608041495656,9.978395629684513,8.104769264447677,1.8736263652368361,89.52798555584215,183.5353788891247,137.69462111087532,0.2854077002661606,15.355037169956432,60.51273652554073,59.375505581621056,0.9221808768807982,3376170.0,52799500.0
2007-10-01,181.2,187.09,181.2,185.25,5503300.0,187.09,145.05,166.07,4.753571428571432,164.87952758789112,150.8390907480258,123.58582090834008,10.528293888478004,8.589474189253743,1.9388196992242612,90.37686655605593,187.21962795136338,137.5043720486366,0.3062000708461756,19.724681703612745,64.16413188635008,58.827948910593506,0.8564988730278306,3470665.0,58302800.0
2007-10-02,190.52,192.05,187.55,189.49,5104800.0,192.05,145.05,168.55,4.994285714285717,167.22338210333007,152.35481267947577,124.24158388437651,11.177378918718176,9.10705513514663,2.0703237835715456,90.96573208722742,191.38906986018742,137.00293013981258,0.3312269465783262,16.037966932026947,68.24924519095435,61.09839816933634,0.8152173913043782,3598520.0,63407600.0
2007-10-03,183.85,185.54,177.81,179.46,7054900.0,192.05,145.05,168.55,5.665000000000002,168.3887742839653,153.4177612018493,124.79102086065137,10.758429823678767,9.437330072853058,1.3210997508257094,73.8880652335063,192.72945875461662,138.7215412453834,0.32588779342486945,9.26027397260274,69.58247580341545,51.50674568150294,12.99962173748585,3781925.0,56352700.0
2007-10-04,179.6,181.66,175.25,181.2,4759200.0,192.05,145.05,168.55,5.850000000000002,169.60889101882574,154.5072607625611,125.35230423517226,10.446393583135887,9.639142774909624,0.8072508082262626,73.58455193100862,194.11174795059034,140.40725204940966,0.3210848765013687,10.764716669723073,70.55156617595695,47.472527472527446,15.714285714285747,3906365.0,61111900.0
2007-10-05,188.23,191.6,186.5,191.6,5824000.0,192.05,146.21,169.13,6.386428571428575,171.70328235036615,155.9618779875587,126.0114852875586,10.912503154412718,9.893814850810243,1.0186883036024756,79.52907256126862,196.63588647130993,142.36511352869005,0.3201806067983274,13.722697056030398,73.6165939163434,54.6023934682921,14.394363046639105,4040520.0,66935900.0
2007-10-08,186.29,187.58,185.0,187.19,2488300.0,192.05,149.4,170.72500000000002,6.203571428571432,173.17820784080746,157.18651022334072,126.6202267274834,10.801534833852827,10.07535884741876,0.7261759864340664,70.49939934786339,197.8812112996418,144.90378870035818,0.30910000495519707,7.927813653136528,72.57812447015908,47.03511801957394,16.545768566493983,3984720.0,64447600.0
2007-10-09,190.15,192.0,188.25,191.91,3683200.0,192.05,149.66,170.85500000000002,6.214285714285718,174.96218804644485,158.54821570477833,127.26987621278208,10.968023644424392,10.253891806819887,0.7141318376045049,72.29206963249517,199.63595841706297,147.22204158293704,0.30222117889237626,10.198105081826014,71.41465441882639,47.689655172413744,16.51724137931037,4012810.0,68130800.0
2007-10-10,191.61,193.22,189.44,192.34,3558000.0,193.22,152.67,172.945,6.262857142857145,176.61721775630724,159.87338371635565,127.91734013106286,11.007773867585314,10.404668218972972,0.6031056486123418,73.25675457045786,201.0016694811853,149.82333051881469,0.2917599313753046,9.24684766556856,70.46338061519167,48.711222627737186,16.10401459854018,4012800.0,71688800.0
2007-10-11,199.85,201.95,187.8,192.5,10291800.0,201.95,153.11,177.53,6.885000000000001,178.12986368427798,161.15285886473387,128.55995366209706,10.926236021143467,10.508981779407073,0.41725424173639425,71.0406447091801,201.86840655005395,152.83859344994605,0.27645246978552945,5.716953155033222,69.99263465971308,50.077808901338294,14.648822491959779,4415545.0,81980600.0
2007-10-12,197.75,203.0,196.37,202.89,5993100.0,203.0,153.15,178.075,7.1450000000000005,180.48797190482293,162.7896094974894,129.2995561132205,11.566669491638947,10.720519321853448,0.8461501697854992,73.5562310030395,204.5863256623719,154.8056743376281,0.27702704191937394,12.716666666666665,68.81611966717381,42.99710086973907,14.115765270418906,4571510.0,87973700.0
2007-10-15,207.74,208.24,198.26,202.94,6445900.0,208.24,155.75,181.995,7.631428571428572,182.6262602948398,164.36413461523492,130.03229684841233,11.940608313347497,10.964537120152258,0.9760711931952386,73.27405012126111,206.13951087210944,158.07348912789058,0.2639445694921316,9.54925775978408,67.29970830090765,45.16098839385998,12.916510670161,4784465.0,94419600.0
2007-10-16,202.7,202.7,196.62,199.04,7279100.0,208.24,162.76,185.5,7.865000000000001,184.18947360009315,165.723972473461,130.71894066086594,11.786393905132286,11.128908477148265,0.657485427984021,67.99812030075188,207.3465808435185,160.44041915648148,0.2550724288081798,5.039843791229082,65.26113530326873,41.27690491326856,14.022341295068564,4903045.0,87140500.0
2007-10-17,208.96,218.48,207.93,218.48,13285400.0,218.48,162.76,190.62,8.79857142857143,187.4552380191319,167.79283629803118,131.5921850323996,13.082022002341091,11.519531182186832,1.5624908201542596,73.55339805825241,212.86698974303243,160.34301025696755,0.2814714476357273,21.743006798172292,62.38328062098598,45.461925637278775,12.53450235427829,5315245.0,100425900.0
2007-10-18,205.2,213.45,205.1,212.5,7319300.0,218.48,166.22,192.35,9.381428571428572,189.84045344588125,169.54605840399074,132.39723791764936,13.47099533203641,11.909824012156747,1.5611713198796622,70.02711363076165,215.39753177129975,162.70346822870025,0.2787300935072878,17.273730684326715,59.034727836136575,41.79990863407949,13.910461397898594,5536915.0,93106600.0
2007-10-19,209.44,209.55,197.75,199.3,8729000.0,218.48,171.23,194.855,9.928571428571429,190.7413626415116,170.71287964304994,133.0629370428469,12.56923944695967,12.041707099117332,0.5275323478423388,57.88528454371985,215.4350189261015,165.7479810738985,0.2606991279894591,4.018789144050117,54.48401705430798,36.935251798561154,18.431654676258997,5799490.0,84377600.0
2007-10-22,193.22,202.05,186.88,201.5,8424000.0,218.48,171.23,194.855,10.526428571428571,191.76599477089147,171.92021769626368,133.74390284341558,11.89499492791711,12.012364664877289,-0.11736973696017827,56.898334290637564,215.91170497224113,168.0772950277589,0.24914468875140805,7.644639136706033,48.38171402911369,31.471805659225076,24.760806134219997,6038410.0,92801600.0
2007-10-23,208.0,210.74,204.95,210.04,6092600.0,218.48,174.39,196.435,10.352142857142857,193.50637622128275,173.4151111199396,134.50306798925226,11.912438738605516,11.992379479622935,-0.07994074101741866,67.87050023375409,217.45316157732785,170.12483842267218,0.24422605594051086,9.447136678651447,46.590106164003835,37.99765403988132,18.45718622783413,6172510.0,98894200.0
2007-10-24,205.5,206.99,200.47,206.49,6153100.0,218.48,175.25,196.865,10.577857142857143,194.74291181925582,174.71216558582432,135.21935586995622,11.507160371041067,11.895335657906562,-0.3881752868654953,64.47293121208655,218.07086857994003,172.55013142005996,0.2330685608806494,7.356764063637322,45.25191207908854,37.18684583699102,19.359848740630692,6316525.0,92741100.0
2007-10-25,205.2,207.88,201.88,207.6,4969900.0,218.48,175.25,196.865,10.263571428571428,195.96739640789812,176.00188458245867,135.93956128418552,11.147045862310648,11.74567769878738,-0.5986318364767325,60.245901639344275,219.08454020995435,174.08745979004567,0.22889259876038315,7.844155844155831,42.74863356250678,32.027280952049544,19.952675899505877,6371675.0,97711000.0
2007-10-26,208.7,210.53,207.66,209.32,4233700.0,218.48,175.25,196.865,10.001428571428573,197.23907294047925,177.3084773439309,136.66971490324835,10.87508098097129,11.571558355224163,-0.696477374252872,64.67701286642792,219.80879794551785,176.29520205448213,0.21970793473954175,3.169204987924501,41.34831328626615,34.75932009712897,19.40437080417082,6359630.0,101944700.0
2007-10-29,214.53,215.99,213.36,215.29,3514100.0,218.48,175.25,196.865,10.134285714285715,198.95820885090978,178.79794882063948,137.45200629724587,11.01430985193366,11.460108654566064,-0.4457988026324031,65.25313152400835,221.73312285295117,177.37487714704884,0.22228692837979863,6.085542524884202,39.9746327162625,35.03665069072456,19.14998590358048,6260170.0,105458800.0
2007-10-30,214.5,215.07,210.1,211.42,3399800.0,218.48,175.25,196.865,10.235000000000001,200.1450461032041,180.07724494532027,138.1880062345867,10.689155151383574,11.305917953929566,-0.6167628025459919,61.91308691308691,222.90293071288085,178.39806928711914,0.221802893218615,6.2198553054662264,38.01577536965424,33.8404633959104,21.236652941586993,6174920.0,102059000.0
2007-10-31,214.06,219.56,212.4,218.51,6213400.0,219.56,175.25,197.405,9.80571428571429,201.89408933147038,181.58441181020967,138.98723005314804,10.878174629284388,11.22036928900053,-0.34219465971614227,64.94655786691186,223.85705234426166,181.3489476557383,0.2098098482674164,0.013731233980229796,35.427867372828594,32.233391608391614,22.16637529137529,6132845.0,108272400.0
2007-11-01,211.53,212.97,206.64,208.33,6521300.0,219.56,185.0,202.28,9.903571428571434,202.50703320466368,182.63325840588774,139.6772078635645,10.09021923870202,10.994339278940828,-0.9041200402388085,53.13364055299541,222.7864028953666,185.1325971046334,0.18461413070111077,-1.9623529411764595,32.446506618302614,31.157591056617377,26.101694915254242,6220950.0,101751100.0
2007-11-02,210.2,211.0,203.35,208.09,5616400.0,219.56,185.0,202.28,9.73714285714286,203.03874432802905,183.63156199781372,140.35793216342952,9.33874171914374,10.663219766981411,-1.3244780478376708,52.96011035751236,222.75682205530234,186.81117794469765,0.17552955363018932,4.410436527847472,28.62101145929709,27.8462441314554,28.961267605633807,6210570.0,96134700.0
2007-11-05,191.88,195.5,187.06,189.81,8941600.0,219.56,186.88,203.22,10.787857142857147,201.7788639158358,183.87385368417398,140.84999253991282,7.185319255453976,9.967639664675925,-2.782320409221949,45.44737101706619,222.37885560612443,187.4511443938756,0.17044975337212415,-5.801488833746893,26.354819515299365,25.134079321989006,35.840561477852084,6533235.0,87193100.0
2007-11-06,198.0,199.18,192.19,198.25,5298800.0,219.56,186.88,203.22,10.068571428571433,201.44278163813718,184.43762412793185,141.4211368927495,6.0895572767175,9.19202318708424,-3.1024659103667407,38.80712625871417,221.91459174614081,188.54940825385924,0.16257300758303564,-5.613216530184728,24.82389106717648,18.345629965947786,38.40096481271283,6614015.0,92491900.0
2007-11-07,193.41,195.73,188.0,188.8,5865400.0,219.56,186.88,203.22,9.845000000000004,200.23870719640982,184.60869769154237,141.8925683664535,4.407811483955669,8.235180846458526,-3.827369362502857,37.37212276214834,222.37640446475294,187.73359553524708,0.16894398541613645,-8.56700082328442,23.849702749474528,18.762243343248933,40.25974025974025,6729385.0,86626500.0
2007-11-08,189.0,189.92,175.51,184.43,12455100.0,219.56,175.51,197.535,9.82071428571429,198.73311603484697,184.60168993893288,142.31582639265795,2.6913689228578903,7.1264184617384,-4.435049538880509,41.253970121162205,223.51195071181004,185.79104928818995,0.18431773734187187,-11.160886319845853,24.33407567141249,18.80864062840934,44.097752563822816,6837550.0,74171400.0
2007-11-09,181.6,187.17,178.87,182.0,7631200.0,219.56,175.51,197.535,9.330000000000002,197.13948593629013,184.49966288250414,142.710693791736,1.1220607177487238,5.925546912940465,-4.803486195191741,38.56170811825434,225.01935167398742,182.19464832601264,0.21033021137767743,-13.051786738008786,25.73914998456718,19.797887000459355,38.0952380952381,6919455.0,66540200.0
2007-11-12,175.54,178.06,167.99,169.5,9066000.0,219.56,167.99,193.775,9.670714285714286,194.50715394235775,183.91144080868045,142.97725405251475,-1.1173922716416484,4.516959076024043,-5.6343513476656915,27.27578475336321,228.23189875651713,175.63810124348288,0.2604491421152066,-21.268986018858282,27.257313627050355,12.681881970603454,44.789127705148104,7050460.0,57474200.0
2007-11-13,175.0,184.19,175.0,182.11,7543400.0,219.56,167.99,193.775,10.036428571428573,193.32647261451416,183.84079607108515,143.36663460920616,-1.8532897160740731,3.24290931760442,-5.096199033678493,37.59413800122125,228.82815831004197,173.34884168995805,0.27589502442995956,-13.863399867562187,27.959312775023278,16.58244964771191,39.968685502811205,7063675.0,65017600.0
2007-11-14,191.46,192.5,185.13,187.68,7847400.0,219.56,167.99,193.775,10.35,192.78871331789375,183.99135308790534,143.8075636180698,-1.9643969478536292,2.2014480645128103,-4.1658450123664394,40.303738317757016,226.63496061081145,172.4620393891886,0.2714774664887125,-14.109194087227117,28.391628488179354,21.200828157349918,38.7577639751553,6791775.0,72865000.0
2007-11-15,183.0,185.27,179.27,181.41,6578900.0,219.56,167.99,193.775,10.741428571428571,191.7050263352372,183.8901235550463,144.1817172139099,-2.529231423488824,1.2553121669124836,-3.7845435904013076,36.99077095180386,225.51584617430473,170.47215382569527,0.27800687065572416,-12.921806748907994,29.05844145720751,18.666046016757566,41.24218646096556,6754755.0,66286100.0
2007-11-16,179.0,179.56,174.2,178.37,8545100.0,219.56,167.99,193.775,10.78,190.43502382711938,183.67364812151507,144.52189913217947,-3.18544952920314,0.36715982768935884,-3.552609356892499,32.30783975464827,225.8188647062273,168.0761352937727,0.2931884355600076,-14.282281705031474,30.506234001570654,14.981447124304276,44.45401537238274,6745560.0,57741000.0
2007-11-19,173.5,174.1,167.88,169.55,7411000.0,219.56,167.88,193.72,11.15857142857143,188.4459739388223,183.11977956773018,144.77093496171003,-4.3668688481621984,-0.5796459074809527,-3.7872229406812457,30.84454204410285,226.5985694830472,164.10143051695277,0.3199239261125899,-10.673831726463302,32.532420139330306,14.473178850339272,44.90462168736398,6694910.0,50330000.0
2007-11-20,176.45,179.47,171.56,177.4,8959200.0,219.56,167.88,193.72,11.285714285714283,187.39397642083924,182.8954744866427,145.09560227552387,-4.616506561327725,-1.3870180382503072,-3.2294885230774177,31.322126306224447,225.14505880707176,162.29094119292827,0.32446193752848723,-10.51702395964691,34.769813628865634,14.867088607594948,44.3987341772152,6838240.0,59289200.0
2007-11-21,168.83,170.46,163.51,163.51,9226400.0,219.56,163.51,191.535,11.429999999999998,185.11931199980694,182.13525980089202,145.27883011357838,-5.86751609088671,-2.283117648777588,-3.584398442109122,30.3006329113924,225.1246737064647,158.01332629353533,0.3503246736837869,-13.39512711864408,37.783882409850705,14.67941507311587,45.26934133233347,6991905.0,50062800.0
2007-11-23,168.6,172.29,168.28,172.29,3756200.0,219.56,163.51,191.535,11.510714285714284,183.89747276173009,181.7491711812492,145.54759797314478,-6.080386621556698,-3.04257144333341,-3.0378151782232883,35.363859362224034,223.5229850900311,156.08401490996886,0.3553094130511938,-6.582443203383404,40.95765892779854,15.712069500465404,42.91033198883029,6931220.0,53819000.0
2007-11-26,176.22,176.91,166.12,167.8,7476600.0,219.56,163.51,191.535,10.779285714285711,182.3643801177558,181.20214486041593,145.7690149087354,-6.536050010297515,-3.7412671567262317,-2.7947828535712835,39.85807759653488,221.5002145395275,153.95478546047255,0.3598057241429995,-7.802197802197797,41.68067676052002,19.839639520243857,35.027499834338364,7093365.0,46342400.0
2007-11-27,171.58,176.47,168.24,176.47,8421900.0,219.56,163.51,191.535,10.72928571428571,181.80301058273142,181.01657055216432,146.07449734745444,-6.1269424087662685,-4.21840220713424,-1.9085402016320288,39.98528600331065,217.2742501828717,154.29874981712828,0.33896704209263545,4.112094395280241,41.55766963611004,17.482191598428866,35.19073297383665,7338755.0,54764300.0
2007-11-28,178.85,187.12,178.36,187.0,9216300.0,219.56,163.51,191.535,10.757857142857139,182.29796195580462,181.25121484423633,146.48171627932058,-4.89659380461768,-4.354040526630928,-0.5425532779867526,49.180477144418134,213.67184546479132,155.45915453520865,0.3154039673155745,2.685190269617266,39.93757422377474,24.50700484695572,32.31525131133393,7629580.0,63980600.0
2007-11-29,184.65,187.8,183.02,185.0,6529600.0,212.97,163.51,188.24,10.069999999999997,182.55529891239465,181.3982260268153,146.86498278400396,-4.036387988779126,-4.290510019060568,0.254122030281442,50.265239646347126,207.2379842459719,158.54201575402814,0.2662582344138211,-1.4279624893435705,37.202586134385506,26.663356504468727,25.663214640374537,7645390.0,57451000.0
2007-11-30,190.71,191.6,184.79,187.46,4387500.0,211.0,163.51,187.255,9.963571428571427,183.0224133016904,181.63594265321473,147.2689133035661,-3.1201995235064146,-4.056447919949737,0.9362483964433226,52.54000744324525,203.20967074337318,160.4833292566268,0.23495828342446173,3.334987045918103,35.42480889997402,29.672377948240015,25.9373431787225,7538700.0,61838500.0
2007-12-03,185.89,185.89,180.0,182.5,3335300.0,199.18,163.51,181.345,9.495714285714286,182.97265965391034,181.66982725504946,147.61947138014756,-2.7624997342072106,-3.797658282801232,1.0351585485940213,56.503902341404846,198.0194461865587,163.11455381344132,0.19330715121321934,2.3154117844929045,32.56350623105847,31.134346321648852,22.634271099744247,7424645.0,58503200.0
2007-12-04,182.93,185.47,181.53,184.8,3752500.0,199.18,163.51,181.345,8.727857142857143,183.14669206782364,181.79257912740047,147.98942688880283,-2.267293349608593,-3.4915852961627043,1.224291946554111,51.50061363382795,197.34911672884024,163.28388327115974,0.1889191142112924,8.994396933058102,30.174728136973453,28.85669858417218,24.625583108274,7165190.0,62255700.0
2007-12-05,191.0,196.99,190.33,195.74,5970300.0,196.99,163.51,180.25,8.856428571428571,184.3460547280309,182.3395368086789,148.46455696951125,-0.9807664858961971,-2.989421534109403,2.008655048213206,54.242105263157896,196.69606512367739,163.68593487632256,0.1831952219997382,10.338218714768876,28.956235460017172,31.02669570126623,24.268086135978713,7198765.0,68226000.0
2007-12-06,192.39,197.79,191.39,197.49,4549200.0,197.79,163.51,180.64999999999998,8.712857142857144,185.597859039647,182.93367262010327,148.95237232304845,0.17797412226474307,-2.355942402834574,2.533916525099317,58.88594164456234,198.48663861520507,162.76436138479497,0.1977698455113486,20.781603571647,27.95627129469867,32.193802262666,19.863912116740458,7132955.0,72775200.0
2007-12-07,191.6,193.07,188.78,189.4,6040100.0,197.79,163.51,180.64999999999998,8.820000000000002,185.95996770253777,183.18725408598158,149.35483628003306,0.438435007607211,-1.797066920746217,2.235501928353428,55.7730555846331,199.092723047285,162.65527695271498,0.20145209424555227,9.930930408032967,26.46214349722026,31.802721088435355,17.630385487528326,6812205.0,66735100.0
2007-12-10,187.17,189.67,186.53,187.5,3347300.0,197.79,163.51,180.64999999999998,8.295,186.1066374451532,183.3563813767274,149.73439014789344,0.48593644190563623,-1.3404662482158465,1.8264026901214827,60.12865365082947,199.6037947271446,162.69420527285547,0.20375265364031328,11.74016686531585,25.505821613171726,33.81555153707051,15.241539653836208,6598010.0,63387800.0
2007-12-11,189.4,189.4,178.36,178.55,6539000.0,197.79,163.51,180.64999999999998,8.375,185.38695768847197,183.167895832542,150.02111263398405,-0.19634518583097815,-1.1116420357388728,0.9152968499078946,50.64095418570952,199.28118120098355,163.92181879901648,0.19470853710991964,1.178670595568665,22.90622880455146,28.912579957356062,22.063965884861386,6471660.0,56848800.0
2007-12-12,186.89,187.85,179.0,183.51,6120000.0,197.79,163.51,180.64999999999998,8.047142857142855,185.2081998133794,183.18131168224625,150.3543353938449,-0.3329892510282946,-0.9559114787967572,0.6229222277684626,62.37930180737806,199.37073373304145,163.97226626695857,0.19484876530486553,-1.8663101604278087,21.482207152480214,30.090537901650972,15.817503994319162,6400490.0,62968800.0
2007-12-13,176.8,184.39,173.69,176.05,7792600.0,197.79,163.51,180.64999999999998,8.18428571428571,184.33599030734325,182.90165240058954,150.61001364863253,-1.0313515328662959,-0.970999489610665,-0.06035204325563093,52.365970299521784,198.72211782365798,163.45788217634197,0.19473320253639637,-4.837837837837833,19.32506222428651,27.9891778669925,20.186769069645642,6397750.0,55176200.0
2007-12-14,172.77,174.79,171.5,171.5,5432700.0,197.79,163.51,180.64999999999998,7.738571428571427,183.11351503997722,182.454528777037,150.81787420934265,-1.9297111379203784,-1.1627418192726078,-0.7669693186477706,52.32645875251509,198.73831318361977,162.4506868163802,0.20093428297782917,-8.513816280806575,17.63614971635628,25.336902344471106,23.370869484954746,6340440.0,49743500.0
2007-12-17,167.36,168.2,161.25,161.25,7859100.0,197.79,161.25,179.51999999999998,7.8514285714285705,181.03127551236034,181.6229786289179,150.92167645601586,-3.4292269408781806,-1.6160388435937223,-1.8131880972844583,40.61652281134402,199.83456850788664,159.64243149211333,0.22361451228186124,-11.64383561643836,16.155076893406015,24.97270742358078,32.35989810771468,6306140.0,41884400.0
2007-12-18,167.51,170.37,163.41,170.37,7764300.0,197.79,161.25,179.51999999999998,7.7421428571428565,180.0159159397546,181.1816853493525,151.11519211316994,-3.8374603826157454,-2.060323151398127,-1.7771372312176186,39.56581754297904,199.7912149637272,159.7677850362728,0.22262510423855,-7.808441558441559,17.34756607744499,17.501614540086724,32.81668050558167,6323805.0,49648700.0
2007-12-19,170.12,174.4,169.25,170.49,7346300.0,197.79,161.25,179.51999999999998,7.768571428571428,179.10868585025415,180.76240357094653,151.30797627124787,-4.103997006397435,-2.4690579223979885,-1.6349390839994467,40.676005654800164,199.85314416475487,159.01485583524513,0.22759503956613428,-12.899764994380302,18.84591537991664,20.52225082751011,32.70503861713863,6243160.0,56995000.0
2007-12-20,172.52,173.23,168.27,172.7,5212400.0,197.79,161.25,179.51999999999998,7.636428571428569,178.4983348168966,180.44623088188982,151.5208322287479,-4.089756503589371,-2.793197638636265,-1.2965588649531057,40.484785972150576,199.186378724381,160.60062127561898,0.2144922270608,-12.552534305534468,20.70474643599636,17.322981947432435,34.18763445889063,6042460.0,62207400.0
2007-12-21,175.84,178.04,174.35,178.04,4748500.0,197.79,161.25,179.51999999999998,7.484999999999998,178.45468388195405,180.3518688865216,151.7847045448798,-3.6060095967900168,-2.9557600302670153,-0.6502495665230015,47.138824736977156,199.16570952607555,161.19629047392448,0.21072931692104643,-5.997888067581847,20.66857607277659,22.263574768584807,30.308235518656335,6092075.0,66955900.0
2007-12-24,178.5,179.5,176.74,179.5,2820800.0,197.79,161.25,179.51999999999998,7.400714285714282,178.55423779795842,180.31846226352076,152.06047862901033,-3.0694442470550314,-2.9784968736246187,-0.0909473734304127,46.56290531776912,198.8437343713196,162.68826562868043,0.20001255071550614,-4.266666666666663,20.983870975834993,23.926261943827846,30.65341183283465,5859285.0,69776700.0
2007-12-26,178.5,179.51,177.61,178.58,1853700.0,197.79,161.25,179.51999999999998,6.665714285714281,178.55669134101,180.25028727279445,152.32435446354756,-2.6874691810568834,-2.920291335111072,0.2328221540541886,37.2093023255814,198.86811754769172,162.87488245230833,0.19899893070706767,0.016802016241945772,23.041537040368535,14.23060437205316,34.03343334762107,5530875.0,67923000.0
2007-12-27,176.49,176.78,171.65,172.1,4623000.0,197.79,161.25,179.51999999999998,6.703571428571424,177.94176835615193,179.9306681640574,152.52112705595007,-2.8744976144651275,-2.9111325909818833,0.036634976516755735,32.32140370421945,198.28777664768296,161.96522335231708,0.20165024743924895,-6.21764481499646,24.941097404088005,13.297815663292518,40.19179541822056,5301210.0,63300000.0
2007-12-28,172.67,173.85,170.56,171.3,2703200.0,197.79,161.25,179.51999999999998,6.316428571428566,177.30921898889937,179.59221058899635,152.7079815131048,-3.0520897191073004,-2.939324016606967,-0.11276570250033346,35.973341599504025,197.8604459381821,161.02255406181794,0.20529193010738403,-2.698097131496735,26.373715372988602,14.112857627502013,40.936333823363135,5109890.0,60596800.0
2007-12-31,172.6,173.01,169.81,170.45,2799400.0,197.79,161.25,179.51999999999998,6.32071428571428,176.65596003757562,179.23369252668277,152.88451901048685,-3.224253451016608,-2.9963099034888954,-0.22794354752771273,36.568457538994785,197.02185045300521,160.1601495469948,0.20640290331545494,-0.612244897959191,27.033300699142814,14.103288507175984,39.21347044863828,5030485.0,57797400.0
2008-01-02,171.74,172.86,167.2,167.95,5685800.0,197.79,161.25,179.51999999999998,5.936428571428569,175.82682098637795,178.79119478053835,153.0344242939646,-3.5218261361191594,-3.1014131500149484,-0.42041298610421096,40.70501578393544,196.7867391518997,158.94026084810028,0.21278383875162368,4.155038759689922,28.932872039402895,15.016243532667579,35.06196606906513,5148010.0,52111600.0
2008-01-03,167.47,169.36,166.4,166.8,4418100.0,197.79,161.25,179.51999999999998,5.483571428571428,174.96712374958005,178.32095184796822,153.17139519651224,-3.8065702496767813,-3.2424445699473154,-0.5641256797294658,34.29806427363279,196.20713821056034,157.71986178943968,0.21748708869976388,-2.0954393379115976,29.652110827243032,16.256350136772202,38.99960922235248,5181290.0,47693500.0
2008-01-04,167.99,167.99,163.1301,163.61,7968300.0,197.79,161.25,179.51999999999998,5.066421428571429,173.88549291628672,177.7440517754989,153.27526191097482,-4.240753583664372,-3.442106372690727,-0.7986472109736447,37.29055986922763,193.32276170620665,157.3912382937934,0.20490498475916694,-4.0354272977887184,31.222926266152353,17.594836592184702,39.33446966652991,5281190.0,39725200.0
2008-01-07,167.37,168.79,164.07,168.35,9047700.0,193.07,161.25,177.16,5.111421428571426,173.3583031147356,177.3756575882244,153.42525930489546,-4.154478377145637,-3.5845807735817092,-0.5698976035639274,46.79421941787094,188.76728800526743,159.03271199473258,0.17098663605827977,-2.518818760856978,33.211741280553746,18.557879482782962,35.927803141144715,5506115.0,48772900.0
2008-01-08,170.01,172.22,165.25,165.98,7762400.0,189.67,161.25,175.45999999999998,4.877135714285712,172.65560757999887,176.92876905535286,153.5501820978816,-4.228599188253241,-3.7133844565160157,-0.5152147317372258,55.73333333333333,186.06651164355983,159.39148835644014,0.15443280101847232,-6.773758705908783,32.568965006293034,24.4727950685341,22.64194880191683,5592230.0,41010500.0
2008-01-09,171.48,176.94,169.53,176.4,10896900.0,189.4,161.25,175.325,5.008564285714284,173.01221638190376,176.90803301396647,153.777543470042,-3.407256813044029,-3.6521589278216187,0.24490211477758983,57.08578143360753,183.72805674940236,160.61994325059766,0.13421372273865217,-1.7270194986072407,31.176725222857847,27.467238259039156,22.04780668540601,5969710.0,51907400.0
2008-01-10,173.0,180.05,172.12,177.75,9506600.0,187.85,161.25,174.55,5.207135714285712,173.4634338693415,176.94105132714427,154.01607537581273,-2.6172335069622648,-3.445173843649748,0.8279403366874831,58.291457286432156,183.60032121062605,160.66767878937398,0.13322552442429775,-0.46477769067085895,30.15049628121981,25.157784852928483,21.207024975342915,6118090.0,61414000.0
2008-01-11,172.43,174.28,170.0,170.0,5952800.0,184.39,161.25,172.82,5.406421428571428,173.1335830246423,176.66885323588372,154.17511940192406,-2.5866769736279878,-3.273474469645396,0.6867974960174084,47.26277372262775,181.62063876162472,161.2963612383753,0.11853759086454976,-1.220220801859384,28.167647510698426,24.23044554161124,21.931459811678998,6109730.0,55461200.0
2008-01-14,170.48,171.52,168.86,170.75,5446300.0,180.05,161.25,170.65,5.214992857142856,172.9065751175335,176.43674134428045,154.34004358697956,-2.473429809635263,-3.1134655376433695,0.6400357280081064,41.85110663983904,181.12530595227642,161.26169404772364,0.11603017582182022,-0.3210741389375382,28.036281366666056,18.531733367666583,24.297937676945196,5992415.0,60907500.0
2008-01-15,161.91,163.48,157.0,157.8599,12620700.0,180.05,157.0,168.525,5.999992857142857,171.47355843967316,175.7082377621518,154.3750670338753,-3.384786250271901,-3.167729680169076,-0.21705657010282486,30.73356350861198,182.09125943092315,158.9317305690769,0.13582385669568048,-7.386388970372526,30.160789917458832,14.369064725077047,35.238018140497815,6351815.0,48286800.0
2008-01-16,153.03,155.49,147.0,151.65,13910000.0,180.05,147.0,163.525,6.639985714285716,169.58560049303762,174.7647774577537,154.34795193901087,-4.555615527120864,-3.445306849559434,-1.11030867756143,28.087876322213177,183.8140521633091,156.2489378366909,0.16211769664566075,-9.705269425424223,31.037919829484377,12.973349770545974,42.59895137468025,6654360.0,34376800.0
2008-01-17,155.4,157.56,148.38,149.02,15968600.0,180.05,147.0,163.525,6.800700000000002,167.6269718746531,173.75517834176335,154.29493749185653,-5.630816635454153,-3.8824088067383777,-1.748407828715775,29.965277777777786,185.63973786712316,152.28825213287686,0.19738812244730775,-10.659472422062354,30.363814403759754,14.84090923413345,35.33239225373859,7064575.0,18408200.0
2008-01-18,156.46,157.93,151.58,156.94,14194000.0,180.05,147.0,163.525,7.202128571428574,166.60916502944804,173.09575958326283,154.3212565217883,-5.777246943858245,-4.261376434162352,-1.515870509695893,38.906056860321364,185.78205558162028,150.79093441837972,0.20792590138169176,-4.076767923721059,29.623595532889365,14.380669206920965,32.282023766783226,7406960.0,32602200.0
2008-01-22,136.85,150.0,134.98,143.76,22988500.0,180.05,134.98,157.515,8.542128571428576,164.43305407426251,171.94533763882114,154.2161693922183,-6.877529983845989,-4.78460714409908,-2.092922839746909,32.680077871512,187.32899573065373,146.34999426934627,0.24561930891308117,-14.606474606474606,30.109222034912147,12.12477987253093,40.471595403621386,8295765.0,9613700.0
2008-01-23,140.27,152.0,135.6,151.35,22825300.0,180.05,134.98,157.515,9.309271428571432,163.18704892433274,171.13767733925954,154.18765029378827,-7.0557286051030985,-5.238831436299884,-1.816897168803215,39.89530070611151,186.3956810586718,144.61430894132815,0.25244780145362783,-8.81431497770816,30.608727503242072,12.660189764735305,35.133868079288085,9199605.0,32439000.0
2008-01-24,145.76,151.11,145.7,149.9,9415400.0,180.05,134.98,157.515,9.501414285714288,161.9216156934439,170.3048272475239,154.1449871067854,-7.230605261585396,-5.637186201356986,-1.5934190602284097,39.750121300339636,184.9350597284831,143.11493027151687,0.2549619309969572,-15.022675736961455,30.978214609205974,12.404168401997294,33.821957332667786,9529335.0,23023600.0
2008-01-25,155.63,157.14,147.92,148.83,7986000.0,180.05,134.98,157.515,9.812850000000001,160.67479515121116,169.4626771593857,154.0921016629368,-7.370572952429541,-5.983863551571497,-1.3867094008580434,40.79930278884462,183.32024549174156,141.7547445082584,0.25572869191495273,-16.270042194092817,30.383974320742556,16.399779006972615,30.36834354952946,9835950.0,15037600.0
2008-01-28,147.47,150.65,144.14,150.62,7094100.0,180.05,134.98,157.515,9.907850000000005,159.71719561300057,168.72374864333136,154.05755338768373,-7.2534470925218955,-6.2377802597615775,-1.015666832760318,38.54207056998837,182.38514621645606,140.54184378354398,0.2591502335119903,-11.399999999999999,30.632291839530005,15.665788815362117,32.802272945189934,9959505.0,22131700.0
2008-01-29,149.76,150.29,146.76,149.3,4911900.0,180.05,134.98,157.515,9.685707142857149,158.72508174509576,167.96203301025955,154.01021454800528,-7.1843205972379,-6.427088327256842,-0.7572322699810572,39.072327044025165,181.42052210915452,139.30646789084548,0.26261621585579087,-12.56222547584187,33.39995599689439,13.495585173735355,33.55459701666447,10069940.0,17219800.0
2008-01-30,142.56,150.38,141.81,142.3499,8767000.0,180.05,134.98,157.515,9.514992857142861,157.16554062651522,166.9576356373082,153.8941915176769,-7.602712994411547,-6.662213260687784,-0.9404997337237635,26.630025216163034,180.91257412510515,137.00440587489487,0.27622411517755535,-9.825167759513354,36.731196229387976,10.194437500516086,37.872560522904074,10368320.0,8452800.0
2008-01-31,136.73,145.92,136.12,144.07,10959100.0,180.05,134.98,157.515,9.648564285714288,155.9183462811328,166.06008129859023,153.79643836824727,-7.706656747246598,-6.871101957999547,-0.835554789247051,27.000882270193188,180.25060622555208,135.2783737744479,0.2850592833095975,-4.998351467194206,41.019928205077825,7.750968130713725,41.56058747452433,10631985.0,19411900.0
2008-02-01,146.78,151.39,146.0,150.7,8278500.0,180.05,134.98,157.515,9.617850000000002,155.42136092102493,165.45772516923375,153.7656280362249,-7.171380123430794,-6.931157591085796,-0.24022253234499757,36.61584849972676,179.2354002209583,134.68357977904174,0.2838427956278181,1.1273654543014322,44.5521308746213,11.838107566362815,40.11885638236642,10825005.0,27690400.0
2008-02-04,153.9,155.45,152.45,154.55,5283100.0,180.05,134.98,157.515,9.767135714285716,155.33837416664161,165.0299712410285,153.77343273238188,-6.3631562144761915,-6.817557315763875,0.45440110128768385,39.228752051191364,178.58052340253892,134.43245659746106,0.28208457556666094,-1.5228749840703326,46.81299882209488,14.626308780392533,38.67196041535792,10690745.0,32973500.0
2008-02-05,150.23,151.2,143.6,143.87,8714100.0,180.05,134.98,157.515,9.567135714285717,154.2461480555329,164.20016844726268,153.67489111315422,-6.509383565415163,-6.755922565694133,0.24653900027897002,40.41657704264002,177.30615022458534,133.25882977541465,0.2836592873360717,0.07651641624930594,46.86173649867843,14.93207027928195,37.23311724138959,10674065.0,24259400.0
2008-02-06,144.95,146.72,137.8,138.65,8345300.0,180.05,134.98,157.515,9.42857142857143,152.76080062167262,163.19820105717395,153.52538970904322,-6.966178400875407,-6.797973732730388,-0.16820466814501867,40.97224729931307,176.52853521123367,131.3034447887663,0.2938297081574654,-8.391146349520973,45.845977368344634,15.151515151515127,34.59848484848483,10703210.0,15914100.0
2008-02-07,138.03,144.29,136.42,144.09,8473400.0,180.05,134.98,157.515,9.335000000000003,151.9350100862752,162.44885983924556,153.43150523432638,-6.810719330072203,-6.8005228521987515,-0.01019647787345157,46.70499477343998,172.65330836538362,131.94767163461637,0.26727186978037465,-3.875917278185459,46.129718822352054,13.719488866783971,36.00122427117606,10582035.0,24387500.0
2008-02-08,141.71,143.82,139.95,141.65,5306600.0,174.28,134.98,154.63,8.994285714285718,150.95548531615376,161.6332182769222,153.31427632652213,-6.805949752319577,-6.801608232222917,-0.004341520096660112,38.97305935941337,167.46742752682044,133.52355247317954,0.22554745696127446,-4.824296176846065,46.649702905351766,13.945362134688665,37.36499364675984,10372035.0,19080900.0
2008-02-11,139.73,141.05,136.78,140.55,5471300.0,171.52,134.98,153.25,7.773571428571431,149.9644867146153,160.8064254033174,153.18726860188013,-6.812401510464156,-6.8037668878711655,-0.008634622592990304,47.19651634404773,163.8436255941402,134.20235440585978,0.19890401600639224,-6.685699110343912,45.04144910910178,16.13525682256728,30.89221721951665,10347960.0,13609600.0
2008-02-12,143.19,145.84,141.3,144.41,6594800.0,163.48,134.98,149.23,6.980000000000002,149.43548797989004,160.1634283286775,153.0999325958913,-6.431901873563589,-6.72939388500965,0.2974920114460611,43.51646667987041,158.54325825569407,136.8687217443059,0.14674108011048279,-3.2752846617548625,43.43900804320673,20.824805566925868,34.404420794105576,10405385.0,20204400.0
2008-02-13,144.72,147.35,142.63,146.99,6838600.0,157.93,134.98,146.45499999999998,6.91357142857143,149.20258436275765,159.64682329618034,153.03913724667845,-5.854679629569546,-6.55445103392163,0.6997714043520844,47.33761267113387,156.88900070142608,137.43598929857387,0.13218728999431692,3.2596440180147734,41.643592181307916,22.584977786961414,34.73499328443018,10116280.0,27043000.0
2008-02-14,146.3,148.96,143.54,143.62,7833700.0,157.93,134.98,146.45499999999998,6.64214285714286,148.67090966154262,159.01832042182033,152.94541448800504,-5.60455189276999,-6.364471205691302,0.759919312921312,45.42582817970788,156.36977237125805,137.15221762874197,0.1309445656355497,-0.31234816408689525,41.77362830051676,18.75470480696848,36.15442520701147,9812465.0,19209300.0
2008-02-15,147.56,150.12,145.92,149.88,8176200.0,157.93,134.98,146.45499999999998,6.641428571428572,148.7860611223481,158.6599549150823,152.9149128513085,-4.845340111599199,-6.060644986872882,1.2153048752736826,49.3975923230468,156.4629038498857,137.14508615011428,0.1315891825680317,-0.5441274054412748,40.90560857855111,20.00430200043019,32.09292320929229,9422845.0,27385500.0
2008-02-19,152.95,153.0,149.15,150.83,7258100.0,157.14,134.98,146.06,6.640714285714286,148.98072196783875,158.35289785958886,152.89416744980295,-4.119515039609524,-5.672418997420211,1.5529039578106865,51.25306714801917,155.14052795660413,137.85646204339585,0.11798118412894468,-2.4069880297638346,39.02394547856887,23.104227170054845,32.09637517478753,9076050.0,34643600.0
2008-02-20,146.67,151.31,145.12,149.34,5794600.0,157.14,135.6,146.37,6.470714285714286,149.01493892328267,157.99945088470304,152.85880259955616,-3.622763031189038,-5.262487804173976,1.6397247729849385,56.28718063108361,155.4075582492578,138.1474317507422,0.1175938211679904,3.802043511503439,35.965339871715784,23.711226404680417,31.92405342753062,8216355.0,28849000.0
2008-02-21,148.72,149.0,143.19,143.56,8043300.0,157.14,136.12,146.63,6.210000000000002,148.4954209305891,157.43319790883234,152.7662772005556,-3.6533674344927647,-4.940663730237734,1.2872962957449694,49.572506286672265,154.85067751124842,137.92531248875156,0.11561989780990486,3.5412910205553594,31.6315501715439,24.706694271911644,28.939498504715882,7477255.0,20805700.0
2008-02-22,145.2,147.87,142.77,147.78,5275000.0,157.14,136.12,146.63,6.051428571428573,148.42728560386632,157.05464112809383,152.71666250204262,-3.29907324979348,-4.612345634148884,1.313272384355404,47.44933612858142,154.61151771848566,137.95247228151433,0.11388308887208795,2.5608994378513383,29.387209852693648,18.89754485363549,30.193578847969754,7270235.0,26080700.0
2008-02-25,144.42,148.6,143.12,148.09,6589500.0,155.45,136.12,145.785,6.1035714285714295,148.39516316540286,156.70308657405096,152.67062605923624,-2.959166714775023,-4.281709850274112,1.3225431354990889,43.985102420856606,154.53333403758646,137.95665596241358,0.11334868639554384,4.546417225555954,28.573025382743527,14.83908718548856,29.935634874195415,7200410.0,32670200.0
2008-02-26,145.8301,149.65,144.91,149.47,5298600.0,155.45,136.12,145.785,5.660000000000001,148.49752857822165,156.4194361201666,152.63877903377121,-2.5490500082531753,-3.9351778818699246,1.3861278736167493,56.306306306306304,154.36322986166812,138.0117601383319,0.1118527253191951,6.346495908929195,26.222893905237232,17.327107521453794,21.113074204946976,7110635.0,37968800.0
2008-02-27,149.8,154.81,149.44,154.39,7830900.0,155.45,136.12,145.785,5.406428571428573,149.05871633267674,156.339850389964,152.6562041180123,-1.8062058648727657,-3.509383478470493,1.7031776135977275,67.84580498866211,155.31300679074027,137.5709832092597,0.12115393252789658,6.9108787480091305,25.337473046205854,24.957061699035517,14.440480908970807,7256585.0,45799700.0
2008-02-28,152.15,153.4,150.12,150.49,5397200.0,155.45,136.12,145.785,5.149285714285715,149.19502906289802,156.11044449231835,152.63464984818134,-1.514733036128888,-3.1104533900021725,1.5957203538732845,57.518796992481214,155.67633291066838,138.0216670893316,0.12022326213550504,2.381114361521197,24.482278764699295,26.20335691496738,13.24732972673045,7088095.0,40402500.0
2008-02-29,150.07,150.29,145.09,145.23,7487500.0,155.45,136.42,145.935,5.239285714285714,148.81740724738393,155.6837603945804,152.56097174023924,-1.688710357926368,-2.8261047835870117,1.1373944256606436,53.944468929043616,155.67247797958024,138.14152202041979,0.11933370063482646,1.1210137863807201,22.141858347608515,25.75323790047715,19.877300613496914,6914515.0,32915000.0
2008-03-03,145.875,147.32,143.7,146.45,8071100.0,155.45,136.42,145.935,5.1499999999999995,148.5919398904902,155.32165214381254,152.50016605128164,-1.7084508766232318,-2.602574002194256,0.8941231255710242,56.48351648351646,155.27696063354185,138.11203936645816,0.1170113485310198,-2.2884974646383838,21.273142179632988,26.199722607489583,17.753120665742046,6904145.0,40986100.0
2008-03-04,141.18,142.86,138.07,140.43,11433600.0,154.81,136.42,145.615,5.3707142857142856,147.8146122818721,154.73766578523166,152.38006489654254,-2.184675489543878,-2.5189942996641808,0.33431881012030296,45.824590851867406,154.16349209721042,137.8135079027896,0.11199501463759687,-6.8951800039779965,20.467646187754973,18.75249368267056,24.5112381965687,7211670.0,29552500.0
2008-03-05,141.4,143.92,140.12,143.084,6165300.0,154.81,136.42,145.615,5.304999999999999,147.36407777883664,154.28065928385,152.28756673836799,-2.3211742547717904,-2.479430290685703,0.15825603591391246,45.90857669585619,154.17447610414706,137.72392389585292,0.11271423350243881,-4.189098700950855,20.017890594248264,18.378887841658788,24.814864682913708,7084230.0,35717800.0
2008-03-06,142.3701,142.7,136.28,136.5,8432300.0,154.81,136.28,145.54500000000002,5.403857142857141,146.32940370466173,153.5833785276206,152.13047652206583,-2.926884976762068,-2.568921227900976,-0.35796374886109206,43.012483316322516,154.51276474612882,137.17063525387118,0.11891063730234659,-4.9178044023404865,19.884188459608403,15.914558384222868,29.43664578211333,7088580.0,27285500.0
2008-03-07,135.99,139.8,134.47,136.07,8698500.0,154.81,134.47,144.64,5.3202857142857125,145.3523176375511,152.8965793696747,151.9706707855279,-3.4023918389850962,-2.7356153501178,-0.666776488867296,34.69568686555256,155.1343400875702,135.74705991242985,0.13330023972065827,-7.923940993368528,20.923722274218903,14.60716395467479,32.32909081144947,7099835.0,18587000.0
2008-03-10,137.71,137.7599,132.7,133.45,9971600.0,154.81,132.7,143.755,5.406707142857142,144.21876357683195,152.13396841400117,151.78638550407985,-3.9451691032454903,-2.9775261007433382,-0.9676430025021521,31.42686158844144,156.0080652883405,134.0533347116595,0.1513798842361032,-9.885880207981646,23.52677217260114,10.568883357839894,34.15070435002032,7333085.0,8615400.0
2008-03-11,141.78,146.64,139.53,146.4499,11150600.0,154.81,132.7,143.755,5.906707142857142,144.4312527599908,151.91106377031485,151.7332861458303,-3.2884336937258922,-3.039707619339849,-0.2487260743860431,47.521265774581934,156.11149581549128,134.5398941845087,0.14843625300386537,-2.020539238643193,23.384105153881393,20.412751121908595,26.386468651254834,7617050.0,19766000.0
2008-03-12,142.37,145.15,139.25,140.13,8718200.0,154.81,132.7,143.755,5.981699999999999,144.02160963999168,151.4490612695182,151.61783056228973,-3.2405739433190774,-3.079880884135695,-0.1606930591833824,47.08520712875056,156.1410811121279,134.0823088878721,0.15201236691677947,-9.236349504501584,23.454774809678856,20.156835491104978,24.085365125537674,7723220.0,11047800.0
2008-03-13,132.91,139.15,132.7,136.72,10698200.0,154.81,132.7,143.755,6.148128571428572,143.32621824570677,150.87145102365474,151.46959344226696,-3.4381701623072445,-3.151538739770005,-0.2866314225372393,40.47008502821062,156.2007702209485,132.9956197790515,0.16048022205185195,-9.150109641836668,23.369420114077105,19.611194114817714,30.555174745392954,7916200.0,349600.0
2008-03-14,135.37,135.66,128.05,128.8699,16747100.0,154.81,128.05,141.43,6.375985714285714,141.94942603182994,150.0086451011585,151.2447208707021,-4.180019391858593,-3.3572348701877233,-0.82278452167087,35.34336161444854,157.43301436749135,130.28836563250866,0.1886870467184795,-11.26495903050333,23.205530892704854,18.092552636118985,34.672510020859534,8361870.0,-16397500.0
2008-03-17,123.13,128.25,122.5,126.62,9773400.0,154.81,122.5,138.655,6.492407142857142,140.48948069546518,149.09144333248562,150.99969877248617,-4.893083951856255,-3.6644046865214297,-1.2286792653348253,32.803464292917596,157.97716274715776,127.4182172528423,0.2141516481052739,-13.54045749402526,25.464360305099753,16.612922567790694,40.15679854599387,8441730.0,-26170900.0
2008-03-18,128.21,133.5,127.92,133.0,11157800.0,154.81,122.5,138.655,6.600264285714284,139.7761968197066,148.46040633905483,150.82059729216294,-4.8870452572463705,-3.908932800666418,-0.9781124565799524,34.24838507285952,157.1682152618893,126.44416473811069,0.2166622664622652,-5.2908922594887215,26.502415686150407,16.43884389910791,39.500582768871844,8636715.0,-15013100.0
2008-03-19,129.53,131.26,123.27,123.69,11283900.0,154.81,122.5,138.655,6.990264285714287,138.24417807497264,147.48901785517032,150.55064110020112,-5.569299325489396,-4.241006105631014,-1.3282932198583826,31.720908279882906,157.44146680863903,123.605913191361,0.2407818469418077,-13.554275810013705,27.447848478764627,15.52168986048961,42.04827734900686,8911180.0,-26297000.0
2008-03-20,121.94,127.91,119.84,127.0801,10510900.0,154.81,119.84,137.325,7.180978571428571,137.18093254402285,146.68866813535973,150.31710337781107,-5.769925739919216,-4.546790032488654,-1.2231357074305622,37.29672904718645,157.57313690438275,121.82625309561725,0.2558837641611566,-6.901025641025638,29.70669214516314,15.109460807669443,39.34004219480635,9034560.0,-15786100.0
2008-03-24,125.59,131.41,125.56,128.3501,9176900.0,154.81,119.84,137.325,7.340264285714285,136.33990087316354,145.96950860063976,150.09852622977314,-5.760046996353765,-4.789441425261677,-0.9706055710920882,37.34058491017362,156.8626718161435,120.5937281838565,0.26143886846572645,-5.673476886896445,30.780289732322803,18.18745335171853,37.133734966724646,9229655.0,-6609200.0
2008-03-25,131.54,134.84,130.42,134.69,9684400.0,154.81,119.84,137.325,7.205257142857143,136.18276745667177,145.52717493002643,149.9452075608202,-5.180918670240061,-4.8677368742573535,-0.31318179598270746,46.003219705937234,155.72032917509864,120.39607082490136,0.2558649783221662,0.9291869614087789,31.190109912023186,21.928532341464944,32.24827903435589,9384400.0,3075200.0
2008-03-26,133.0,133.69,130.88,131.35,7821100.0,154.81,119.84,137.325,7.20597142857143,135.7225038893697,144.97120728571167,149.76018061991653,-4.934582589435962,-4.881106017293075,-0.0534765721428867,41.90689410680638,154.19777594240796,120.10662405759203,0.2485643823782333,-10.310624998719709,31.654593551838964,20.87564282004211,32.24508245145892,9510525.0,-4745900.0
2008-03-27,134.17,135.67,131.96,132.5,8418700.0,153.4,119.84,136.62,7.028542857142858,135.41559875704877,144.48214033333082,149.5884375291711,-4.593611784367965,-4.823607170708054,0.22999538634008854,47.01758728776405,151.1410682699287,120.97433173007131,0.22172017122042617,-5.444943980589445,30.304986480914238,23.41483095459737,29.156622587896706,9539915.0,3672800.0
2008-03-28,137.67,137.96,135.4,136.8891,7287700.0,150.29,119.84,135.065,7.037828571428571,135.5559322087584,144.18437404574922,149.46207596171666,-3.923992928153808,-4.643684322197205,0.7196913940433971,50.57667747599583,148.86303664375652,121.89227335624348,0.1992261077909278,0.1236834406085574,27.82006831207416,25.708112080024705,27.28114191065427,9634440.0,10960500.0
2008-03-31,135.01,136.67,133.99,135.14,4414500.0,147.32,119.84,133.57999999999998,6.883485714285714,135.5163196174481,143.8296927106218,149.31956774319212,-3.494174246753488,-4.413782307108462,0.9196080603549737,51.204595997034836,147.536496903383,122.209813096617,0.18778150334487254,4.865449573562164,24.21737121632057,26.284544375358017,27.519280098953182,9480790.0,6546000.0
2008-04-01,138.0,145.67,137.79,145.2145,12109300.0,146.64,119.84,133.24,6.693485714285715,136.4399558443578,143.8839988788327,149.27872129798624,-2.3139382513913915,-3.993813495965048,1.6798752445736564,49.0811126020118,147.246938836717,122.37582116328305,0.18448826555617145,14.685278786921474,23.45267933227197,27.158601966944424,28.30043709875699,9682700.0,18655300.0
2008-04-02,144.08,144.74,141.61,142.15,8653200.0,146.64,119.84,133.24,6.436671428571427,136.9837695734666,143.81599892280005,149.20778874775752,-1.6073438020177377,-3.5165195571755863,1.9091757551578485,51.57893420377944,147.51894358494533,122.27581641505466,0.18712837247017453,6.879699248120308,22.927589608939968,28.2421926150828,29.118865784666877,9543680.0,10002100.0
2008-04-03,143.68,148.67,143.28,148.06,10077000.0,148.67,119.84,134.255,6.371671428571425,138.03864866170787,143.9824303375922,149.19636796419775,-0.5639738624570043,-2.9260104182318702,2.362036555774866,58.53052332579077,148.61496777221726,121.67739222778278,0.1993217680620679,19.702482011480328,22.779870072543623,32.93596432422981,22.073149678151278,9739265.0,20079100.0
2008-04-04,146.84,149.75,145.09,146.6,10136600.0,149.75,119.84,134.79500000000002,6.085242857142854,138.85401545583093,144.08508012827488,149.1705334570913,0.14344103449178647,-2.312120127687139,2.4555611621789253,64.75612171692707,150.05838450806607,121.24397549193395,0.21241546897072414,15.360312118105025,22.95614747328187,35.75394338059054,17.65394971910971,9824480.0,9942500.0
2008-04-07,149.82,151.54,148.12,150.0,8131100.0,151.54,119.84,135.69,5.983107142857139,139.91553779337085,144.31703777030333,149.17878685552822,0.9672738906825487,-1.6562413240132015,2.6235152146957503,69.09282149110197,152.1221217097097,120.57323829029032,0.23138555360398774,16.867848174641086,23.88867866047239,38.5012565138754,11.329517033075266,9796110.0,18073600.0
2008-04-08,146.645,148.0,145.8,146.026,7758500.0,151.54,119.84,135.69,5.791678571428568,140.49748657495456,144.3840558969581,149.14741584204037,1.2846896738441558,-1.06805512444173,2.352744798285886,61.07253847252352,153.25900109854635,120.69395890145361,0.23774185317868252,8.416363501373535,23.739616333956366,33.299006579637066,14.565232137241235,9685455.0,10315100.0
2008-04-09,144.34,144.48,140.85,140.91,10276000.0,151.54,119.84,135.69,5.466392857142854,140.53677356781603,144.2478184108029,149.06545150530366,1.110622954966857,-0.6323195085600126,1.7429424635268695,65.76137894675179,152.48431923906688,120.91465076093313,0.23094211714209273,7.278264179672633,23.167828927351227,35.280512743451894,15.823963308266755,9641725.0,39100.0
2008-04-10,142.87,145.95,142.06,145.66,8938700.0,151.54,119.84,135.69,5.249964285714283,141.02469989469068,144.3031980809675,149.03156641569865,1.3405066030832984,-0.23775428623135042,1.5782608893146488,66.5930187489618,153.20142352418745,120.75054647581251,0.2369092439698458,9.93207547169812,23.79422250618611,38.73495738066247,11.809604146967,9652750.0,8977800.0
2008-04-11,144.48,146.6,142.17,142.9,9684500.0,151.54,119.84,135.69,5.148535714285712,141.20329990472015,144.24817070524327,148.97055580459718,1.2851675057034981,0.06683007215561927,1.218337433547879,62.65712779524367,153.72387898306337,120.84609101693664,0.2394856798514909,4.391072773507898,24.875648944594843,35.54408673756063,12.04225889469268,9602065.0,-706700.0
2008-04-14,141.55,142.0,140.01,140.44,6418200.0,151.54,119.84,135.69,4.891399999999998,141.13060467569917,144.09883067758668,148.88567465231264,1.0309255632469387,0.2596491703738832,0.7712763928730555,55.364086183606595,153.863976647059,121.86300335294104,0.23212072532124314,3.9218588130827348,25.969536660270997,32.40381076992273,15.829531714554419,9085620.0,-7124900.0
2008-04-15,142.61,142.93,140.75,142.6,4990300.0,151.54,119.84,135.69,4.797114285714285,141.27054708753735,144.04005300395582,148.8231306259215,0.9922924110288704,0.40617781850488066,0.5861145925239898,60.73121036606304,153.87553434101406,123.44944565898592,0.21942551790342246,-1.8004400387013675,27.023620097630182,34.42545816234762,16.140655989612814,8846465.0,-2134600.0
2008-04-16,143.64,148.15,143.47,147.57,9268000.0,151.54,119.84,135.69,4.884971428571428,141.87049498396237,144.17848229791835,148.81066166446954,1.3471833326696583,0.5943789213378362,0.7528044113318221,63.39860448244222,154.8556533361547,123.92632666384527,0.22188899492219272,3.812873724938437,29.223516457369588,38.543872167698034,15.850363213120131,8751975.0,7133400.0
2008-04-17,145.26,146.26,144.5,144.98,8530800.0,151.54,119.84,135.69,4.714257142857142,142.1666383188231,144.20991436466664,148.77254562800715,1.4032695723292932,0.7561570515361277,0.6471125207931655,57.43128433946076,154.20545917338467,126.70552082661533,0.195791124624387,-2.08023774145617,31.718435591658654,36.469917999503025,16.42434196570889,8614320.0,-1397400.0
2008-04-18,147.4,147.94,145.75,147.35,5436500.0,151.54,125.56,138.55,4.7186071428571426,142.6602918122685,144.33305497781697,148.75839094514143,1.6202799359107303,0.9289816284110483,0.691298307499682,61.0881054868414,154.00216300219958,128.93580699780048,0.17718622922472435,0.5115961800818525,34.86808628007127,38.979420379803365,14.274793560448387,8360600.0,4039100.0
2008-04-21,146.66,149.89,145.82,149.41,5072700.0,151.54,130.42,140.98,4.25717857142857,143.30312116348102,144.53215086103984,148.76487461732907,1.9361680562561787,1.1304189139800744,0.8057491422761043,54.45907598125181,153.8998090654458,131.14415093455423,0.15966420148591506,-0.3933333333333344,37.074890663129125,31.375575708257475,15.822014915982265,8155390.0,9111800.0
2008-04-22,149.97,151.08,147.05,148.7,6148000.0,151.54,130.88,141.20999999999998,4.28757142857143,143.81710962410187,144.6955959253128,148.7642290987487,2.104955978962664,1.3253263269765925,0.7796296519860717,57.328261356008035,154.29092959477055,132.15403040522943,0.15456302103930272,1.8311807486337983,39.51395958588834,33.13564122213709,15.709859061073542,7978570.0,2963800.0
2008-04-23,155.37,160.9,154.1,157.611,14183800.0,160.9,131.96,146.43,4.693285714285717,145.1308134694255,145.20208235961425,148.85225666990544,2.924058129471007,1.6450726874754755,1.2789854419955313,60.01341972279883,155.90045256617412,133.17060743382586,0.15726129853571824,11.852246114541188,41.4202718650562,39.23538185249447,14.351809575990018,8296705.0,17147600.0
2008-04-24,160.41,162.76,155.93,160.36,9043400.0,162.76,133.99,148.375,4.8482857142857165,146.58121218662308,145.79651050237447,148.9667615786626,3.7517756761146472,2.06641328520331,1.685362390911337,64.04654961208657,157.89574703428414,133.96131296571585,0.16401476852105817,10.091995056982018,42.39930362994119,39.130178560905165,13.8929813188756,8327940.0,26191000.0
2008-04-25,159.23,159.45,156.29,158.21,5651000.0,162.76,133.99,148.375,4.7861428571428615,147.68871578789708,146.28331401208527,149.05873410026797,4.186007079597658,2.4903320440821797,1.6956750355154786,58.60046092604232,159.3631431308659,134.6260068691341,0.16828604907175515,10.713785864240721,41.70828723733853,36.966838790556054,14.073366564188278,8246105.0,20540000.0
2008-04-28,157.95,159.407,157.31,157.36,5236800.0,162.76,137.79,150.27499999999998,4.635928571428577,148.60979047476403,146.7176938547486,149.14133376096183,4.410706816462152,2.8744069985581744,1.536299817903978,62.70456889207729,159.97226154713147,136.2388884528685,0.16024631817041973,12.047849615494165,42.86941831289845,38.164645702047636,10.954809484923663,8287220.0,15303200.0
2008-04-29,158.31,158.87,156.49,157.47,4206100.0,162.76,140.01,151.385,4.43621428571429,149.45361995335793,147.13935291926828,149.22420606184778,4.545264082478923,3.2085784153423242,1.3366856671365985,70.9090909090909,161.2059098100871,136.23079018991288,0.16793569603330197,10.427769985974766,45.7587338987111,39.88278293912117,4.798170898610442,7892060.0,19509300.0
2008-04-30,159.5,160.77,158.0,158.7899,6973700.0,162.76,140.01,151.385,4.311928571428576,150.34278948160954,147.59623711851268,149.31938709605825,4.704179728703139,3.507698678014487,1.1964810506886514,68.15031282917562,162.40712323791087,136.69356676208912,0.17193913177413098,7.603103611845219,47.585857006144316,41.74466181854322,4.936471913462631,7808085.0,26483000.0
2008-05-01,158.35,162.87,157.82,162.16,7549600.0,162.87,140.01,151.44,4.356214285714292,151.46823810240863,148.16736507464944,149.4471543886348,5.043917289377902,3.8149424002871704,1.2289748890907313,76.18270799347468,164.2628716807331,136.24781831926686,0.18644962920597766,11.849910332459658,49.764249601309764,43.69783724400277,4.886287241543257,7681715.0,34032600.0
2008-05-02,163.25,164.99,162.45,163.64,4882300.0,164.99,140.01,152.5,4.351928571428577,152.62745352122687,148.77413507172201,149.5883767330265,5.3706755800561155,4.12608903624096,1.2445865438151555,82.40223463687148,166.20890072347908,136.0057892765209,0.19987851316531433,11.055310485239222,54.056741490410346,47.22044413806682,1.3458729298997032,7419000.0,38914900.0
2008-05-05,162.65,163.64,161.15,162.15,4494200.0,164.99,140.01,152.5,4.351928571428575,153.53436270968146,149.2986787943996,149.71336800931482,5.446618108877431,4.390194850768254,1.0564232581091764,77.82522060916598,167.5867239490913,135.8429660509087,0.20923303779654914,8.52687236463423,57.60585639082051,45.69402727854643,3.4795739163260535,7237155.0,34420700.0
2008-05-06,160.0,164.22,159.17,163.24,5288500.0,164.99,140.01,152.5,4.316214285714289,154.45870911828322,149.8453972730506,149.84796136245598,5.530999086057932,4.61835569782619,0.912643388231742,75.07200000000003,169.00564396545386,136.14544603454615,0.2153700183794703,9.77807666442503,59.57663832924781,37.433597564002824,6.785046419646831,7113655.0,39709200.0
2008-05-07,158.3,158.74,153.1,153.65,9148600.0,164.99,140.01,152.5,4.821214285714291,154.38168920225624,149.99459737998978,149.8857925926803,4.769063964634569,4.648497351187866,0.1205666134467025,61.333333333333364,168.69909505901563,137.72599494098438,0.20215772878148622,-2.513149462918185,59.581741355529594,33.512600560024865,15.067336326058903,7057285.0,30560600.0
2008-05-08,154.6,156.35,153.69,155.95,5348400.0,164.99,140.01,152.5,4.802642857142861,154.5310521353747,150.22814258077452,149.94613296489246,4.301233724606192,4.579044625871532,-0.27781090126534025,61.262441068622316,168.83623616835763,138.61785383164238,0.1965716724517488,-2.750062359690708,58.74096272867984,31.143566786144504,15.125600487826613,6877770.0,35909000.0
2008-05-09,151.45,153.25,151.3,152.01,5508100.0,164.99,140.01,152.5,4.844071428571431,154.29095193200567,150.29801934231278,149.96666895529154,3.5713811579217634,4.377511932281578,-0.806130774359815,53.24513230154767,168.44283295360984,139.92225704639011,0.18497927834321146,-3.918842045382731,57.84283466917798,28.00182845009363,18.520429980683257,6668950.0,30400900.0
2008-05-12,151.95,152.75,150.12,152.75,6552700.0,164.99,140.75,152.87,4.744071428571431,154.144194605148,150.39417544653583,149.9943637915573,3.0178911850730685,4.105587782839876,-1.0876965977668078,55.05113494637068,167.5429754395647,142.05311456043523,0.1646652635640811,-2.929588205388922,56.21406580096956,26.80036737582242,20.687474592348305,6675675.0,36953600.0
2008-05-13,155.06,155.21,153.06,154.9,4291500.0,164.99,143.47,154.23000000000002,4.048357142857144,154.21617607132438,150.57087444863245,150.04317609213882,2.721363244122358,3.828742875096373,-1.1073796309740147,45.93297128626724,166.7936521391957,144.03243786080427,0.14645626612869878,-1.6320568997269302,53.87206372923528,18.42017043950808,24.242638107168652,6640735.0,41245100.0
2008-05-14,155.44,157.82,155.33,156.02,3552100.0,164.99,144.5,154.745,3.76907142857143,154.38796882643635,150.7845656467253,150.10264697679418,2.5473728260655832,3.5724688652902152,-1.025096039224632,43.1545741324921,166.6009521140109,145.07013788598908,0.1381636919100955,-1.744380467523421,51.20292698595239,21.20643584058217,26.039001648757697,6354940.0,44797200.0
2008-05-15,155.9,158.25,155.81,158.19,4078200.0,164.99,145.75,155.37,3.6526428571428573,154.7500670334424,151.0749748370498,150.18311815115445,2.5551310703109777,3.369001306294368,-0.8138702359833903,49.968474148802,166.00473188891633,146.9873581110837,0.12151983635006643,-2.4481993093241283,48.59619986320333,22.723272777049893,26.868998963568412,6132310.0,48875400.0
2008-05-16,158.15,159.14,157.6,158.7399,3446300.0,164.99,145.82,155.405,3.6128571428571417,155.1300511254955,151.37556013755767,150.26826025910316,2.5759578306706032,3.210392611169615,-0.6344347804990118,52.19590132368338,165.58017267048194,148.55090732951805,0.10842139746862291,-2.9944390124663767,44.974091446436375,24.733096085409244,27.164887307236036,6032800.0,52321700.0
2008-05-19,158.83,161.07,158.42,158.95,6648600.0,164.99,147.05,156.02,3.6321428571428567,155.49385578021023,151.67259699490836,150.35464572916183,2.5796795622267723,3.0842500013810468,-0.5045704391542745,52.347715736040605,165.28529106810956,149.7997889318904,0.09829409971566518,-1.9734813444341803,39.76216523451017,28.397246804326453,25.4080629301868,6111595.0,58970300.0
2008-05-20,154.45,155.04,152.4,152.4,6208600.0,164.99,150.12,157.555,3.8642857142857117,155.19920284876164,151.7011226029512,150.37499751295127,2.030690268577331,2.8735380548203038,-0.8428477862429729,41.30628215977645,164.72128345943548,150.73379654056453,0.08868132298817921,-6.64052928203872,35.582173811996306,23.179297597042513,35.00924214417741,6114625.0,52761700.0
2008-05-21,156.05,156.97,151.72,152.119,6871900.0,164.99,150.12,157.555,3.8785714285714255,154.90585019649862,151.71750995185508,150.39235077152887,1.5550127277570596,2.6098329894076553,-1.0548202616505957,35.085113335908005,164.88357590319634,150.02230409680368,0.09438548309350504,-0.9964204360559781,31.374920943424595,22.780847145488057,34.88029465930016,5749030.0,45889800.0
2008-05-22,153.17,153.9899,152.25,153.54,4298900.0,164.99,150.12,157.555,3.810064285714282,154.7757692254035,151.78898014982155,150.4236706643495,1.277966076370717,2.3434596068002675,-1.0654935304295505,34.971132670674336,164.60653656226626,149.61734343773375,0.09540454483938333,-1.5453671048412887,26.754412537436867,19.2160237266338,35.50746237877499,5511805.0,50188700.0
2008-05-23,151.93,151.93,148.6,149.59,6742100.0,164.99,148.6,156.79500000000002,3.9850642857142833,154.28188644203175,151.70274563414227,150.41537543385846,0.7312433030467105,2.021016346049556,-1.2897730430028456,32.58554711330483,164.8690092325755,148.49287076742453,0.10451902104462081,-1.5920005262811565,23.122653502743617,18.372171805796295,38.16034514589298,5566360.0,43446600.0
2008-05-27,149.23,150.285,146.28,150.17,6094400.0,164.99,146.28,155.635,3.910421428571425,153.8902782094573,151.64263796221513,150.4129338872529,0.3408337991256758,1.6849798366647801,-1.3441460375391043,31.61847434743467,165.00060660500588,147.6422733949941,0.11104256210799862,-1.6890343698854449,20.721580939141653,18.72286326464632,39.50980804041944,5609240.0,49541000.0
2008-05-28,149.56,150.15,147.65,149.95,3683300.0,164.99,146.28,155.635,3.3661357142857082,153.51501361808042,151.5762600029126,150.40832757991706,0.013523403755897334,1.3506885500830037,-1.3371651463271064,42.93407684668851,165.05594543572045,146.8349345642796,0.11684221655625744,-3.195610071013566,19.479047239100357,21.75024774062674,33.01793705796601,5583100.0,45857700.0
2008-05-29,149.97,153.15,149.06,152.05,5397900.0,164.99,146.28,155.635,3.4654214285714238,153.37548851159656,151.59483804201406,150.4246626288731,-0.07554911003813913,1.0654410180587752,-1.1409901280969144,42.494804095142825,164.77438201701415,146.44250798298583,0.11780770660633694,-2.5445455710806253,17.57897264977081,27.31063424568032,32.07195991417246,5504310.0,51255600.0
2008-05-30,152.5,153.17,151.8,152.2,2048500.0,164.99,146.28,155.635,3.2311357142857093,153.26353722477785,151.6185698835037,150.44232767734204,-0.13250849708433066,0.8258511150301541,-0.9583596121144847,50.42808219178081,163.84998552808133,146.37090447191866,0.11268796924773615,-3.786585751311722,16.15024880499147,29.335107735227993,29.114044376258697,5229255.0,53304100.0
2008-06-02,153.75,154.77,150.43,152.99,4526700.0,164.22,146.28,155.25,3.353278571428567,153.2374860605133,151.67235145669966,150.46767765070183,-0.11260478611382041,0.6381599348013592,-0.7507647209151797,50.53951982735367,162.37639025057314,146.77949974942686,0.10089984377232002,-3.6222147046835684,15.996657432576455,31.67475754006212,25.54003651011057,5211475.0,57830800.0
2008-06-03,150.28,150.4,146.62,147.3,5442400.0,164.22,146.28,155.25,3.632564285714281,152.67201119760728,151.50088669369183,150.43615847009784,-0.549630599044491,0.40060182803218924,-0.9502324270766802,35.261034830501885,161.423262743967,146.24762725603298,0.09864849734685019,-7.329348851840189,15.880184044213669,24.402281741154937,31.06817498068072,5258885.0,52388400.0
2008-06-04,146.0,147.3,145.05,145.61,5126900.0,161.07,145.05,153.06,3.584707142857139,151.99943870259705,151.2698715292333,150.38813699278344,-1.0205809584739995,0.1163652707309515,-1.136946229204951,30.248178506375197,160.0198392407118,145.8880507592882,0.09239244193030521,-4.455380577427814,17.139682035613614,19.52739713744303,34.611315130345375,5250805.0,47261500.0
2008-06-05,147.26,150.43,146.27,150.38,6161600.0,161.07,145.05,153.06,3.754707142857139,151.84520644520686,151.23497460651828,150.38805602768113,-0.9974157875601009,-0.10639094092725897,-0.8910248466328419,36.51215805471121,159.9393668480373,145.6415231519627,0.09357812719293152,-1.1431839546670708,17.70713649841796,23.77967465600325,33.04423590198208,5101455.0,53423100.0
2008-06-06,146.35,147.27,141.57,141.57,10269600.0,161.07,141.57,151.32,4.273992857142853,150.86661535518715,150.85595599449795,150.30031417665944,-1.6706918982393972,-0.41925113238968664,-1.2514407658497106,26.929681474574068,160.63495418293357,143.5079358170664,0.11262481503918881,-7.796014067995305,19.590800272716276,19.403067389309804,36.884211652202126,5347515.0,43153500.0
2008-06-09,143.1,143.85,140.41,142.36,6367900.0,161.07,140.41,150.74,4.330421428571425,150.056461511836,150.5227812496157,150.22130607539916,-2.1161282596178808,-0.7586265578353255,-1.3575017017825552,28.050910245554633,161.1914368777904,141.98645312220964,0.12669118948997743,-4.833210776121389,22.13489600277371,15.966773276767876,38.31695694414435,5390505.0,49521400.0
2008-06-10,139.37,140.24,137.89,138.66,8746000.0,161.07,137.89,149.48,4.181849999999999,148.97108422499448,150.05757414178763,150.10626820400216,-2.7361581352321593,-1.1541328733146923,-1.582025261917467,30.3388472325568,162.06591890575748,139.7029710942425,0.1482124138874287,-7.6646467337017965,23.12358756242304,16.534035688237793,33.700054145550794,5500170.0,40775400.0
2008-06-11,139.34,139.34,135.3,135.3,7732600.0,161.07,135.3,148.185,4.095421428571427,147.66907620356645,149.47884574407047,149.95894215222106,-3.458789426551249,-1.6150641839620037,-1.8437252425892452,27.881959969490552,162.89361212900164,136.91527787099838,0.17329929247930745,-9.769923307769247,25.085723060499436,13.516836746261946,38.928489829234394,5672225.0,33042800.0
2008-06-12,138.24,139.99,137.19,138.63,6072600.0,161.07,135.3,148.185,4.296785714285712,146.80821180322678,149.05340081293045,149.84621635966164,-3.7198961143191696,-2.036030570033437,-1.6838655442857324,31.329827197595776,162.6151565319499,135.45473346805014,0.1822419773020332,-8.826044064452487,26.195868107726962,13.963926523148547,37.10414761865182,5798250.0,39115400.0
2008-06-13,136.57,138.43,135.88,138.34,5962700.0,161.07,135.3,148.185,4.140357142857141,146.0017154410147,148.6332674477175,149.73172664464013,-3.90520880571205,-2.40986621716916,-1.49534258854289,34.491315136476416,161.7066192982335,134.37827070176647,0.18459806305189733,-9.106438896189218,26.61016897107001,14.491503493487464,34.469076166652286,5892475.0,33152700.0
2008-06-16,138.26,139.7,137.6,139.48,2841700.0,161.07,135.3,148.185,4.004285714285713,145.3805996847276,148.27431578310112,149.6297194143452,-3.914952836795237,-2.7108835410943755,-1.2040692957008616,35.48737442302472,160.27596959658825,133.88293040341176,0.17944749720764178,-8.830642525655286,26.148662631008396,17.249375668926138,31.50196218337496,5862245.0,35994400.0
2008-06-17,140.85,141.65,137.18,138.78,4367000.0,156.97,135.3,146.135,4.143571428571428,144.75197114332497,147.9019896739599,149.5217620072373,-3.9338126578798267,-2.955469364451466,-0.9783432934283609,35.03082283570089,158.5088638794922,133.63303612050782,0.17029962329254633,-5.78411405295316,26.15259078429091,20.03102913290813,30.443027064299255,5748165.0,31627400.0
2008-06-18,140.57,141.0,138.07,140.47,5213900.0,156.97,135.3,146.135,4.060714285714285,144.34416436777022,147.6105390985105,149.4316947235832,-3.7689442822864976,-3.1181643480184724,-0.6507799342680252,34.308943089430855,157.77789928058715,133.17100071941283,0.16914928058620823,-3.5299773367213905,28.036928859687077,15.162708883025516,31.064204045734385,5698430.0,36841300.0
2008-06-19,138.46,141.98,138.39,140.68,5699500.0,154.77,135.3,145.03500000000003,4.219285714285716,143.99519633274448,147.33875325151007,149.34461318404507,-3.580070833804143,-3.210545645175607,-0.3695251886285362,34.41558441558443,156.9665813116755,132.8384186883245,0.166513087236942,-6.450325841202275,30.12864647070864,16.218046385644165,29.89673269002876,5639810.0,42540800.0
2008-06-20,135.153,137.0,133.4,133.41,8647000.0,154.77,133.4,144.085,4.429285714285716,142.98708239629264,146.7925276338038,149.1860598190297,-3.9712375526991366,-3.362684026680313,-0.6085535260188237,27.463167587476946,156.2804986299717,131.51150137002833,0.17213124242469127,-5.7639330366603065,32.78378631089693,12.868892114175113,36.52636671504591,5857215.0,33893800.0
2008-06-23,134.02,134.52,132.81,134.02,4808800.0,154.77,132.81,143.79000000000002,4.096428571428573,142.13307454902667,146.29164419718404,149.03515375117868,-4.183789967187238,-3.526905214781698,-0.6568847524055399,32.69030239833158,155.94450748626167,130.29049251373834,0.17925141909636017,-5.858387187412195,34.909219187829905,13.91455972101131,33.8796861377506,5760550.0,38702600.0
2008-06-24,132.11,134.8,130.82,133.34,5848100.0,154.77,130.82,142.79500000000002,4.220000000000003,141.2956388776908,145.7837365816082,148.87898306708735,-4.3568861327584045,-3.6929013983770393,-0.6639847343813652,33.574297188755,155.36055803408547,129.19144196591455,0.18393204804865837,-3.836722919371116,35.96566222471814,13.50710900473931,33.598510494245055,5748235.0,32854500.0
2008-06-25,134.41,136.89,134.41,136.31,6007900.0,154.77,130.82,142.79500000000002,4.129285714285716,140.82081612743454,145.4122174999765,148.75391855895714,-4.205928585752787,-3.7955068358521893,-0.41042174990059754,30.210970464135045,154.41361720423583,128.77438279576415,0.1810757123075249,0.7464892830746361,38.24320787209597,12.004843452689787,34.33661996194427,5864465.0,38862400.0
2008-06-26,132.6,133.03,129.21,129.4,10635400.0,154.77,129.21,141.99,4.007142857142859,139.73311935339316,144.7842874019382,148.56134225488793,-4.590951264472011,-3.954595721576154,-0.6363555428958572,31.916790490341768,153.3932386383467,127.5297613616533,0.18413214494144944,-6.6580105316309535,39.534770128114516,12.370766488413487,36.27450980392149,6126340.0,28227000.0
2008-06-27,130.15,131.32,129.0,130.06,5075000.0,154.77,129.0,141.885,3.9271428571428584,138.81186989116523,144.20686436656808,148.37724929712786,-4.78763910375946,-4.121204398012815,-0.6664347057466449,31.652744630071567,151.8380191984845,126.87098080151553,0.17916205358972231,-5.985253722712159,39.97274042112538,12.622771917060687,35.28555838486717,6277665.0,33302000.0
2008-06-30,130.61,132.31,130.61,130.84,5341400.0,150.43,129.0,139.715,3.768571428571428,138.05264418724474,143.68267360709484,148.20274930412162,-4.824957050736714,-4.2619549285575955,-0.5630021221791184,37.222222222222214,149.5072740922041,126.98672590779593,0.16290080930803694,-6.194436478348142,40.1086056583163,15.030326004548861,31.993934799090162,6318400.0,38643400.0
2008-07-01,128.28,130.47,126.78,130.17,7237000.0,150.43,126.78,138.60500000000002,3.77,137.3019161694119,143.15276483818917,148.0233189627871,-4.852656786394249,-4.3800953001249265,-0.4725614862693224,40.80974561089211,148.35340102789186,126.42759897210814,0.15958746824404685,-6.204063986165165,39.441710964471056,15.024630541871877,34.331186055324,6408130.0,31406400.0
2008-07-02,129.73,130.5,124.81,125.47,7028600.0,150.43,124.81,137.62,3.8414285714285716,136.1750670104203,142.4593230798288,147.79890782882902,-5.193986701380709,-4.542873580376083,-0.6511131210046255,27.52732240437159,147.85554249239658,124.91145750760342,0.16823211741004715,-10.678436676870506,39.5481801825931,13.536630717738884,37.35589438452957,6503215.0,24377800.0
2008-07-03,125.72,126.9,123.5,125.64,6692000.0,147.27,123.5,135.385,3.8878571428571433,135.17172729514218,141.7997417825806,147.57842118376604,-5.388658438747541,-4.712030552050375,-0.6766278866971662,28.22359396433471,145.54947786314273,124.7435221368573,0.15395112508489256,-10.690929769690083,39.976729210440304,13.374977034723445,36.909792393900425,6529735.0,31069800.0
2008-07-07,129.94,130.93,126.56,128.42,9368600.0,143.85,123.5,133.675,4.115714285714287,134.5287056479858,141.275046026401,147.38779012721116,-5.258003435958045,-4.821225128831909,-0.4367783071261364,32.04545454545455,144.84470099789868,124.13329900210132,0.15400071378177665,-3.7403492991529896,40.27102828762059,17.42450538007634,34.86636584519263,6484685.0,40438400.0
2008-07-08,127.35,131.62,126.51,130.89,13250600.0,141.98,123.5,132.74,4.161428571428573,134.18216225293952,140.8677893194833,147.22363301151753,-4.898681101169018,-4.83671632329933,-0.06196477786968746,37.887626650291665,143.68995322202008,124.14104677797992,0.14597941570647277,-2.3354723175645575,41.59582825365857,15.070374184689273,34.48335049776862,6828820.0,53689000.0
2008-07-09,131.96,132.98,128.17,128.22,8240400.0,141.98,123.5,132.74,4.295714285714287,133.6143372764691,140.37179758146436,147.03454213578104,-4.774326780736942,-4.824238414786853,0.04991163404991106,31.74366616989569,143.21606751728203,123.57093248271795,0.14727205624385056,-3.8398080095995213,41.48979548049391,16.860658463584894,33.405387429331554,6803540.0,45448600.0
2008-07-10,131.29,133.45,130.03,133.15,9857900.0,141.98,123.5,132.74,4.412857142857143,133.57011467871013,140.08858983317165,146.89638748766382,-4.229213546429918,-4.705233441115467,0.47601989468554873,40.16200679383329,143.0676894461559,123.50431055384409,0.14677744768626716,-2.3182451764360623,41.88500215175139,15.587568792489426,32.518614438329564,6909805.0,55306500.0
2008-07-11,132.07,134.75,130.61,133.05,6835000.0,141.98,123.5,132.74,4.188571428571428,133.5205799474044,139.81256670245904,146.75861248778656,-3.7619115703041075,-4.5165690669531955,0.754657496649088,49.42122186495179,142.45967904102412,123.55432095897588,0.1421380685381088,2.8207109737248937,39.608270408755494,18.63915416098223,25.750341064120104,6947925.0,48471500.0
2008-07-14,132.07,135.56,131.22,131.76,6840100.0,141.98,123.5,132.74,4.37642857142857,133.35290566669923,139.49677977295084,146.60937256253496,-3.455826984219186,-4.304420650406394,0.8485936661872078,46.444304594084294,141.80144256355635,123.55455743644366,0.13752758654119515,1.3070890358296117,37.37822079679105,19.161090256242836,23.682062999836827,6991795.0,41631400.0
2008-07-15,128.35,130.73,125.33,127.7,10487500.0,141.98,123.5,132.74,4.551428571428568,132.81453369844215,139.03416095832532,146.42121960171372,-3.5005091235062764,-4.143638345026371,0.6431292215200948,41.97952218430033,140.8783665420502,123.2996334579498,0.1330824904730932,-2.3998777132375415,35.911856878654376,18.424356559949764,28.89202762084122,7374085.0,31143900.0
2008-07-16,128.22,134.5,127.81,134.205,10391000.0,141.98,123.5,132.74,4.783571428571427,132.9469590604953,138.84478209721453,146.29966517781608,-2.9767072768108847,-3.9102521313832743,0.9335448545723897,47.28001033725288,140.13974939689248,123.58075060310752,0.12557991353561793,3.0997925789352676,33.58952911085216,20.038823353740515,27.489920860086634,7675285.0,41534900.0
2008-07-17,133.45,136.43,133.38,135.5,10699800.0,141.98,123.5,132.74,4.494285714285714,133.1901058166386,138.71361417183357,146.19220582281295,-2.429093781231188,-3.6140204613528573,1.1849266801216691,59.220072551390565,139.0597870250356,124.16371297496441,0.11318194652127331,7.993942775165386,30.614823288618535,24.39605848696762,20.994914176732397,7949580.0,52234700.0
2008-07-18,135.6,136.7,134.75,136.05,8236700.0,137.0,123.5,130.25,4.467857142857142,133.46247669124446,138.6091587141146,146.0912883519392,-1.9284952444524492,-3.2769154179727757,1.3484201735203265,59.08401577191388,137.86733877613517,124.89316122386481,0.09875287611547674,8.285577841451786,27.88982025846227,24.972022382094337,20.783373301358942,8076440.0,60471400.0
2008-07-21,138.18,139.11,136.95,137.5,7205000.0,139.11,123.5,131.305,4.525714285714285,133.84700272064975,138.56566229395327,146.005802895701,-1.3986417441904564,-2.901260683216312,1.5026189390258557,59.89892984542212,138.57927528391699,124.59022471608306,0.10631209595210635,7.070549758604594,26.273718213910932,26.89393939393943,20.517676767676793,8004340.0,67676400.0
2008-07-22,135.5,139.95,135.39,139.79,6890500.0,139.95,123.5,131.725,4.5614285714285705,134.41300246154026,138.61367553732765,145.94395411066915,-0.7848973580115057,-2.477988018175351,1.6930906601638451,63.64152013613162,139.715337715451,124.03116228454903,0.11893371423622283,6.799602719841102,25.10266676589978,26.68336987159415,16.802380206702168,8108425.0,74566900.0
2008-07-23,140.65,143.23,139.9,141.59,28866900.0,143.23,123.5,133.365,4.400714285714285,135.09652603663167,138.73039414370697,145.90063118419485,-0.15150905136974302,-2.0126922248142294,1.8611831734444864,74.90729295426455,141.241522778081,123.32997722191897,0.1354004158132076,10.42739042271097,24.599048058683614,32.98165882161991,14.218471027430624,9259365.0,103433800.0
2008-07-24,46.55,47.17,45.0,45.17,4818733.0,143.23,45.0,94.115,11.057142857142855,126.5320949855239,135.0613590792479,144.89833634654119,-7.345161984327106,-3.0791861767168047,-4.265975807610301,18.715496462172453,167.56687559992972,87.89062440007027,0.6237926167746843,-66.07585429966203,26.03243351745311,13.12661498708012,66.11757105943154,9199906.65,98615067.0
2008-07-25,45.36,45.94,45.12,45.51,10470800.0,143.23,45.0,94.115,10.737857142857141,118.81570498690257,131.54954107614014,143.90939767642635,-12.870386795227304,-5.037426300418905,-7.8329604948083995,17.143536498375212,177.71497169041976,69.35352830958023,0.8771773283995291,-65.79481397970687,28.83124159482313,10.836160447016578,68.0835495243797,9191676.65,109085867.0
2008-07-28,45.01,45.53,44.06,44.22,14935400.0,143.23,44.06,93.645,10.477857142857141,111.71135213100709,128.12485319080133,142.9174633711883,-17.15550154114368,-7.461041348563859,-9.694460192579818,15.329226338107048,183.84403411052705,54.64046588947292,1.0835384959697938,-66.43897996357013,31.30324879689946,10.634671756765986,70.49560297225442,9684696.65,94150467.0
2008-07-29,44.09,45.58,44.09,45.53,12585500.0,143.23,44.06,93.645,10.240714285714285,105.40836621376832,124.88583934018168,141.94843388490781,-20.21277945841554,-10.011388970534195,-10.201390487881344,16.557469869772717,187.17341578356059,42.780084216439434,1.2558480872621738,-64.34612372748629,34.360649040699286,9.967217688498316,72.1280602636535,10046901.65,106735967.0
2008-07-30,45.83,46.7,45.61,46.62,21851700.0,143.23,44.06,93.645,9.950714285714284,99.80947419340943,121.81659073860592,140.99989225421223,-22.290786037948592,-12.467268384017075,-9.823517653931518,13.882627932214703,188.73509867157014,32.863401328429845,1.4067937945711753,-65.26209902760702,37.18619882163493,10.72428397099996,74.23013423300554,10777636.65,128587667.0
2008-07-31,45.16,46.09,44.59,44.64,19521400.0,143.23,44.06,93.645,9.799999999999999,94.55523855594187,118.79005776846452,140.04108735616038,-23.82277653715029,-14.738370014643719,-9.08440652250657,13.668118681679957,189.7119217789184,23.803578221081565,1.5540636961516783,-67.05535055350553,41.534419200315874,9.941690962099146,76.11516034985424,11402276.65,109066267.0
2008-08-01,45.7,45.9,44.9,45.38,12124700.0,143.23,44.06,93.645,9.579999999999998,89.87188250299502,115.91123197362278,139.0991859894324,-24.692538021856464,-16.72920361608627,-7.963334405770194,14.341149273447826,189.52969882087618,15.959801179123815,1.6893310620907869,-66.64461595001838,46.36046377130817,9.566060244557136,77.86310766477783,11673911.65,121190967.0
2008-08-04,44.75,44.82,43.85,44.17,25608300.0,143.23,43.85,93.53999999999999,9.23,85.51932226461454,113.09785032759835,138.1546169746122,-25.18910285435439,-18.421183463739894,-6.7679193906144945,14.686733744821169,188.2007736374269,8.863726362573132,1.8200847669149316,-67.87636363636364,50.292760927018584,9.928803590775443,77.07011298560595,12485896.65,95582667.0
2008-08-05,43.99,45.1,43.93,45.02,15349000.0,143.23,43.85,93.53999999999999,8.827857142857143,81.66224395369888,110.42813070690822,137.22790436789964,-25.223287804552427,-19.7816043319024,-5.441683472650027,10.40269946277138,185.59112005394923,2.886379946050795,1.9387432463598935,-67.7945489663066,55.09092794106099,7.557245731855342,80.58095315154947,12590816.65,110931667.0
2008-08-06,44.78,45.5,44.52,45.24,10722500.0,143.23,43.85,93.53999999999999,8.679999999999998,78.19345881525136,107.87173342428437,136.31260183687576,-24.945076152376494,-20.81429869599722,-4.130777456379274,9.539178769948009,182.4754766530416,-2.295976653041592,2.050970874112573,-68.04859100218941,60.65973088123146,6.426925608953267,81.95358788676764,12714921.65,121654167.0
2008-08-07,44.16,44.16,42.68,42.68,31606400.0,143.23,42.68,92.955,8.723571428571429,74.81122464237028,105.31519485862617,135.38093415690685,-24.64704621232554,-21.580848199262885,-3.0661980130626567,8.885953324526625,177.93403892158864,-6.801538921588644,2.158977141608722,-5.5125083019703425,66.1602231205007,6.173749283550338,83.05084745762711,13802346.65,90047767.0
2008-08-08,42.25,43.88,42.08,43.75,16895800.0,143.23,42.08,92.655,8.633571428571429,71.85301277166835,102.90087349162123,134.46918356828093,-24.047312826675068,-22.074141124745324,-1.9731717019297434,8.580012370769637,172.43206314793576,-10.229563147935735,2.252266473030582,-3.867281916062404,71.65856575585214,4.244229337304544,84.41300570861256,14305386.65,106943567.0
2008-08-11,42.72,43.38,42.66,42.9,14174300.0,143.23,42.08,92.655,8.385714285714286,69.09558298389041,100.54789806057725,133.55804741337266,-23.371199059266004,-22.33355271164946,-1.037646347616544,6.641009576658021,166.24147136573987,-12.924971365739879,2.3372101858766636,-2.985074626865669,76.48440351639911,4.369676320272575,85.57921635434413,14672096.65,92769267.0
2008-08-12,41.96,42.23,41.22,41.44,20745800.0,143.23,41.22,92.225,8.26,66.4617179378056,98.22994127388795,132.64144992667244,-22.691609081275814,-22.40516398557473,-0.2864450957010831,5.045336206122627,159.86367497590524,-15.173174975905255,2.4194656864384396,-8.983088073797507,80.53309433713768,1.5997924593566255,88.12694569353164,15185011.65,72023467.0
2008-08-13,41.05,41.26,40.34,41.0,21963900.0,143.23,40.34,91.785,1.4392857142857136,64.03679241991935,95.98562985138254,131.72959470352149,-21.93567267024332,-22.311265722508452,0.3755930522651312,36.46982478909799,151.16716613839085,-15.79716613839085,2.466784845634656,-12.054912054912048,80.18608396942773,9.181141439205968,39.15632754342427,15763656.65,50059567.0
2008-08-14,41.07,41.93,40.82,40.95,18460800.0,143.23,40.34,91.785,1.4599999999999993,61.83805028468894,93.82736985721068,130.82631515423273,-21.09742422661111,-22.068497423328985,0.9710731967178745,34.920634920634924,140.78719690967986,-14.872196909679865,2.472451952815149,-8.266129032258062,78.68938694452049,12.328767123287692,38.600782778864925,16151706.65,31598767.0
2008-08-15,41.16,42.27,40.75,41.0,12470800.0,143.23,40.34,91.785,1.4635714285714283,59.85347406709952,91.75570829418281,129.9325209735936,-20.196261779587452,-21.69405029458068,1.4977885149932284,38.400576368876074,128.483897484088,-12.073897484087986,2.4148749242878784,-9.651828999559287,76.34555527204016,13.958028306491007,33.3333333333333,16363411.65,44069567.0
2008-08-18,40.81,40.85,39.84,40.0,19397800.0,143.23,39.84,91.535,1.4399999999999997,57.96266701309004,89.72607267480309,129.03767001863247,-19.339838075741703,-21.223207850812887,1.8833697750711842,29.624170965364755,113.20574642980512,-6.545746429805099,2.2454808336697956,-9.440796920987093,74.27497890682764,13.938492063492111,38.39285714285708,16973051.65,24671767.0
2008-08-19,39.44,39.61,39.1,39.43,17138000.0,143.23,39.1,91.16499999999999,1.4207142857142852,56.19765110708146,87.75367766794807,128.1460514114819,-18.49392391374584,-20.677351063399477,2.183427149653639,22.452107279693493,92.42553944204963,4.198460557950362,1.826193883178077,-12.41670368725012,73.70441771915281,8.49673202614382,42.634489693313185,17485426.65,7533767.0
2008-08-20,40.93,41.76,40.76,41.61,27384700.0,47.17,39.1,43.135000000000005,1.442142857142857,54.808351001645136,85.94412168096972,127.2849961735567,-17.44651055134173,-20.03118296098793,2.584672409646199,38.56603773584906,47.61360509818482,39.012394901815185,0.1985826471583505,-8.023872679045096,70.50015600335864,19.01931649331354,36.94898464586426,17411316.65,34918467.0
2008-08-21,40.25,41.12,40.17,40.9,17209700.0,46.7,39.1,42.900000000000006,1.4549999999999998,53.4837461443456,84.17768553661796,126.42544397282481,-16.48370509018362,-19.32168738682707,2.8379822966434496,33.055975794251125,47.435753415590185,38.76324658440981,0.20122059028945513,-4.1705716963448936,67.4495060645674,18.85125184094258,39.518900343642564,18030865.0,17708767.0
2008-08-22,41.01,41.47,40.92,41.38,15165100.0,46.7,39.1,42.900000000000006,1.3864285714285711,52.331008416312685,82.49934492733883,125.57922064971213,-15.503231237821176,-18.55799615702589,3.0547649192047146,38.831064851881514,47.13831989991787,38.647680100082134,0.19794931107256972,-5.417142857142854,63.730707990748684,21.58681092220508,36.06388459556927,18265580.0,32873867.0
2008-08-25,41.63,41.65,40.86,40.96,15601600.0,46.7,39.1,42.900000000000006,1.3592857142857138,51.24805523380672,80.87035100861966,124.73723835469012,-14.591882991807061,-17.764773523982125,3.172890532175064,33.167495854063006,47.010978737085196,38.44902126291481,0.20037344896256457,-4.522144522144522,59.687028225381674,21.49238045191805,36.784025223331554,18298890.0,17272267.0
2008-08-26,41.66,42.0,41.48,41.96,14550700.0,46.7,39.1,42.900000000000006,1.3635714285714282,50.36347854487274,79.34445489063458,123.91358424170814,-13.631802366105894,-16.93817929240688,3.3063769263009846,37.227414330218075,46.63401354463306,38.46898645536693,0.19188576405687538,1.254826254826269,55.49812507121255,21.162912519643832,36.668412781561,18397150.0,31822967.0
2008-08-27,42.74,43.48,42.64,43.43,23513800.0,46.09,39.1,42.595,1.2892857142857135,49.70314725488486,77.93604489492343,123.11275255771105,-12.606989313307473,-16.071941296587,3.4649519832795264,53.19148936170213,46.03033738778795,38.753662612212054,0.1716520752872216,5.926829268292688,49.58451490769545,30.58171745152358,28.58725761772849,18480255.0,55336767.0
2008-08-28,42.69,42.86,42.4,42.68,14574700.0,45.9,39.1,42.5,1.2342857142857133,49.03427608775297,76.55345489904408,122.31242666161442,-11.720232769795238,-15.201599591228648,3.4813668214334097,45.31933508311461,45.779775002553706,38.80822499744629,0.16483543777149046,4.22466422466421,43.62388721277781,31.944444444444485,27.77777777777774,18232920.0,40762067.0
2008-08-29,42.32,42.59,42.0,42.11,9809000.0,45.5,39.1,42.3,1.2049999999999987,48.37482122225269,75.20273117751294,121.51439256547896,-10.937386671376302,-14.34875700725818,3.4113703358818785,46.45739910313902,45.29913892414175,38.961861075858245,0.1504201907948756,2.707317073170734,37.38824319261887,32.72080616478962,30.82394783639593,18117135.0,30953067.0
2008-09-02,42.2,42.49,41.13,41.33,18567100.0,45.5,39.1,42.3,1.1821428571428558,47.70388586775243,73.87438877839479,120.71653791308614,-10.261625350149203,-13.531330675836386,3.269705325687184,49.47468958930277,45.02405266796795,38.95294733203205,0.14458971708767632,3.325,31.126414211431857,33.35347432024175,27.975830815709934,17765075.0,12385967.0
2008-09-03,40.42,40.86,39.95,40.19,25364900.0,45.5,39.1,42.3,1.202142857142856,46.988277689871246,72.55343235571264,119.91527882937385,-9.706181291066443,-12.766300798882398,3.060119507815955,46.37421665174574,44.52463322197097,38.96936677802903,0.13306983601077793,1.9274663961450722,27.10024368898987,32.79857397504461,29.29292929292927,18265870.0,-12978933.0
2008-09-04,39.41,39.53,38.2,38.2,29766400.0,44.16,38.2,41.18,1.2649999999999986,46.15129886226446,71.20623892999842,119.10219147783779,-9.319139007841294,-12.076868440674177,2.7577294328328836,39.5118230358505,44.09195734993638,38.69804265006361,0.13030353182444177,-8.195145397740921,24.54928831705127,27.385657820440468,37.71880293619424,19218065.0,-42745333.0
2008-09-05,38.24,39.19,37.71,39.17,23695300.0,43.88,37.71,40.795,1.2621428571428552,45.486413256334515,69.94991583470437,118.30684628900359,-8.832320820039925,-11.427958916547327,2.595638096507402,43.47826086956523,44.01923288199674,38.41976711800325,0.13584506760134143,-4.229828850855744,23.249566914431114,25.5234861346916,40.57724957555182,18822510.0,-19050033.0
2008-09-08,40.53,40.56,38.8,39.64,31803700.0,43.48,37.71,40.595,1.3049999999999986,44.92961199382647,68.76129168432381,117.52409159956078,-8.312764452730704,-10.804920023784003,2.492155571053299,48.666666666666664,43.62892396991358,38.39907603008641,0.12751372555291285,-4.2049299178347095,20.1353019465937,32.18390804597706,34.26382047071705,19567905.0,12753667.0
2008-09-09,39.22,39.36,37.5,37.56,27739900.0,43.48,37.5,40.489999999999995,1.3935714285714274,44.22774418489062,67.5377116182719,116.72842899658008,-7.976898188283528,-10.239315656683909,2.262417468400381,43.77081945369754,43.62804586273206,37.86595413726794,0.14141143459553138,-8.30078125,15.895057640848734,30.138390568939045,34.95643259866735,20246185.0,-14986233.0
2008-09-10,37.94,38.51,37.35,38.1,22415000.0,43.48,37.35,40.415,1.3099999999999987,43.64414950061532,66.38329155481026,115.94605656875342,-7.579773357867268,-9.707407196920581,2.1276338390533134,36.87359760658191,43.67143468652668,37.488565313473316,0.1523624783896837,-9.199237368922786,15.769698755254959,20.338058887677253,38.00436205016357,20329645.0,7428767.0
2008-09-11,36.35,37.38,36.06,37.31,28838700.0,43.48,36.06,39.769999999999996,1.3528571428571416,43.040897167223385,65.24316247422946,115.16360824468623,-7.245276429673702,-9.214981043471205,1.9697046137975036,36.654275092936814,43.805432705001564,36.98556729499843,0.16882735477969407,-14.091641722311765,15.709234305653244,19.69376979936646,40.49630411826822,20673385.0,-21409933.0
2008-09-12,36.28,37.46,36.1,37.43,19650100.0,43.48,36.06,39.769999999999996,1.4092857142857131,42.506526008440204,64.15245022033811,114.39013950593313,-6.891066284454546,-8.750198091667874,1.8591318072133287,34.912146676852544,43.86420762671278,36.574792373287224,0.18124082232314073,-12.300843486410496,16.61737640816171,17.536746071971635,38.8748099341105,20732850.0,-1759833.0
2008-09-15,35.31,36.6,34.78,34.84,45607100.0,43.48,34.78,39.129999999999995,1.542142857142856,41.77638067430304,63.00294236856015,113.59859582925719,-6.74163023011527,-8.348484519357354,1.6068542892420847,29.94757536041938,44.253002407911644,35.56999759208836,0.21755646407234208,-17.264307765376387,18.06712009336059,15.192218619731374,41.639647985178335,22389665.0,-47366933.0
2008-09-16,33.12,36.0,33.0,35.4,54107800.0,43.48,33.0,38.239999999999995,1.6821428571428558,41.169106324369416,61.92047404038132,112.82050034836907,-6.503050640759824,-7.979397743637849,1.4763471028780248,27.867746288798884,44.46785901616112,34.89514098383888,0.24123881487147014,-14.347931284781035,20.239597462600898,12.441613588110412,45.73248407643314,24125165.0,6740867.0
2008-09-17,32.3,33.17,30.25,30.88,69563400.0,43.48,30.25,36.864999999999995,1.9414285714285704,40.189191436334234,60.703200548601664,112.00517198669375,-6.602590271427097,-7.704036249195699,1.101445977768602,14.885282596530459,45.45360745786272,33.05439254213728,0.3158713740185825,-23.16496640955461,25.757964319374896,5.334805003679189,49.74245768947757,26746435.0,-62822533.0
2008-09-18,32.81,35.31,31.45,35.08,81020800.0,43.48,30.25,36.864999999999995,2.1842857142857133,39.702601775730976,59.69836915453885,111.23974738981123,-6.270291232531918,-7.417287245862943,1.1469960133310257,32.1763602251407,45.29032583696796,32.56467416303203,0.3269064716186739,-8.167539267015723,29.36242839584789,11.73969914977111,43.4270765206017,29428240.0,18198267.0
2008-09-19,38.9,40.0,37.0,39.06,48023500.0,43.48,30.25,36.864999999999995,2.4871428571428567,39.64140160661374,58.88902134455694,110.52154094812157,-5.620993794850143,-7.058028555660384,1.4370347608102403,43.8334007278609,45.13109403158546,32.539905968414544,0.3242185130401544,-0.2808271636456472,30.70200381069909,23.779437105112013,36.99023549684089,30968930.0,66221767.0
2008-09-22,38.59,38.8,36.62,36.62,34941500.0,43.48,30.25,36.864999999999995,2.5642857142857136,39.353649072650526,58.01572638986843,109.78620223221986,-5.242871941454446,-6.694997232819197,1.4521252913647507,41.07616521409625,44.84780483467199,32.34719516532802,0.3238709675327151,-7.618567103935425,31.495962152756682,23.0640668523677,34.51253481894152,31957750.0,31280267.0
2008-09-23,36.15,37.02,35.58,35.75,29690000.0,43.48,30.25,36.864999999999995,2.568571428571429,39.01044439906476,57.14256064908928,109.04952360304355,-4.956276507125004,-6.347253087680358,1.3909765805553542,41.50076569678407,44.60697221516617,32.06702778483384,0.32709769753325313,-4.818956336528224,32.473935137292585,23.02558398220245,34.065628476084534,32662170.0,1590267.0
2008-09-24,36.13,36.38,35.7,36.2,19436100.0,43.48,30.25,36.864999999999995,2.4750000000000005,38.74278302772526,56.321283760889706,108.32465272142123,-4.639356705218745,-6.005673811188036,1.3663171059692907,45.93165174938975,44.145010429609115,31.952989570390884,0.3204294688222616,-4.986876640419946,32.1846099272854,23.896103896103895,30.303030303030297,32906440.0,21026367.0
2008-09-25,36.56,37.62,36.34,37.18,25803300.0,42.86,30.25,36.555,2.470714285714286,38.59394654889428,55.570645182031285,107.61674572916829,-4.260010915061777,-5.656541231962784,1.396530316901007,45.95363969093127,43.287474404743165,32.185525595256834,0.2941965685605801,-0.34843205574913716,30.737109068052327,27.52240531945647,28.938999710899093,33020915.0,46829667.0
2008-09-26,35.4,36.37,35.19,36.15,16606300.0,42.59,30.25,36.42,2.4871428571428575,38.361189734713875,54.80905125332418,106.90563383136562,-3.996420784140369,-5.324517142398301,1.3280963582579322,43.06163021868787,42.484393922846266,32.33560607715374,0.2712854275779878,-3.419716804702111,31.626939788266885,23.406088454910943,32.05054566341184,33122495.0,30223367.0
2008-09-29,33.83,33.9,30.45,30.88,49751500.0,42.49,30.25,36.370000000000005,2.7414285714285715,37.64869547426493,53.87065708652715,106.14915986289432,-4.1647599033997835,-5.092565694598598,0.9278057911988142,38.21453775582215,42.21026041397328,31.486739586026722,0.29101648175493056,-11.366245694603915,33.12337361315966,21.235018238665948,38.040646169880155,35119620.0,-19528133.0
2008-09-30,33.37,34.47,32.43,34.47,36170000.0,40.86,30.25,35.555,2.915,37.34596257195399,53.10984700470256,105.43593439162174,-3.962806109048614,-4.866613777488602,0.9038076684399874,44.21790379101624,41.527047150976735,31.483952849023257,0.2751118133419205,-2.627118644067794,32.7269365280057,21.367311933349647,35.407988238176934,35999765.0,16641867.0
2008-10-01,33.7,34.59,32.98,34.252,24706900.0,40.56,30.25,35.405,2.884285714285715,37.05129946986313,52.370323592753444,104.72763653697875,-3.7768103316048283,-4.648653088311847,0.8718427567070188,45.03861379713154,41.010253767742135,31.406946232257873,0.2652217300719791,10.919689119171005,31.660862251405124,21.892025755324404,32.590391282813286,35966865.0,-8065033.0
2008-10-02,34.22,34.22,32.64,32.71,20611900.0,40.56,30.25,35.405,2.9022857142857155,36.63784237749522,51.59933051068468,104.01104313860085,-3.711055117577878,-4.461133494165053,0.750078376587175,42.67990074441688,40.88188946495127,30.986310535048727,0.27538129325355426,-6.755986316989726,30.480012553035213,21.559362079149423,33.22504430005906,35509140.0,-28676933.0
2008-10-03,33.23,34.37,32.2,32.324,22785900.0,40.56,30.25,35.405,2.868000000000001,36.227000246305195,50.843435196540185,103.29773922677398,-3.648038296131382,-4.298514454558319,0.6504761584269367,45.81169263550405,40.544233430569236,30.639366569430763,0.27829069788935856,-17.245263696876613,28.445583195581577,21.817095038852347,31.430563857342086,35463670.0,-51462833.0
2008-10-06,30.46,30.73,28.46,30.1,45321300.0,40.0,28.46,34.230000000000004,2.929714285714286,35.64347641332375,50.02996714961704,102.56940351307475,-3.7345061619937354,-4.185712796045403,0.45120663405166717,41.64037854889591,40.25949986235287,29.970100137647133,0.29302173797674297,-17.80447842708901,26.139115715263873,21.35751901696898,35.547103569338795,36139550.0,-96784133.0
2008-10-07,30.47,31.4,27.96,28.38,44203300.0,40.0,27.96,33.980000000000004,2.8075714285714293,34.95171675491196,49.18094883002422,101.83120049304415,-3.8969011433731424,-4.127950465510951,0.2310493221378085,45.674740484429066,40.47568618445494,28.835913815545055,0.33586794617091187,-20.615384615384613,21.18632162643667,23.99124815549787,30.09718618022693,36962720.0,-140987433.0
2008-10-08,27.53,29.42,27.08,28.09,42793400.0,40.0,27.08,33.54,2.658285714285715,34.29821992111082,48.353852797474254,101.09745720455615,-4.0028584519368025,-4.102932062796121,0.10007361085931876,36.014405762304925,40.431819622245335,27.87878037775466,0.3675282970575775,-22.403314917127084,19.019232965246058,19.588349097162492,34.15197764402408,37981640.0,-183780833.0
2008-10-09,28.58,28.962,26.0,26.0,41952600.0,40.0,26.0,33.0,2.5184285714285717,33.50791326195741,47.47723111914193,100.35021882441131,-4.206980463467453,-4.123741742930387,-0.08323872053706527,21.731601731601742,40.65767840124225,26.521921598757757,0.4208348011147578,-30.069930069930074,22.343104891394034,7.374212944579947,39.111690963752906,38637335.0,-225733433.0
2008-10-10,25.6,28.3,24.31,27.43,54313300.0,40.0,24.31,32.155,2.629142857142857,32.92906437986623,46.69106519290107,99.6246445077505,-4.204888244997537,-4.1399710433438175,-0.06491720165371984,29.198732458125846,40.42366950639647,25.755930493603522,0.4432707061630155,-24.121715076071926,25.96721769363284,7.063681808302537,41.023690502064774,40370495.0,-171420133.0
2008-10-13,30.07,33.17,29.5,32.99,44187900.0,40.0,24.31,32.155,2.936285714285714,32.93486777225993,46.15376851866966,98.96161321911617,-3.711797324600905,-4.054336299595235,0.34253897499432995,44.84690067214339,40.28474319035433,25.709856809645682,0.44169936269660376,6.832901554404147,26.772281873853608,18.171645421815704,34.202588303979766,40299535.0,-127232233.0
2008-10-14,32.75,33.23,30.42,31.39,47037800.0,40.0,24.31,32.155,3.088428571428571,32.787737508235175,45.574797204212025,98.28925885872697,-3.4108081724428523,-3.9256306741647586,0.5148225017219064,41.3891872538489,40.0263282688073,25.567271731192715,0.4408679059424877,-8.935306063243399,28.088310285167818,17.415236597437428,32.5176927702484,39946035.0,-174270033.0
2008-10-15,29.54,29.69,26.5,26.73,42911800.0,40.0,24.31,32.155,3.3362857142857143,32.210810126498494,44.83578554914489,97.57722643227197,-3.507858743573234,-3.842076288046454,0.33421754447322005,33.47042075292629,40.27434617936402,24.904253820635986,0.471630024539589,-21.960761415391804,31.349560290705877,13.46664382975079,38.49447632097286,38613455.0,-217181833.0
2008-10-16,27.61,29.24,26.01,29.07,62746000.0,40.0,24.31,32.155,3.424857142857143,31.911685352546257,44.217519449178425,96.89556248767225,-3.3572532509423567,-3.7451116806256346,0.3878584296832779,39.246658566221136,40.0335513119674,24.544048688032603,0.4797175065017838,-11.128095383674719,33.57311130747027,13.118378243096688,36.122466004838564,37699715.0,-154435833.0
2008-10-17,26.66,29.35,26.6,27.37,41686000.0,38.8,24.31,31.555,3.214142857142857,31.479143890398994,43.556832411955746,96.20376584600388,-3.336610733913126,-3.6634114912831333,0.32680075737000713,44.02044293015332,39.05166917041237,24.356930829587633,0.46349354317315744,-15.326073505754234,33.87375000341229,14.222854349082187,27.956798079914662,37382840.0,-196121833.0
2008-10-20,28.07,29.96,27.7,29.67,44684900.0,37.62,24.31,30.964999999999996,3.1427142857142862,31.306844472265755,43.0122507487418,95.54173832514812,-3.098937984287222,-3.550516789883951,0.45157880559672936,41.44689950106915,38.375307191704685,24.338292808295314,0.447654556058315,-1.4285714285714235,34.41314671647531,14.63702895586163,28.592208736760753,37870010.0,-151436933.0
2008-10-21,27.66,28.38,26.56,26.78,42763000.0,37.62,24.31,30.964999999999996,3.249857142857142,30.875716427288065,42.37569189584997,94.85754192390287,-3.1079529185200663,-3.4620040156111744,0.35405109709110816,37.84329038136145,37.89107884965351,23.925521150346484,0.45183842849030936,-5.637773079633535,35.64813129277725,13.8907204712295,30.155171655896968,38523660.0,-194199933.0
2008-10-22,25.22,25.36,23.44,23.91,57343300.0,37.62,23.44,30.53,3.373285714285714,30.21231486278444,41.65154711562056,94.15159623311777,-3.308543503249272,-3.431311913138794,0.12276840988952209,36.27573300062383,37.47606047395944,23.111539526040552,0.47417362456736667,-14.88074047703809,37.313573485396866,13.382458815059495,34.93838140007623,40419020.0,-251543233.0
2008-10-23,24.03,24.52,22.6,24.05,50394300.0,36.37,22.6,29.485,3.355428571428571,29.625427732995444,40.96129036598838,93.45406791239023,-3.416829078142534,-3.428415346139542,0.011586267997008015,36.996290941095126,36.5651014162625,22.7094985837375,0.4675055700932609,-7.499999999999996,39.278567235801894,13.453678474114437,35.97581743869211,41648570.0,-201148933.0
2008-10-24,20.99,22.43,20.99,21.65,50192900.0,34.59,20.99,27.79,3.2979999999999996,28.865863186995877,40.20398486143982,92.73959957495352,-3.654182972111414,-3.473568871333917,-0.1806141007774973,36.79274773366677,36.00332849343788,21.82127150656212,0.4905198475000522,-21.07181917608458,40.35932791607549,13.687949406566743,31.989084293511226,43327900.0,-251341833.0
2008-10-27,20.5,21.12,19.35,19.42,57776100.0,34.59,19.35,26.970000000000002,3.216571428571428,27.966257169186747,39.38892663157944,92.01005132047636,-3.9763926272481527,-3.574133622516764,-0.40225900473138854,36.21538461538462,36.52797112411767,20.150628875882326,0.577902144662548,-41.13367687177932,43.0369893452476,12.546633505063065,36.44075324213893,43729130.0,-309117933.0
2008-10-28,21.28,23.59,20.155,23.31,84639000.0,34.59,19.35,26.970000000000002,3.347285714285714,27.522804105454675,38.75838048916456,91.32646872027263,-3.873207683241347,-3.633948434661681,-0.23925924857966585,43.37950138504155,35.72835090882019,19.83424909117981,0.5721151212376807,-25.740681745778915,43.33926962310927,17.327472152276897,33.139857453800516,46152580.0,-224478933.0
2008-10-29,22.55,24.04,22.02,22.49,54803700.0,34.37,19.35,26.86,3.28,27.043489428744707,38.12040478370712,90.64152873300624,-3.813638764908479,-3.6698865007110406,-0.14375226419743825,44.961240310077514,34.85994090093808,19.526459099061924,0.5638719165775323,-15.86232697343809,40.28710310031026,18.66289198606271,31.467770034843205,47657420.0,-279282633.0
2008-10-30,24.96,25.72,24.1,25.65,71023200.0,34.37,19.35,26.86,3.2257142857142855,26.910776149816638,37.63136930199312,89.99484685506589,-3.47142791704189,-3.6301947839772106,0.15876686693532083,47.56564551422319,34.07540712539593,19.60499287460407,0.5391321320553445,-11.764705882352944,36.021876801185655,22.697077059344544,28.255093002657215,50177985.0,-208259433.0
2008-10-31,25.05,25.64,24.28,25.16,45105900.0,33.23,19.35,26.29,2.913571428571428,26.744035564119816,37.1422959960326,89.34972400078662,-3.202841891880979,-3.5447242055579644,0.3418823136769853,37.56748174023498,33.26958805312749,19.694411946872503,0.5126189904937312,-8.074534161490687,36.741528150839194,13.189507232164738,31.28217700416769,51293985.0,-253365333.0
2008-11-03,25.5,25.58,24.99,25.45,36418000.0,33.23,19.35,26.29,2.7549999999999994,26.62079408182269,36.68377458442348,88.71390585152507,-2.932777719553986,-3.422334908357169,0.4895571888031829,40.15904572564612,32.83069961869145,19.668300381308555,0.5014342839819003,-14.223120997640725,37.52045375494607,13.793103448275865,33.08270676691729,50848820.0,-216947333.0
2008-11-04,26.25,27.41,25.98,27.21,47250700.0,33.23,19.35,26.29,2.5457142857142854,26.67690893117291,36.312254012485305,88.10192668882333,-2.5473681518384907,-3.247341557053433,0.6999734052149424,50.879765395894424,32.71299485143289,19.669005148567116,0.49803328253467877,1.6056758775205404,34.834928400663735,20.06172839506174,24.803591470258127,51001190.0,-169696633.0
2008-11-05,26.88,26.95,24.53,24.65,57692100.0,33.23,19.35,26.29,2.5064285714285712,26.483869985346917,35.85491071787804,87.47056423420817,-2.420595776541866,-3.08199240095112,0.661396624409254,41.96363636363636,32.51150223436001,19.526497765639988,0.4990585521626512,3.094939355918025,32.61469452217795,20.37617554858935,27.928184667996575,51746125.0,-227388733.0
2008-11-06,24.21,24.53,22.39,22.69,62528300.0,33.23,19.35,26.29,2.471428571428571,26.122549034361498,35.338639709333805,86.82598150550959,-2.4500408297819263,-2.955602086717281,0.5055612569353549,41.570605187319885,32.514602405996314,19.192397594003697,0.515295987467562,-5.654885654885655,32.132984451426786,20.346820809248555,34.50867052023121,52774910.0,-289917033.0
2008-11-07,24.54,25.75,24.07,25.6,70758200.0,33.23,19.35,26.29,2.5049999999999994,26.072782459660402,34.95673226975209,86.21676775918611,-2.213052870585031,-2.8070922434908314,0.5940393729058004,42.82692985548114,32.38207028107162,19.141929718928377,0.5139407096554321,18.244803695150136,31.391350122998194,21.813515825491876,34.046193327630455,53597155.0,-219158833.0
2008-11-10,27.41,27.52,25.45,26.61,70703800.0,33.23,19.35,26.29,2.4307142857142847,26.12394603493084,34.62940943564416,85.62366559242804,-1.9215887672759528,-2.629991548247856,0.7084027809719031,49.679124197810495,31.14821866364577,19.73778133635423,0.4484705941630916,37.02368692070031,29.241262845243398,27.681457537466947,31.736702909197774,54922950.0,-148455033.0
2008-11-11,25.67,26.2,22.8,25.05,53289900.0,29.96,19.35,24.655,2.464285714285713,26.02166546017552,34.25374632052086,85.02094255170736,-1.7957796975349254,-2.46314917810527,0.6673694805703447,52.263701350278,30.097245316820736,20.154754683179267,0.3957052707809229,7.4646074646074645,26.38394882388274,27.304347826086968,29.942028985507257,55235555.0,-201744933.0
2008-11-12,25.12,25.54,23.94,24.08,61270000.0,29.96,19.35,24.655,2.4414285714285704,25.836744940158802,33.85477587657887,84.41456501387944,-1.754125529532299,-2.321344448390676,0.5672189188583769,50.05767012687428,29.92584768484772,20.06115231515228,0.39469043430073575,7.069808803912858,23.155806373229733,27.559976594499712,27.764774722059688,56153465.0,-263014933.0
2008-11-13,24.89,28.0,23.63,27.66,89738200.0,29.96,19.35,24.655,2.5349999999999993,26.010388279191297,33.61184348926205,83.84984297394034,-1.4159164175127792,-2.1402588422150965,0.7243424247023174,61.051857300478126,29.645872007583115,20.20012799241689,0.3789970715871374,7.83625730994153,21.739844430952008,33.474218089602715,22.203437588052964,57503075.0,-173276733.0
2008-11-14,25.97,27.09,25.15,25.15,64146300.0,29.96,19.35,24.655,2.5499999999999994,25.928446538315935,33.280006489683146,83.26576493439865,-1.3350298890927803,-1.9792130515906334,0.6441831624978531,60.42955951947579,29.395001085247593,20.22899891475241,0.3694181110146374,-0.03974562798092496,20.47911318366993,33.27731092436975,17.478991596638657,58626090.0,-237423033.0
2008-11-17,25.25,26.17,24.86,25.1,35240900.0,28.38,19.35,23.865000000000002,2.3457142857142856,25.849546868000132,32.959221921460276,82.68700110420563,-1.2604318410247721,-1.8354568094774613,0.5750249684526891,53.78755818874313,28.562578311687087,20.604421688312915,0.323719430649589,-1.3752455795677743,19.53167248279338,28.654080389768577,19.88428745432399,58153890.0,-272663933.0
2008-11-18,24.22,24.7,23.45,24.28,47671400.0,28.0,19.35,23.675,2.3192857142857144,25.700066213904883,32.618860277481446,82.10583691411404,-1.2530352866578163,-1.7189725049135323,0.465937218255716,53.78755818874313,28.30180052785112,20.61519947214888,0.31427115545525036,-10.768099963248801,18.138279402572795,27.594702802587,24.45334154604249,58399310.0,-320335333.0
2008-11-19,23.67,24.04,22.05,22.28,58385600.0,28.0,19.35,23.675,2.2478571428571428,25.374345622104418,32.213414776403745,81.51055495476962,-1.3925048205679467,-1.6536789680444153,0.2611741474764686,42.50111259457054,28.336644322146505,20.4173556778535,0.32486723732588113,-9.614604462474642,18.244451147978456,23.133142675564038,29.679059421671422,58451425.0,-378720933.0
2008-11-20,22.3,23.15,20.9,21.16,75128600.0,28.0,19.35,23.675,2.310714285714286,24.972979372380188,31.779947530270267,80.9100519203938,-1.5752515514597256,-1.6379934847274775,0.0627419332677519,41.34199134199134,28.445231955195833,20.019768044804163,0.3476927230121395,-6.74305861613046,16.62877835161201,22.503863987635242,32.426584234930445,59688140.0,-453849533.0
2008-11-21,23.22,24.72,22.1201,24.46,108135000.0,28.0,19.35,23.675,2.5228571428571427,24.924124194058265,31.492890764377314,80.34835986148441,-1.437229741742918,-1.5978407361305658,0.1606109943876477,48.104174645729614,28.406711103087353,20.33928889691265,0.33099832626983566,-4.453125000000002,14.295163498893277,25.05662514156286,29.699886749716875,62585245.0,-345714533.0
2008-11-24,24.29,25.83,24.08,24.93,55766800.0,28.0,20.155,24.0775,2.507857142857143,24.924683794624144,31.235522499107617,79.796933395201,-1.2752214322298272,-1.533316875350418,0.25809544312059085,45.406929895245774,27.942719977956862,21.354280022043135,0.2672957768591893,-6.313416009019168,14.445551913932873,23.155796069495864,29.87752776986613,62484780.0,-289947733.0
2008-11-25,25.33,25.33,24.07,24.41,45223900.0,28.0,20.9,24.45,2.406428571428571,24.875666290374227,30.967854950123005,79.24581963007462,-1.1752408885118264,-1.4617016779827,0.2864607894708735,49.47322212467077,27.939848006791735,21.46715199320826,0.2620153425054536,-2.554890219560879,13.711326609565296,24.131789848619768,26.862570495696048,60514025.0,-335171633.0
2008-11-26,24.9275,27.36,24.91,27.23,62942800.0,28.0,20.9,24.45,2.4557142857142855,25.099888548433825,30.82127240305936,78.72824928549677,-0.858558230174225,-1.341072988421005,0.48251475824678014,59.602368866328256,28.188543783735803,21.692456216264198,0.2604634056042022,13.08139534883721,13.227226684003544,29.5520651541594,20.09889470622454,60920980.0,-272228833.0
2008-11-28,26.55,26.77,26.4,26.59,18467900.0,28.0,20.9,24.45,2.2964285714285717,25.24180392477346,30.655340151958995,78.20946073539233,-0.6517150279989039,-1.2032013963365848,0.5514863683376809,52.31633130556855,28.30522829698933,21.66977170301067,0.26555103927878576,-3.8684020245842388,12.57784403781895,27.807153965785382,21.49300155520994,58293215.0,-290696733.0
2008-12-01,26.28,26.35,24.41,24.6,49840400.0,28.0,20.9,24.45,2.3042857142857147,25.180679741461702,30.41787583227433,77.67603326538843,-0.6409778749783683,-1.0907566920649416,0.4497788170865733,45.50335570469799,28.28054913670864,21.638450863291357,0.2661150372971126,-2.1868787276341783,12.859306577318009,22.2256664600124,27.588344699318018,58529940.0,-340537133.0
2008-12-02,25.68,26.59,25.22,26.41,48799300.0,28.0,20.9,24.45,2.1742857142857144,25.29775786132249,30.26070423100867,77.16592348165322,-0.48087352004799655,-0.9687800576615527,0.4879065376135562,53.008849557522126,28.38565817148799,21.62934182851201,0.2701716022383676,5.2191235059760865,13.136760316936066,24.34296977660972,20.53219448094611,59149005.0,-291737833.0
2008-12-03,26.05,27.5,25.75,27.25,49316100.0,28.0,20.9,24.45,2.185,25.483685684053683,30.142637398420096,76.66924762611438,-0.2829470480079834,-0.8316134557308389,0.5486664077228555,57.05384957721406,28.393191381972237,21.62580861802776,0.270592485413322,12.232289950576591,14.125124653523232,27.198430859758094,20.431513566524995,59252275.0,-242421733.0
2008-12-04,26.27,27.1,25.5,25.85,52720700.0,28.0,20.9,24.45,1.997857142857143,25.518572761762854,29.974298676913428,76.16358347063066,-0.2363328941531826,-0.7125573434153076,0.47622444926212504,45.53967471660917,28.468871304104628,21.670128695895368,0.27119578005980416,16.0233393177738,13.04905883550544,20.951018948873788,23.23918484090095,59003705.0,-295142433.0
2008-12-05,26.27,28.06,26.03,27.83,55495400.0,28.06,20.9,24.479999999999997,1.9764285714285712,25.73870868921401,29.890208532720745,75.68265229181841,-0.03916986313699056,-0.5778798473596443,0.5387099842226537,56.78137651821862,28.74555049915931,21.907449500840688,0.2699978677795441,31.521739130434767,10.997385591779219,24.647632815323448,23.49114564510299,58652060.0,-239647033.0
2008-12-08,29.72,30.75,29.57,30.3,67594200.0,30.75,20.9,25.825,2.091428571428571,26.173117385479344,29.90627878633954,75.23108361229784,0.3127860143046064,-0.3997466750267942,0.7125326893314006,61.72227231740307,29.64183680240549,21.481163197594515,0.3192564444500899,23.875715453802115,11.206286472809362,32.479508196721305,21.209016393442617,58493860.0,-172052833.0
2008-12-09,29.31,30.18,28.96,29.078,54419900.0,30.75,20.9,25.825,2.069285714285714,26.44977287257655,29.873797265306617,74.77184894948891,0.48748892666705856,-0.22229955468802365,0.7097884813550822,60.62350544681604,30.03885340738692,21.330946592613078,0.33902825452985386,16.638588046530288,12.738028601581805,32.82706247842596,18.674490852606134,57679665.0,-226472733.0
2008-12-10,30.97,31.33,30.51,31.24,52810500.0,31.33,20.9,26.115,2.0708571428571423,26.90598497995021,29.92737384313773,74.33869622362336,0.7912762349092404,-0.019584396768570836,0.8108606316778112,69.69750263805838,30.990936838547206,20.9978631614528,0.384431788273413,27.98033592789839,15.09059299485405,36.76876379690949,13.831401766004415,57655695.0,-173662233.0
2008-12-11,30.98,31.39,29.85,30.12,38010700.0,31.39,20.9,26.145,2.0201428571428566,27.212081648526382,29.934927810073507,73.89870919652263,0.9309241119091354,0.17051730496697043,0.760406806942165,69.6975026380584,31.530239785976924,21.062560214023073,0.3980651181132723,10.613294160851993,17.396911297848263,37.69181811753059,12.446078778021347,56492730.0,-211672933.0
2008-12-12,28.94,30.26,28.8,29.99,45626500.0,31.39,20.9,26.145,1.8701428571428569,27.47664530104768,29.937087503796114,73.46180661745275,1.019355649593848,0.34028497389234597,0.6790706757015021,64.12588127107387,31.873359895805113,20.95244010419488,0.4134691681568564,12.78676194057915,19.15473110639325,34.718508899243744,17.45473989763959,54287145.0,-257299433.0
2008-12-15,29.7,29.75,28.71,29.05,35776500.0,31.39,20.9,26.145,1.836571428571428,27.626488605709806,29.90229975854921,73.01989809389602,1.0020372742802337,0.4726354339699235,0.5294018403103102,60.27738974256636,32.15630585545559,21.05949414454441,0.41704951202128626,18.089430894308943,20.125536769478888,31.03609209707529,18.123833229620402,52868655.0,-293075933.0
2008-12-16,29.73,31.3,29.4,31.17,47732700.0,31.39,20.9,26.145,1.9072857142857138,27.96396588135649,29.952013493508066,72.60348119743935,1.1461663275327538,0.6073416126824897,0.5388247148502642,65.6163370911107,32.768012723194644,21.054787276805353,0.4352514342022077,18.02347595607725,22.201222806572474,35.69021047112575,17.414425885701444,53493245.0,-245343233.0
2008-12-17,30.97,31.41,30.62,30.76,31996700.0,31.41,20.9,26.155,1.7529999999999997,28.230254845036825,29.98369923886069,72.18712815069867,1.2133196732145564,0.728537224788903,0.4847824484256533,59.17645835499637,33.19513367119627,21.275666328803727,0.4376461275543058,12.880733944954127,22.56581610186758,31.008067802135102,18.947111074892018,52709510.0,-277339933.0
2008-12-18,31.43,31.5,30.09,30.48,42486300.0,31.5,20.9,26.2,1.7944285714285708,28.44451628836665,30.00316201380733,71.77213185069172,1.2297695061764848,0.8287836810664194,0.4009858251100654,60.30518173148247,33.28962314453236,22.001176855467648,0.4083300038727856,17.911025145067683,23.008076613385665,30.29217418995302,20.619377438102067,51914545.0,-319826233.0
2008-12-19,30.68,30.79,30.11,30.55,32264100.0,31.5,22.1201,26.81005,1.6872857142857138,28.645038546617446,30.024606640716847,71.36196138451568,1.2342271302215693,0.9098723708974494,0.32435475932411983,67.5474814203138,32.998592386537794,23.231207613462203,0.34740955056128925,9.773625583902268,25.162399796022473,32.215731098128856,13.504360342054026,49771320.0,-287562133.0
2008-12-22,29.66,29.66,28.55,28.86,35774900.0,31.5,24.07,27.785,1.6879999999999995,28.665511065987214,29.978935792061286,70.93905629611254,1.088839489456646,0.9456657946092888,0.1431736948473572,57.276939527147434,32.91215552798098,23.757644472019017,0.3230825256472393,-4.752475247524757,26.09991511208033,31.18652674339878,20.099864590385923,46153315.0,-323337033.0
2008-12-23,28.21,28.27,27.58,27.61,31224600.0,31.5,24.07,27.785,1.6544285714285711,28.56498620255986,29.886036349235354,70.50792140759401,0.8628082667552768,0.9290942890384865,-0.06628602228320968,51.043841336116905,32.77535879189934,24.162441208100656,0.3025377722285964,-5.048490267556227,25.519076429128855,27.890510318625328,24.695622139711613,44926205.0,-354561633.0
2008-12-24,27.78,28.06,27.68,27.97,8834600.0,31.5,24.41,27.955,1.5615714285714282,28.508320849935114,29.810897668873185,70.08465850801596,0.7046036533367648,0.8841961618981422,-0.17959250856137743,56.54159466798321,32.519396591688995,24.774403408311002,0.27036060388307265,-10.467349551856596,25.741963132618423,29.54898911353032,25.020583661147217,43106740.0,-345727033.0
2008-12-26,27.95,28.18,27.75,28.06,5648500.0,31.5,24.41,27.955,1.4344285714285712,28.46562362613177,29.742235015191884,69.66650270196605,0.5798039858056043,0.8233177266796347,-0.24351374087403033,50.80340924968563,32.514473782545885,24.862326217454115,0.2667331592243475,-6.839309428950868,25.666975095502345,27.985260432227875,27.238322876207565,40242025.0,-340078533.0
2008-12-29,28.3,28.37,27.81,28.24,13327600.0,31.5,24.41,27.955,1.2658571428571428,28.44413566173827,29.683323838125535,69.25429869498132,0.48977799003839095,0.756609779351386,-0.266831789312995,41.433799068529595,32.47569483912554,25.066105160874447,0.25753763970717264,-5.835278426142043,26.12161980296188,17.605236429296927,30.865590791107117,39985010.0,-326750933.0
2008-12-30,28.19,28.76,28.16,28.75,15690200.0,31.5,25.22,28.36,1.2129999999999999,28.473265598715578,29.646722903297082,68.85127084727006,0.4543470475992528,0.6961572330009593,-0.2418101854017065,48.55021216407356,32.12194988073083,25.83485011926917,0.21695813990633234,-1.0327022375215211,25.310844052724054,20.66894358732777,28.618537274761536,38277500.0,-311060733.0
2008-12-31,28.65,29.25,28.46,29.09,14425500.0,31.5,25.5,28.5,1.1085714285714285,28.532002208361714,29.62489063257955,68.45563631147633,0.4485325252027863,0.6466322914413247,-0.19809976623853842,38.67228661749211,32.014149338082774,26.21065066191722,0.19934799865918143,-6.6730830927173574,23.935089212024476,18.36340206185568,31.314432989690744,36558810.0,-296635233.0
2009-01-02,30.0,31.19,29.8,31.11,26744600.0,31.5,25.5,28.5,1.1485714285714288,28.77752580756536,29.68313021561565,68.08403794021785,0.6000051070835859,0.637306854569777,-0.037301747486191084,54.76419634263714,32.19904460772235,26.41175539227765,0.1974820072561609,1.1378413524057107,20.807249090565048,29.78855721393036,26.11940298507464,35430235.0,-269890633.0
2009-01-05,31.27,31.87,31.13,31.46,25228400.0,31.87,26.03,28.950000000000003,1.0985714285714288,29.032999540178185,29.75281138363072,67.71961965225549,0.7397627697299818,0.657798037601818,0.0819647321281638,56.927426955702174,32.13650396562947,27.035296034370532,0.17242023839933684,3.2152230971128626,20.366166324336973,35.565669700910284,20.481144343303,34055620.0,-244662233.0
2009-01-06,31.69,32.1999,31.4,31.56,30877500.0,32.1999,27.58,29.88995,1.0642785714285719,29.273666250637405,29.823681525449125,67.35982244178528,0.8488063769916323,0.6959997054797809,0.15280667151185146,62.84544524053223,32.32787910020606,27.216920899793934,0.17166765865070094,3.3060556464811652,20.698945287569874,38.92576460244699,20.537050584232112,32824725.0,-213784733.0
2009-01-07,29.87,29.9,29.14,29.3,40846800.0,32.1999,27.58,29.88995,1.0764214285714289,29.276174226767175,29.803144995039357,66.981117740872,0.7442814951938743,0.7056560634225996,0.038625431771274754,40.56508577194752,32.27354210955975,27.17125789044026,0.17166461049980786,1.524601524601521,19.039464321726637,28.201248847039455,35.30215860755545,31487355.0,-254631533.0
2009-01-08,28.29,28.83,28.15,28.78,27251900.0,32.1999,27.58,29.88995,1.1021357142857149,29.228919538503636,29.76302166190056,66.60100711658471,0.6124254596521119,0.6870099426685021,-0.0745844830163902,40.119760479041915,32.27789726604161,27.137102733958383,0.17304702624196686,4.237595074248457,18.79826072321983,26.830374791800327,40.894626666407426,30128955.0,-281883433.0
2009-01-09,28.4,28.46,27.59,27.71,29645000.0,32.1999,27.58,29.88995,1.086421428571429,29.084260534836623,29.682511008492696,66.21403192139482,0.41678411602649135,0.6329647773401,-0.2161806613136087,37.18778908418132,32.14277011965177,26.919229880348226,0.17688328330579886,-0.9295673936360327,18.94071092260354,27.218456400107815,41.6833772740123,28970680.0,-311528433.0
2009-01-12,27.02,27.0699,26.0,26.17,36008400.0,32.1999,26.0,29.09995,1.1599928571428577,28.806711912471233,29.544765478747884,65.81558384257498,0.13590518166423493,0.533552858204927,-0.3976476765406921,32.16612377850163,32.32720057920058,26.33979942079942,0.20411478883873932,-6.735566642908042,18.26037723932452,25.492152045271204,48.83034994057843,28870565.0,-347536833.0
2009-01-13,25.69,26.13,25.51,25.88,32307300.0,32.1999,25.51,28.854950000000002,1.064278571428572,28.52797744461683,29.401049185463656,65.41821484911652,-0.1088393416300022,0.4050744182379412,-0.5139137598679434,36.30514705882352,32.47532320393328,25.78067679606673,0.2298354300970389,-8.356940509915011,18.482609018303574,27.784750233223026,46.040577453539925,28204605.0,-379844133.0
2009-01-14,25.51,25.55,24.75,25.18,43480000.0,32.1999,24.75,28.47495,1.0535642857142862,28.209122449891417,29.235517844857238,65.01783460186164,-0.35519087023226703,0.25302136054389956,-0.6082122307761666,38.23814133591481,32.719609189833044,25.14939081016695,0.26163294266934267,-12.417391304347824,19.710315347788857,28.067308930908,45.08505142407743,28589780.0,-423324133.0
2009-01-15,25.25,25.97,24.3,25.61,75842200.0,32.1999,24.3,28.24995,1.1407071428571434,27.961586978473186,29.09334067447068,64.62571684462918,-0.5098515736074631,0.10044677371362702,-0.6102983473210901,38.65384615384615,32.56499695165084,24.74800304834916,0.27278257649404775,-11.962873839807497,20.998689360587832,25.92314291260433,44.45863781238452,29995255.0,-347481933.0
2009-01-16,26.07,26.8572,25.04,25.95,43011800.0,32.1999,24.3,28.24995,1.2397928571428576,27.770007266237645,28.970072412726733,64.24088384120004,-0.5980917078916512,-0.039260922607428625,-0.5588307852842226,40.09389671361503,32.371177286599476,24.46082271340053,0.27837677974376923,-16.586306653809068,22.2066030007347,28.27142783068599,40.90545079535173,30546010.0,-304470133.0
2009-01-20,25.03,25.19,23.61,23.74,56445100.0,32.1999,23.61,27.90495,1.3669357142857146,27.38619705040549,28.764971533796274,63.83788997213338,-0.8367061526112636,-0.19874996860819563,-0.637956184003068,32.25552050473186,32.423137731655196,23.734862268344806,0.3094225386698383,-24.539097266370003,22.30842522296847,24.64898025301638,44.57310668805616,31243950.0,-360915233.0
2009-01-21,24.52,25.16,23.7,25.1,54283500.0,32.1999,23.61,27.90495,1.428364285714286,27.168463997985917,28.62124715992191,63.45243833061962,-0.9056296502963015,-0.34012590494581685,-0.5655037453504846,36.51145602365115,32.18162718612251,23.431372813877484,0.314683774378114,-20.468948035487955,23.491303717868114,21.63863760245234,42.65618514684627,32344920.0,-306631733.0
2009-01-22,23.9,24.7895,23.35,23.85,42805400.0,32.1999,23.35,27.77495,1.4969357142857145,26.852419807701544,28.434139428160268,63.05838421787714,-1.049024075544736,-0.4819055390656007,-0.5671185364791353,31.85595567867037,32.23995424491237,22.872045755087633,0.33995893779303,-18.600682593856654,24.461621008148835,18.309308062661337,42.37227478992797,32696445.0,-349437133.0
2009-01-23,23.99,24.71,23.42,24.5,38705800.0,32.1999,23.35,27.77495,1.4390785714285717,26.62837982601568,28.279859450585356,62.6747187032714,-1.0975635930408636,-0.6050371498606533,-0.4925264431802103,24.71308339709259,32.279345743563255,22.52165425643675,0.3561136288435066,-14.871438498957612,28.620979641858494,9.416243528845333,44.07582232678646,33070505.0,-310731333.0
2009-01-26,24.59,25.17,24.28,24.62,31490600.0,32.1999,23.35,27.77495,1.4483642857142858,26.43710555687133,28.1363355505624,62.29606478582592,-1.1135126327538885,-0.7067322464393003,-0.4067803863145881,23.36448598130842,32.25737469269989,22.2086253073001,0.36899164195644224,-11.1512089498376,31.571969929826626,8.270906589206541,43.79324459612073,34203305.0,-279240733.0
2009-01-27,24.83,25.15,24.65,24.98,23998000.0,32.1999,23.35,27.77495,1.429085714285714,26.29833359907406,28.012557685834462,61.92476065860377,-1.0846007677683218,-0.7823059507051047,-0.30229481706321715,24.885496183206115,32.184794025574334,21.97320597442566,0.3771035876933666,-4.547191440580822,34.62410135412606,6.7335759126714425,44.384021752169204,35120780.0,-255242733.0
2009-01-28,25.68,26.22,25.55,25.93,35196700.0,32.1999,23.35,27.77495,1.3447999999999998,26.263254208686053,27.93088875697821,61.566603836130106,-0.9738054232039239,-0.8206058452048686,-0.15319957799905537,35.70822731128074,32.063218361677706,21.8637816383223,0.3782682783524173,0.19319938176198814,37.1472170535846,12.838871420073092,35.16189343078099,36214235.0,-220046033.0
2009-01-29,25.18,25.26,24.52,24.54,31282700.0,32.1999,23.35,27.77495,1.3633714285714282,26.099134760239764,27.79791272729279,61.198179917362644,-0.9867856469987224,-0.8538418055636394,-0.13294384143508298,33.25434439178514,31.889646868594653,21.61635313140534,0.38400529799234906,-2.5416997617156545,39.00254419341199,12.663984240747734,34.892493398717455,36993860.0,-251328733.0
2009-01-30,25.48,25.87,24.9501,25.11,36271000.0,32.1999,23.35,27.77495,1.3733714285714282,26.004931449740738,27.692504385046014,60.83909355002571,-0.9402398320573404,-0.8711214108623797,-0.0691184211949607,39.309210526315795,31.617289548568532,21.49071045143147,0.38135795349616103,-1.9523623584537297,39.90775010668492,15.744362153615718,31.725888324873093,38086135.0,-215057733.0
2009-02-02,24.68,25.31,24.65,24.99,25511400.0,32.1999,23.35,27.77495,1.2983714285714283,25.90827131167019,27.586523820926562,60.48238615151799,-0.9026299789601602,-0.8774231244819358,-0.02520685447822435,44.50651769087522,30.87268252111044,21.62331747888956,0.35238361178836025,-3.6994219653179172,39.289725214768964,16.653830072838506,26.462271416939902,38024475.0,-240569133.0
2009-02-03,25.31,25.8,24.91,25.53,26849800.0,32.1999,23.35,27.77495,1.3147999999999997,25.872245472463508,27.50587582794905,60.134601214686974,-0.8198002652349068,-0.86589855263253,0.04609828739762323,48.40764331210192,29.876691379847983,22.026308620152015,0.30250208117819655,7.540016849199671,38.25516756629265,19.10774044938939,23.469620583250038,38105545.0,-213719333.0
2009-02-04,25.99,26.75,25.95,26.21,43939400.0,29.9,23.35,26.625,1.3212285714285712,25.904412570324126,27.45505716802948,59.79704299364531,-0.6913177229688543,-0.8309823866997949,0.13966466373094055,54.69462169553327,28.599088876502172,22.768911123497837,0.22699648625620364,4.422310756972103,37.400650840117414,24.15068226542397,19.246696797353106,38758640.0,-169779933.0
2009-02-05,26.41,27.64,26.32,27.18,46260900.0,28.83,23.35,26.09,1.304085714285714,26.025897087436114,27.444270612420482,59.47249530216626,-0.5053975804758615,-0.7658654254550082,0.26046784497914677,56.82015638575152,28.06172046906108,23.09427953093892,0.19420755876621157,13.962264150943394,37.415145301348204,29.34294415353944,17.03492320837806,39029345.0,-123519033.0
2009-02-06,27.97,28.7,27.69,28.47,43021600.0,28.7,23.35,26.025,1.2828571428571427,26.25866879339458,27.484495294286347,59.1640127618462,-0.2510681516796325,-0.6629059706999332,0.4118378190203007,60.11235955056179,27.964612009310787,23.160387990689213,0.18794030390695649,16.204081632653057,38.11117507584283,30.790645879732747,17.316815144766142,39817830.0,-80497433.0
2009-02-09,28.39,28.53,27.98,28.25,29677600.0,28.7,23.35,26.025,1.1549999999999998,26.448319384499857,27.514515086667277,58.85641064481291,-0.0664958852247004,-0.5436239536048867,0.4771280683801863,71.53772683858644,28.102811717532393,23.07618828246761,0.19643304617381288,14.744110479285123,39.869248453013675,34.199134199134214,10.390228818800248,39819460.0,-110175033.0
2009-02-10,28.16,28.46,26.75,26.86,43310900.0,28.7,23.35,26.025,1.1728571428571428,26.48752706216654,27.488847828366602,58.538038399590896,-0.03201338717340363,-0.4413018403185901,0.40928845314518647,58.38095238095237,28.189269248207957,23.058730751792048,0.2002239500630623,7.526020816653323,39.75151775459165,33.67844092570037,17.72289890377588,40184585.0,-153485933.0
2009-02-11,27.18,27.51,26.58,26.98,44883500.0,28.7,23.35,26.025,1.1142857142857143,26.534429246722105,27.46889301156791,58.22402806725666,0.0049402895012420345,-0.3520534143546237,0.3569937038558657,66.70224119530415,28.313610927035345,23.04438907296466,0.2051957573920591,4.049363671423056,39.34024654638301,35.448717948717956,17.500641025641052,40813395.0,-108602433.0
2009-02-12,26.17,26.52,25.63,26.46,38370000.0,28.7,23.35,26.025,1.1185714285714288,26.527340747034287,27.429328579741718,57.90796808648794,-0.007645180790717632,-0.2831717676418425,0.27552658685112486,60.6060606060606,28.388736192444725,23.09726380755528,0.2055499508561335,7.823960880195613,36.14679581534371,35.312899106002554,23.500000000000014,40557895.0,-146972433.0
2009-02-13,26.87,27.17,26.6,26.81,29929700.0,28.7,23.35,26.025,1.105714285714286,26.554260675888166,27.40504118445773,57.59853556821443,0.010501760499522561,-0.2244370620135695,0.23493882251309206,61.562829989440324,28.490139743298045,23.11586025670195,0.2082811877144555,6.770211071286347,32.823425515776385,36.95090439276486,23.7732558139535,38262270.0,-117042733.0
2009-02-17,25.26,25.37,24.81,24.9,48268700.0,28.7,23.35,26.025,1.210714285714286,26.396712040089295,27.30680427526331,57.273177005346625,-0.127764901002422,-0.20510262981134,0.07733772880891801,49.63702359346642,28.466421671611258,23.03457832838874,0.21094127660521225,-0.36014405762304635,27.721900930079705,33.74631268436579,32.27197640117997,38525115.0,-165311433.0
2009-02-18,25.73,25.75,25.11,25.57,34885500.0,28.7,23.35,26.025,1.1828571428571435,26.31797756008079,27.23869430368436,56.95772250778099,-0.1811901782361076,-0.20032013949629354,0.01912996126018593,48.32402234636872,28.390895323161175,23.293104676838816,0.1972676513552496,0.15667841754798406,24.69946048976382,30.37439613526569,33.03200483091789,37447135.0,-130425933.0
2009-02-19,26.23,26.32,25.35,25.57,28700900.0,28.7,23.35,26.025,1.151428571428572,26.24674160197786,27.173255311383013,56.645406860937406,-0.2209827438381602,-0.2044526603646669,-0.0165300834734933,55.50802139037434,28.39417741590265,23.33682258409736,0.1955251138313696,-2.441816100724914,22.18598819826911,34.739454094292796,27.544044665012425,36168005.0,-130425933.0
2009-02-20,24.94,25.51,24.59,25.14,47192900.0,28.7,23.42,26.060000000000002,1.126428571428572,26.141337639884732,27.093519808975838,56.33192022550519,-0.28394292778462926,-0.22035071384865937,-0.0635922139359699,50.1628664495114,28.303245612416458,23.556754387583542,0.18305018221492156,-7.505518763796903,19.928516867480802,31.642358909321494,32.97463538363984,36387380.0,-177618833.0
2009-02-23,25.86,25.92,24.65,24.8,41492200.0,28.7,24.28,26.490000000000002,1.1700000000000006,26.013591197990948,27.003577855682668,56.01816977550017,-0.35715739751152853,-0.24771205058123322,-0.10944534693029531,48.99257688229058,28.283731099957112,23.60626890004289,0.1802837618005097,-12.890762205830697,18.650335657398134,32.967032967032964,29.914529914529936,36526700.0,-219111033.0
2009-02-24,25.12,26.24,24.91,26.15,43027400.0,28.7,24.52,26.61,1.2092857142857147,26.026582512468,26.97010421428335,55.720974056340964,-0.3027566840780551,-0.2587209772805976,-0.0440357067974575,53.027343749999986,28.276331304230574,23.766668695769418,0.17330525175186506,-7.4336283185840735,18.151267871664682,30.89190785587711,28.942705256940364,37103540.0,-176083633.0
2009-02-25,25.78,26.14,25.0334,25.51,32076700.0,28.7,24.52,26.61,1.2019000000000004,25.977384177947236,26.912845225487924,55.4203673493127,-0.30773895493128123,-0.26852457281073433,-0.0392143821205469,46.568627450980394,28.263406342676156,23.832593657323848,0.1701018383504418,-5.026061057334319,17.82652676652786,25.435916941033813,29.120559114735027,37507475.0,-208160333.0
2009-02-26,25.47,25.74,24.79,24.81,31570300.0,28.7,24.52,26.61,1.1676142857142862,25.86620473242845,26.83038070684134,55.1157865796678,-0.36397590269456614,-0.2876148387875007,-0.07636106390706543,38.06646525679758,28.275539265911412,23.70846073408859,0.17571093151057335,-8.042994810971093,17.398593174378657,20.73825749697182,31.464647082573777,37326155.0,-239730633.0
2009-02-27,24.35,24.85,24.21,24.31,38822600.0,28.7,24.21,26.455,1.1047571428571434,25.717994757911455,26.731542247749523,54.80926134006911,-0.4437743557547513,-0.3188467421809508,-0.1249276135738005,27.24288840262581,28.296908063317282,23.664091936682716,0.17831897487094422,-8.125472411186706,18.407769096255556,15.064720106552166,37.00490088319348,37703150.0,-278553233.0
2009-03-02,23.72,23.97,22.69,22.8,56830000.0,28.7,22.69,25.695,1.1811857142857145,25.440090495253223,26.577364120386797,54.49076122723261,-0.6216930941266341,-0.3794160125700875,-0.2422770815565466,23.873441994247358,28.563081189526184,23.166918810473813,0.20862796748704313,-14.957105557627749,18.259735384968085,14.089958032485505,43.80223262339298,38731100.0,-335383233.0
2009-03-03,23.75,23.82,22.89,23.3,44910100.0,28.7,22.69,25.695,1.1319000000000001,25.236272352848154,26.448840037234373,54.18040539412582,-0.7141172555960402,-0.44635626117527805,-0.2677609944207622,31.34171907756813,28.691426602342016,22.869573397657984,0.22582390584682346,-6.425702811244971,19.19590455980111,14.703469513965128,37.94757234990473,39701035.0,-290473133.0
2009-03-04,25.08,25.88,24.81,25.46,73211700.0,28.7,22.69,25.695,1.2497571428571426,25.257579747814997,26.410061996558515,53.89463021607482,-0.6060835672248217,-0.4783017223851868,-0.1277818448396349,43.43696027633851,28.689362759361742,22.864637240638253,0.22596599754523375,-0.430191630817367,17.78917807974114,25.090589028725567,33.39734577003534,42019130.0,-217261433.0
2009-03-05,24.36,24.8,23.88,23.99,49247900.0,28.7,22.69,25.695,1.266185714285714,25.136857867070713,26.315157604536612,53.59707170646214,-0.6317998106123319,-0.5090013400306158,-0.12279847058171611,40.1436552274541,28.67644777225675,22.655552227743257,0.23458643904439697,-6.1791161517403275,17.356959897269032,24.765042365710276,32.851195378696445,42284555.0,-266509333.0
2009-03-06,24.38,24.41,23.36,24.0,43859200.0,28.7,22.69,25.695,1.2904714285714285,25.028585689254456,26.224367110241058,53.302573480527194,-0.6439501459089563,-0.5359911012062839,-0.10795904470267237,38.47415914684168,28.51666932962679,22.497330670373206,0.2359877154998073,-4.534606205250602,17.651091276081836,20.70118339920071,35.11119967232353,42164470.0,-222650133.0
2009-03-09,23.55,24.38,23.55,23.68,30779100.0,28.53,22.69,25.61,1.2068999999999996,24.90014895694451,26.124588007878664,53.007821505596574,-0.6716582417008006,-0.5631245293051873,-0.10853371239561327,44.24528301886793,28.037161769206033,22.497838230793963,0.21922721038535947,-4.516129032258065,18.192132344808112,22.13463063574918,26.94861688150279,41552345.0,-253429233.0
2009-03-10,24.72,25.63,24.68,25.61,44366300.0,28.46,22.69,25.575000000000003,1.2854714285714282,24.96775381818789,26.10440808600107,52.735206366237406,-0.531752524823176,-0.5568501284087851,0.025097603585609085,50.16863406408094,27.533345304700706,22.737654695299295,0.19079352347880135,-2.065009560229447,17.936867059722527,25.61594967938387,25.301445828656533,42286780.0,-209062933.0
2009-03-11,25.51,25.74,24.88,25.1,29635100.0,27.51,22.69,25.1,1.2776142857142854,24.98034869264619,26.065019533608872,52.460229188463906,-0.4567636865307527,-0.5368328400331787,0.08006915350242594,48.100242522231206,27.303876928200907,22.7911230717991,0.18016783536887146,-1.6072128577028666,17.442745378534333,23.201726432077624,25.457046056824666,41602990.0,-238698033.0
2009-03-12,25.16,26.14,24.95,25.974,35692200.0,27.17,22.69,24.93,1.2926142857142853,25.074982150489408,26.061450140134014,52.19668461942447,-0.32308566579987286,-0.4940834051865175,0.17099773938664464,53.25425316060558,27.11263795142469,22.881762048575307,0.1692539925611422,4.6916565900846585,17.943205412394068,25.142844512228805,20.961948653338194,41143425.0,-203005833.0
2009-03-13,26.4,26.68,25.99,26.437,31318800.0,27.17,22.69,24.93,1.2523285714285708,25.204698136157084,26.076177585618954,51.94036934957945,-0.17773581291043783,-0.4308138867313016,0.2530780738208638,56.32681456288166,27.108162085844405,22.883937914155595,0.16899566818312534,8.749485808309343,18.34384565371449,26.693131651894177,21.636266155618678,40790865.0,-171687033.0
2009-03-16,27.24,27.86,27.02,27.09,52396000.0,27.86,22.69,25.275,1.2511142857142852,25.384250694618313,26.115935327359388,51.69310199286722,-0.009741075599222881,-0.3465993245048859,0.336858248905663,53.839869281045765,27.17581836736174,22.84428163263826,0.17319184626673992,18.81578947368421,19.44783045501572,31.628947909292293,21.65726552330494,41914180.0,-119291033.0
2009-03-17,26.7,27.5,26.55,27.49,29596100.0,27.86,22.69,25.275,1.2392142857142852,25.584798247511806,26.16982021648255,51.452275107366056,0.15389857415285846,-0.24649974477333703,0.4003983189261955,58.249999999999986,27.571043409411605,22.708056590588395,0.19343969239000736,17.982832618025736,19.895559036080986,31.932676234941503,24.57432705055046,40980550.0,-89694933.0
2009-03-18,27.05,28.1,26.645,27.7,43625300.0,28.1,22.69,25.395000000000003,1.275285714285714,25.786246033463062,26.229827266816567,51.21593406152162,0.29710458379733495,-0.13777887905920264,0.43488346285653756,62.55430060816681,27.930372239266845,22.561727760733156,0.21265284979367818,8.798114689709347,19.91831946533768,34.39005264926628,22.51596280945445,41417540.0,-46069633.0
2009-03-19,27.9,28.0,27.16,27.21,36546300.0,28.1,22.69,25.395000000000003,1.2895714285714281,25.921841649323724,26.268265413215918,50.977069045984095,0.36682889809090113,-0.03685732362918188,0.403686221720083,62.60869565217393,28.150673227464576,22.505426772535426,0.22288515913894477,13.422259274697801,18.92171057113209,34.00908385953253,19.05394926332114,41809810.0,-82615933.0
2009-03-20,27.06,27.07,26.3,26.418,39631200.0,28.1,22.69,25.395000000000003,1.2388571428571427,25.96909482557861,26.274137357795688,50.7327001997554,0.35409633637684834,0.04133340837202417,0.3127629280048242,66.77796327212019,28.254233701781793,22.52966629821821,0.22544812050920007,10.074999999999989,17.946332191467114,35.40129151291514,16.02859778597785,41431725.0,-122247133.0
2009-03-23,27.94,29.33,27.75,29.09,51149700.0,29.33,22.69,26.009999999999998,1.3739999999999999,26.266323889809218,26.384563343764484,50.51734994901157,0.5532363938786382,0.14371400547334698,0.4095223884052912,72.34830940250116,28.8934302795129,22.319469720487106,0.2567306502473319,22.846283783783793,18.383536938498146,43.66812227074235,14.452069037221865,41914600.0,-71097433.0
2009-03-24,28.52,29.2,28.3906,28.5,33048200.0,29.33,22.69,26.009999999999998,1.2475285714285713,26.479054947922627,26.467521644009015,50.29827184006618,0.655887591136409,0.2461487226059594,0.4097388685304496,63.35207308503161,29.25191935629538,22.19598064370461,0.2742945275741391,11.28465443186255,20.15729225139978,36.30034239124211,15.91718483401467,41415640.0,-104145633.0
2009-03-25,28.52,29.1401,27.93,28.64,41841400.0,29.33,22.69,26.009999999999998,1.2211071428571427,26.684859238596662,26.552716873655722,50.082766647627714,0.7400059070376628,0.3449201594923001,0.3950857475453627,73.12512432862543,29.638638952143292,22.122261047856714,0.2904268629133797,14.103585657370509,22.481929703208674,37.08578280834138,13.515837501096767,41903875.0,-62304233.0
2009-03-26,29.82,30.27,28.71,30.16,44259600.0,30.27,22.69,26.48,1.262535714285714,27.01582502539698,26.694178957041775,49.88453016357172,0.918731015996908,0.4596823307932217,0.4590486852036863,76.63438256658597,30.32373192992972,21.972168070070275,0.31939650564803157,16.116116116116117,25.018326113566417,42.261322169104126,10.130406494865763,42538340.0,-18044633.0
2009-03-27,29.75,29.91,29.4499,29.7,26183500.0,30.27,22.69,26.48,1.2539714285714285,27.271460737263933,26.812054292059745,49.68368906741678,1.01159278494222,0.5700644216230214,0.44152836331919854,75.7177033492823,30.785103325120108,22.049796674879882,0.33066426359244466,12.342550213715619,28.69835633110731,42.54995556973273,10.19959443140649,41906385.0,-44228133.0
2009-03-30,28.15,28.15,27.5,27.79,34892700.0,30.27,22.89,26.58,1.2718285714285713,27.32084542895308,26.850405104135834,49.465841415004675,0.9204549368515984,0.6401425246687369,0.2803124121828615,59.328996918863396,30.723544967004653,22.610355032995354,0.3042413899605803,2.5839793281653645,30.43227775490406,34.932268499797814,21.007435862874583,40809520.0,-79120833.0
2009-03-31,28.6,28.87,28.23,28.53,28776200.0,30.27,23.36,26.814999999999998,1.287542857142857,27.436003007148027,26.916271570640312,49.25752458500463,0.8975924639959665,0.6916325125341828,0.2059599514617837,64.39482961222092,30.737933483431565,23.11896651656843,0.2829337361364332,3.7831938886867977,32.18884400566827,37.8900008876265,20.751042961121943,40002825.0,-50344633.0
2009-04-01,28.42,29.35,28.27,29.22,34786600.0,30.27,23.36,26.814999999999998,1.2796857142857143,27.605907482657738,27.006613861987752,49.05814623092498,0.9244940312572716,0.7382048162788006,0.18628921497847095,63.83631713554987,30.991355960150713,23.24154403984928,0.28579743736003177,5.487364620938617,33.66671980305313,38.56917993257273,20.87845229855543,38081570.0,-15558033.0
2009-04-02,30.49,31.47,30.39,30.8,51681600.0,31.47,23.36,27.415,1.3899714285714286,27.910106770023667,27.155374102694115,48.87647313409986,1.06107509926818,0.8027788728766766,0.2582962263915035,66.9806180431229,31.3717210277884,23.542178972211598,0.2851570205567917,13.193678794560814,35.693106397752516,43.62833768422782,19.22187506423563,38203255.0,36123567.0
2009-04-03,30.64,31.03,30.37,30.95,27340600.0,31.47,23.55,27.509999999999998,1.3354714285714289,28.199620410973793,27.304182961411993,48.69810026709389,1.1679568465785124,0.8758144676170438,0.29214237896146855,65.6351263771873,31.66058859081728,23.94831140918271,0.27737564244696694,17.15497009614657,36.64658051798606,39.09748296481712,20.113282628927166,37377325.0,63464167.0
2009-04-06,30.8,30.99,30.33,30.9,23071000.0,31.47,24.68,28.075,1.3147571428571432,28.45679941945248,27.445195394297798,48.521004742048184,1.2343974537694749,0.9475310648475301,0.2868663889219447,64.21544105386026,31.737166230552226,24.593733769447773,0.25362394213848716,6.222069439669986,38.38779174601861,39.71347234144273,18.09405322004064,36991920.0,40393167.0
2009-04-07,30.39,30.67,30.11,30.29,25127300.0,31.47,24.88,28.174999999999997,1.267257142857143,28.631389950933197,27.556756359227297,48.339601709789,1.2237238844316884,1.002769628764362,0.22095425566732652,60.44860416330483,31.87825085056704,24.920649149432965,0.24499071993063504,6.280701754385953,39.096793896937804,37.82015150831941,20.012287505072816,36029970.0,15265867.0
2009-04-08,30.46,30.72,30.12,30.51,26360100.0,31.47,24.95,28.21,1.2501142857142857,28.810305193701463,27.67256983533603,48.162192737552296,1.2189656875495878,1.0460088405214072,0.1729568470281806,63.60936984493566,31.901029628921606,25.438870371078394,0.2253983441841793,6.52932960893855,39.30708512700442,38.624468620011854,20.286716643049772,35866220.0,41625967.0
2009-04-09,31.72,31.9,31.49,31.85,23399300.0,31.9,25.99,28.945,1.2843999999999998,29.099799937158465,27.836390626107168,47.999882362054265,1.3082409955473757,1.098455271526601,0.20978572402077478,71.43308080808082,32.23105572249087,25.696444277509137,0.2256134459447321,5.603448275862077,40.14371791519149,44.155692485651976,14.96251723984518,35251575.0,65025267.0
2009-04-13,31.97,32.5,31.77,32.17,22224900.0,32.5,26.3,29.4,1.128542857142857,29.392199943143375,28.006336091750025,47.842371094770144,1.3888043736590632,1.1565250919530934,0.2322792817059698,64.92248062015504,32.58947711170403,25.911322888295977,0.228309842716956,8.316498316498322,39.41125269562243,39.74720879009595,17.028912124357582,34796880.0,87250167.0
2009-04-14,32.19,32.6,31.93,32.07,26162600.0,32.6,26.3,29.450000000000003,1.1185857142857143,29.647228519986864,28.165695460701006,47.68543207890178,1.4281197909983163,1.210844031762138,0.21727575923617826,68.15869786368259,32.90226618509972,26.096533814900287,0.23070748456576853,15.40122346167687,39.52840094196593,40.739581869963345,17.180495779108824,33485210.0,61087567.0
2009-04-15,32.5,33.26,32.45,33.09,28947900.0,33.26,26.3,29.78,1.1171499999999999,29.975111518083352,28.3588054426343,47.54020389901221,1.5240151203553012,1.2734782494807708,0.25053687087453036,70.7749766573296,33.400662844572935,26.15813715542706,0.24320589700080847,15.98317560462672,39.90765105810459,45.01186053797608,14.257581473264242,33452800.0,90035467.0
2009-04-16,32.89,33.18,32.375,32.937,25433700.0,33.26,26.3,29.78,1.0582214285714284,30.257196135408748,28.538342484099623,47.39489838757925,1.569573966770541,1.332697392938725,0.23687657383181615,64.8613935566734,33.784723246515746,26.29777675348425,0.24922220257251268,12.720739219712529,38.66169892011039,39.89173208415736,15.557775512821404,32543220.0,64601767.0
2009-04-17,32.53,32.73,32.31,32.44,23318500.0,33.26,26.3,29.78,1.0522857142857138,30.465082217750773,28.691348661193757,47.24609342849887,1.5477346132010474,1.3757048369911895,0.17202977620985793,64.6055437100213,33.942730964382,26.66276903561801,0.24024096587814608,5.32467532467531,37.335065010721344,40.11675264729839,16.08674993212057,31881830.0,41283267.0
2009-04-20,32.32,32.34,31.24,31.37,21815500.0,33.26,27.5,30.38,0.9808571428571423,30.551264863679272,28.79639381173518,47.088122349608334,1.4276298819064195,1.3860898459742357,0.041540035932183805,70.96018735362996,33.72115652366821,27.37954347633179,0.20757906365512746,1.3570274636510504,39.823433234602184,43.03815904456743,10.85056801631231,30991045.0,19467767.0
2009-04-21,31.25,32.26,31.08,32.23,21815600.0,33.26,27.5,30.38,0.9879999999999993,30.71114440047172,28.931045034804388,46.9402803361794,1.385865435656708,1.3860449639107302,-0.00017952825402223205,71.36258660508079,33.884644067203126,27.53005593279687,0.2069402971733561,4.304207119741088,41.4325395355092,37.52168883747829,11.928860613071187,29524340.0,41283367.0
2009-04-22,30.98,31.72,30.85,31.14,28036500.0,33.26,27.5,30.38,1.0094285714285702,30.751987790902987,29.01767071971402,46.78306361641642,1.250399098160134,1.358915790760611,-0.10851669260047703,60.59602649006624,33.84525648557311,27.833443514426893,0.19493967840263224,2.806206668867617,42.37435007850793,33.328615907161044,13.303141805830773,29273755.0,13246867.0
2009-04-23,31.65,31.84,31.223,31.71,23939100.0,33.26,27.5,30.38,0.8987142857142845,30.843227048912226,29.123252260117393,46.63308288391477,1.1754850263533037,1.3222296378791496,-0.14674461152584595,55.65217391304348,33.83494509637741,28.150754903622584,0.1834032750377854,3.9331366764995046,40.89221036670135,21.538706088062316,14.941980607216701,28378640.0,37185967.0
2009-04-24,32.04,32.5,31.99,32.32,18338900.0,33.26,27.5,30.38,0.9079999999999987,30.983872091872968,29.248614916583378,46.490664148751435,1.1520567931558894,1.2881950689344976,-0.13613827577860826,58.04935370152762,33.97368298835101,28.228017011648994,0.18474305289733284,1.4756671899529117,40.66434018677289,26.510383889238533,14.631843926998156,27082605.0,55524867.0
2009-04-27,31.085,31.36,30.7,30.89,32042900.0,33.26,27.5,30.38,0.9765714285714273,30.97493189264697,29.312982959070304,46.33543365970913,1.0064984133783597,1.2318557378232702,-0.22535732444491052,49.949443882709815,33.959365862765054,28.361334137234948,0.17965240202790103,-3.9788622940627905,38.27958130930697,24.64891749561148,22.747220596840283,27375575.0,23481967.0
2009-04-28,30.21,30.94,30.07,30.55,26783600.0,33.26,28.23,30.744999999999997,0.9822857142857132,30.934462188585353,29.361493431263625,46.17836466807024,0.8538643732292606,1.1562574649044683,-0.3023930916752078,51.351351351351354,33.631011211219096,28.965688788780906,0.14905969236199962,-4.73963205487995,36.23564533571067,24.50552646887726,25.59627690517745,26970120.0,-3301633.0
2009-04-29,31.27,32.3,31.27,31.96,28036100.0,33.26,28.27,30.765,1.0644285714285702,31.03213245633913,29.463395649645445,46.03688840271631,0.8370272833890375,1.0924114286013822,-0.25538414521234465,56.70675300647548,33.418236028434755,29.521463971565243,0.12382556818254653,-3.414928981565435,35.022684490519616,31.405180512682872,23.620990471077732,26933115.0,24734467.0
2009-04-30,32.19,32.33,31.61,31.98,31774100.0,33.26,30.07,31.665,1.0165714285714276,31.122405555735405,29.562086016326017,45.89701886637087,0.8158925003701825,1.0371076429551422,-0.22121514258495978,50.68493150684931,33.25258876025463,29.963111239745373,0.10407153667551758,-2.9055469532744294,31.50560045495066,24.803260258572237,24.732996065205192,26782490.0,56508567.0
2009-05-01,31.86,32.45,31.79,32.27,15089200.0,33.26,30.07,31.665,1.0115714285714277,31.231700264712984,29.668278721568136,45.761426638844796,0.8131698925876591,0.9923200928816457,-0.17915020029398654,50.52854122621565,33.30533551653177,30.057364483468227,0.10251996941618785,-0.5240443896423974,29.1584508714261,21.53650614320014,24.855246434119493,24952870.0,71597767.0
2009-05-04,33.73,35.18,33.71,35.159,38633100.0,35.18,30.07,32.625,1.1715714285714274,31.605728810930795,29.883601124643896,45.65592985636873,1.032231440420862,1.0003023623894889,0.031929078031373015,62.60919258714997,34.10185859412909,29.681741405870913,0.13859729423419745,12.078418871533314,27.930100707244524,34.6299231801,21.460797463723953,25517495.0,110230867.0
2009-05-05,34.46,34.7954,34.03,34.3,26197200.0,35.18,30.07,32.625,1.1672142857142844,31.862326067032622,30.05679323740296,45.54293552943969,1.1235733204563267,1.0249565540028565,0.09861676645347028,55.0049636002647,34.465238992253354,29.65836100774666,0.14992539359944526,6.422587651256584,25.47834879065949,30.720274157028367,21.54090936907168,25673805.0,84033667.0
2009-05-06,35.16,35.65,34.75,35.431,34803600.0,35.65,30.07,32.86,1.206142857142856,32.20219977493428,30.267546443779317,45.44231925551492,1.272555439339314,1.074476331070148,0.19807910826916597,59.54385427827951,35.007195394086246,29.63050460591375,0.1663639265683184,13.779704560051375,24.205841384702698,34.78976667061473,20.40151604879782,26157620.0,118837267.0
2009-05-07,35.68,35.75,34.175,34.35,32229000.0,35.75,30.07,32.91,1.2738571428571424,32.40675217732149,30.427642661670326,45.33194791963915,1.2885436471326557,1.1172897942826496,0.17125385285000605,56.996336996337014,35.20374734594533,29.817952654054665,0.16566145431111973,8.325449385052043,22.54680016742923,32.940450824268254,22.176741056409128,26451065.0,86608267.0
2009-05-08,35.43,38.0,35.145,35.91,27880100.0,38.0,30.07,34.035,1.4488571428571422,32.740394827100396,30.64263706709502,45.2381971940706,1.4108302071173853,1.175997876849597,0.23483233026778838,66.05374823196607,35.782841761407774,29.644858238592214,0.1876264494339725,11.107673267326712,21.679761839629396,40.05422993492408,14.223032932360477,26675105.0,114488367.0
2009-05-11,34.64,34.72,34.28,34.36,23769600.0,38.0,30.07,34.035,1.4809999999999992,32.89464293880512,30.788416005640315,45.1299564259704,1.3669142047451075,1.214181142428699,0.15273306231640849,57.18138907619691,35.96603093897875,29.680669061021245,0.19149056625717675,11.233408870184514,20.747945804056204,39.1849136683708,17.31455580206425,26752340.0,90718767.0
2009-05-12,34.59,34.81,33.9,34.37,17716400.0,38.0,30.07,34.035,1.447428571428571,33.0351531351094,30.92887027992893,45.02289218292592,1.3177274313224387,1.234890400207447,0.08283703111499174,61.74545454545454,36.13285833215697,29.743841667843025,0.19396893482259875,12.504091653027816,20.32019281243621,40.09376233714962,18.456375838926206,26330030.0,108435167.0
2009-05-13,33.83,33.94,33.3,33.58,23194500.0,38.0,30.07,34.035,1.4738571428571425,33.08704331271802,31.032836151304267,44.90903255921522,1.2011540056343364,1.2281431212928249,-0.026989115658488494,56.69291338582677,36.16974745294327,29.755952547056737,0.1945764673226536,5.068836045056302,21.14898323191215,38.7932538528642,21.033246098672134,26042360.0,85240667.0
2009-05-14,33.27,34.12,33.2,33.77,19860800.0,38.0,30.07,34.035,1.4831428571428567,33.152086806744876,31.14017591007665,44.79819641434741,1.1112898800310163,1.2047724730404632,-0.09348259300944695,55.35055350553507,36.23155787464768,29.777442125352326,0.19555259886668033,5.5972482801751156,21.003933126056687,36.23868233481024,20.901560392987903,25763715.0,105101467.0
2009-05-15,33.99,34.125,33.39,33.68,23482500.0,38.0,30.07,34.035,1.4199285714285708,33.202364253721555,31.239776854779528,44.687567594304156,1.0210397545009968,1.16802592933257,-0.14698617483157328,61.42506142506143,36.29553919227886,29.83746080772114,0.19530577425968035,4.3693833281685635,23.741755968766913,37.87715679863173,15.342824085718643,25771915.0,81618967.0
2009-05-18,34.9,35.78,34.86,35.66,30245400.0,38.0,30.07,34.035,1.5077857142857136,33.43642480098617,31.41311893890582,44.59774105107725,1.0966439039632192,1.1537495242587,-0.05710562029548072,68.4476534296029,36.60411591257824,29.957884087421757,0.19970048451538358,1.4249552035040747,27.749994045505467,43.510351035103525,11.464304325169405,26193410.0,111864367.0
2009-05-19,35.77,36.25,35.59,35.8,26571900.0,38.0,30.07,34.035,1.4299285714285708,33.661527200892245,31.58515349032128,44.51020133912623,1.1545486489383165,1.1539093491946233,0.0006392997436932557,65.26232114467408,36.925370802707775,29.993629197292233,0.20716811684022599,4.37317784256559,30.655826206136066,41.433638043858366,12.088515909885658,26431225.0,138436267.0
2009-05-20,35.95,36.25,35.35,35.38,24333100.0,38.0,30.07,34.035,1.4427857142857137,33.82519127699774,31.73397100050476,44.41935356460757,1.1532540913098188,1.1537782976176625,-0.0005242063078436665,63.09707241910634,37.057775612871055,30.28522438712893,0.2011360119312215,-0.14394174592868847,34.31016341199334,40.91588692509532,13.168968760829806,26246055.0,114103167.0
2009-05-21,34.66,34.91,34.23,34.73,25145200.0,38.0,30.07,34.035,1.4777857142857138,33.911363536331294,31.851462333818297,44.32294208635277,1.087245488138663,1.1404717357218626,-0.05322624758319949,59.22038980509743,37.10833937846361,30.536660621536402,0.19429902452294207,1.1062590975254638,36.413586122270196,39.36681328242061,18.270578568321408,26306360.0,88957967.0
2009-05-22,34.95,35.065,34.56,34.69,14213100.0,38.0,30.07,34.035,1.3059999999999994,33.985519390014026,31.962777536413657,44.22709191633931,1.0199482008890257,1.1163670287552954,-0.09641882786626965,47.764750738728424,37.16912384814411,30.71287615185588,0.1902197252964919,-3.3973823447507656,36.103776475516106,30.46160577554148,20.67381316998478,26100070.0,74744867.0
2009-05-26,34.24,35.42,34.09,35.12,24861400.0,38.0,30.07,34.035,1.3203571428571423,34.093565162393645,32.086590182044496,44.13647408632599,0.9899010590166455,1.0910738348075655,-0.10117277579091999,54.074736632876174,37.079165679576214,31.22583432042378,0.17138807873954864,2.211874272409764,35.80906407934586,30.13037598052477,22.99161482282941,25740995.0,99606267.0
2009-05-27,36.04,36.34,35.3,35.36,27306600.0,38.0,31.27,34.635,1.3110714285714284,34.21417800407044,32.21495919451334,44.049145985964536,0.974224226392792,1.0677039131246109,-0.09347968673181883,49.61291026060409,36.82128776583284,31.964712234167163,0.14120825550739044,2.880418970032017,34.947731191398596,30.700081721601773,23.154453827295097,25767145.0,126912867.0
2009-05-28,35.72,36.38,35.4699,36.16,25268300.0,38.0,31.61,34.805,1.2714285714285711,34.39949438463516,32.36966667708145,43.970647020930066,1.0146572011018264,1.057094570720054,-0.04243736961822764,60.17997750281213,36.86618648207361,32.33981351792638,0.1308086860719368,7.683144729005353,35.080702911868336,31.882022471910144,20.646067415730403,25628755.0,152181167.0
2009-05-29,37.02,37.51,36.77,37.37,27425100.0,38.0,31.79,34.894999999999996,1.1071428571428572,34.68239968133658,32.565758179941,43.90496894111982,1.1312966291376583,1.0719349824035749,0.059361646734083395,58.54800936768151,37.104002538415855,32.640997461584135,0.12798064597696526,10.660349422564398,32.44508826556927,29.387096774193544,23.709677419354907,25411305.0,179606267.0
2009-06-01,39.21,39.75,38.94,39.53,28984200.0,39.75,33.2,36.475,1.1607142857142863,35.14407590216167,32.83886570229625,43.861436911854945,1.3820962194319648,1.133967229809253,0.2481289896227119,78.25136612021856,37.98608030241055,32.484919697589454,0.15612551559708518,17.369358669833733,32.643648725973414,41.81538461538461,17.29230769230774,26106055.0,208590467.0
2009-06-02,38.56,39.08,38.38,38.718,28888400.0,39.75,33.2,36.475,1.177857142857143,35.484449625765315,33.06941998848072,43.81025843512007,1.4980663118912432,1.206787046225651,0.29127926566559226,71.84485530546625,38.57325235724498,32.25364764275501,0.1784521054709431,8.575434660684266,32.7815585570158,41.206791995148585,18.132201334141914,25618820.0,179702067.0
2009-06-03,38.64,38.71,37.6,38.02,27840600.0,39.75,33.2,36.475,1.1812857142857145,35.72593061378767,33.26356038108932,43.75264392332783,1.5161731784973327,1.2686642726799873,0.24750890581734541,72.51521298174443,38.917283121340105,32.28161687865989,0.18639799892077594,6.201117318435778,33.25952041976513,41.0871931309711,19.167976780747377,25700990.0,151861467.0
2009-06-04,38.42,38.81,38.16,38.75,24999000.0,39.75,33.2,36.475,1.1720000000000006,36.01393722199837,33.47871487594856,43.70286637185193,1.5713147614109673,1.3291943704261833,0.242120390984784,73.94230769230768,39.367588831662786,32.16321116833721,0.20143428182896245,9.525155455059341,33.90389373128664,40.925158459288156,19.319843978547052,25210760.0,176860467.0
2009-06-05,39.62,39.66,38.57,39.04,25766600.0,39.75,33.2,36.475,1.1973571428571432,36.30213367704614,33.69680448865646,43.656469691535,1.6197440384924562,1.387304304039438,0.23243973445301824,75.28301886792454,39.81826900425302,32.181530995746975,0.2121322006035029,12.41002015548518,33.80185527723436,45.099325896319236,18.910696176102135,24887640.0,202627067.0
2009-06-08,38.27,38.77,37.88,38.55,19656700.0,39.75,33.2,36.475,1.1302142857142858,36.51621618399413,33.88712588125817,43.60565904783814,1.600140263687443,1.429871495969039,0.17026876771840405,65.86169045005488,40.116110198429766,32.14768980157024,0.22053698800393912,11.127125972902864,31.133979492079725,37.3190924603425,24.39486822979207,24476470.0,182970367.0
2009-06-09,38.1,38.32,37.74,38.07,17204500.0,39.75,33.2,36.475,1.1409285714285713,36.66419559504231,34.051160160424516,43.550577863282534,1.528255365892207,1.4495482699536728,0.07870709593853409,62.010582010582034,40.299717992009455,32.33508200799054,0.21930633756873874,8.399772209567203,28.304074867921855,34.026169160458245,25.042258811744823,24148215.0,165765867.0
2009-06-10,39.57,39.71,38.6201,39.17,25222000.0,39.75,33.2,36.475,1.1937857142857144,36.902843633609706,34.25189897766277,43.50699002384689,1.5422685614555718,1.4680923282540528,0.074176233201519,68.70681145113524,40.62324046597322,32.491559534026784,0.22243597553289987,10.77488687782806,26.70789665768024,40.83647460061027,22.4974570693472,24523495.0,190987867.0
2009-06-11,39.79,40.76,39.76,40.12,23957800.0,40.76,33.2,36.980000000000004,1.2252142857142851,37.209239478027825,34.48202058638188,43.473288630574785,1.6114553265099971,1.4967649279052417,0.11469039860475538,75.83892617449666,40.99372589682592,32.77507410317408,0.2228218920099512,10.951327433628322,27.649637583112817,45.91033638430593,15.390893721214919,24561660.0,214945667.0
2009-06-12,39.5,39.7,39.25,39.56,15169900.0,40.76,33.39,37.075,1.251285714285714,37.433121432501366,34.68115703397475,43.43435043524568,1.6026249535297339,1.5179369330301402,0.08468802049959367,72.23744292237447,41.17374999192508,33.174050008074914,0.21519668326030264,5.860315761305879,29.285451332559948,44.068957643566584,17.981504737983744,24327115.0,199775767.0
2009-06-15,38.69,38.72,37.8,38.23,21377200.0,40.76,34.09,37.425,1.282,37.509014629405996,34.8203273463679,43.38256585380046,1.471346171809813,1.508618780786075,-0.037272608976261834,63.12236286919831,41.06824102679647,33.734558973203534,0.1960804155350585,-3.2886415380723566,30.48951771726481,43.013149097392414,23.010920436817443,24221850.0,178398567.0
2009-06-16,38.07,38.24,37.03,37.23,25653300.0,40.76,34.09,37.425,1.281285714285714,37.482441807557805,34.914824313177,43.32134629306613,1.2719528679345444,1.4612855982157689,-0.18933273028122444,57.41475019825535,41.05586784985075,33.90393215014925,0.19082056514829274,-3.8431737176507275,30.648674022096394,37.90835098673203,27.316311740439247,23992245.0,152745267.0
2009-06-17,37.18,37.59,36.74,37.35,30175300.0,40.76,34.09,37.425,1.2691428571428567,37.46982830207611,35.010321398934764,43.2619299120406,1.1108105031555269,1.3911905792037205,-0.2803800760481936,54.98742665549038,41.04619496011051,34.06860503988949,0.1857846901069036,-1.7622304050499804,30.05922409225759,38.04592525889235,29.209815398469118,24172415.0,182920567.0
2009-06-18,37.15,37.48,36.62,37.16,19284200.0,40.76,34.09,37.425,1.2341428571428565,37.440320844735524,35.094622520545165,43.20121419152279,0.9567438583496752,1.3043012350329115,-0.3475573766832363,49.03758020164986,40.9890735218523,34.3037264781477,0.17758263854457784,-4.103225806451627,29.50439963593575,32.58478990623914,30.732723694872078,23919970.0,163636367.0
2009-06-19,37.57,37.6,37.15,37.27,14386200.0,40.76,34.09,37.425,1.0962857142857136,37.42409981190357,35.1799314413081,43.14219713489072,0.8339082379650478,1.2102226356193388,-0.3763143976542911,37.24604966139957,40.83032218106069,34.7164778189393,0.16185581287682296,-4.533811475409822,27.998639303990082,22.869429241594997,34.597341673182164,23382020.0,178022567.0
2009-06-22,36.61,36.9,35.94,36.08,34093300.0,40.76,34.09,37.425,1.109142857142857,37.29609030600799,35.215228247531314,43.071926516633106,0.6332375013336176,1.0948256087621946,-0.46158810742857703,35.72201775276034,40.6583205369728,35.0274794630272,0.14879517885641966,-6.407263294422827,27.069005164407525,22.60432766615146,38.38227717671304,24376030.0,143929267.0
2009-06-23,36.0,36.16,35.33,35.81,22675000.0,40.76,35.3,38.03,1.0885714285714283,37.15455789591199,35.238552629981065,42.999668541343226,0.4472619954105994,0.9653128860918756,-0.5180508906812762,37.45743473325767,40.566403290207184,35.18839670979282,0.14198457603780523,-5.9364328867874905,26.22177719369899,23.03149606299212,37.99212598425197,24266710.0,121254267.0
2009-06-24,37.13,37.53,36.75,36.88,24380700.0,40.76,35.33,38.045,1.1549999999999996,37.12840952487276,35.30292311507985,42.93877631705126,0.38181381275968107,0.8486130714254367,-0.46679925866575567,39.78142076502735,40.41950678899861,35.48729321100139,0.12995445936325117,-5.8463109522593815,24.342700587426133,29.560915275201012,35.807050092764385,24120415.0,145634967.0
2009-06-25,36.95,37.97,36.79,37.97,29549200.0,40.76,35.33,38.045,1.1614285714285713,37.2085609986944,35.40751436546888,42.88933575668259,0.41313715897038605,0.7615178889344266,-0.34838072996404057,44.62311557788945,40.361256924558155,35.726543075441846,0.12182541351218748,-5.358923230309065,22.418632789749864,26.875768757687606,35.608856088560884,24334460.0,175184167.0
2009-06-26,38.28,38.54,38.0301,38.37,19767400.0,40.76,35.33,38.045,1.1192857142857144,37.31917423691398,35.523690272705394,42.844367241690726,0.4648789583209876,0.7021901028117389,-0.2373111444907513,49.087221095334684,40.39311633331372,35.79468366668629,0.12071309754652138,-3.0080889787664433,21.03659601839479,31.525207402680305,32.54626675175495,23951575.0,194951567.0
2009-06-29,38.56,38.91,38.27,38.78,16024500.0,40.76,35.33,38.045,1.1071428571428572,37.45830050006503,35.651388693383616,42.80392577659928,0.5328261919054142,0.668317320630474,-0.13549112872505975,53.62614913176711,40.280223393216886,35.83257660678311,0.11686987698347136,1.4386607376406069,20.193642978866922,34.258064516129046,32.00000000000001,23303590.0,210976067.0
2009-06-30,38.47,38.56,37.84,38.37,27992200.0,40.76,35.33,38.045,1.057142857142857,37.54512902386836,35.75800090148622,42.75980711215551,0.5472825579113874,0.6441103680866567,-0.09682781017526931,45.604395604395584,40.24641239320893,35.831587606791075,0.11606048493435298,3.0620467365028325,19.253171819864075,26.486486486486505,36.41891891891893,23258780.0,182983867.0
2009-07-01,38.92,39.18,38.69,38.72,21599300.0,40.76,35.33,38.045,1.0014285714285716,37.657021497785664,35.87415772887892,42.71961002646242,0.5802921602475521,0.6313467265188358,-0.051054566271283686,41.76470588235297,40.30224358490995,35.845756415090044,0.1170480424914616,3.668005354752335,17.22534156450172,24.893009985734675,38.4450784593438,22946715.0,204583167.0
2009-07-02,37.68,37.8,37.32,37.44,19631300.0,40.76,35.33,38.045,1.0392857142857146,37.63635278371084,35.93556330813857,42.66707659336329,0.4974331061206456,0.6045640024391978,-0.10713089631855222,38.50325379609546,40.230080992282595,35.7869190077174,0.11689916688543862,0.753498385360607,16.246372803040966,23.986254295532653,42.95532646048109,22678330.0,184951867.0
2009-07-06,37.58,38.21,37.29,38.17,22095500.0,40.76,35.33,38.045,0.9792857142857143,37.687176328119335,36.02318827644686,42.62232956258356,0.4850799086580224,0.5806671836829628,-0.09558727502494035,49.651972157772654,40.13501091435717,35.79498908564284,0.1143163921694805,2.4148108398175383,14.821334869927949,28.446389496717767,35.010940919037175,22494775.0,207047367.0
2009-07-07,37.68,37.7,36.72,36.8,20529000.0,40.76,35.33,38.045,0.9964285714285717,37.60268334448892,36.05365148129208,42.56439593509517,0.3605857521427751,0.5366508973749253,-0.17606514523215022,47.60845383759734,40.088923690035514,35.66607630996448,0.11676714091666646,1.9955654101995624,14.24961900409443,27.95698924731186,32.97491039426524,22538390.0,186518367.0
2009-07-08,36.82,37.15,35.8,36.51,31211900.0,40.76,35.33,38.045,1.0321428571428573,37.498618264061406,36.07154750163357,42.50415318947233,0.23580445285426777,0.47648160847079385,-0.24067715561652608,45.41484716157205,40.0909346230227,35.50806537697731,0.12124153086801123,1.954761239877123,14.351710792429094,26.989619377162665,36.1937716262976,23238760.0,155306467.0
2009-07-09,37.3,37.46,36.89,37.15,19767300.0,40.76,35.33,38.045,1.038571428571429,37.46541652462699,36.11383975647147,42.45087803335818,0.18640822745325636,0.4184669322672864,-0.23205870481403001,49.94797086368367,39.912344239281005,35.48465576071899,0.11744999081029799,0.7321041214750412,14.832539839334506,28.95460797799179,35.14442916093533,22966025.0,175073767.0
2009-07-10,36.83,37.09,36.37,36.87,19484500.0,39.7,35.33,37.515,1.0621428571428575,37.40871018894823,36.14349309935494,42.39534690864815,0.12324698843590198,0.3594229435010095,-0.23617595506510752,47.95501022494885,39.459531839312874,35.612468160687115,0.10248997438794115,-2.8970239662891806,14.506501134610996,27.505043712172174,37.86146603900471,22742360.0,155589267.0
2009-07-13,36.38,36.9125,35.72,36.708,26738700.0,39.18,35.33,37.254999999999995,1.0523214285714286,37.341975885238874,36.16563062487044,42.33875639214419,0.059434086203658865,0.2994251720415394,-0.23999108583788054,53.58775137111517,39.09523757033325,35.691562429666746,0.0910234196587234,-4.331508991399524,13.42275240845669,27.761751230273223,34.41371118275921,23320800.0,128850567.0
2009-07-14,37.37,37.53,37.04,37.42,15418500.0,39.18,35.33,37.254999999999995,1.0517500000000004,37.349406753311364,36.21482158075787,42.289813542471116,0.065558631905418,0.2526518640143151,-0.1870932321088971,58.75571024581247,39.00884277806295,35.69695722193705,0.0886647504243553,-3.5069623517276938,11.864439946707298,31.97052531495128,30.289653298923557,23022865.0,144269067.0
2009-07-15,38.29,39.14,38.2,39.02,30353100.0,39.18,35.33,37.254999999999995,1.0517500000000004,37.508510872043615,36.3248285775909,42.257278084337074,0.19724528586657186,0.24157054838476646,-0.0443252625181946,61.00370218017275,39.256329076547686,35.62847092345231,0.09689170974871734,1.6940317956737116,11.552060681918084,33.60046181534175,30.289653298923557,23257855.0,174622167.0
2009-07-16,38.5,39.03,38.33,38.73,20351300.0,39.18,35.33,37.254999999999995,1.0174642857142864,37.62484316994422,36.41914902552851,42.22218078996556,0.2750368775926404,0.24826381422634125,0.026773063366299144,54.25818018825637,39.41338039726681,35.609419602733176,0.10140812645045606,0.025826446280996507,10.591583010235913,31.64379234090349,31.310330302923923,22766655.0,154270867.0
2009-07-17,39.12,39.49,38.9449,39.34,19300400.0,39.49,35.33,37.41,1.0310357142857154,37.788191439473344,36.53369220099798,42.19350237414501,0.3815113511376538,0.27491332160860377,0.10659802952905001,55.30983139916796,39.680851703161444,35.55994829683856,0.10953906408020332,5.074786324786351,10.528153811021324,30.46520489105959,30.898195295992213,22767465.0,173571267.0
2009-07-20,40.73,41.01,40.52,40.92,30167400.0,41.01,35.33,38.17,1.104607142857144,38.08645892142827,36.705704271547084,42.18083070873064,0.5866237010531137,0.33725539749750577,0.2493683035556079,60.38431677018631,40.32707347806696,35.278726521933045,0.13354390684666817,7.204610951008639,11.060929914018493,35.87248213650615,28.84024701736232,23556525.0,203738667.0
2009-07-21,40.99,41.02,40.07,40.72,22496200.0,41.02,35.33,38.175,1.1053214285714301,38.33727235748272,36.8631276334472,42.16629507978805,0.7246846737669017,0.41474125275138496,0.30994342101551675,61.64057856152167,40.73885436741465,35.33094563258535,0.14218280407807843,10.652173913043494,10.693519240738434,35.849300462050415,28.950854631813616,22976670.0,181242467.0
2009-07-22,40.08,40.74,39.99,40.42,16342900.0,41.02,35.72,38.370000000000005,1.1010357142857157,38.535627371055796,37.002612824292406,42.1489190093424,0.8006619637988734,0.49192539496088267,0.3087365688379908,58.462763839107915,40.95670845892118,35.57409154107882,0.14066537702055526,10.709394686387297,9.441885054321636,31.96665477310322,29.582535923967672,22660065.0,164899567.0
2009-07-23,41.14,42.38,41.09,42.06,37339600.0,42.38,35.72,39.05,1.1410357142857157,38.87128190714572,37.20094173314369,42.14803424308029,0.9818901885954503,0.5899183536877962,0.3919718349076541,72.20299884659742,41.62084811118662,35.42795188881338,0.16075256778491645,13.216689098250356,9.890288163843108,41.112397884127795,19.969326113493384,23308010.0,202239167.0
2009-07-24,41.82,42.29,41.6,42.26,20057300.0,42.38,35.72,39.05,1.124607142857144,39.194016963608036,37.39933617498119,42.14914833021382,1.1286428981814254,0.6976632625865221,0.43097963559490327,70.7109580717034,42.24138332352731,35.23641667647269,0.1808251304774946,14.618931380526167,11.41897592709479,39.108895169741764,20.261043539013635,22833415.0,222296467.0
2009-07-27,42.48,42.76,42.08,42.67,15895000.0,42.76,35.72,39.239999999999995,1.0696071428571439,39.525062967073936,37.60602887400153,42.154330933893284,1.2634646176783377,0.8108235336048853,0.4526410840734524,82.92573479919224,42.86510010657753,35.042699893422466,0.20081173420774465,16.241691184482953,13.926171830598118,44.25857290727564,17.496410564626547,22639795.0,238191467.0
2009-07-28,42.74,42.95,42.13,42.87,19777000.0,42.95,35.72,39.335,1.0317500000000008,39.84362839878118,37.812459114236766,42.16145201912818,1.3706501287636357,0.9227888526366355,0.4478612761270002,86.03807796917492,43.44134666887516,34.87545333112484,0.21874982986409874,14.564404061998925,17.177230644088638,47.19789539271001,11.769185503132691,22827420.0,257968467.0
2009-07-29,41.67,41.725,40.82,41.26,36071700.0,42.95,35.72,39.335,1.1103214285714291,39.97852093223059,37.9476567960314,42.15248234729606,1.3105743881180558,1.0003459597329196,0.3102284283851362,70.98223402082905,43.668068250209764,34.93773174979024,0.22212957569084024,5.740645822655033,19.11233373357641,41.86368168805685,19.363762102351338,23231395.0,221896767.0
2009-07-30,42.1,42.59,41.95,42.0,23044800.0,42.95,35.72,39.335,1.1496071428571437,40.17104274820863,38.10657221579488,42.15096511000953,1.3076025185169016,1.0617972714897161,0.24580524702718543,75.01462843768284,43.983686277176716,34.950113722823275,0.2288898432446795,8.443067389620463,21.516768163781858,45.80757401596817,15.471123675789865,23303670.0,244941567.0
2009-07-31,41.93,42.17,41.59,41.86,15520400.0,42.95,35.72,39.335,1.1058571428571433,40.331895819807805,38.25376546223429,42.14806993478555,1.2792045862821837,1.1052787344482098,0.1739258518339739,75.17591868647378,44.219618293842245,35.15618170615775,0.22836775409342627,6.405693950177915,24.6122186013673,47.6198165611678,14.210050381087727,23098125.0,229421167.0
2009-08-03,43.15,43.67,42.97,43.56,21908100.0,43.67,35.72,39.695,1.1764285714285718,40.639334313159445,38.46185309116628,42.16211899016082,1.3779901996449269,1.1598210274875533,0.21816917215737353,77.36185383244204,44.743009322696665,35.17179067730332,0.23953557151850086,6.451612903225801,28.556155651268238,50.121432908318155,13.357619914996977,23088755.0,251329267.0
2009-08-04,42.48,43.08,42.41,42.79,17937000.0,43.67,35.72,39.695,1.1357142857142866,40.84415961666807,38.6315843424931,42.16836656239803,1.3782582420271936,1.2035084703954815,0.17474977163171213,68.14244465832527,44.959535583541054,35.55426441645895,0.23363128226669477,5.083497053045183,31.13656846427822,41.79245283018867,17.358490566037755,22959155.0,233392267.0
2009-08-05,42.17,42.3,39.06,41.79,23608500.0,43.67,35.72,39.695,1.3521428571428575,40.93423965317587,38.75544378004239,42.16460172098113,1.2829895203377717,1.2194046803839396,0.06358483995383213,63.78378378378379,44.92095808095722,36.120841919042775,0.2171747459191293,3.3894111825828688,31.39833582186844,35.10301109350238,32.2768092974115,22578985.0,209783767.0
2009-08-06,42.38,42.5,41.52,41.99,25246200.0,43.67,35.72,39.695,1.3678571428571427,41.03478825763531,38.88228912200152,42.162864390424104,1.2096822367311049,1.2174601916533727,-0.007777954922267849,62.39476145930775,44.907304872521,36.618495127479,0.2033420032687076,-0.16642891107940816,31.505140367806813,33.34203655352484,31.906005221932116,22852930.0,235029967.0
2009-08-07,41.8,42.12,41.35,41.81,32331700.0,43.67,35.72,39.695,1.3035714285714286,41.10861794738433,38.99710131329557,42.15935330196218,1.124103228358571,1.1987887989944124,-0.07468557063584136,54.79009687836383,44.74615209901256,37.27364790098744,0.18221220237125962,-1.0648367250354895,31.63581368884308,26.65753424657539,34.4109589041096,23495290.0,202698267.0
2009-08-10,41.92,42.2501,41.51,41.88,24543900.0,43.67,37.04,40.355000000000004,1.2885785714285716,41.1820829047763,39.110156163754574,42.15657366711678,1.0498279001082054,1.168996619217171,-0.11916871910896565,56.33187772925766,44.421485385648424,38.11551461435158,0.1528034886486507,-1.8514178579798424,31.426307015408103,27.688870904263357,32.316894030520885,23385550.0,227242167.0
2009-08-11,41.95,41.98,41.01,41.37,34734900.0,43.67,38.2,40.935,1.3042928571428571,41.19997977098808,39.19877749066616,42.14874706346388,0.9389873677170826,1.1229947689171533,-0.18400740120007075,55.06937033084309,44.04692109221064,38.885078907789364,0.1244837260507711,-3.4989503149055246,31.946736263565324,27.35527187693394,34.227632926435234,24351370.0,192507267.0
2009-08-12,41.15,41.84,41.07,41.54,24647000.0,43.67,38.33,41.0,1.2192928571428574,41.23236264994159,39.29059013809102,42.1426898787528,0.8550070375791137,1.0693972226495454,-0.21439018507043173,46.70886075949366,43.90195648170601,39.28204351829399,0.11107696103606511,0.6786233640329709,31.627078956770337,19.654835062477748,36.613728097667845,24066065.0,217154267.0
2009-08-13,41.95,41.99,41.29,41.78,16075100.0,43.67,38.9449,41.30745,1.2200071428571435,41.284518588042395,39.388214054244315,42.139081024237846,0.7986121118290868,1.0152402004854537,-0.21662808865636696,46.97732997481111,43.620929700537644,39.86807029946236,0.08990069113476706,-0.5238095238095264,31.36933937457115,20.521542613919188,36.5922916142177,23852255.0,233229367.0
2009-08-14,41.73,41.76,40.67,41.04,29956100.0,43.67,39.06,41.365,1.2507214285714292,41.261231103466926,39.45298997368572,42.12814489464344,0.6862957214342913,0.9494513046752213,-0.26315558324093,40.14510278113665,43.37153522384739,40.2874647761526,0.07372955564122892,-1.9589106545628288,31.039366663703735,17.333424709167925,39.234498946322375,24385040.0,203273267.0
2009-08-17,39.5,39.51,38.8,39.132,42598600.0,43.67,38.8,41.235,1.3521500000000006,41.05844718885103,39.4404021315804,42.098332507632065,0.438272387404929,0.847215521221163,-0.40894313381623393,31.26879134095013,43.66415075980935,39.816049240190644,0.0921919573651886,-10.165289256198362,30.382315137920852,15.02950327784855,46.16985647196791,25006600.0,160674667.0
2009-08-18,39.7,40.145,39.56,40.03,25582400.0,43.67,38.8,41.235,1.2780785714285727,40.960499837531884,39.46352361661646,42.07775208467056,0.3105928819699031,0.739890993370911,-0.42929811140100793,43.36283185840711,43.728854116778166,39.68234588322183,0.09702553694363199,-6.450105164758114,30.34345600771029,19.44939669481538,41.524386495352914,25160910.0,186257067.0
2009-08-19,39.14,40.15,39.1,40.06,28058400.0,43.67,38.8,41.235,1.258078571428572,40.87473794824314,39.48691484733739,42.057674949499706,0.20941272378610876,0.6337953394539506,-0.42438261566784186,38.662926601215574,43.76470065133991,39.6104993486601,0.09965076671911571,-4.139746350801621,30.39395960651323,14.847471484293004,44.796202826305404,25746685.0,214315467.0
2009-08-20,40.26,40.7,40.15,40.6,21710400.0,43.67,38.8,41.235,1.2623642857142865,40.84857242936284,39.53056524548102,42.043170721146474,0.17083097337103936,0.5412024662373683,-0.370371492866329,42.965609647163944,43.73868547751653,39.49051452248346,0.10208366667066547,-3.310311979042635,29.449470430547144,17.909138747588226,42.60712608427495,24965225.0,236025867.0
2009-08-21,40.49,40.85,40.15,40.78,21441600.0,43.67,38.8,41.235,1.1830785714285723,40.84204172180447,39.579562686834706,42.0306018582495,0.15301528887637517,0.46356503076516975,-0.3105497418887946,31.307154384077506,43.67311799770447,39.40808200229552,0.1026715068007913,-2.4635254723750277,29.680834750109216,10.9586973453038,45.462503999855066,25034440.0,257467467.0
2009-08-24,40.93,41.07,40.33,40.4,17299900.0,43.67,38.8,41.235,1.1537928571428577,40.79994251020405,39.611736699115696,42.01437696413756,0.10699997721957288,0.3922520200560504,-0.28525204283647754,33.040022707919434,43.54812437019347,39.306075629806536,0.10239791683190314,-3.53390639923592,30.644645695456923,12.598820040735296,43.1496121487516,25104685.0,240167567.0
2009-08-25,40.88,41.04,40.4,40.53,16284600.0,43.67,38.8,41.235,0.9330785714285723,40.774233699708425,39.64774702464057,41.99960704409639,0.08009909227798317,0.329821434500437,-0.24972234222245382,39.79922279792751,43.35270328219366,39.26749671780634,0.09889122912767871,-2.030456852791873,32.34690255589477,15.578997328352475,27.711645780863662,24930065.0,256452167.0
2009-08-26,40.32,40.575,40.12,40.26,17006700.0,43.67,38.8,41.235,0.895578571428573,40.725259061640955,39.671756945242905,41.982297521269565,0.03657162866529973,0.2711714733334096,-0.23459984466810985,36.15113672750562,43.356125502056315,39.16407449794369,0.10160060213408663,-3.081367356764564,34.761454190222175,14.636188896244311,31.105191376683855,23976815.0,239445467.0
2009-08-27,40.21,40.4,39.64,40.3,19184800.0,43.67,38.8,41.235,0.8948642857142873,40.68475819862753,39.6963939277824,41.96555824245097,0.005243027502487507,0.21798578416722517,-0.21274275666473766,37.63511300360302,43.28263654148427,39.06756345851573,0.10236946802724327,-3.5423647678315073,36.66074617633641,14.647871584677707,33.60445718025872,23783815.0,258630267.0
2009-08-28,40.04,40.4,39.68,39.81,17731100.0,43.67,38.8,41.235,0.8934285714285727,40.60144789399634,39.70084906786937,41.944109901730066,-0.058450241528234415,0.16269857902813326,-0.22114882055636767,34.1403616304015,43.23847936681299,38.906720633187014,0.10546590022608685,-2.9970760233918092,39.13484095522019,13.631275983370667,33.658458586504594,23894350.0,240899167.0
2009-08-31,39.05,39.46,38.93,39.31,28660000.0,43.08,38.8,40.94,0.8870000000000015,40.47845285647288,39.685521653443125,41.91789985295664,-0.1475723156517006,0.10064440009216649,-0.24821671574386708,34.19275629220387,42.82285229957348,38.89734770042652,0.0960718304445403,0.454870694061138,41.52971425422841,13.730069254308283,35.915606377838564,24231945.0,212239167.0
2009-09-01,39.19,39.62,38.33,38.41,36270000.0,42.5,38.33,40.415,0.9241428571428584,40.2814573463326,39.635501196445354,41.88299537680782,-0.2875104385045404,0.023013432372825115,-0.3105238708773655,28.401876897598697,42.67337328249529,38.60882671750471,0.10001074195803211,-4.046964776417694,42.91930704351207,13.178234657597798,39.10959962899982,25148595.0,175969167.0
2009-09-02,38.68,39.11,38.51,38.72,21787000.0,42.5,38.33,40.415,0.9241428571428584,40.13274712287235,39.599599188741614,41.851522785993815,-0.3691427519817836,-0.05541780449809663,-0.31372494748368696,29.086932750136725,42.615982078878595,38.359217921121406,0.10513747808606065,-3.3449825262106936,44.694131084867976,12.018859174524692,39.10959962899982,25057520.0,197756167.0
2009-09-03,39.63,39.71,39.11,39.68,24874200.0,42.2501,38.33,40.29005,0.9155714285714299,40.08962834926546,39.60275216173214,41.82991559409338,-0.35231174115077124,-0.11479659182863156,-0.23751514932213968,40.97664543524418,42.40580317142917,38.338396828570836,0.10074795075951792,-2.266009852216755,44.40349118362291,16.812295209861173,34.63878920268371,25038920.0,222630367.0
2009-09-04,40.62,41.16,40.3702,41.13,28816800.0,42.2501,38.33,40.29005,0.8612857142857153,40.18871136362113,39.66264423382108,41.822951259823796,-0.21944058746663586,-0.13572539095623243,-0.08371519651040343,64.11415654139587,42.29174661998961,38.384453380010385,0.0968635914923912,0.8582638548308097,41.966181985397135,29.897163708741083,21.313650688339667,24863175.0,251447167.0
2009-09-08,42.48,42.5,42.0,42.36,20904200.0,42.5,38.33,40.415,0.8867857142857147,40.395500757561976,39.76842289131829,41.82829502838276,-0.014718850677454043,-0.11152408290047676,0.09680523222302272,65.72199730094464,42.40524493393396,38.31895506606604,0.10124076467448222,4.851485148514856,41.186655548541616,34.7160692710431,20.700765203382996,24681190.0,272351367.0
2009-09-09,42.02,42.37,41.84,42.17,17416500.0,42.5,38.33,40.415,0.8496428571428574,40.564500685413215,39.8626023857764,41.83169507785159,0.13068671348133876,-0.06308192362411366,0.19376863710545242,63.936591809775415,42.55661720321624,38.24758279678375,0.10665372360428019,4.046385393535656,39.81453309914044,36.233711643547714,19.083648591845275,23815270.0,254934867.0
2009-09-10,42.25,42.6,41.9,42.58,15145800.0,42.6,38.33,40.465,0.8539285714285718,40.75645300108815,39.96916699809889,41.83914089797247,0.27582569721280237,0.004699600543269544,0.2711260966695328,63.30645161290319,42.768521050718164,38.13967894928183,0.11442207591903748,5.762543467461501,38.861953864830106,33.37515683814304,18.987871183605147,23340210.0,270080667.0
2009-09-11,42.82,42.87,42.28,42.391,17176600.0,42.87,38.33,40.599999999999994,0.8460714285714285,40.91212414384166,40.0641408413107,41.84463203331603,0.371318340339009,0.07802334850241745,0.2932949918365916,60.81353201772047,42.88721409301812,38.08208590698188,0.11869012541880052,5.1885856079404435,36.55382183994446,34.69818488813846,19.164204305614152,23395285.0,252904067.0
2009-09-14,41.89,42.58,41.83,42.41,14859400.0,42.87,38.33,40.599999999999994,0.846785714285714,41.05477898728531,40.15613531812205,41.85025758522334,0.4434186352061076,0.15110240584315549,0.2923162293629521,64.17889390519186,43.096384846454,38.009915153546004,0.12542724037240008,6.531022356191896,33.903770813580024,32.81315900463941,22.943905525094895,22640450.0,267763467.0
2009-09-15,42.19,42.48,41.95,42.29,16531600.0,42.87,38.33,40.599999999999994,0.8389285714285707,41.172419083734326,40.23981628603883,41.85463313163903,0.4852816168232792,0.21793824803918024,0.2673433687840989,62.43289064707543,43.274827597302156,38.147272402697844,0.12594996185567095,7.580768252353076,33.16622968902237,33.12047679863775,23.15879097488294,21337100.0,251231867.0
2009-09-16,43.17,43.83,43.01,43.8,27661100.0,43.83,38.33,41.08,0.9164285714285703,41.42266488528344,40.37943133364515,41.87399001590133,0.6330058147646724,0.3009517613842787,0.33205405338039373,71.2791536427026,43.786496190227744,38.01260380977225,0.14117251609016465,14.032803957302797,33.198638981923004,40.8417770849572,19.017926734216687,21441035.0,278892967.0
2009-09-17,43.73,44.17,43.38,43.56,19871300.0,44.17,38.33,41.25,0.9185714285714275,41.62622061049454,40.50415951663946,41.89076623464858,0.7223851058610435,0.38523843027963167,0.33714667558141187,69.1359474054943,44.164408690348665,37.98469130965134,0.15045124975677945,12.5,33.82179940455626,43.390357698289364,15.2410575427683,21031680.0,259021667.0
2009-09-18,43.75,43.78,43.24,43.36,15272500.0,44.17,38.33,41.25,0.9057142857142847,41.79134245711411,40.616153261084975,41.905385476094864,0.7682248911261667,0.4618357224489387,0.30638916867722793,71.57267865824015,44.45589236146781,37.969207638532204,0.1573958593422539,9.2741935483871,34.03340956637248,44.006309148265075,16.561514195583626,20709785.0,243749167.0
2009-09-21,42.69,42.94,42.38,42.78,13275200.0,44.17,38.33,41.25,0.9128571428571414,41.885500318341336,40.70100999594439,41.91408810817352,0.7491167469193343,0.5192919273430179,0.2298248195763164,70.88348579682236,44.62238640715257,38.002713592847435,0.1602339437847611,4.01167031363967,33.93146935592708,43.661971830986026,17.292644757433525,20301465.0,230473967.0
2009-09-22,43.12,43.3986,42.9,43.14,11843400.0,44.17,38.33,41.25,0.8648999999999987,42.0049764784993,40.7966566627701,41.92628623645041,0.7543269843992348,0.5662989387542613,0.18802804564497355,80.44541709577763,44.826492776506115,38.07260722349389,0.16294231307727647,1.8413597733710985,34.524847667848505,49.87034008886262,13.296334836397289,20028640.0,242317367.0
2009-09-23,42.9,43.11,42.25,42.32,16823100.0,44.17,38.33,41.25,0.8784714285714271,42.03497871864223,40.85639561717127,41.93020378633648,0.6843996549672582,0.5899190819968607,0.09448057297039747,71.74438270113559,44.90825052831637,38.16984947168362,0.16221846808323143,0.35570310647379255,33.992515008336305,49.09989754931471,18.376075325646834,20055565.0,225494267.0
2009-09-24,41.8,42.01,40.8,41.2,27876200.0,44.17,38.33,41.25,0.91632857142857,41.9554569359144,40.869870298850834,41.9229380770197,0.5324691301420117,0.578429091625891,-0.045959961483879264,59.00687366674572,44.905989408135575,38.266110591864425,0.15966601339322078,-3.2409581963362966,32.86731744212507,42.394337651809366,28.919757417021398,20599040.0,197618067.0
2009-09-25,41.29,41.65,41.0,41.23,13932700.0,44.17,38.33,41.25,0.8570428571428559,41.88636579916064,40.883993032229235,41.9160431707807,0.40976038128870584,0.544695349558454,-0.13493496826974816,50.71245369051008,44.90231873317187,38.36278126682812,0.15707751426092675,-2.738788893868982,31.9285821696832,33.24221159135248,30.92027403197045,20336435.0,211550767.0
2009-09-28,40.9,41.63,40.85,41.37,14729800.0,44.17,38.33,41.25,0.814899999999999,41.837188104002486,40.90305212900456,41.9106099053998,0.3201195053348158,0.4997801807137264,-0.17966067537891056,41.649797570850154,44.86981890110371,38.55128109889628,0.1514853628688049,-2.452251827399199,31.451553591190105,23.21581964482945,33.83412513367113,20186370.0,226280567.0
2009-09-29,41.47,41.7,41.13,41.36,11106900.0,44.17,38.33,41.25,0.8177571428571423,41.791741617907014,40.92097165335732,41.90513119987344,0.24544224348678512,0.44891259326833816,-0.20347034978155304,42.954070981210805,44.770992917851956,38.85510708214804,0.14148419777327698,-2.1991014424213806,30.329189241348644,23.746134898590316,32.31836207047155,19308715.0,215173667.0
2009-09-30,41.13,41.22,40.32,40.92,25020400.0,44.17,38.51,41.34,0.8420428571428563,41.70871860667778,40.920933549304095,41.89532889937718,0.1490376395490145,0.38893760252447346,-0.23989996297545896,35.6351678781585,44.4709322339755,39.406167766024495,0.12076632282115161,-6.57534246575342,30.429680748660985,21.11022513275544,38.25729942486817,18746235.0,190153267.0
2009-10-01,40.84,40.88,39.62,39.6525,32469000.0,44.17,39.11,41.64,0.8927571428571426,41.51288826318466,40.87119105717452,41.873012193910746,-0.029302578801647883,0.3052895662592492,-0.3345921450608971,30.029898636330458,44.29237387754257,39.67797612245742,0.10990540720826221,-8.970385674931125,31.246006883119172,17.750788088265963,41.684668682892564,19280335.0,157684267.0
2009-10-02,39.2,39.76,39.09,39.51,25877100.0,44.17,39.09,41.63,0.8870428571428565,41.32213700002421,40.8178110157167,41.849499634767355,-0.1800614099447344,0.20821937101845248,-0.38828078096318686,29.226361031518593,44.32059237493746,39.63275762506254,0.11167713378620206,-8.87915129151292,32.9034812854558,17.86513777720525,42.59739423123382,19330480.0,131807167.0
2009-10-05,40.12,40.77,39.88,40.47,20514700.0,44.17,39.09,41.63,0.9391857142857144,41.240981095260004,40.80417136804154,41.835773270242306,-0.21954412482955377,0.12266667184885123,-0.342210796678405,38.36317135549869,44.355387086226195,39.5319629137738,0.11499765274388549,-5.399719495091171,33.367649724996646,24.554705443925695,40.23242018161628,18915375.0,152321867.0
2009-10-06,41.38,41.97,41.31,41.53,23053300.0,44.17,39.09,41.63,0.9363285714285716,41.26850670523524,40.832635235961476,41.83273075014039,-0.163417543900799,0.06544982869892119,-0.22886737259972018,34.599728629579374,44.31228714578711,39.49206285421289,0.11503518114690277,-3.732035234121467,32.65098088182664,23.485345498375175,40.355186671345514,19022830.0,175375167.0
2009-10-07,42.0,42.16,41.84,42.02,15680500.0,44.17,39.09,41.63,0.9248999999999999,41.34007749521284,40.87919856004142,41.83459412576089,-0.07849309965290274,0.0366612430285564,-0.11515434268145915,39.89501312335959,44.30221010714021,39.48713989285979,0.11493275014737374,-0.7088846880907274,31.27396498408945,22.617116908391665,40.85383748049981,18936030.0,191055667.0
2009-10-08,42.83,43.0,42.5,42.73,16064800.0,44.17,39.09,41.63,0.9563285714285712,41.47245106709733,40.951779008667245,41.84350363694735,0.04557583073678728,0.038444160570202585,0.007131670166584697,46.125461254612524,44.31961351552075,39.48473648447925,0.11538487038063061,3.713592233009688,29.143713419141708,28.147827256023838,38.46556025275234,18981980.0,207120467.0
2009-10-09,42.76,43.0,42.65,42.89,13727700.0,44.17,39.09,41.63,0.9113285714285715,41.607455727373775,41.02778767499402,41.8539165360822,0.1550249832559274,0.06176032510734755,0.09326465814857984,50.713359273670555,44.37590303844823,39.47834696155178,0.1168111592888005,4.02619451855446,26.515821702674888,29.537723574686925,33.62437885034407,18809535.0,220848167.0
2009-10-12,42.7,42.84,42.39,42.45,17951200.0,44.17,39.09,41.63,0.9028571428571429,41.687698039052464,41.0835607073472,41.85984771482766,0.2039093622010526,0.09019013252608857,0.11371922967496403,45.57124518613608,44.379628318333864,39.478621681666134,0.11688788250810697,2.6105873821610004,23.506913782894685,26.18670886075951,35.99683544303795,18964125.0,202896967.0
2009-10-13,42.55,42.84,42.3,42.77,15500000.0,44.17,39.09,41.63,0.8778571428571433,41.790774416285565,41.149695581568885,41.868903956471165,0.26541240140647915,0.1252345863021667,0.14017781510431246,53.086419753086446,44.42779290701447,39.47845709298553,0.11797299519473083,3.409090909090917,20.919919999065907,26.932465419039875,32.465419039869815,18912545.0,218396967.0
2009-10-14,43.78,44.295,43.73,44.29,28916300.0,44.295,39.09,41.6925,0.8782142857142858,42.02879590044884,41.27284477444854,41.89299446436698,0.4318274617365816,0.18655316138904968,0.24527430034753192,70.09102730819245,44.53751576401545,39.417734235984554,0.1219645353454584,8.235581622678389,21.745912551686125,38.75559170394469,20.65880439202927,18975305.0,247313267.0
2009-10-15,43.76,44.22,43.73,44.16,16861900.0,44.295,39.09,41.6925,0.8717857142857147,42.231767719453714,41.386066547999576,41.91555173337825,0.5469181504654514,0.25862615920433,0.2882919912611214,68.80616174582798,44.658058666106065,39.35719133389393,0.12618821778694073,11.367505201437478,23.663037567242693,39.041376485047095,20.811142974190886,18824835.0,230451367.0
2009-10-16,43.38,43.43,43.02,43.17,20191100.0,44.295,39.09,41.6925,0.8974999999999999,42.32112317474384,41.45602472258783,41.92803380568295,0.5518818735383206,0.31727730207112814,0.2346045714671925,60.4166666666667,44.62944189813835,39.36680810186165,0.12530639870891147,9.263477600607462,23.845711979817143,37.92280143255075,24.671707122960566,19070765.0,210260267.0
2009-10-19,44.09,44.59,43.92,44.49,20072900.0,44.59,39.09,41.84,0.9582142857142857,42.52768287238728,41.575004145231446,41.95352600662143,0.6547807235408456,0.38477798636507166,0.27000273717577394,65.72864321608043,44.92468089850471,39.242569101495285,0.13501954256577056,9.933283914010381,24.951068920828867,43.64517331345512,23.108460678345093,19410650.0,230333167.0
2009-10-20,44.57,44.62,43.9,44.18,19106400.0,44.62,39.09,41.855000000000004,0.9353571428571428,42.685046408350395,41.67716084541845,41.975679976704804,0.703208247348627,0.44846403856178274,0.25474420878684423,66.59877800407331,45.09374935016853,39.177500649831465,0.14040965810610534,6.380929448591366,26.029112901340635,44.94081710576555,17.487590683466912,19773800.0,211226767.0
2009-10-21,43.96,44.77,43.84,43.91,22021400.0,44.77,39.09,41.93000000000001,0.908928571428571,42.80170865517417,41.764723165205965,41.99492694211073,0.7115978087667045,0.5010907926027671,0.2105070161639374,74.12864834230655,45.27773073394394,39.152519266056046,0.14509518727915396,4.497858162779611,27.316712236551293,47.426326129666066,12.495088408644321,20033715.0,189205367.0
2009-10-22,43.9,44.37,43.54,44.32,16869600.0,44.77,39.09,41.93000000000001,0.9203571428571428,42.946307830871866,41.86493009990377,42.01806199741311,0.7427680029402239,0.5494262346702585,0.1933417682699654,76.45764576457645,45.53227672008175,39.20997327991825,0.14921254604789216,3.7210390826117656,28.91051904470084,46.83740783857201,10.554908808692275,19483385.0,206074967.0
2009-10-23,45.08,45.08,44.1328,44.36,16329900.0,45.08,39.09,42.085,0.8980142857142849,43.08094518031264,41.96277597833892,42.041364863110495,0.7619153858061978,0.5919240648974464,0.16999132090875135,73.80660954712363,45.76002002007364,39.29522997992636,0.15201389779342905,3.4273723478666307,31.586542690924322,45.61651898633497,10.817518015939937,19603245.0,222404867.0
2009-10-26,44.71,45.075,43.88,43.95,17132600.0,45.08,39.09,42.085,0.8762285714285706,43.16371230599715,42.04070633212955,42.06035625750741,0.7355275474726355,0.6206447614124843,0.11488278606015123,66.09042553191492,45.900405394849095,39.4128446051509,0.15208800015702587,3.5335689045936425,33.09421991262385,36.96850136950574,13.147254467197092,19723385.0,205272267.0
2009-10-27,44.19,44.46,43.81,43.86,16795500.0,45.08,39.09,42.085,0.8776571428571422,43.23002541971171,42.112051181849964,42.078263160417784,0.699291747667445,0.6363741586634765,0.06291758900396849,62.92134831460672,46.007650856832946,39.55559914316705,0.1508136194842037,2.5485153144727546,34.196575599840436,35.36200273455311,13.695553095904692,20007815.0,188476767.0
2009-10-28,43.12,43.25,42.01,42.19,34973300.0,45.08,39.09,42.085,0.9397999999999997,43.13097537973916,42.11510799824801,42.07937496976686,0.5297133660802729,0.6150420001468357,-0.08532863406656288,46.65841584158417,45.96511592230579,39.725134077694214,0.14564041637436176,-4.74147663129375,33.11291263313505,26.63940656066643,26.470677651780054,20505460.0,153503467.0
2009-10-29,42.64,43.42,42.58,43.23,30410800.0,45.08,39.09,42.085,1.0026571428571427,43.14040629595448,42.15882925321868,42.09082397504282,0.47377915411220073,0.5867894309399088,-0.11301027682770803,51.89732142857141,45.75986241574793,40.28813758425207,0.12717843137541518,-2.1059782608695676,32.84256092798495,26.18043484455593,24.81121591200528,20402550.0,183914267.0
2009-10-30,43.06,43.1,41.45,41.7,35004200.0,45.08,39.88,42.480000000000004,1.0940857142857137,43.00322474395881,42.140835949170885,42.08693517927125,0.3025055788766764,0.5299326605272623,-0.2274270816505859,46.268656716417915,45.41470259143401,40.85229740856599,0.10577405457169067,-3.405142460041688,32.31878082755622,23.992635729767883,28.417726477424104,20858905.0,148910067.0
2009-11-02,42.64,43.24,42.1229,42.74,35527800.0,45.08,41.31,43.195,1.1655142857142846,42.97815572072464,42.164332578615166,42.09343333669144,0.2478324862690542,0.4735126256756207,-0.2256801394065665,49.860724233983284,45.167604071641875,41.326395928358124,0.08882022205664557,-3.9334681951000205,32.049389406678074,23.380236805334302,26.124580197582937,21609560.0,184437867.0
2009-11-03,41.87,42.66,41.84,42.55,20460100.0,45.08,41.45,43.265,1.1208714285714276,42.93737898541753,42.17945679121849,42.09797628856516,0.18701644520873373,0.4162133895822433,-0.22919694437350957,40.78389830508473,45.07546833564424,41.520531664355765,0.08210394640141515,-3.6894522408329578,32.13453764850038,15.039318897286606,28.96789487770995,21479900.0,163977767.0
2009-11-04,43.57,43.98,43.07,43.19,27601500.0,45.08,41.45,43.265,1.1830142857142845,42.96143812966348,42.2190859366609,42.10884219614162,0.1882914393043933,0.37062899952667333,-0.18233756022228004,45.125628140703526,45.03089258428934,41.682107415710654,0.07723836491826339,-1.6397176041903827,30.71066209627379,22.21927038678443,27.446232988371115,22075950.0,191579267.0
2009-11-05,43.69,44.21,43.64,44.21,19417700.0,45.08,41.45,43.265,1.1744428571428567,43.08034878398124,42.29716099796832,42.129749238966085,0.2685121162818547,0.3502056228777096,-0.08169350659585495,55.21042084168336,45.11906806355874,41.74193193644126,0.07775954978914544,-0.24819494584837898,29.267055135588144,23.78027271289738,23.32838671224048,22243595.0,210996967.0
2009-11-06,43.85,44.45,43.7,44.17,15306500.0,45.08,41.45,43.265,1.1265857142857136,43.18412509026874,42.37060566471466,42.15005024156344,0.32511222369973325,0.3451869430421144,-0.020074719342381142,48.16091954022989,45.19380605031552,41.79519394968448,0.07813889343781492,-0.4283137962127981,27.95455529546475,18.957406068906117,24.319372059700008,22322535.0,195690467.0
2009-11-09,45.07,45.78,45.07,45.72,26102300.0,45.78,41.45,43.615,1.1901571428571422,43.425636986433624,42.50195446217683,42.18557212970709,0.4893987782442224,0.37402931008253604,0.11536946816168636,57.74647887323943,45.552230575640564,41.76376942435944,0.0867758750121656,4.027303754266209,25.212795850421706,25.74690016924545,23.020369459015043,22730090.0,221792767.0
2009-11-10,45.19,45.47,45.0,45.37,16592500.0,45.78,41.45,43.615,1.1751571428571421,43.61081441629709,42.61442683620911,42.217257979162746,0.5846158933062142,0.4161466267272717,0.1684692665789425,57.28542914171657,45.7799797082054,41.79602029179459,0.09098290436674003,3.4427724578203422,21.25686960602489,25.163807879797297,23.73968223094787,22784715.0,205200267.0
2009-11-11,45.61,45.79,45.3,45.46,18094700.0,45.79,41.45,43.620000000000005,1.150871428571428,43.786927329030696,42.726017940671504,42.24952406892232,0.6597333949267892,0.46486398036717524,0.19486941455961393,55.87628865979382,45.96524118535835,41.72775881464166,0.09664357179516474,7.750651813225895,17.497824914902136,27.680887774481505,22.37869440548156,22243635.0,223294967.0
2009-11-12,45.17,45.39,44.47,44.63,20712000.0,45.79,41.45,43.620000000000005,1.1539285714285714,43.867219964361105,42.80068390378243,42.273210396594735,0.6448569828639776,0.5008625808665358,0.14399440199744185,51.28693994280269,46.01366140295843,41.72633859704158,0.09772789619140286,3.2384917881101316,13.691657800004048,23.212627669452225,27.457134014237063,22436140.0,202582967.0
2009-11-13,45.1997,45.61,44.93,45.38,19662800.0,45.79,41.45,43.620000000000005,1.1385714285714283,44.01129425346957,42.90183355461449,42.30412372598185,0.6856819365712994,0.5378264520074886,0.1478554845638108,56.60203139427516,46.19877315483938,41.76222684516062,0.10087530404790215,8.824940047961638,10.48300709408765,24.905897114178206,26.24153074027602,22409725.0,222245767.0
2009-11-16,46.0,46.66,45.96,46.35,20046000.0,46.66,41.45,44.055,1.183571428571428,44.23402813409152,43.03705576815902,42.34438120134522,0.7872321773782147,0.5877075970816339,0.19952458029658082,60.63193851409052,46.52537168033923,41.62162831966078,0.11126285320381743,8.446420215255035,8.03778251761558,30.29571514785761,24.821363910681942,22408380.0,242291767.0
2009-11-17,46.04,46.34,45.77,46.22,13929100.0,46.66,41.45,44.055,1.092857142857142,44.423168311797085,43.16187711058416,42.38294457247612,0.8474526546214918,0.6396566085896055,0.20779604603188628,69.81317600786628,46.80902855150392,41.54197144849608,0.11923027703156373,8.625146886016456,10.405030715711947,32.810457516339916,16.35882352941171,22149515.0,228362667.0
2009-11-18,45.85,46.02,45.43,45.62,19625400.0,46.66,41.45,44.055,1.0614285714285703,44.53715228210213,43.25827408663968,42.41515407921765,0.8371131122380575,0.6791479093192959,0.1579652029187616,62.28160328879753,46.96823708448048,41.55376291551953,0.12233058830484964,5.626302384811299,12.076824176396554,32.63795423956936,19.131224764468346,22029715.0,208737267.0
2009-11-19,45.03,45.04,44.32,44.67,28597800.0,46.66,41.45,44.055,1.0271428571428562,44.54980444571145,43.31363588716361,42.437590357036385,0.7436891048181309,0.6920561484190629,0.05163295639906795,66.2295081967213,46.99186089903803,41.56513910096197,0.12255884454252197,1.040488577244969,13.360809533867284,33.72739916550769,19.630737134909594,22616125.0,180139467.0
2009-11-20,44.3,44.61,44.25,44.6,13213300.0,46.66,41.45,44.055,0.9471428571428565,44.554584974691316,43.3640815386474,42.45910687089672,0.6564345223117058,0.6849318231975916,-0.028497300885885757,61.369193154034214,47.00749892489896,41.57350107510103,0.1226899188267898,0.9735114330993833,14.671988259152073,35.520361990950256,21.816742081447956,22460295.0,166926167.0
2009-11-23,45.71,45.97,45.44,45.59,18665000.0,46.66,41.45,44.055,0.980714285714285,44.65319592948262,43.45137245870044,42.49026003636043,0.6595662935979902,0.6798587172776713,-0.020292423679681093,66.92650334075726,47.144661421594314,41.600338578405676,0.12494952601698436,-0.2843394575677949,15.258494384846134,44.20975965040062,19.009468317552813,22536915.0,185591167.0
2009-11-24,44.94,45.65,44.52,45.01,18426500.0,46.66,41.45,44.055,0.9592857142857133,44.687177269531894,43.512495107378854,42.515332075799634,0.6082357292941083,0.6655341196809588,-0.05729839038685047,60.20179372197308,47.20510739479376,41.65489260520624,0.12492043190608855,-0.7934758651091056,15.559206330648696,35.36857781087122,26.284437825763202,22618465.0,167164667.0
2009-11-25,45.16,45.3,44.9,45.16,9929700.0,46.66,41.45,44.055,0.9149999999999986,44.73220800576695,43.577103142383606,42.541647179523025,0.5730538258731883,0.6470380609194047,-0.07398423504621643,55.90062111801239,47.160015466788956,41.99698453321104,0.1158188573769399,-0.6599208095028675,16.369127383791852,35.284933645589405,27.556596409055423,21366285.0,177094367.0
2009-11-27,42.63,43.57,42.3,43.11,29544000.0,46.66,41.45,44.055,1.0657142857142843,44.57771200521772,43.55878537209406,42.54730243146807,0.3754263650633689,0.5927157217481976,-0.21728935668482874,44.731610337972164,47.1677334850862,41.977266514913794,0.1164499853087085,-3.4057808648890964,16.75351564456476,28.686327077747986,41.08579088471853,21322945.0,147550367.0
2009-11-30,43.51,43.84,43.28,43.7,28539000.0,46.66,41.84,44.25,1.0028571428571418,44.49412038567318,43.56432320063939,42.55877205901565,0.26337719929996695,0.5268480172585516,-0.2634708179585846,38.90109890109893,46.93442163296867,42.41057836703133,0.10126684796994448,-3.7020713970912333,18.57723648133713,22.934472934472954,43.66096866096868,20999685.0,176089367.0
2009-12-01,44.69,45.16,44.65,44.91,24706900.0,46.66,41.84,44.25,1.0557142857142843,44.53372796799002,43.61709483983,42.58216736191102,0.2691121583252212,0.4753008454718855,-0.20618868714666433,47.69076305220883,46.85280470528705,42.70919529471295,0.09253052434233494,-3.106796116504862,19.393487059612237,30.717185385656283,41.00135317997296,20458640.0,200796267.0
2009-12-02,45.0,45.35,44.84,45.0,10908800.0,46.66,42.3,44.48,1.0571428571428554,44.57813482818145,43.67132641473863,42.60622539811091,0.27771804179714366,0.43578428473693714,-0.1580662429397935,47.69076305220883,46.68995517863466,43.117044821365326,0.07956863846402477,-2.6395499783643417,19.762597573329213,29.797297297297327,40.94594594594598,19981075.0,211705067.0
2009-12-03,45.08,45.35,44.62,44.68,14873100.0,46.66,42.3,44.48,1.038571428571427,44.58783627311655,43.71088224161163,42.62685997126403,0.25576859959654286,0.3997811477088583,-0.14401254811231545,50.26455026455025,46.57813946760805,43.377860532391956,0.07115209514020389,-2.0604997807978864,19.917659279963548,30.330123796423685,37.48280605226969,19344655.0,196831967.0
2009-12-04,45.51,45.86,44.76,45.33,24059600.0,46.66,42.3,44.48,1.0528571428571414,44.658518532819734,43.77437705566607,42.65375688697285,0.2875088531476777,0.37732668879662223,-0.08981783564894452,49.73262032085559,46.59897721523925,43.469022784760746,0.06950203025444122,1.4775016789791762,20.25893226651064,31.886024423337872,36.97421981004078,19576750.0,220891567.0
2009-12-07,44.79,45.08,44.615,44.64,17552700.0,46.66,42.3,44.48,1.0124999999999988,44.65675486302738,43.80832305348309,42.673520500037796,0.25405738395671307,0.3526728278286404,-0.09861544387192733,40.57331863285557,46.58142671463769,43.5335732853623,0.06764364266271747,0.08968609865471766,21.05223055743844,25.749559082892436,39.47089947089951,19689060.0,203338867.0
2009-12-08,43.89,44.008,43.49,43.65,18306000.0,46.66,42.3,44.48,1.0532142857142845,44.56087344750096,43.80211430628768,42.68323671396777,0.14597936810674383,0.3113341358842611,-0.1653547677775173,37.05941591137966,46.56704419621871,43.34095580378129,0.07176421213768337,-4.255319148936176,20.683058763013168,24.754153950491713,44.28619871142766,19299245.0,185032867.0
2009-12-09,43.48,43.68,43.13,43.58,17135600.0,46.66,42.3,44.48,1.0360714285714272,44.46745692869134,43.79340394133522,42.69215973173924,0.0540552318356049,0.2598783550745299,-0.205823123238925,39.148936170212764,46.575990270897236,43.15300972910276,0.07629596990481279,-3.1770717618307076,20.850278870258176,25.16373664253708,45.15684246811448,19326400.0,167897267.0
2009-12-10,43.49,43.75,43.41,43.53,10649000.0,46.66,42.3,44.48,0.9674999999999991,44.378175316435026,43.783074375008354,42.700496450826414,-0.02256972087637621,0.2033887398843487,-0.2259584607607249,43.29411764705882,46.554129010489646,42.98187098951034,0.07979489861015247,-3.609388839681127,20.304445838322092,27.464008859357712,40.162421557770415,18954115.0,157248267.0
2009-12-11,43.67,43.71,43.32,43.58,9907700.0,46.66,42.3,44.48,0.9653571428571419,44.30215861963169,43.77511067402764,42.70924772992267,-0.07835770695128019,0.14703945051722292,-0.2253971574685031,43.98584905660375,46.57876792717218,42.85223207282782,0.083338794251308,1.0902342843887691,19.95117138197705,27.524972253052184,40.399556048834626,18413900.0,167155967.0
2009-12-14,43.74,43.93,43.58,43.76,14238400.0,46.66,42.3,44.48,0.8924999999999993,44.250524465381055,43.77451809857558,42.719702976391105,-0.1068143033694966,0.09626869973987902,-0.2030830031093756,38.070404172099046,46.51688901958657,42.75211098041342,0.0843468178017711,0.13729977116703207,19.6625388369995,20.648259303721492,43.697478991596626,18142680.0,181394367.0
2009-12-15,43.3,43.62,43.13,43.28,15866800.0,46.34,42.3,44.32,0.8567857142857136,44.158093563916196,43.75512523196477,42.72527807115338,-0.16618269881545444,0.043778420028812326,-0.20996111884426677,38.57331571994716,46.27288697952071,42.689113020479276,0.08056864636679566,-3.629481184591399,20.884102836405088,21.508962067528138,41.600666944560224,17933720.0,165527567.0
2009-12-16,43.06,43.29,42.9,42.94,17467800.0,46.02,42.3,44.16,0.856071428571428,44.042084653067036,43.723159536593606,42.727414607758824,-0.23792508614415908,-0.012562281205781959,-0.22536280493837713,35.69587628865979,46.037723226163955,42.596276773836045,0.07765522152510118,-4.577777777777781,22.42324692213302,21.526908635794744,43.55444305381729,18110655.0,148059767.0
2009-12-17,42.16,42.23,41.74,41.76,22904600.0,45.97,41.74,43.855000000000004,0.7374999999999992,43.824743257536845,43.64617288809974,42.71778859176123,-0.38555316640290016,-0.08716045824520562,-0.29839270815769453,40.203193033381694,46.079272494135594,42.16872750586441,0.08862625755305918,-6.535362578334825,22.501571982786384,24.987893462469746,36.610169491525404,18274615.0,125155167.0
2009-12-18,41.5,41.67,41.19,41.27,18484500.0,45.97,41.19,43.58,0.7260714285714275,43.58143437586667,43.55298963758603,42.70338273512679,-0.5359107430568599,-0.17691051520753648,-0.35900022784932345,32.10603829160526,46.26775202237838,41.640247977621605,0.10528061256670103,-8.95654092212662,22.451478560970795,22.72503689129364,42.597147073290756,17768950.0,106670667.0
2009-12-21,41.07,41.498,41.04,41.38,20314900.0,45.97,41.04,43.504999999999995,0.6544999999999993,43.37177395911746,43.467774357680696,42.690214747712595,-0.6388300895172989,-0.269294430069489,-0.3695356594478099,18.98066783831284,46.35254847991986,41.23345152008014,0.11689304134998112,-7.302867383512545,25.984545473362314,10.80432172869151,48.89228418640185,18124030.0,126985567.0
2009-12-22,41.36,41.659,41.22,41.32,21011700.0,45.86,41.04,43.45,0.6494285714285708,43.17636691539199,43.38354791228146,42.676580770123415,-0.7169711149262739,-0.358829767040846,-0.35814134788542784,17.491166077738455,46.21901730037043,40.939982699629574,0.12113573126678501,-5.337915234822443,29.478566814789723,10.569731632204128,49.27408710954687,18241365.0,105973867.0
2009-12-23,41.72,41.92,41.51,41.76,16782000.0,45.86,41.04,43.45,0.6401428571428563,43.0414748282118,43.31987936670179,42.66746056345552,-0.734922389934141,-0.43404829161950503,-0.300874098314636,24.740484429065674,46.085712285572455,40.74828771442755,0.12293397911290295,-4.176227627351992,32.68357134424683,13.63534925239905,47.534032582012905,18159140.0,122755867.0
2009-12-24,42.27,42.43,42.169,42.38,7372800.0,45.86,41.04,43.45,0.6037142857142851,42.97847722552496,43.28302135232133,42.66460025934154,-0.6911529057957608,-0.4854692144547562,-0.20568369134100462,24.34782608695653,45.852388839073136,40.703611160926876,0.118969861780726,-2.641856191132552,36.11418335807699,14.458116422148635,50.40227165168002,18031295.0,130128667.0
2009-12-28,42.42,42.51,42.02,42.18,11428200.0,45.86,41.04,43.45,0.5876428571428564,42.902431775474966,43.23976561301461,42.659778366213764,-0.6649386044816907,-0.5213630924601431,-0.1435755120215476,26.615969581749027,45.85185172408251,40.611148275917486,0.12122418718214778,-3.2124827902707653,38.57217177465964,14.853531056278147,51.829342409140565,17125505.0,118700467.0
2009-12-29,42.22,42.25,41.92,42.04,7697800.0,45.86,41.04,43.45,0.5290714285714279,42.820295415905925,43.192715981131684,42.65361141729622,-0.6479907774751581,-0.5466886294631461,-0.10130214801201198,31.746031746031747,45.81118779916026,40.48581220083974,0.1234197155942969,-3.9305301645338186,39.78097972843345,16.49790738490621,43.728905089779865,16083445.0,111002667.0
2009-12-30,41.82,42.03,41.8,42.01,8395400.0,45.86,41.04,43.45,0.5069285714285711,42.743124423914885,43.14633496226378,42.64720732359178,-0.6297212175415439,-0.5632951470788257,-0.0664260704627182,32.0366132723112,45.5766346846348,40.43036531536521,0.11967094234817141,-2.9343807763401175,40.7572408796601,17.21854304635765,42.257291813442265,15267870.0,102607267.0
2009-12-31,42.65,42.74,42.21,42.26,9642200.0,45.86,41.04,43.45,0.5347857142857139,42.69711257401823,43.11157672844951,42.643354514401814,-0.5882881296443614,-0.5682937435919329,-0.019994386052428537,36.10503282275708,45.27880420530969,40.454195794690314,0.11254962291344933,-1.583605030274804,41.08673776134266,24.86977427541076,40.056097235207666,15204540.0,112249467.0
2010-01-04,42.75,43.17,42.74,43.14,16220300.0,45.86,41.04,43.45,0.5719285714285712,42.73929232887363,43.112691366549534,42.64829626052717,-0.4789227402133065,-0.5504195429162076,0.07149680270290115,45.92592592592595,45.0517157279993,40.52728427200069,0.10573695546801458,3.3045977011494365,40.580227395868526,28.6249531659798,36.33071062820032,15271900.0,128469767.0
2010-01-05,43.82,44.05,43.66,44.03,16484500.0,45.08,41.04,43.06,0.6119285714285709,42.8622168689809,43.14866425413583,42.662044556442325,-0.31678264604123996,-0.5036921635412142,0.1869095174999742,52.209492635024574,44.740692085671206,40.70830791432879,0.09438107342022527,6.687666585897745,38.07399651551271,34.457803198319134,33.95587720322168,14893145.0,144954267.0
2010-01-06,44.44,44.58,44.33,44.56,11460900.0,44.58,41.04,42.81,0.6062142857142854,43.02391050050653,43.20401075397364,42.68092968523395,-0.14386054780339919,-0.4317258403936512,0.287865292590252,60.38961038961038,44.72094705530041,40.720052944699596,0.09365279223325595,7.6848719188013614,37.029934218202094,41.027453752798415,28.97372451985395,14588555.0,156415167.0
2010-01-07,43.94,44.04,43.635,43.87,23195800.0,44.58,41.04,42.81,0.6444285714285714,43.104490452839244,43.23012797930801,42.69276123065451,-0.06178357000676016,-0.357737386316273,0.29595381630951284,57.142857142857125,44.755745408464996,40.707254591535,0.09474253927266768,6.171345595353328,35.234536359738364,38.59454666371093,32.4096652626912,14833045.0,133219367.0
2010-01-08,43.77,44.01,43.51,44.0,12764700.0,44.58,41.04,42.81,0.5944285714285716,43.18977707637836,43.26031903894299,42.705768581593276,0.013596211116038148,-0.28347066682981076,0.2970668779458489,70.51282051282048,44.82201685182978,40.68298314817023,0.09681384021190689,5.363984674329503,36.00534755954806,41.84090362893533,22.69887046383084,14614500.0,145984067.0
2010-01-11,44.3,44.3317,43.75,44.07,17206100.0,44.58,41.04,42.81,0.5952642857142857,43.273607831008995,43.29207123349425,42.719343023567475,0.07808354719667676,-0.21115982402451328,0.28924337122119004,77.77777777777763,44.90505850245902,40.65394149754098,0.0993727604324044,3.9877300613496924,37.255668980011805,45.64239173476366,16.067293039106264,14942355.0,163190167.0
2010-01-12,43.39,43.39,42.715,43.0,32969400.0,44.58,41.04,42.81,0.6593357142857142,43.24754994234147,43.28061745963173,42.72213563029815,0.0423618470069016,-0.16045548981823032,0.20281733682513192,63.499999999999936,44.84568219280808,40.65531780719193,0.0980190731246687,1.944049312470364,34.57029636233793,41.20705905294289,24.093514034688557,16095440.0,130220767.0
2010-01-13,42.57,42.6,42.16,42.48,33873600.0,44.58,41.04,42.81,0.6879785714285716,43.17444994783276,43.249220696508914,42.71972632054394,-0.027589477609097912,-0.13388228737640384,0.10629280976730593,58.97832817337455,44.72939036725886,40.643609632741146,0.09571599298414515,1.0466222645099776,30.911303396449345,37.81990718149441,28.852642835636527,17077200.0,96347167.0
2010-01-14,42.07,42.16,41.86,42.13,25716800.0,44.58,41.04,42.81,0.6894071428571428,43.07497852422964,43.205329688802685,42.71385839695644,-0.11000046438676492,-0.12910592277847607,0.019105458391711155,52.90423861852436,44.66628302041484,40.59171697958517,0.09558202258625971,0.28564627469651604,27.287554829950434,35.03735093299621,31.90111586559882,17569700.0,70630367.0
2010-01-15,41.85,41.9,41.35,41.45,23505900.0,44.58,41.04,42.81,0.6972642857142856,42.9202186647792,43.13649323041827,42.70128269151409,-0.22755892451871063,-0.148796523126523,-0.07876240139218763,42.76827371695181,44.65198194898627,40.45701805101374,0.09857862030977987,-1.9167061050638812,24.122182069699864,29.41803169529895,36.76613704580144,17871605.0,47124467.0
2010-01-19,42.13,42.8,42.07,42.77,22103900.0,44.58,41.04,42.81,0.758692857142857,42.905912125276416,43.12212094687246,42.70196644582738,-0.2117707217785636,-0.16139136285693112,-0.05037935892163248,53.90728476821194,44.670327806275765,40.53967219372424,0.09695236738766626,-0.8576726935558554,20.489984451012283,35.50938173738664,32.386529463268644,17831570.0,69228367.0
2010-01-20,41.35,41.36,40.7517,41.14,35039700.0,44.58,40.7517,42.66585,0.8792857142857144,42.737730018107236,43.04439071366178,42.68642449114253,-0.3270161957368174,-0.1945163294329084,-0.132499866303909,45.02212389380533,44.68225445568483,40.514745544315176,0.09783229248376472,-6.563706563706562,18.01163608768451,30.639317627944724,37.841592201462255,18659330.0,34188667.0
2010-01-21,40.5001,40.6759,39.52,39.61,44647400.0,44.58,39.52,42.05,0.9778571428571426,42.439850968763686,42.90970872489073,42.65581330217594,-0.5356328354962798,-0.2627396306455827,-0.2728932048506971,38.614800759013306,44.93419384321492,40.08580615678509,0.114052874298514,-11.108617594254945,16.5004775353435,27.55076698319939,42.14755295836375,19875955.0,-10458733.0
2010-01-22,39.91,40.01,39.02,39.07,46879900.0,44.58,39.02,41.8,0.9964285714285707,42.11891278126238,42.75913191214992,42.62013356782594,-0.7360517659574413,-0.3574020577079544,-0.37864970824948685,35.2723915050785,45.22885730887744,39.56614269112255,0.13356246518674184,-10.941417825393195,17.285506860527455,21.94767025089604,44.94623655913979,21169365.0,-57338633.0
2010-01-25,39.8,39.91,39.39,39.69,31769700.0,44.58,39.02,41.8,0.9914285714285701,41.88758775447549,42.63877379794796,42.590978009937125,-0.8352284007522783,-0.45296732631681924,-0.3822610744354591,33.680227057710496,45.3646995602763,39.223300439723694,0.14520733722401774,-9.795454545454552,19.357568648123713,18.96037463976944,45.172910662824236,21918750.0,-25568933.0
2010-01-26,38.59,39.01,38.26,38.55,41631500.0,44.58,38.26,41.42,1.0285714285714274,41.56972225404925,42.4784297274402,42.55076927351984,-0.9943527909675822,-0.5612444192469719,-0.43310837172061034,24.67652495378927,45.59882513844059,38.60617486155941,0.16608634349221968,-12.525527569775363,23.713634691406025,12.164583333333345,51.38888888888894,23631685.0,-67200433.0
2010-01-27,38.09,38.48,37.71,38.33,40082200.0,44.58,37.71,41.144999999999996,1.049285714285713,41.26117727747313,42.31574620871706,42.508771569305715,-1.1252410990739605,-0.6740437552123697,-0.4511973438615908,20.361560418648892,45.79112843059132,38.028871569408686,0.1852125235309624,-10.860465116279073,27.723636981566518,8.31654186521443,54.118447923757685,25064385.0,-107282633.0
2010-01-28,38.89,39.06,38.12,38.51,44465100.0,44.58,37.71,41.144999999999996,1.0503571428571417,40.99916039390426,42.166501259355606,42.46898279747183,-1.2006066840681484,-0.7793563409835255,-0.42125034308462295,23.200000000000003,45.90028735263904,37.56671264736096,0.19968549738886224,-9.345574387947265,31.402372498981542,12.252295137708302,49.33696021761308,26902750.0,-62817533.0
2010-01-29,39.01,39.11,38.19,38.36,31291600.0,44.58,37.71,41.144999999999996,1.080357142857142,40.747811784961,42.01722670016519,42.42809739650196,-1.2579374793306215,-0.8750725686529447,-0.3828649106776768,21.856287425149688,45.97837845683056,37.12362154316944,0.21310574748287936,-8.948492760503212,33.4815146349558,12.24264462809919,47.140495867768614,28047560.0,-94109133.0
2010-02-01,38.94,39.63,38.9,39.56,36448300.0,44.58,37.71,41.144999999999996,1.129521428571428,40.634686853059954,41.92086486878616,42.39955911394971,-1.192792803489759,-0.9386166156203076,-0.2541761878694514,29.77578475336324,45.91640653134534,36.915593468654656,0.2173269524505187,-4.559710494571778,34.01090777769349,12.963771002890006,45.088627927124634,29387865.0,-57660833.0
2010-02-02,39.32,39.9,39.18,39.84,25331900.0,44.58,37.71,41.144999999999996,1.0841642857142852,40.55900239086377,41.8392623249122,42.37409086405966,-1.1058242648282288,-0.972058145461892,-0.13376611936633687,34.74903474903478,45.72718211378813,36.77481788621186,0.21702175044426242,-6.850596212298344,35.34326675070947,15.284979213745947,40.15601220162997,29843445.0,-32328933.0
2010-02-03,39.94,40.16,39.64,39.84,22594100.0,44.58,37.71,41.144999999999996,1.061307142857142,40.490525972686264,41.760859880797994,42.34887602959141,-1.025084534938678,-0.9826634233572492,-0.042421111581428694,36.58536585365856,45.35944919645486,36.72355080354514,0.21041868335489014,-3.159941662615451,36.98637335013682,17.364032224413293,37.285557567151,30148925.0,-32328933.0
2010-02-04,39.05,39.06,37.89,38.02,47873300.0,44.3317,37.71,41.020849999999996,1.1563071428571423,40.255237784811385,41.614159493315725,42.30580263626214,-1.0953302219489842,-1.0051967830755963,-0.09013343887338787,31.830238726790455,44.89901518917405,36.52998481082595,0.2055540502363556,-4.014137843978782,39.94324862713541,15.937436296584567,43.179333222141906,31969545.0,-80202233.0
2010-02-05,37.4401,37.71,36.65,37.57,50052600.0,44.3317,36.65,40.490849999999995,1.1984499999999996,39.999500852924584,41.45556500338178,42.25868022197098,-1.1737810568208928,-1.0389136378246557,-0.1348674189962371,32.49097472924187,44.53202809077686,36.266971909223145,0.204583130522747,-3.83926286153059,42.71470580639745,15.37700482170422,46.01181287734754,33312385.0,-130254833.0
2010-02-08,37.5,37.815,37.17,37.17,30623700.0,44.3317,36.65,40.490849999999995,1.1480928571428568,39.73002458121748,41.287503630700144,42.208046587921515,-1.2537777957453713,-1.0818864694087988,-0.17189132633657245,22.440944881889763,44.064655515646415,36.051344484353585,0.20004271384724223,-6.349206349206337,46.846230828935134,11.105373507618205,48.02996273322841,34205335.0,-160878533.0
2010-02-09,38.1,38.88,37.86,38.461,50062000.0,43.39,36.65,40.019999999999996,1.1260714285714282,39.609165097292006,41.17666035106485,42.17076254227056,-1.1991794824155946,-1.105345072010158,-0.0938344104054365,36.36085938295488,43.365082239357335,36.190017760642675,0.18037974884613706,-0.23086900129701826,48.83712374876999,18.07802093244531,40.6070409134158,35848130.0,-110816533.0
2010-02-10,38.67,39.03,38.16,38.63,27446700.0,42.8,36.65,39.724999999999994,1.0725,39.515911278502294,41.076791317689754,42.135531074188265,-1.1292556815741364,-1.1101271939229538,-0.01912848765118258,44.20803782505912,42.839363943577375,36.27873605642262,0.1658439190818473,0.782676754500411,49.238393647475796,19.98001998001998,34.432234432234445,35571995.0,-83369833.0
2010-02-11,39.07,39.68,38.77,39.68,33671200.0,42.8,36.65,39.724999999999994,1.0767857142857145,39.53153877578779,41.02201518758427,42.11109792917147,-0.9778423825493547,-1.083670231648234,0.10582784909887932,53.40022296544035,42.39979038665542,36.43830961334458,0.15123349683239043,3.0381719034017207,47.658319069766144,24.21227197346599,30.978441127694868,35561875.0,-49698633.0
2010-02-12,38.86,39.05,38.43,38.91,30534000.0,42.8,36.65,39.724999999999994,1.106071428571429,39.47234460666514,40.93919106258097,42.0792462084832,-0.9094947279567265,-1.0488351309099326,0.13934040295320615,45.723684210526315,41.9567563158029,36.55934368419711,0.13748549995748105,1.4337851929092649,45.86063476369754,23.571197933483997,32.35389086212466,35802735.0,-80232633.0
2010-02-16,39.39,39.68,38.99,39.56,20269000.0,42.8,36.65,39.724999999999994,1.058928571428572,39.4806927393637,40.88510513855819,42.05417908203063,-0.7937295315897757,-0.9978140110459013,0.20408447945612562,55.851680185399786,41.664170931311325,36.662929068688676,0.12770144337330627,0.0,41.80230426233717,28.87015177065766,26.172006745362562,35640890.0,-59963633.0
2010-02-17,39.9,39.96,39.48,39.7,17882800.0,41.36,36.65,39.004999999999995,1.033214285714287,39.501579145138585,40.83863042724218,42.03075441454774,-0.6828168617115153,-0.9348145811790242,0.2519977194675088,58.01169590643276,40.874526839281614,37.145573160718385,0.095589564190849,-0.3514056224899642,37.6758755626002,31.524369166954695,23.021085378499837,35429835.0,-42080833.0
2010-02-18,39.37,39.835,39.34,39.71,19703600.0,40.6759,36.65,38.662949999999995,1.0014285714285722,39.521428750363484,40.79437041048759,42.00766233082089,-0.5873403612460777,-0.8653197371924349,0.27797937594635724,57.15990453460621,40.55186949066339,37.325230509336606,0.0828648981877031,-0.3263052208835382,33.863929599201676,28.388017118402242,24.750356633380857,34663030.0,-22377233.0
2010-02-19,38.84,39.27,38.78,39.03,32833300.0,40.16,36.65,38.405,1.0021428571428577,39.47462601223363,40.72517941399788,41.9780338499172,-0.560088512035307,-0.8042734921610094,0.24418498012570244,53.7598204264871,40.49261810373391,37.326481896266095,0.08137169942771928,2.656496580746981,29.756001754755818,28.011404133998557,28.724162508909473,34072325.0,-55210533.0
2010-02-22,39.41,39.52,39.1,39.16,16459600.0,40.16,36.65,38.405,0.946428571428572,39.44466163011614,40.663799829135215,41.94999371210709,-0.5219842026874346,-0.7478156342662945,0.22583143157885988,47.4489795918367,40.499548291259245,37.32855170874076,0.08148718991003208,4.232100079850931,26.14698409770023,27.62264150943392,30.415094339622634,32551310.0,-38750933.0
2010-02-23,39.27,39.47,38.535,38.65,30146700.0,40.16,36.65,38.405,0.961785714285715,39.368979570105076,40.584827286816186,41.91715795377767,-0.5268656218287049,-0.7036256317787766,0.17676000995007168,42.62701363073107,40.40812257608863,37.31597742391136,0.07956721665936993,3.981705676620928,24.020586015650007,25.176383215744508,34.125510582992966,32470160.0,-68897633.0
2010-02-24,39.01,39.425,38.91,39.32,22332200.0,40.16,36.65,38.405,0.980000000000001,39.36431484914269,40.53522621674497,41.89131558607839,-0.4712386354370679,-0.6571482325104349,0.18590959707336696,47.02517162471394,40.452242790405535,37.34885720959447,0.0797774216768417,2.2334312680377666,22.77138596736823,22.8134110787172,33.49125364431488,31505195.0,-46565433.0
2010-02-25,38.5,39.1,38.26,38.99,25704500.0,40.16,36.65,38.405,0.9164285714285724,39.328665815891,40.47462911020595,41.86244677427662,-0.4486107841565854,-0.615440742839665,0.1668299586830796,56.68965517241379,40.46205177418649,37.405048225813516,0.0785184897953815,0.9319181982914815,19.873380914516073,24.395946999220573,27.240841777084967,30786310.0,-72269933.0
2010-02-26,39.39,39.72,39.08,39.59,24827600.0,40.16,36.65,38.405,0.8707142857142861,39.353554785806146,40.43993777255082,41.839835363587305,-0.37790678917436793,-0.5679339521066056,0.19002716293223765,63.648648648648674,40.52930026648856,37.445799733511436,0.07908936398868681,-0.2268145161290258,18.087167160605492,30.76292042657915,18.49876948318295,29804435.0,-47442333.0
2010-03-01,40.37,40.72,40.34,40.59,35196600.0,40.72,36.65,38.685,0.9053571428571432,39.47131147287223,40.44582256578412,41.82739919081529,-0.23843321146267016,-0.5020338039778185,0.26360059251514834,71.37500000000001,40.76708401139334,37.43101598860666,0.08532350588535212,4.317656129529701,16.101228627655082,36.64694280078897,17.790927021696266,29999685.0,-12245733.0
2010-03-02,41.06,41.25,40.8,40.9,24022200.0,41.25,36.65,38.95,0.8303571428571429,39.6073770468844,40.46363344555729,41.818171338170366,-0.10171250856646452,-0.4219695448955477,0.3202570363290832,67.3742698390084,41.010373807055096,37.3217261929449,0.09417971978563565,3.3872598584428593,15.440803881760672,35.35483870967741,19.397849462365613,29378380.0,11776467.0
2010-03-03,40.94,41.28,40.74,40.78,16941600.0,41.28,36.65,38.965,0.8067857142857139,39.7190554233716,40.476039977104065,41.807841275103996,-0.003008681413412262,-0.33817737219912064,0.3351686907857084,65.42324246771881,41.17391527356157,37.25218472643842,0.10001085218117814,2.720403022670026,15.41612901939862,35.059760956175325,20.49579459938025,28958865.0,-5165133.0
2010-03-04,40.35,40.44,39.99,40.16,21633500.0,41.28,36.65,38.965,0.7882142857142854,39.761050144955256,40.46364625251175,41.791444844505946,0.024898974406369234,-0.2655621028780227,0.2904610772843919,53.669724770642176,41.216497077085975,37.241602922914026,0.101325271811883,1.133215814656241,14.814952010133377,29.99546896239242,27.775260534662426,28910835.0,-26798633.0
2010-03-05,40.79,41.19,40.62,41.18,23460100.0,41.28,36.65,38.965,0.7724999999999999,39.89618822638809,40.49173855633482,41.785360816202406,0.12784771928618,-0.18688013844518214,0.31472785773136214,66.71575846833582,41.469930947656955,37.30416905234305,0.10576476012582578,5.508583141173462,15.09862110669806,37.540453074433685,25.19648636153486,27690175.0,-3338533.0
2010-03-08,41.24,41.48,41.2,41.32,15842400.0,41.48,37.17,39.325,0.7389285714285708,40.031789347684466,40.52421939726287,41.780730360319794,0.21821670494089318,-0.10586076976796709,0.3240774747088603,64.01273885350318,41.643817195488026,37.50528280451198,0.10457565255893113,5.515832482124616,15.851218499417763,35.959400676655406,26.341227646205862,25979665.0,12503867.0
2010-03-09,41.16,41.7,41.15,41.41,16451800.0,41.7,37.86,39.78,0.7439285714285708,40.16304750504785,40.558955891487855,41.77704150101313,0.29371130390181577,-0.02594635503401052,0.3196576589358263,63.72391653290527,41.67986249401864,37.893237505981354,0.09517349425967542,7.141009055627423,15.783671538754522,35.141622659625604,26.164186269803135,25271070.0,28955667.0
2010-03-10,41.35,41.74,41.31,41.51,18060400.0,41.74,38.16,39.95,0.7392857142857139,40.29132869504329,40.59625173888049,41.774384371649816,0.3574895645817122,0.050740828889134025,0.3067487356925782,64.24050632911391,41.87347286441681,38.00452713558319,0.09687137206323701,5.569684638860628,16.56188687896631,35.748792270531446,24.97584541062804,23670990.0,47016067.0
2010-03-11,41.13,41.43,40.86,41.35,17823000.0,41.74,38.26,40.0,0.7192857142857138,40.392154533610594,40.62581049421851,41.77016164158365,0.390620799421157,0.11871682299553864,0.27190397642561837,70.00000000000003,42.004434059376166,38.14556594062384,0.09629115704934064,6.052834060015377,17.889156541332508,36.74280039721952,24.577954319761698,23189805.0,29193067.0
2010-03-12,41.44,41.465,41.07,41.24,16882100.0,41.74,38.26,40.0,0.7124999999999996,40.47290172088577,40.649896357190336,41.76488640136889,0.40335187173786835,0.1756438327440046,0.22770803899386374,67.99307958477516,42.14045645434104,38.16554354565897,0.09899417001673776,4.167719120990143,18.7559326336041,34.93734335839607,24.812030075187998,22350350.0,12310967.0
2010-03-15,40.82,40.91,40.47,40.75,18052600.0,41.74,38.26,40.0,0.7007142857142854,40.499292033182364,40.653821990241696,41.754788029215966,0.3696414369804373,0.21444335359129116,0.15519808338914612,68.22916666666669,42.159185273991255,38.33081472600874,0.09512661319375118,0.39418576003940053,18.83970104215579,35.52497451580028,25.586136595310897,21726280.0,-5741633.0
2010-03-16,40.76,41.07,40.54,40.96,21027700.0,41.74,38.26,40.0,0.6832142857142856,40.54316898240309,40.66582897101653,41.7468796906168,0.3557698264214224,0.2427086481573174,0.113061178264105,65.47169811320757,42.226103291159525,38.40389670884047,0.09480854724839526,0.14669926650368037,18.80226469577496,38.1076842655516,26.241505488761092,21764215.0,15286067.0
2010-03-17,41.54,41.86,41.41,41.62,26675100.0,41.86,38.26,40.06,0.6717857142857139,40.645724317412316,40.70324744274137,41.745617206133055,0.39349697112394466,0.2728663127506429,0.12063065837330178,73.35701598579038,42.38392089099192,38.43807910900807,0.09764276513780518,2.059833251593912,21.33055373704975,47.15576820839992,19.776714513556623,22203830.0,41961167.0
2010-03-18,41.55,41.62,41.22,41.42,19388700.0,41.86,38.26,40.06,0.6482142857142854,40.71946485861115,40.73135538616328,41.74237723393273,0.4026165634564123,0.2988163628917968,0.10380020056461547,67.49521988527727,42.489617367871844,38.503382632128165,0.09843405567749505,3.1374501992031956,21.701829206655493,42.0385674931131,22.58953168044075,22188085.0,22572467.0
2010-03-19,41.46,41.5,40.88,41.08,22805300.0,41.86,38.26,40.06,0.6117857142857142,40.75380153874342,40.7450277239608,41.73578641568464,0.37805081313619837,0.31466325294067715,0.06338756019552122,55.36105032822752,42.48240006092194,38.715599939078054,0.09278061336101595,-0.24283632831472168,19.810939534159527,32.86631640396979,27.904261529480372,21686685.0,-232833.0
2010-03-22,40.61,41.1929,40.56,41.11,14578600.0,41.86,38.26,40.06,0.60985,40.787725201720235,40.75934036223685,41.72955968518032,0.3568890336757846,0.32310840908769867,0.03378062458808595,52.44755244755246,42.46460662931812,38.92839337068188,0.08689231896198046,-0.5082284607938026,18.33699336264853,26.7630213518548,31.740826198479645,21592635.0,14345767.0
2010-03-23,41.05,41.34,40.87,41.24,14956700.0,41.86,38.26,40.06,0.6048500000000006,40.83079899203259,40.77818975979619,41.724688444531765,0.3466125508087927,0.3278092374319175,0.01880331337687524,55.34883720930233,42.32134576181414,39.33065423818586,0.07325458099319761,-0.4105288577638144,16.770740377249293,28.721406724217463,31.294653928364724,20833135.0,29302467.0
2010-03-24,40.84,40.93,40.53,40.76,22774300.0,41.86,38.26,40.06,0.5991357142857149,40.82405623088663,40.77747643588262,41.715089554536426,0.29632057647358323,0.32151150524025063,-0.025190928766667398,57.21153846153847,42.21620611758106,39.57979388241893,0.06446310908020261,-1.8067935437244054,16.789919248044225,28.99533852334923,26.705134777476996,20855240.0,6528167.0
2010-03-25,40.59,40.69,39.91,40.02,35350900.0,41.86,39.08,40.47,0.5862785714285721,40.74747944699267,40.747771477612716,41.69822299180472,0.19450982078105028,0.29611116834841056,-0.10160134756736028,35.05154639175261,42.008923378420505,39.890076621579496,0.05174292132604816,-3.2164449818621432,17.23686090275503,20.493670731856025,34.84447909940418,21337560.0,-28822733.0
2010-03-26,40.81,41.13,40.44,40.83,31171500.0,41.86,39.91,40.885,0.6441357142857151,40.75533854727908,40.75099612554947,41.68958395706039,0.17714230767970918,0.27231739621467027,-0.0951750885349611,44.615384615384585,41.86008458003946,40.162915419960534,0.04138276239783789,-0.9941804073714922,17.698911684686326,20.316259883121525,31.71470076181811,21654755.0,2348767.0
2010-03-29,41.15,41.65,41.14,41.62,34014000.0,41.86,39.91,40.885,0.6634214285714292,40.83768725706202,40.78507470886126,41.6888915793782,0.22453650900852296,0.26276121877344083,-0.038224709764917875,52.000000000000014,41.92872391369531,40.1972760863047,0.042165643703348764,2.1349693251533575,17.694436104487842,22.95567351069678,30.792751859946776,21595625.0,36362767.0
2010-03-30,42.02,42.4,42.0,42.26,39410400.0,42.4,39.91,41.155,0.6884214285714292,40.9731456135323,40.8429149163569,41.69457425023016,0.3101640284654721,0.27224178071184707,0.037922247753625016,56.47668393782385,42.14394567839321,40.11805432160679,0.04925460982680745,3.173828125,16.449669467797374,29.488789051556946,29.674514157648417,22365035.0,75773167.0
2010-03-31,41.96,42.37,41.93,42.1,35564600.0,42.4,39.91,41.155,0.6734214285714292,41.08046507891018,40.892212370617415,41.69860833729255,0.3609529507925373,0.28998401472798513,0.07096893606455218,56.47668393782385,42.28302801166098,40.11097198833901,0.052723645491709874,1.1532916866890952,15.518644369521338,30.145631582855216,26.304903531008968,23296185.0,40208567.0
2010-04-01,42.91,43.31,42.9,43.27,35268300.0,43.31,39.91,41.61,0.7316357142857147,41.28899221425207,40.985458944318694,41.714244075229935,0.4899647508973004,0.3299801619618482,0.1599845889354522,64.81751824817519,42.67762362879317,40.02737637120683,0.06408916649746312,4.466441332689519,15.761633435052854,36.58241318376639,24.21189311620728,23977925.0,75476867.0
2010-04-05,43.49,43.85,43.402,43.79,18865500.0,43.85,39.91,41.879999999999995,0.7180642857142858,41.52718343194235,41.09544094650228,41.734898363038596,0.6269402096586134,0.38937217150120124,0.23756803815741218,72.09302325581399,43.19437494738392,39.77162505261607,0.08250970023305564,6.596884128529701,17.387901888799888,42.645405803300626,18.701071332650233,23748195.0,94342367.0
2010-04-06,43.51,43.94,43.51,43.84,17900100.0,43.94,39.91,41.925,0.7109214285714286,41.74745167651927,41.20307071330611,41.75584464798349,0.7311011507433065,0.45771796734962233,0.27338318339368417,71.42857142857147,43.61547268398699,39.602527316013,0.09644416755927766,6.640720019459989,18.80869084622666,42.37056536285908,18.888967034733547,23851080.0,112242467.0
2010-04-07,43.78,43.84,43.23,43.56,27957700.0,43.94,39.91,41.925,0.6902071428571434,41.92007532637458,41.2954993127843,41.773796442530916,0.7820409062855163,0.5225825551368012,0.25945835114871507,65.29968454258679,43.90059827232314,39.53240172767687,0.10471148213887231,5.62560620756547,17.50680141309811,35.466578356394045,22.35353775781593,24426375.0,84284767.0
2010-04-08,43.42,43.945,43.15,43.7725,24205000.0,43.945,39.91,41.927499999999995,0.7184214285714293,42.096496723862714,41.392636594635896,41.793684040117675,0.8299903910404112,0.5840641223175232,0.24592626872288792,68.51633215269578,44.195496529080195,39.463753470919805,0.11311942333120104,7.390824337585866,17.385172938036003,35.11766869823717,19.58659362292324,24733605.0,108489767.0
2010-04-09,44.17,44.6,44.14,44.59,26834300.0,44.6,39.91,42.254999999999995,0.7332428571428581,42.33397322635198,41.51802339484625,41.82150807951949,0.9233127464348101,0.6519138471409807,0.27139889929382943,75.6954612005857,44.64540694628497,39.33784305371503,0.12639577278969188,11.419290354822586,19.941823224283244,40.788473902624304,15.878582422506678,25184170.0,135324067.0
2010-04-12,44.02,44.21,43.93,43.99,14566800.0,44.6,39.91,42.254999999999995,0.7351785714285727,42.491690061937504,41.61496365387189,41.843085113554125,0.9380432214995409,0.7091397220126927,0.22890349948684818,69.45945945945948,44.901264243769894,39.35698575623011,0.13160203273957824,7.739407298555001,22.672145242860264,40.681078455185755,14.768034976924952,25068405.0,120757267.0
2010-04-13,43.7401,43.84,43.36,43.84,19503000.0,44.6,39.91,42.254999999999995,0.7466071428571439,42.62010053222917,41.702219981171034,41.86295491341926,0.9269284287838744,0.7526974633669291,0.17423096541694527,67.52021563342319,45.07648406846779,39.49076593153221,0.13210121263102637,5.333974050937074,24.638085891031842,38.651040420951865,19.99521645539345,25140925.0,101254267.0
2010-04-14,43.95,44.35,43.848,44.28,17681700.0,44.6,39.91,42.254999999999995,0.7323214285714295,42.77818619582639,41.803309393674134,41.88700511328574,0.9427566860148104,0.7907093078965054,0.15204737811830504,73.84823848238489,45.305190330240265,39.594059669759744,0.13453901325348622,4.779933743492681,27.5190003909185,44.37941965374291,17.069007559131965,24973625.0,118935967.0
2010-04-15,43.91,44.11,43.79,43.9,21228300.0,44.6,39.91,42.254999999999995,0.7066071428571438,42.885025605747686,41.88553255470652,41.907034913153545,0.9141006859989886,0.8153875835170021,0.0987131024819865,77.63532763532763,45.46146787967277,39.665782120327236,0.13616522933245304,4.275534441805218,29.851779343733615,45.99444023249928,12.00909780136468,24701285.0,97707667.0
2010-04-16,42.96,43.04,42.0,42.31,50801900.0,44.6,39.91,42.254999999999995,0.7630357142857151,42.83026126234314,41.9021783368749,41.91104451600774,0.7543946952629597,0.8031890058661937,-0.048794310603234026,59.48717948717951,45.458976615608485,39.75727338439152,0.13381727619361256,-2.218627224404901,29.427752157884445,38.474139948513816,27.87736952960448,26271945.0,46905767.0
2010-04-19,41.77,42.09,41.41,41.91,32417700.0,44.6,39.91,42.254999999999995,0.7687500000000013,42.742617332596176,41.902485068762154,41.91103412281364,0.5887629965921306,0.7603038040113811,-0.17154080741925049,51.95681511470985,45.43010975279641,39.86914024720359,0.13038730130904605,-4.293217629595802,28.40820289940184,33.356562137049856,33.15214866434378,26752565.0,14488067.0
2010-04-20,42.61,42.68,42.24,42.59,30914400.0,44.6,39.91,42.254999999999995,0.7680357142857156,42.728082348539395,41.92944643861462,41.91779000218863,0.5065300361338814,0.7095490504358812,-0.20301901430199987,52.21476510067117,45.40872201628249,40.03852798371752,0.12569612322374252,-2.8512773722627727,28.526636654010606,31.899558242269116,33.18298070216228,27569355.0,45402467.0
2010-04-21,42.21,42.24,41.5917,41.99,24476200.0,44.6,39.91,42.254999999999995,0.8079142857142873,42.657788791535644,41.93182108808071,41.91850850962954,0.38846683308386787,0.6453326069654786,-0.2568657738816107,49.30291508238277,45.37908848885052,40.14316151114949,0.1224459594480039,-3.604224058769512,28.715977922204583,30.324999115889117,36.65788449977009,28045330.0,20926267.0
2010-04-22,41.71,42.19,41.38,42.18,19400400.0,44.6,39.91,42.254999999999995,0.7793428571428583,42.61228509710368,41.94155359443049,41.92111041500636,0.3066968952744986,0.5776054646272826,-0.27090856935278396,42.11287988422575,45.29394358058047,40.37030641941954,0.11495197030642129,-3.6381289622479884,29.210969475126323,22.821424643472376,39.94207574146714,27876635.0,40326667.0
2010-04-23,41.75,42.08,41.56,42.05,16453900.0,44.6,40.44,42.519999999999996,0.7822000000000011,42.55873413547476,41.9458063946489,41.922392898439135,0.22876663750049886,0.5078376992019259,-0.27907106170142704,36.65644171779143,45.05048680030391,40.81676319969608,0.09861090463728213,-5.696344471854687,29.149714925755486,17.80691821602062,39.796179274573525,26931785.0,23872767.0
2010-04-26,42.25,42.35,42.03,42.07,15112600.0,44.6,41.14,42.870000000000005,0.7743428571428582,42.512188027334304,41.95067673211365,41.92386162581785,0.1666985821220024,0.43960987578594124,-0.27291129366393885,36.363636363636374,44.91664301068481,41.0746069893152,0.08935876665055126,-4.364628324619235,28.864642264521233,19.647996457825922,40.19998524094161,26128840.0,38985367.0
2010-04-27,41.37,41.48,40.37,40.46,54711300.0,44.6,40.37,42.485,0.8522000000000008,42.31674154854056,41.89221882105037,41.909295838496284,-0.012262983569094388,0.3492353039149341,-0.3614982874840285,30.179028132992357,45.08967388603901,40.785576113961,0.10024070432582168,-7.70985401459855,30.52018554969428,17.85295202333451,48.09400878398767,27163705.0,-15725933.0
2010-04-28,40.98,41.07,40.42,40.9,39982000.0,44.6,40.37,42.485,0.8418428571428578,42.18181378201289,41.8533082790484,41.89925309383463,-0.11723557226076053,0.2559411286797952,-0.3731767009405557,32.15284249767009,45.191103813512186,40.54814618648781,0.10830413438476247,-7.633242999096668,31.908647648863482,17.181693224049255,48.68570652819496,27192285.0,24256067.0
2010-04-29,40.75,41.19,40.63,40.98,28817300.0,44.6,40.37,42.485,0.8227357142857146,42.06735532658309,41.819060895556305,41.89010629688105,-0.19176126913017555,0.16640064911780106,-0.3581619182479766,25.307797537619678,45.26374394179739,40.36350605820262,0.11445510357029495,-6.651480637813211,32.96672726536471,12.935936726773868,49.816379153173685,26854920.0,53073367.0
2010-04-30,41.46,41.49,40.75,40.84,31437100.0,44.6,40.37,42.485,0.8284500000000001,41.950464343098986,41.78066635063253,41.879657478006614,-0.25913312543379163,0.08129389420748252,-0.34042701964127414,27.007299270073005,45.28386556277703,40.100384437222964,0.12141539278155088,-3.474355944221219,33.27719249090921,15.43329625893449,47.66215738513407,26663360.0,21636267.0
2010-05-03,40.88,41.28,40.71,41.21,22717400.0,44.6,40.37,42.485,0.8241642857142857,41.879943929470514,41.7582872780587,41.872994219518986,-0.279448589769288,0.00914539741212842,-0.28859398718141643,31.40028288543138,45.18147566356196,39.94477433643804,0.12303376049394692,-1.6702457647339464,34.380699893653066,15.513550523040651,43.3166064324901,26855955.0,44353667.0
2010-05-04,40.23,40.27,39.38,39.685,52984900.0,44.6,39.38,41.99,0.91845,41.670901650473326,41.67698189460542,41.8512231327576,-0.4138330864450239,-0.07545029935930206,-0.3383827870857219,21.827099938687923,45.196977714463976,39.51377228553603,0.13417908421134148,-6.820849964780463,35.94546880857972,9.954659636188309,49.21334857640593,28610195.0,-8631233.0
2010-05-05,39.12,39.86,38.85,39.06,47897700.0,44.6,38.85,41.725,0.9555928571428568,41.42224435042825,41.574355153640504,41.82344976825255,-0.5642615885534283,-0.1732125571981273,-0.391049031355301,21.190476190476204,45.26761241824363,38.99313758175637,0.14892995461083025,-6.977851869492735,36.640110796803846,9.567732821060984,50.828580611886466,29607195.0,-56528933.0
2010-05-06,38.99,39.29,36.24,37.7499,79103300.0,44.6,36.24,40.42,1.037735714285714,41.07249726943508,41.42437652016441,41.7829169347376,-0.7801977473158104,-0.29460959522166397,-0.4855881520941464,21.920912304035667,45.42541634447859,38.23307365552141,0.171945314551032,-10.502844950213374,40.587632255992446,8.810390754596211,52.44935746095556,32352110.0,-135632233.0
2010-05-07,38.32,38.88,37.44,38.24,65553900.0,44.35,36.24,40.295,1.0763071428571425,40.80273562472698,41.29949900956973,41.74766402991434,-0.9013910597670716,-0.4159658881307455,-0.4854251716363261,27.649752746583573,45.20167200283046,37.821817997169546,0.17777749419256927,-9.060642092746718,45.50808897439204,8.494654340569285,46.65423438609534,34288090.0,-70078333.0
2010-05-10,39.98,40.43,39.73,40.35,82040200.0,44.35,36.24,40.295,1.1777357142857134,40.75961794618155,41.26226375429248,41.733756925139076,-0.8177517340833873,-0.49632305732127385,-0.32142867676211345,38.38198377627019,44.8606414035402,37.798848596459806,0.1708646595104904,-4.088424055146178,49.05809386097852,13.585390852907842,42.63629361425985,37661760.0,11961867.0
2010-05-11,39.18,40.2,39.11,39.62,46910300.0,44.35,36.24,40.295,1.1949999999999992,40.65108290368807,41.19786125412415,41.71272451792376,-0.801136858016875,-0.5572858174603941,-0.24385104055648088,37.871282061779674,44.520006917816055,37.71748308218395,0.16543607631098908,-2.076124567474058,52.063064374393,13.389121338912155,41.851165570830865,39032125.0,-34948433.0
2010-05-12,39.67,39.91,39.47,39.82,28814700.0,44.11,36.24,40.175,1.168571428571428,40.571932150955874,41.14382747945262,41.693891438143424,-0.7630353242551706,-0.5984357188193494,-0.1645996054358212,37.934807059160356,43.99580927469978,37.795680725300215,0.15160815750879622,-2.6405867970660135,53.713747196967795,13.691931540342317,41.50366748166261,39588775.0,-6133733.0
2010-05-13,39.86,40.04,39.51,39.61,30141800.0,43.04,36.24,39.64,1.162142857142857,40.48031956515055,41.083677382219186,41.67315619995294,-0.7412402727409599,-0.6269966296036715,-0.11424364313728841,37.62702582097728,43.48563178950757,37.876858210492436,0.13787123720070846,-3.34309419228892,54.43371344604656,14.5666871542717,41.73325138291334,40034450.0,-36275533.0
2010-05-14,39.15,39.23,38.33,38.88,46920800.0,42.68,36.24,39.46,1.2307142857142854,40.32790817799336,40.99725866134785,41.645363600948436,-0.773950813318244,-0.6563874663465861,-0.11756334697165793,34.9104085069346,43.31425924481585,37.70523075518414,0.13846121444683773,-4.7992164544564115,56.1445445684749,12.188044109112026,46.25652930934417,39840395.0,-83196333.0
2010-05-17,38.6,39.68,37.85,38.68,34403200.0,42.68,36.24,39.46,1.2399999999999995,40.17096454199399,40.90638577266754,41.615857495466365,-0.8067131933908342,-0.6864526117554357,-0.12026058163539854,40.28405493329839,43.18506246846269,37.51142753153732,0.14061664731453294,-6.139286580926962,56.63734964298038,12.0967741935484,39.11290322580642,39939670.0,-117599533.0
2010-05-18,39.28,39.43,38.19,38.435,33210100.0,42.35,36.24,39.295,1.2821428571428568,40.005634585613606,40.80946868354332,41.584207172128394,-0.8427325715857066,-0.7177086037214899,-0.12502396786421666,36.25239816178114,42.89339292226802,37.38759707773198,0.13716312777249104,-3.149804712107851,56.98923950963897,11.69916434540391,37.82729805013924,40054455.0,-150809633.0
2010-05-19,38.1,38.62,37.78,38.37,43048600.0,42.35,36.24,39.295,1.3021428571428568,39.84985986317422,40.713803244973,41.552225011211696,-0.8665342773328462,-0.7474737384437612,-0.11906053888908497,35.41932023865391,42.676164280746896,37.2428257192531,0.13597115182496172,-1.7665130568356502,56.852903846430664,10.861217772901835,39.49533735600653,40983075.0,-193858233.0
2010-05-20,37.34,37.77,36.82,37.0225,57934300.0,42.35,36.24,39.295,1.3599999999999994,39.580587495252864,40.56904625497406,41.50715312055288,-0.9828001803845083,-0.7945390268319107,-0.18826115355259765,31.208836646091157,42.50844228158954,36.89479771841047,0.1413958564708207,-1.9268925215695787,57.90819874717181,8.823529411764708,42.85714285714282,42909770.0,-251792533.0
2010-05-21,36.53,38.4,36.3625,38.21,68370300.0,42.35,36.24,39.295,1.464821428571428,39.450055352847826,40.47653463713194,41.47434562681604,-0.9679623530844168,-0.829223692082412,-0.13873866100200483,36.33282309206213,42.161112345316035,36.85812765468396,0.13422008844003241,-0.07845188284518745,58.51140072053746,11.264171644520278,39.59527002316222,45505590.0,-183422233.0
2010-05-24,38.53,38.94,38.3,38.43,29816800.0,41.49,36.24,38.865,1.3862499999999993,39.35290722400518,40.39627837685226,41.44405363052931,-0.9277565071588896,-0.8489302550977076,-0.07882625206118199,43.51099253376351,41.72683079006498,36.928409209935026,0.12201149167251804,-4.75836431226766,56.69141215205092,14.68504444158184,34.9864743011722,46240800.0,-153605433.0
2010-05-25,36.84,38.08,36.62,37.97,50750700.0,41.49,36.24,38.865,1.443392857142857,39.221201774099924,40.301130205210995,41.4094859327131,-0.9223786334889255,-0.8636199307759512,-0.05875870271297423,44.26629634305432,41.613311150839536,36.79292884916046,0.12295914972275358,-4.1645633518424985,55.18116050461689,14.103674378324852,39.292341952245415,46042770.0,-204356133.0
2010-05-26,38.17,38.89,37.78,37.92,36011000.0,41.49,36.24,38.865,1.3048214285714284,39.09727779561422,40.207752550104686,41.374764679651285,-0.9116423662718418,-0.8732244178751294,-0.03841794839671242,51.03152175231353,41.3899204047764,36.7183195952236,0.11961864227264114,-4.77147162230035,51.4197491272527,20.03558231832488,29.177501026412983,45844220.0,-240367133.0
2010-05-27,38.97,39.76,38.8,39.73,42977100.0,41.49,36.24,38.865,1.3333928571428564,39.15753705317477,40.18901715598294,41.358398861943314,-0.7484542097197462,-0.8482703762440528,0.09981616652430658,57.7888133821223,41.17218012949012,36.81105987050987,0.1118476292849656,0.3029537995455689,47.05688111187775,24.26677380474084,28.55229677246548,46552210.0,-197390033.0
2010-05-28,39.74,39.77,38.91,39.38,42300400.0,41.28,36.24,38.760000000000005,1.238392857142857,39.17872400049146,40.157290993003215,41.33871330112796,-0.6399910761279983,-0.8066145162208419,0.16662344009284358,43.78603459320948,40.929812480622246,36.90742751937776,0.10335374073501279,1.2860082304526843,45.37494822545456,17.245854361932242,30.742609949531314,47095375.0,-239690433.0
2010-06-01,38.87,39.57,38.4,38.48,34107300.0,40.43,36.24,38.335,1.233392857142857,39.11217885758751,40.091514875630544,41.310268392659026,-0.6195143637569345,-0.7691944857280605,0.149680121971126,42.8526645768025,40.485526640701245,37.07871335929877,0.08784494714065341,-0.5170630816959787,43.634800176678155,17.31576661358044,30.23020124511361,47664870.0,-273797733.0
2010-06-02,38.81,39.64,38.62,39.53,35209300.0,40.43,36.24,38.335,1.2848214285714288,39.15197134734108,40.069494684429344,41.29255427929924,-0.5126506789789502,-0.7178857243782385,0.20523504539928827,48.35694050991502,40.46181611279444,37.08692388720556,0.0870392536510298,2.848965786392599,41.899040149714885,17.011813759555256,29.020152883947137,46776090.0,-238588433.0
2010-06-03,39.59,39.65,38.83,39.31,28060600.0,40.43,36.24,38.335,1.3055357142857145,39.16702169521336,40.03971057915761,41.272827371047505,-0.44063325439245205,-0.6624352303810812,0.22180197598862916,48.30220713073007,40.486881970362134,37.08685802963787,0.08765914704445776,2.449830596820446,40.448175961244736,16.085350841198178,28.559704554780417,45784235.0,-266649033.0
2010-06-04,38.59,39.02,38.11,38.365,29471400.0,40.43,36.3625,38.396249999999995,1.299821428571429,39.09063867662161,39.97403565448476,41.24389376536544,-0.45457250003673977,-0.6208626843122129,0.16629018427547315,47.154696132596676,40.45992399435159,37.17532600564841,0.08461615023338454,3.6261732730096696,37.97277648485221,16.156065393598006,26.157439208682455,43302640.0,-296120433.0
2010-06-07,38.55,38.7,37.97,38.0,20056900.0,40.43,36.3625,38.396249999999995,1.2212500000000008,38.98676832646717,39.89662249156379,41.21161621546131,-0.4894300571650376,-0.5945761588827779,0.1051461017177403,46.31036353771025,40.469066166126424,37.142183833873574,0.08573196108174654,-0.5495943470295805,35.640832923449565,17.195496417604886,25.8517327094604,41027790.0,-316177333.0
2010-06-08,38.25,38.84,37.845,38.82,37256200.0,40.2,36.3625,38.28125,1.203750000000001,38.970885628708395,39.854402001698546,41.187819039188064,-0.44574945312406555,-0.5648108177310355,0.11906136460696992,51.966292134831455,40.225892811514214,37.23235718848578,0.07729417132528649,1.014832162373147,33.14874443451068,18.276220145379,26.227562676160755,38788590.0,-278921133.0
2010-06-09,39.24,39.82,38.8,39.095,34069600.0,40.04,36.3625,38.20125,1.2166071428571443,38.98270604502188,39.824621531043704,41.166994969146394,-0.38450966986547996,-0.5287505881579244,0.14424091829244445,53.62500000000001,40.151498007696325,37.25425199230367,0.07485867691722264,2.9628654200684723,29.131375405114547,23.83678262145892,23.543226185234072,38146555.0,-244851533.0
2010-06-10,39.66,40.2441,39.57,40.04,30468500.0,40.2441,36.3625,38.3033,1.1879714285714305,39.08340070740075,39.83306774551258,41.15578108885638,-0.256763290732799,-0.47435312867289936,0.21758983794010034,65.72023964574107,40.2010433398522,37.226706660147805,0.07682869978023107,5.590717299578052,25.78717040214247,26.96132663123206,18.338584381538713,38229245.0,-214383033.0
2010-06-11,39.4,40.4,39.39,40.27,21519200.0,40.4,36.3625,38.381249999999994,1.1145785714285732,39.19641016383877,39.85020234372777,41.14696734667871,-0.13540344052078268,-0.40656319104247607,0.2711597505216934,61.921296296296305,40.34306361420303,37.15068638579697,0.08239057287603345,1.3591744273848683,22.437539830997114,24.699277753923628,20.699687902538383,37798115.0,-192863833.0
2010-06-14,40.53,40.8,39.91,40.11,26320500.0,40.8,36.3625,38.58125,1.1260071428571448,39.28341871966365,39.860390487111,41.13664926362718,-0.051541410405711474,-0.33555883491512317,0.2840174245094117,59.79020979020978,40.51698344811019,37.09976655188981,0.08805359400439677,1.8537328593194458,20.016112437149186,23.560495048876852,20.489593443330044,36768100.0,-219184333.0
2010-06-15,40.5,41.07,40.38,41.03,26462700.0,41.07,36.3625,38.71625,1.065292857142859,39.4497597939814,39.906257526832135,41.13558807692442,0.08814013923322506,-0.2508190400854535,0.3389591793186786,66.92477876106196,40.89991125720071,36.95183874279928,0.1014254018542019,6.626819126819128,19.788280743921028,26.7136468174412,10.39284971939302,36371075.0,-192721633.0
2010-06-16,40.76,41.25,40.68,41.1,15695900.0,41.25,36.3625,38.80625,1.0267214285714306,39.60692552788793,39.95307095715245,41.13523396670627,0.20215685032660247,-0.16022386200304234,0.3623807123296448,67.54966887417217,41.242345264584046,36.87590473541596,0.11179053624903496,3.9716670882873784,21.08909432423769,23.334330497213713,10.783283822987139,35495365.0,-177025733.0
2010-06-17,40.82,40.83,40.26,40.62,32816900.0,41.25,36.3625,38.80625,0.9552928571428596,39.70340881094622,39.979225037264115,41.130107260569886,0.2508918023191171,-0.07800072913861045,0.32889253145772757,55.7567917205692,41.43571321836353,36.907536781636466,0.11559838114265276,3.332485372678695,21.333993207232997,18.573960116942438,14.729963137706415,34983780.0,-209842633.0
2010-06-18,40.63,40.85,40.49,40.66,22142800.0,41.25,36.3625,38.80625,0.9195785714285734,39.79451273371325,40.00592209462631,41.125429576385116,0.2894061743665901,-0.004519348437570335,0.29392552280416046,58.62533692722365,41.47029524405868,37.23670475594131,0.10757849970440678,5.982014857291795,20.16365952135168,19.373004714892677,15.302040530988531,33194205.0,-187699833.0
2010-06-21,41.91,42.07,41.18,41.6,37057900.0,42.07,36.62,39.345,0.9367214285714306,39.966463901931036,40.06843495366057,41.13015167015243,0.39126893110616123,0.07463830747117597,0.3166306236349853,70.91152815013402,41.79171027586068,37.254289724139326,0.11480455814896019,9.473684210526322,21.335307156473668,28.321425031073378,11.13305526113113,31628585.0,-150641933.0
2010-06-22,41.37,41.73,40.91,40.95,20265700.0,42.07,36.62,39.345,0.9124357142857161,40.06013400650903,40.10300613194839,41.128359116220565,0.4147651772000529,0.14266368141695138,0.2721014957831015,60.056657223796016,41.94190117307312,37.35609882692688,0.11565997493369916,5.486862442040197,22.016033589823596,28.527254366256678,13.543028471673155,31151030.0,-170907633.0
2010-06-23,41.45,41.6,40.97,41.26,25517200.0,42.07,37.78,39.925,0.9002928571428589,40.174406958270076,40.148378440499435,41.12966897576066,0.45317659306051183,0.20476626374566348,0.24841032931484835,63.636363636363576,42.07101167159217,37.55598832840783,0.11340433127417432,5.537792556592902,22.555742491784482,28.832681429058777,13.72569243341453,29889355.0,-145390433.0
2010-06-24,41.15,41.17,40.61,40.77,24436400.0,42.07,37.845,39.957499999999996,0.8610071428571443,40.2311301051015,40.17275575655828,41.12609017998195,0.43901828248895924,0.25161666749432265,0.1874016149946366,67.96116504854368,42.06518442706533,37.84681557293467,0.10557535424293371,1.8231768231768308,24.099209316520664,30.1482483138517,11.365427530881627,29310625.0,-169826833.0
2010-06-25,41.01,41.36,40.68,41.18,19889700.0,42.07,37.845,39.957499999999996,0.8574357142857154,40.321498666520405,40.2122555308109,41.12662659610154,0.4556290843774633,0.2924191508709508,0.16320993350651253,73.59050445103857,42.20362758246648,37.85337241753351,0.10867894537474487,2.2597467097094537,26.3290628909079,31.856615656317395,10.246499112803146,28156255.0,-149937133.0
2010-06-28,41.21,41.28,40.8,40.96,14812200.0,42.07,37.845,39.957499999999996,0.8206500000000011,40.38230831732798,40.24157884332812,41.12496862002093,0.44590103361344546,0.3231155274194497,0.12278550619399575,67.42671009771988,42.298170409283834,37.91682959071617,0.109239938130466,2.119172276240344,28.620013033403588,32.06604520806674,10.70579940987547,26781845.0,-164749333.0
2010-06-29,39.78,39.89,39.25,39.31,35505500.0,42.07,37.845,39.957499999999996,0.8699357142857151,40.2801837156777,40.20504633966819,41.106909230766995,0.3015739165349345,0.3188072052425467,-0.017233288707612204,51.43047238855624,42.23898766050405,38.05901233949595,0.10411156743650155,-4.192054594199368,28.674614628735064,22.20279002553556,22.825988784064492,26851755.0,-200254833.0
2010-06-30,39.53,39.88,39.1,39.13,21510900.0,42.07,37.845,39.957499999999996,0.8435714285714292,40.17064240942268,40.1628876596812,41.0872384921524,0.17070140125649402,0.2891860444453362,-0.11848464318884216,43.25925925925928,42.25133386926707,38.00666613073294,0.10577556725894323,-4.793187347931871,28.2061302846327,19.305673158340387,24.80948348856899,26166835.0,-221765733.0
2010-07-01,39.14,39.44,38.59,39.38,27372600.0,42.07,37.845,39.957499999999996,0.8321428571428575,40.09534313233481,40.132186182830964,41.070251044469295,0.08616365964225992,0.24858156748472093,-0.16241790784246102,43.426883308714906,42.24937082866899,38.01562917133103,0.10549409225286134,-3.052683407188561,28.840391762874003,19.57081545064378,27.98283261802572,26132435.0,-194393133.0
2010-07-02,39.23,39.41,38.75,39.02,17803100.0,42.07,37.845,39.957499999999996,0.8157142857142858,39.99292950068388,40.08857103840622,41.04985053656413,-0.009769484467376799,0.1969113570943014,-0.2066808415616782,42.18077474892397,42.18502454448086,38.14547545551914,0.10057323405087036,-4.033448106246906,30.26016770905275,16.462346760070073,28.546409807355495,25549020.0,-212196233.0
2010-07-06,39.9998,40.38,39.42,39.76,26557200.0,42.07,37.845,39.957499999999996,0.8442857142857143,39.97074573871399,40.075685899645194,41.03701620286697,-0.025788107522309645,0.15237146417097922,-0.17815957169328886,40.648011782032356,42.012353464838434,38.49414653516157,0.08740181052900982,-4.42307692307693,27.950179902091367,21.827411167512732,27.58037225042299,25874035.0,-185639033.0
2010-07-07,39.36,40.17,39.31,40.04,23236500.0,42.07,38.59,40.33,0.865,39.97734138264599,40.07428645260028,41.02709564363447,-0.015708246867092157,0.11875552196336495,-0.1344637688304571,42.428571428571395,41.94393926647682,38.684560733523185,0.0808492910807874,-2.2222222222222365,26.523287470441712,19.818331957060327,27.828241123038786,25173050.0,-162402533.0
2010-07-08,39.83,40.05,39.6,39.95,15685600.0,42.07,38.59,40.33,0.8371428571428565,39.97473744144161,40.06941247406694,41.01637827404607,-0.014811395962091467,0.09204213837827367,-0.10685353434036514,44.93192133131621,41.89425798266581,38.819742017334185,0.07618296616030994,-3.1749878817256327,26.43315884230953,20.47781569965877,25.170648464163804,24253850.0,-178088133.0
2010-07-09,40.23,40.73,40.1,40.68,21814400.0,42.07,38.59,40.33,0.8671428571428562,40.04190530416146,40.09335708292706,41.01303122654313,0.044293674074161515,0.08249244551745125,-0.03819877144328973,50.13698630136989,41.92511814238848,38.852881857611514,0.07606616367765885,-0.22075055187639192,25.72529844689779,25.205930807248812,24.29983525535419,23821145.0,-156273733.0
2010-07-12,40.75,40.86,40.29,40.47,18480300.0,42.07,38.59,40.33,0.8071428571428559,40.08267622757465,40.10812739340051,41.00762793075663,0.07334415716154297,0.0806627878462696,-0.007318630684726629,41.40030441400299,41.934460157328566,38.863539842671436,0.07601476062915245,-1.7241379310344862,24.03627235627904,17.43362831858415,26.10619469026549,23669200.0,-174754033.0
2010-07-13,40.74,40.96,40.6,40.86,19086300.0,42.07,38.59,40.33,0.7835714285714275,40.15670706304373,40.13761259365931,41.00615899612223,0.12637978741904732,0.08980618776082515,0.03657359965822217,49.286846275752744,41.978860119054154,38.89413988094585,0.07628553999748502,-0.244140625,22.409485118744723,18.86964448495907,24.43026435733816,23307490.0,-155667733.0
2010-07-14,40.38,40.595,40.16,40.48,17517100.0,42.07,38.59,40.33,0.7871428571428564,40.18749686656338,40.15103955077071,41.00092358322549,0.1361783035761306,0.09908061092388624,0.03709769265224434,43.88714733542317,41.926212124782026,38.891787875217986,0.07509278253765349,2.9763418977359235,21.319064602658404,18.784029038112607,28.31215970961888,22860210.0,-173184833.0
2010-07-15,39.81,39.89,39.19,39.86,29438400.0,42.07,38.59,40.33,0.8328571428571421,40.15630668879544,40.139626235054216,40.98957110976056,0.09284462474107613,0.09783341368732422,-0.004988788946248088,43.010752688172,41.846559233489444,38.84744076651056,0.07433312184248854,1.8655762841809365,20.13162106497998,17.753001715265945,31.989708404802748,23547335.0,-202623233.0
2010-07-16,39.26,39.33,38.65,38.74,30229800.0,42.07,38.59,40.33,0.870714285714285,40.02142033748159,40.08473893171876,40.96718731762364,-0.03150905098144108,0.07196492075357117,-0.10347397173501224,33.10249307479222,41.908130460752815,38.597869539247185,0.0822363779471252,-1.6251904520060978,19.241274131000747,15.422477440525112,35.0287120590648,23417980.0,-232853033.0
2010-07-19,39.06,39.14,38.71,39.07,19101700.0,42.07,38.59,40.33,0.8671428571428562,39.930808876769056,40.04494524812195,40.948309831876145,-0.10225328066739081,0.03712128046937877,-0.13937456113676958,37.10777626193722,41.897623270719976,38.44937672928003,0.0858338591718407,0.12813941568425857,18.449975556449292,15.48599670510718,35.17298187808897,23265925.0,-213751333.0
2010-07-20,39.18,40.18,39.15,40.14,31334800.0,41.73,38.59,40.16,0.8242857142857132,39.95073184088629,40.0486728854505,40.94026694797688,-0.07115826653908641,0.015465371067685736,-0.08662363760677215,56.148148148148145,41.688580271074144,38.51241972892585,0.0792050109636612,0.9557344064386353,18.604411147138332,25.303292894280876,23.570190641247855,22979770.0,-182416533.0
2010-07-21,40.45,40.5,39.76,40.02,17497400.0,41.6,38.59,40.095,0.8214285714285704,39.95732880842093,40.04754845857009,40.931110062922386,-0.05555780513897446,0.0012607358263536973,-0.05681854096532816,56.651718983557565,41.59098816898031,38.51701183101968,0.07674580161683305,-0.04995004995004271,18.536970716765516,28.17391304347837,22.34782608695655,22841355.0,-199913933.0
2010-07-22,40.73,41.36,40.72,41.12,26014300.0,41.36,38.59,39.975,0.8564285714285705,40.06805939809513,40.08960538176342,40.93298956478386,0.04504720370885451,0.01001802940285386,0.03502917430600065,61.53846153846153,41.56197924252105,38.532020757478946,0.07566006155372691,2.9286608260325364,19.638924461834275,34.19516263552972,17.180984153461253,22866210.0,-173899633.0
2010-07-23,41.09,41.51,40.76,41.46,26039700.0,41.51,38.59,40.05,0.8628571428571422,40.20062516970512,40.14334634718446,40.93823344971138,0.15047794051316998,0.03811001162491709,0.1123679288882529,66.22340425531917,41.69408569743919,38.468914302560805,0.08046533674833495,1.9174041297935096,20.200250572748164,35.1821192052981,17.05298013245036,22946375.0,-147859933.0
2010-07-26,41.03,41.49,40.93,41.37,15717400.0,41.51,38.59,40.05,0.8057142857142853,40.311994201161774,40.19145041200076,40.94252963429137,0.2241860341289339,0.07532521612572046,0.14886081800321344,61.71761280931588,41.732807732831546,38.449192267168456,0.08190405491664188,2.223869532987388,21.000436739257257,29.078014184397187,18.26241134751776,22737760.0,-163577333.0
2010-07-27,41.37,41.44,40.8818,41.17,16382700.0,41.51,38.59,40.05,0.7841571428571424,40.393709039146366,40.229824905647796,40.94479302101484,0.2634252979688867,0.11294523249435372,0.15048006547453296,58.32106038291609,41.769190176958034,38.43380982304197,0.08317345620278706,0.7586882036221265,21.53427261098306,29.877393379606886,18.201526661930057,22816285.0,-179960033.0
2010-07-28,41.13,41.37,40.97,41.18,15814500.0,41.51,38.59,40.05,0.7805857142857141,40.468593892560996,40.267086674053765,40.94713338896494,0.2919640340489664,0.14874899280527626,0.14321504124369017,59.165424739195224,41.88537523084644,38.50462476915356,0.08410873147637477,1.7292490118577142,22.534588341469128,30.014091982211177,18.28480445087027,21831735.0,-164145533.0
2010-07-29,41.25,41.43,40.64,41.09,17226500.0,41.51,38.59,40.05,0.7813000000000001,40.52777542660281,40.299357784875184,40.948554947283704,0.30381673001998166,0.17976254024821733,0.12405418977176433,53.37726523887978,41.95034219698326,38.63565780301674,0.08226452222387304,3.0858003010536983,22.79779658324966,23.76990729736155,21.285037757583535,21617515.0,-181372033.0
2010-07-30,40.7,41.428,40.56,41.24,20895300.0,41.51,38.65,40.08,0.802585714285714,40.59560633835492,40.33624571488008,40.951454898057,0.3216065433303754,0.20813134086464896,0.11347520246572645,56.405990016638974,42.03635753702238,38.73564246297762,0.08172919016601693,6.453278265358797,21.465522407558645,21.982520781046972,21.432512771221603,21293650.0,-160476733.0
2010-08-02,42.03,42.525,42.0,42.391,27118000.0,42.525,38.65,40.5875,0.8593714285714279,40.766596210892544,40.41682431429655,40.96577872991713,0.4236970632364674,0.25124448533901267,0.17245257789745472,61.30556786294494,42.30313541022414,38.80596458977586,0.08623374739574907,8.500127975428718,21.835480185991678,28.816743134516937,20.01629097679369,21759395.0,-133358733.0
2010-08-03,41.94,42.06,41.63,41.98,19584600.0,42.525,38.65,40.5875,0.8637285714285703,40.88215847652182,40.478125321579036,40.97587048384831,0.46606773195792073,0.2942091346627943,0.17185859729512643,61.02616877389007,42.48228767477696,38.848812325223044,0.08935020796605281,4.583956153462876,21.77929604105555,28.671374935909128,19.33643174939214,21410765.0,-152943333.0
2010-08-04,42.05,42.27,41.77,42.14,20912700.0,42.525,38.65,40.5875,0.8072999999999989,41.00195290732927,40.543296877595544,40.98745386211848,0.506716344409682,0.33671057661217185,0.1700057677975102,67.9754020813624,42.67565311642629,38.86544688357371,0.09345486467198943,5.297351324337818,23.00369740347819,32.53348905522822,12.10560775778164,21294575.0,-132030633.0
2010-08-05,41.75,42.05,41.63,42.03,15295800.0,42.525,38.65,40.5875,0.7572999999999988,41.09986215425029,40.60159896082709,40.997827455530235,0.5240140738871588,0.37417127606716927,0.14984279781998955,80.8514628657165,42.81776095910496,38.93133904089504,0.0950817053205459,2.2130350194552673,24.393138108971375,34.68148120201473,9.132066929505173,21275085.0,-147326433.0
2010-08-06,41.64,41.99,41.46,41.95,16067700.0,42.525,38.65,40.5875,0.7672999999999988,41.18082766336931,40.654477432951516,41.00730180920655,0.5252129893024247,0.40437961871422035,0.12083337058820431,78.33530106257389,42.936703491467206,38.9393965085328,0.09764282819856841,1.1818620356970566,25.38334642915917,34.229487442051024,10.595594943307697,20987750.0,-163394133.0
2010-08-09,42.21,42.3,42.07,42.22,15286800.0,42.525,38.65,40.5875,0.7130142857142842,41.279796457334136,40.71587047479655,41.01936845787117,0.5417054388237617,0.43184478273612864,0.10986065608763301,74.28771602055122,43.09006854716436,38.961031452835634,0.10064550248147126,2.0546289581822696,28.292689478936495,29.522550139247883,11.402296087034923,20828075.0,-148107333.0
2010-08-10,41.29,41.47,41.02,41.3,26469200.0,42.525,38.65,40.5875,0.7458714285714265,41.281720604254694,40.73877751500061,41.022160811524195,0.4750632788894933,0.44048848196680157,0.03457479692269172,62.59346713892166,43.114017158170235,38.98108284182977,0.10068650422109157,0.3157639057566053,28.119901463540767,25.157533853019505,20.955354235697467,21197220.0,-174576533.0
2010-08-11,40.45,40.46,39.99,40.15,24955400.0,42.525,38.65,40.5875,0.7437285714285693,41.17393768956377,40.71568820068686,41.01348259449411,0.32569904214453516,0.4175305940023483,-0.09183155185781317,40.54949337490257,43.12172598989981,38.94037401010019,0.10190701870411835,-2.5012141816415756,27.83370739030849,16.9704769405121,30.9079733389678,21569135.0,-199531933.0
2010-08-12,39.69,40.15,39.59,40.01,16552300.0,42.525,38.65,40.5875,0.7301571428571404,41.06308648103389,40.6880141536011,41.00349769305635,0.1937960185734724,0.37278367891657316,-0.17898766034310076,35.30008110300075,43.11254735827025,38.96455264172975,0.1010755671567464,-2.6283767339985498,28.08506747357203,15.818512648940569,35.39551172937339,20924830.0,-216084233.0
2010-08-13,40.06,40.21,39.92,40.05,14967800.0,42.525,38.71,40.6175,0.7108714285714258,40.96660205426876,40.66299399071479,40.99401015382196,0.09143557539302805,0.3165140582118642,-0.22507848281883613,36.48095043015152,42.94167162934546,39.26642837065453,0.08941316631064158,-2.885548011639194,29.07172278133392,16.850545608006332,36.35578063141827,20161730.0,-201116433.0
2010-08-16,40.29,40.62,40.21,40.5,17279800.0,42.525,39.15,40.8375,0.7117142857142831,40.922163763386024,40.656602069510285,40.989094629903335,0.04609408201355336,0.262430062972202,-0.21633598095864864,43.47233047544814,42.77590028731587,39.57519971268413,0.07773303755825335,-4.46085253945413,29.209616667677135,20.94540345242878,35.82898434363715,20070635.0,-183836633.0
2010-08-17,41.0,41.13,40.675,40.84,16622500.0,42.525,39.59,41.057500000000005,0.7281428571428548,40.914338643063545,40.66379414521577,40.98761110124758,0.037167338402703365,0.2173775180583023,-0.18021017965559893,46.887586964481905,42.74479453894087,39.67630546105912,0.07445882372066742,-2.7155788470700215,28.601954630575673,25.475770060820185,35.02060035314896,19335020.0,-167214133.0
2010-08-18,40.65,40.93,40.42,40.71,13889000.0,42.525,39.59,41.057500000000005,0.7081428571428547,40.89487781991463,40.66560613952103,40.98484880173268,0.01937952117593511,0.17777791868182888,-0.15839839750589377,46.54671028716828,42.69530521892071,39.794794781079304,0.0703238434149408,-3.3934504034171753,29.260915003434043,26.195279402864735,35.25317732499498,19154600.0,-181103133.0
2010-08-19,40.79,40.86,40.15,40.44,23710600.0,42.525,39.59,41.057500000000005,0.6968571428571408,40.851556122779904,40.656758839931975,40.979427420620915,-0.01631611364476271,0.13895911221651056,-0.15527522586127326,42.885094272500865,42.70487863457641,39.71722136542359,0.0724965092894459,-3.783012134189867,30.40751959831956,26.619516195162042,37.771627716277216,19039415.0,-204813733.0
2010-08-20,40.53,40.59,40.11,40.54,18025000.0,42.525,39.59,41.057500000000005,0.6393571428571414,40.82188411108658,40.65218006189543,40.97505500847544,-0.03611963250833128,0.10394336327154219,-0.14006299577987347,29.752789323999195,42.68306469724748,39.64703530275252,0.07375259824766302,-3.3611442193087093,32.16196373376214,16.75790414478833,41.61546195955763,18638680.0,-186788733.0
2010-08-23,40.38,40.48,39.95,39.98,14167100.0,42.525,39.59,41.057500000000005,0.6271428571428557,40.74170467193548,40.62582005946816,40.96515396361499,-0.09589595489421754,0.06397549963839025,-0.1598714545326078,28.813559322033967,42.69893359005224,39.49216640994775,0.07803198108078595,-5.305542396968265,33.64302271743558,17.084282460136713,40.03416856492029,18561165.0,-200955833.0
2010-08-24,39.67,39.82,39.31,39.58,20283400.0,42.525,39.31,40.917500000000004,0.6392857142857125,40.63106613175115,40.58480750811647,40.95137133711136,-0.1735452564228268,0.01647134842614684,-0.19001660484897365,24.193548387096797,42.75576739689507,39.27633260310493,0.08483105500871325,-4.164648910411617,34.13264922891543,14.413407821229082,46.42458100558666,18756200.0,-221239233.0
2010-08-25,39.32,39.69,39.03,39.55,18576800.0,42.525,39.03,40.7775,0.649999999999998,40.52810745253675,40.544226821523665,40.93742734370727,-0.2347970424475463,-0.033782329748591786,-0.2010147126989545,24.59016393442623,42.790749113073566,39.07835088692642,0.09069107211749353,-1.4943960149439661,33.81056893484451,14.175824175824209,47.19780219780228,18894315.0,-239816033.0
2010-08-26,39.58,39.69,39.13,39.22,15396300.0,42.525,39.03,40.7775,0.649285714285712,40.4035257903904,40.49229635793451,40.92033851441665,-0.3064353700458611,-0.08831293780804565,-0.2181224322378154,23.391812865497087,42.84665682246607,38.83544317753392,0.09821524287284866,-1.9745063734066481,33.784130758887656,14.191419141914233,45.37953795379546,18802805.0,-255212333.0
2010-08-27,39.65,40.03,39.11,39.97,21273900.0,42.525,39.03,40.7775,0.6899999999999983,40.36223761987703,40.47181414781943,40.91088240979559,-0.2992410640896068,-0.1304985630643579,-0.16874250102524893,29.94652406417117,42.81020970176136,38.74489029823864,0.09969503816493933,-0.19975031210985872,34.30114858227968,13.664596273292037,42.7018633540373,18821735.0,-233938433.0
2010-08-30,39.61,39.77,39.34,39.36,11222900.0,42.3,39.03,40.665,0.6492857142857125,40.26678641798398,40.42821359300298,40.89545074402648,-0.33885531367840827,-0.17216991318716798,-0.16668540049124028,31.698113207547223,42.603370928652566,38.64862907134743,0.09734509568515576,-2.8148148148148144,36.502500809247586,14.521452145214644,33.82838283828388,18026980.0,-245161333.0
2010-08-31,39.34,39.62,39.11,39.29,14184900.0,42.3,39.03,40.665,0.5921428571428555,40.17375914008074,40.383577765826395,40.87947610975756,-0.37161456547956817,-0.21205884364564803,-0.15955572183392014,39.810426540284396,42.446911115746644,38.536088884253346,0.09658378255913709,-3.795298726738505,36.32067988535696,15.922798552472992,27.44270205066351,17756995.0,-259346233.0
2010-09-01,39.88,40.41,39.8,40.3,22159800.0,42.3,39.03,40.665,0.6321428571428557,40.18578207912067,40.38030020638222,40.87371017831719,-0.3124759215576347,-0.23214225922804538,-0.08033366232958933,52.84872298624753,42.19493837192342,38.604061628076586,0.08888418777080989,-1.0071235568656411,34.011484059103175,23.84180790960465,21.18644067796615,17819350.0,-237186433.0
2010-09-02,40.42,40.7101,40.33,40.71,14474500.0,42.3,39.03,40.665,0.6407214285714272,40.23570759539489,40.39322961005351,40.87208122131901,-0.229874694307604,-0.2316887462439571,0.0018140519363531171,56.04395604395606,41.966247442359936,38.700752557640065,0.08096234853706896,0.667655786350152,32.19613320275479,26.19926199262003,20.902777003600896,17778285.0,-222711933.0
2010-09-03,41.06,41.15,40.75,40.95,15647300.0,42.3,39.03,40.665,0.6314357142857128,40.303735443452524,40.41506374299259,40.87285653254967,-0.14339367929053282,-0.21402973285327226,0.07063605356273944,54.285714285714306,41.76175323662271,38.80524676337728,0.0733924925402566,1.0113468179575813,31.171353321460106,26.9227723668286,21.21016730579976,17757265.0,-207064633.0
2010-09-07,41.15,41.18,40.49,40.54,28342800.0,41.47,39.03,40.25,0.6357214285714267,40.32623682979038,40.419963204051705,40.86954452725067,-0.10671033499750138,-0.1925658532821181,0.08585551828461671,47.180451127819516,41.37418876057323,39.02481123942677,0.05844295379660108,1.4007003501750992,30.517010717851466,21.010999876405997,23.988494511297674,18410065.0,-235407433.0
2010-09-08,40.6,40.94,40.53,40.72,15596300.0,41.18,39.03,40.105000000000004,0.6285785714285694,40.36373808409606,40.43172935291242,40.868056522004395,-0.06239477653432601,-0.16653163793255968,0.10413686139823367,50.09310986964616,41.256050551566595,39.0849494484334,0.054047151594657686,2.8802425467407744,29.483155232124684,21.24975852547142,21.363393597800123,17866420.0,-219811133.0
2010-09-09,41.05,41.08,40.75,40.91,12195300.0,41.18,39.03,40.105000000000004,0.6035785714285693,40.415763028467865,40.45048506456291,40.868473870044156,-0.011806862906091453,-0.13558668292726603,0.12377982002117457,54.44234404536861,41.34312769224383,39.07387230775617,0.05643720567759713,3.4386852085967146,29.03532656792408,23.786700749103705,19.053028958237242,17228415.0,-207615833.0
2010-09-10,40.81,40.98,40.74,40.79,10151900.0,41.18,39.03,40.105000000000004,0.5864357142857115,40.451404644804256,40.46379937575652,40.86769303551635,0.01838944392977737,-0.10479145755585735,0.12318090148563472,52.35404896421845,41.40675338949653,39.08824661050346,0.05760623092100301,4.003059663437014,26.84918255506846,24.48204041363704,19.24458898186387,16908395.0,-217767733.0
2010-09-13,41.85,41.9799,41.69,41.93,23224900.0,41.9799,39.03,40.50495,0.6292857142857119,40.592223250061,40.52129743945235,40.87826325406843,0.13277812371366338,-0.05727754130195321,0.19005566501561658,66.55348047538203,41.71787624905182,38.96512375094819,0.06823624550657839,4.903677758318747,26.542806774109643,34.16458569807061,16.118047673098832,17321250.0,-194542833.0
2010-09-14,41.86,42.3325,41.7199,42.1,26960300.0,42.3325,39.03,40.681250000000006,0.6251857142857123,40.735821035769476,40.58320734378755,40.89041983860506,0.23444699677837377,0.0010673663141121908,0.23337963046426158,72.26148409893995,42.00680455317658,38.836195446823425,0.07843868006761635,6.961382113821135,27.23741400846561,38.41715604506115,8.91163768480227,17805275.0,-167582533.0
2010-09-15,41.61,41.895,41.46,41.83,17536300.0,42.3325,39.03,40.681250000000006,0.6237571428571412,40.840028556172385,40.63210117344294,40.89976889493735,0.28989187457234067,0.05883226796575789,0.23105960660658278,69.32203389830508,42.16913396037386,38.77286603962613,0.08391855700990172,6.4647493000763445,27.903720576778227,38.50514165311614,8.701875730023174,17850965.0,-185118833.0
2010-09-16,41.42,41.7,41.41,41.59,14658800.0,42.3325,39.03,40.681250000000006,0.6137571428571417,40.91145440796549,40.669665833307924,40.90663686613201,0.31088268339015457,0.10924235105063723,0.20164033233951734,70.39586919104994,42.2833593347645,38.7466406652355,0.08729405577018375,3.2009925558312835,28.53398115776765,39.13250936852661,9.425552219351625,17889455.0,-199777633.0
2010-09-17,41.9,41.98,41.66,41.96,14311900.0,42.3325,39.03,40.681250000000006,0.5758999999999982,41.01131589292116,40.7202671731782,40.917118091344626,0.3533013206874145,0.1580541449779927,0.1952471757094218,68.3241252302026,42.47280092912315,38.70919907087685,0.0927201068770492,3.0704986489805908,29.183742348818605,40.9607322699875,10.04514672686241,17419520.0,-185465733.0
2010-09-20,42.12,42.54,42.01,42.48,15299100.0,42.54,39.03,40.785,0.5723285714285699,41.15119056978581,40.7892763036418,40.93266915511234,0.42399055138255903,0.21124142625890596,0.21274912512365307,79.21348314606742,42.75009500011041,38.62590499988959,0.10136133504278463,3.736263736263723,30.998088832632124,48.20532661058851,10.107830167486313,17283225.0,-170166633.0
2010-09-21,42.3699,42.66,42.19,42.45,19256700.0,42.66,39.03,40.845,0.5694714285714271,41.274886705996686,40.85440272310683,40.947766974464464,0.4721488882362195,0.2634229186543687,0.2087259695818508,79.81132075471707,42.98775728935721,38.63524271064279,0.10664921844858483,4.71139615194871,34.42769566844163,49.952336753380486,7.273662293354785,17537705.0,-189423333.0
2010-09-22,42.25,42.48,42.11,42.21,13130800.0,42.66,39.03,40.845,0.5158999999999985,41.36394511494938,40.90756340063205,40.96032650705686,0.48535386567727556,0.30780910805895006,0.1775447576183255,71.08167770419433,43.12376857528581,38.76223142471419,0.1065270534785341,3.6591355599214115,38.702247290065706,44.201534073602474,9.136599008667272,17180075.0,-202554133.0
2010-09-23,41.87,42.26,41.8,41.89,12177400.0,42.66,39.11,40.885,0.5194642857142843,41.414045580192294,40.94609032609746,40.96957698957371,0.4646414820122686,0.3391755828496138,0.12546589916265483,63.288288288288314,43.17622305062741,38.9437769493726,0.10307954459948389,2.3955023221706284,41.45448556977683,39.77174286696473,13.33654176693029,16860105.0,-214731533.0
2010-09-24,42.5,42.94,42.435,42.85,22783000.0,42.94,39.11,41.025,0.5630357142857128,41.5508031439835,41.02075345056423,40.98828766629437,0.5196999679498049,0.375280459869652,0.14441950808015286,68.41085271317831,43.3155022331629,39.1674977668371,0.10057840928011351,5.050257416033355,44.37213510478289,39.739930225182476,12.304471931493884,17229440.0,-191948533.0
2010-09-27,42.62,42.77,42.5,42.63,12905100.0,42.94,39.11,41.025,0.5387499999999987,41.653583796937454,41.08386115838524,41.00462311240089,0.5393645940495801,0.40809728670563766,0.13126730734394249,71.02615694165,43.44634103231033,39.302658967689666,0.10015062573857479,1.6694490818030205,48.40302130964392,41.53132250580057,9.411998674179731,16811000.0,-204853633.0
2010-09-28,42.36,42.6,42.13,42.49,16627000.0,42.94,39.11,41.025,0.5451785714285704,41.73324248294341,41.139003858056405,41.01940298192925,0.5374566561613818,0.43396916059678653,0.1034874955645953,67.95131845841794,43.42757752696703,39.63442247303297,0.09133310187411953,0.9263657957244709,51.864514135812456,41.041598427776044,14.148706190632218,17081205.0,-221480633.0
2010-09-29,42.78,42.87,42.5727,42.72,19616300.0,42.94,39.8,41.37,0.5466071428571416,41.827219389329755,41.201003706760076,41.03632434529314,0.5481845491987016,0.4568122383171696,0.09137231088153203,68.20925553319927,43.34977366467225,40.05522633532775,0.07900119487667397,2.127659574468077,54.66542869849686,42.63312642927152,14.111728193400907,17352775.0,-201864333.0
2010-09-30,42.93,43.22,42.57,42.82,16755700.0,43.22,40.33,41.775,0.5758928571428561,41.9217699236793,41.26449375747537,41.05407236175788,0.5583196842085769,0.4771137274954511,0.0812059567131258,70.50505050505056,43.40820383633556,40.24879616366444,0.07553241623943298,2.957441692714591,57.68853563961811,44.80620155038764,13.27007751937992,17082570.0,-185108633.0
2010-10-01,43.01,43.29,42.98,43.1,15093100.0,43.29,40.49,41.89,0.5244714285714274,42.03398231190032,41.336474394437126,41.074429850695616,0.5822338819033988,0.49813775837704066,0.08409612352635809,64.30317848410763,43.53302996817315,40.36297003182685,0.07557118185244363,2.716873212583404,58.19471289177006,36.53474246179827,14.57113284122799,17113500.0,-170015533.0
2010-10-04,43.41,43.58,42.99,43.35,20845800.0,43.58,40.49,42.035,0.5228571428571414,42.15931732981457,41.41543618289057,41.09707233974342,0.614277952668246,0.5213657972352818,0.09291215543296427,64.98800959232618,43.697667063190856,40.43833293680914,0.077477753313248,2.0480225988700695,56.742404846989494,35.792349726775925,14.616120218579331,17373425.0,-149169733.0
2010-10-05,43.79,44.35,43.76,44.27,21930400.0,44.35,40.53,42.44,0.548571428571427,42.36033472697509,41.527379861992905,41.12864375924846,0.7057737009578773,0.5582473779798008,0.14752632297807644,75.3112033195022,43.997666809666484,40.51133319033352,0.08250798422257907,4.2873969375736065,56.6206509251607,44.140625000000036,10.546875000000059,17052805.0,-127239333.0
2010-10-06,43.93,44.26,43.87,44.24,13224200.0,44.35,40.74,42.545,0.5471428571428559,42.539350467263176,41.63375712230691,41.159602527813156,0.7670222365015178,0.6000023496841442,0.16701988681737356,78.74186550976142,44.23117209674807,40.629827903251936,0.08487630816266911,4.809286898839149,56.777456296941615,44.25587467362926,9.92167101827676,16934200.0,-140463533.0
2010-10-07,44.14,44.14,43.58,43.86,13674800.0,44.35,40.74,42.545,0.566428571428571,42.665126613238115,41.72106076456939,41.18647215440208,0.7759545964117578,0.635192799029667,0.14076179738209083,70.56277056277057,44.33706195097715,40.818938049022854,0.08262773972366708,4.702793029362606,55.98512933832491,39.21815889029007,13.240857503152561,17008175.0,-154138333.0
2010-10-08,43.93,44.58,43.82,44.4,21388500.0,44.58,41.41,42.995,0.5792857142857137,42.83035265007258,41.82611720517451,41.21844755585082,0.8171870197441464,0.6715916431725629,0.1455953765715835,70.68965517241381,44.48562447361954,41.03137552638047,0.0807850824336463,3.61726954492414,54.748501523501666,36.86806411837235,12.946979038224393,17570005.0,-132749833.0
2010-10-11,44.68,44.84,44.59,44.82,10766600.0,44.84,41.41,43.125,0.5771428571428571,43.01984287387519,41.94352437359904,41.25428389857868,0.8736832258336946,0.7120099597047893,0.1616732661289053,73.55864811133195,44.81224730277799,40.99375269722201,0.08900297428049282,5.137227304714975,52.9757584300548,38.73762376237627,12.995049504950462,16947090.0,-121983233.0
2010-10-12,44.64,44.84,44.35,44.68,15563700.0,44.84,41.41,43.125,0.585714285714286,43.177953076363266,42.05083714326182,41.288370625956006,0.8968220399969127,0.7489723757632141,0.1478496642336986,75.05070993914802,45.05788096496751,41.006119035032484,0.09415695133702887,5.15415391856906,51.43995803401911,38.17073170731709,14.756097560975615,16377260.0,-137546933.0
2010-10-13,45.43,46.1782,45.43,45.74,29151200.0,46.1782,41.41,43.7941,0.6598714285714286,43.42195754528105,42.19551019646725,41.33266544559824,0.9892889509225498,0.7970356907950813,0.19225326012746846,83.95061728395058,45.50410758701854,40.950892412981474,0.10533144812994188,7.0692883895131065,52.63232713204017,48.36656491524319,9.742157563161639,16958005.0,-108395733.0
2010-10-14,46.15,46.22,45.51,45.88,30222100.0,46.22,41.66,43.94,0.6355857142857145,43.65605682668286,42.33999999268422,41.37791255559229,1.0616286794150298,0.8499542885190711,0.21167439089595874,81.23711340206181,45.87220986748207,41.01179013251793,0.11188296429639841,7.146193367585241,53.29158056726366,43.04241307230672,10.114405160594258,17736170.0,-78173633.0
2010-10-15,46.39,46.42,45.54,46.2,27549500.0,46.42,41.8,44.11,0.6734428571428575,43.898337128903535,42.49137254199072,41.425893525188386,1.1317338378702146,0.9063101983892998,0.22542363948091482,86.06060606060599,46.2723353490352,41.035664650964804,0.11995855358204054,7.1925754060324865,53.32298827131323,42.74410810122822,9.545830593326384,18398050.0,-50624133.0
2010-10-18,45.89,46.5525,45.85,46.33,20501600.0,46.5525,41.8,44.176249999999996,0.6879071428571432,44.12992406900796,42.641906952108734,41.474690604539745,1.1841326504733374,0.9618746888061074,0.22225796166723,88.86639676113353,46.66022781386786,41.032772186132135,0.12834446598327637,6.874279123414073,55.371787958527236,43.22115734058791,5.503234448170962,18658175.0,-30122533.0
2010-10-19,45.74,45.86,45.15,45.24,29260200.0,46.5525,41.8,44.176249999999996,0.7450500000000007,44.2356455862453,42.743792953986826,41.5121563696687,1.1247398951000207,0.9944477300648901,0.13029216503513064,71.72413793103449,46.78481478675058,41.18718521324943,0.1272593455531567,2.191100067765972,55.49421983738572,37.31772556012542,11.792113664471254,19158350.0,-59382733.0
2010-10-20,45.76,46.5,45.71,46.18,21289400.0,46.5525,41.8,44.176249999999996,0.7886214285714291,44.420822197079076,42.87854617147754,41.55860257494563,1.1403753158747705,1.023633247226866,0.11674206864790437,75.3012048192771,47.015898947518245,41.353101052481755,0.12816254331352603,4.385171790235076,55.51196558928155,37.882561794089156,11.140597969331683,19566280.0,-38093333.0
2010-10-21,46.35,46.44,45.52,46.14,16812600.0,46.5525,42.13,44.34125,0.820764285714286,44.58455341640488,43.00644632161568,41.604188618976025,1.136438676129913,1.0461943330074754,0.09024434312243756,73.75,47.13987670732508,41.65412329267493,0.12356135357456917,5.198358413132698,55.91841456820987,35.789812631084295,12.35781980210084,19798040.0,-54905933.0
2010-10-22,45.95,46.01,45.54,45.67,14355900.0,46.5525,42.13,44.34125,0.8214785714285721,44.68792928150918,43.11089940704252,41.64464445361308,1.0829106686246277,1.053537600130906,0.029373068493721677,67.52265861027192,47.23559034773963,41.84040965226036,0.12113657316177802,2.86036036036037,56.19113627484928,33.237107306511795,12.347074525898428,19376685.0,-69261833.0
2010-10-25,46.17,46.56,46.15,46.22,14363000.0,46.56,42.13,44.345,0.8136214285714293,44.8338407785083,43.23282492049183,41.69017037944778,1.072506552560661,1.057331390616857,0.015175161943803861,65.59999999999998,47.35767443602486,42.077325563975144,0.11808238099289348,3.1236055332440893,54.90727081228796,31.626677903904092,12.466310235543036,19449580.0,-54898833.0
2010-10-26,46.08,46.3,45.76,46.17,13769300.0,46.56,42.57,44.565,0.8236214285714288,44.96109403769799,43.34800825694313,41.73474579855775,1.0481442786921988,1.0554939682319255,-0.0073496895397267,65.39074960127594,47.39700564436554,42.405994355634455,0.11115466718775736,3.3348254252461906,52.746148593289895,31.242682577814058,15.697225667132106,19306695.0,-68668133.0
2010-10-27,44.99,45.14,44.39,45.08,28841300.0,46.56,42.57,44.565,0.9036214285714286,44.97241841506008,43.41592950176889,41.76803191001489,0.9301607959896359,1.0304273337834677,-0.10026653779383188,58.73925501432666,47.29408706489709,42.74491293510291,0.10104897055263122,-1.442938347179723,49.9929321812845,28.476685084619874,22.844585675100987,19767945.0,-97509433.0
2010-10-28,45.32,45.45,45.01,45.11,10192700.0,46.56,42.98,44.769999999999996,0.8807642857142862,44.9855214231496,43.482363638954425,41.80128532384559,0.8295166338039905,0.9902451937875724,-0.16072855998358182,55.4868624420402,47.15928646447006,43.108713535529944,0.08974548962955008,-1.678291194420234,47.21688963175872,28.161418248761294,23.43743664187758,19439795.0,-87316733.0
2010-10-29,44.63,45.0,44.59,44.972,9945700.0,46.56,42.99,44.775000000000006,0.8864785714285713,44.984233668563924,43.54078075115229,41.83283472360832,0.7302026419627694,0.9382366834226118,-0.2080340414598424,51.22818358112476,47.016298368266526,43.43890163173348,0.07909764693534581,-2.6580086580086593,43.76932249271872,25.884921881924516,26.670534297017856,19182425.0,-97262433.0
2010-11-01,45.62,45.87,45.28,45.43,14999700.0,46.56,43.58,45.07,0.915621428571428,45.026687604891166,43.61486778051887,41.868627412925655,0.6806067493012691,0.8867106965983433,-0.20610394729707426,55.7639102367046,46.88734404605959,43.7758559539404,0.06863839114699655,-1.9425857975393868,41.62048379362609,31.848003307667742,23.949386443243036,18890120.0,-82262733.0
2010-11-02,46.03,46.1188,45.86,46.0125,11337200.0,46.56,43.58,45.07,0.8578071428571425,45.120574499663434,43.7088925734397,41.90985997598112,0.6804606026371189,0.8454606778060985,-0.16500007516897952,52.26009786845817,46.918298815774065,43.91915118422594,0.06603328542463767,1.7075596816976235,36.96327811701097,24.923184531987822,25.563521604090116,18360460.0,-70925533.0
2010-11-03,46.64,47.03,46.09,46.99,30709800.0,47.03,43.58,45.305,0.8797714285714281,45.298615023505015,43.837563452912654,41.960408632936534,0.7505687714599389,0.8264822965368667,-0.07591352507692772,58.08330905913196,47.10425024374475,44.008199756255244,0.06796108517528629,1.7540060632308396,33.35518031322218,31.359606391270567,24.925305274097127,19234740.0,-40215733.0
2010-11-04,47.58,47.94,47.54,47.88,23943400.0,47.94,43.82,45.879999999999995,0.8847714285714277,45.54446121174263,43.99609037632784,42.01931003957398,0.8679404846805525,0.8347739341656039,0.033166550514948656,61.29639591178054,47.41776050256267,44.096689497437325,0.07258025383150633,3.771131339401834,30.224534125607686,36.91429586333847,24.784447960732365,19748170.0,-16272333.0
2010-11-05,47.73,47.94,47.57,47.828,12235200.0,47.94,44.35,46.144999999999996,0.8610214285714274,45.76194109633857,44.14636134196205,42.07710794962797,0.9458591718513389,0.8569909817027509,0.08886819014858804,60.179396575156346,47.70306554563909,44.1541844543609,0.07726948262174603,4.725202539960582,25.998218531887826,36.833329185436,25.468090225064895,19290505.0,-28507533.0
2010-11-08,47.91,47.99,47.675,47.93,14190000.0,47.99,44.35,46.17,0.7992357142857135,45.96842289668727,44.29473932855177,42.13534568147247,1.0042643065651902,0.8864456466752388,0.11781865988995133,71.11459968602827,47.9897335607622,44.17851643923782,0.08270130162012143,3.6996971008221635,24.493019685384777,40.12762192451729,21.180949657261785,19461675.0,-14317533.0
2010-11-09,47.76,47.78,46.67,46.91,30898500.0,47.99,44.39,46.19,0.7992357142857135,46.05809690652658,44.39729857056935,42.182854679666775,0.9572111863943888,0.9005987546190689,0.05661243177531994,55.65891472868215,48.01428508730768,44.37696491269232,0.07873733009598537,1.6027723630062773,21.066215462812742,34.40787180610058,30.16274476508798,20228415.0,-45216033.0
2010-11-10,46.91,47.33,46.4,47.24,25520400.0,47.99,44.39,46.19,0.7999499999999996,46.170659105905,44.508777057998,42.23317453360044,0.9357626029398389,0.907631524283223,0.028131078656615904,58.16023738872405,48.13335454431696,44.40789545568305,0.08051456163892126,4.79148181011535,17.976235990507824,34.37714857178583,30.85014241961545,20046875.0,-19695633.0
2010-11-11,47.37,47.47,47.0,47.45,18494900.0,47.99,44.39,46.19,0.790664285714285,46.292501095818814,44.624119134154945,42.28508324470889,0.9250463326784057,0.9111144859622596,0.013931846716146112,63.73456790123458,48.27383736060372,44.42441263939628,0.0830528024252333,5.187319884726227,15.216140165965157,36.04563974235057,31.212452458601664,19460515.0,-1200733.0
2010-11-12,46.4,46.64,45.68,46.022,24530200.0,47.99,44.39,46.19,0.8535214285714281,46.266739086693214,44.67893799163907,42.32226649600533,0.7921940259758244,0.8873303939649726,-0.09513636798914815,48.6545256863278,48.269481591896614,44.41096840810338,0.08326487805774002,2.3347860891221206,13.273019155300547,28.788297222431495,39.96049977822964,19309550.0,-25730933.0
2010-11-15,45.65,46.02,45.31,45.42,16478600.0,47.99,44.39,46.19,0.8658071428571422,46.18609726891291,44.70799924686891,42.35308971495055,0.6310568167247865,0.8360756785169354,-0.2050188617921489,45.25916561314792,48.26743095549621,44.32201904450379,0.08522378977286114,-0.022011886418660254,12.053632500137258,28.379794246491773,39.22846559362438,19108400.0,-42209533.0
2010-11-16,44.72,44.8,43.96,44.11,27395900.0,47.99,43.96,45.975,0.8429499999999993,45.988373719492635,44.68454829601131,42.37057140932915,0.3931167602833767,0.7474838948702237,-0.354367134586847,44.034440344403464,48.39432700117754,44.08212299882246,0.09326058693548625,-4.134745992936706,12.401259471002744,29.14933100590619,40.122698346792276,19015185.0,-69605433.0
2010-11-17,43.89,44.44,43.85,44.16,20049000.0,47.99,43.85,45.92,0.8536642857142844,45.814242889064765,44.663977774599104,42.388376668937816,0.20620512905112065,0.6392281417064032,-0.43302301265528254,44.171779141104274,48.48549622245676,43.78895377754324,0.10179507859247101,-6.022557991061939,13.283366321539898,26.189619539297045,40.539522897090684,18953165.0,-49556433.0
2010-11-18,44.98,45.34,44.96,45.1,21400600.0,47.99,43.85,45.92,0.9008071428571424,45.74621975677288,44.68107668539914,42.415357995615054,0.13240023131586298,0.5378625596282952,-0.40546232831243223,50.71492403932082,48.478858759856294,43.691591240143694,0.10387857539401404,-5.806182121971593,13.510292481216245,31.955468508401275,35.087580186023644,19182565.0,-28155833.0
2010-11-19,44.66,44.76,44.045,44.66,20450800.0,47.99,43.85,45.92,0.9120214285714283,45.64277025612785,44.68025014871682,42.43769274192734,0.037967331593755205,0.43788351402138725,-0.39991618242763205,45.690620102977384,48.50658310091531,43.562866899084696,0.10739102279487085,-6.62373505059799,14.331090286531987,24.748791930014267,41.822325603251784,19487310.0,-48606633.0
2010-11-22,44.62,44.8799,43.95,44.48,20046900.0,47.99,43.85,45.92,0.9292428571428566,45.532030231734716,44.67239720170832,42.4580142071818,-0.05081020900440336,0.3401447694162292,-0.39095497842063254,41.01857821016232,48.51284958864499,43.38260041135501,0.11165404113674797,-7.197997079073659,16.210623943863688,23.29930665518787,41.047242762925265,19771505.0,-68653533.0
2010-11-23,43.56,43.63,43.2,43.47,16853400.0,47.99,43.2,45.595,0.9479928571428563,45.33564640014093,44.62524437026878,42.4680837175581,-0.20035602902854777,0.2320446097272738,-0.4324006387558216,29.448855674918278,48.602917211358154,43.02253278864185,0.12180861153132251,-7.333191217224466,18.848181686643922,15.972844882797569,45.88642168792714,19925710.0,-85506933.0
2010-11-24,43.96,44.3,43.86,44.2,13119700.0,47.99,43.2,45.595,0.9394214285714279,45.22748960012751,44.60856812045432,42.485316715393346,-0.257004679713809,0.13423475183905725,-0.3912394315528663,28.105663969538355,48.63430460473279,42.90314539526722,0.125219988310043,-6.435224386113458,21.21712503600522,14.293752233517651,46.30509660201188,19139630.0,-72387233.0
2010-11-26,43.34,43.5,43.17,43.2,9028700.0,47.99,43.17,45.58,0.9865642857142853,45.03439535249632,44.55333015494631,42.49242799185709,-0.37823077720552334,0.03174164603014114,-0.40997242323566446,25.25662959794701,48.75071099509532,42.59573900490467,0.13476105508622713,-8.956796628029506,23.955800088019313,13.610726981805596,49.08810518465958,19081430.0,-81415933.0
2010-11-29,43.57,43.97,43.25,43.84,15418700.0,47.99,43.17,45.58,1.0190642857142846,44.92064341416334,44.52535642337979,42.505836668555034,-0.4178440356140669,-0.058175490298700484,-0.3596685453153664,29.322548028311488,48.78860085567028,42.444649144329716,0.1390710450705322,-4.741210725305278,25.272733065450126,16.120530738983266,47.52258724740484,19355080.0,-65997233.0
2010-11-30,43.19,43.68,43.14,43.34,12069100.0,47.99,43.14,45.565,0.979064285714285,44.77010594614778,44.478871857757056,42.51413680120623,-0.4840043487761605,-0.1433412619941925,-0.340663086781968,30.949839914621208,48.843683318408246,42.18056668159176,0.1464031098705341,-4.5794804051078835,27.931804201272737,16.779140432920663,42.93458039381627,19208550.0,-78066333.0
2010-12-01,44.3,44.61,44.16,44.45,19699200.0,47.99,43.14,45.565,1.003349999999999,44.73961966556228,44.47773962804109,42.53339912159224,-0.441776624344449,-0.20302833446424381,-0.23874828988020516,36.25615763546799,48.78934916215999,42.078650837840016,0.14770212449531137,0.7708002720471674,29.47170183038641,22.993685439492015,39.973232528173476,19626650.0,-58367133.0
2010-12-02,44.45,45.18,44.4,45.06,17955900.0,47.99,43.14,45.565,1.0254928571428563,44.770132078365876,44.50057336811791,42.55853942884008,-0.354996764754425,-0.23342202052228006,-0.12157474423214493,38.67298578199053,48.61452506294438,42.060474937055616,0.1445613482412741,2.038043478260887,30.464090520510904,25.492272008581264,39.1101143004409,18988955.0,-40411233.0
2010-12-03,43.91,44.58,43.89,44.42,14299900.0,47.99,43.14,45.565,0.9826357142857134,44.736786166140554,44.49741362819172,42.57706142457302,-0.3340154301496554,-0.2535407024477551,-0.08047472770190028,41.79471419791028,48.23519897751863,42.093801022481365,0.13597843339430887,-1.5077605321507703,30.26958088049515,26.60410412229502,34.927927076594266,18506780.0,-54711133.0
2010-12-06,43.81,43.97,43.67,43.84,12850000.0,47.99,43.14,45.565,0.9853499999999994,44.651377959841454,44.47163270159597,42.589627977562344,-0.3600384252011892,-0.27484024699844195,-0.08519817820274728,41.889117043121175,47.81774508095597,42.112454919044026,0.12688263034913627,-1.836094939543198,29.97824536291705,26.530819360778274,33.744354797787565,18537520.0,-67561133.0
2010-12-07,44.41,44.52,43.94,43.99,14026400.0,47.78,43.14,45.46,0.9296357142857136,44.588389582713695,44.452745144670644,42.60356202753685,-0.36435799767517807,-0.2927437971337892,-0.0716142005413889,49.300699300699314,47.28279499249325,42.25340500750674,0.11234316365864329,-1.101618705035956,29.706847682208636,32.34677177696339,25.393971524944448,18529340.0,-53534733.0
2010-12-08,43.69,43.81,43.13,43.3,22338300.0,47.47,43.13,45.3,0.9489214285714281,44.46568581293144,44.40753945272278,42.61049175860614,-0.41863278525251246,-0.31792159475753384,-0.10071119049497862,45.33622559652929,46.96970472172626,42.20549527827373,0.1068505468662258,-0.3910743041177889,28.34895811519866,31.689361606033966,30.147009010229585,18101330.0,-75873033.0
2010-12-09,43.51,43.57,43.1201,43.36,10113300.0,47.47,43.1201,45.29505,0.8967714285714276,44.360382402176064,44.36645947418463,42.61794955205284,-0.451598698194843,-0.3446570154449957,-0.10694168274984728,39.568345323741006,46.47977326827627,42.30742673172373,0.09398531627424986,-1.9004524886877872,28.702746996188154,26.363621881670777,31.97900404626115,17330975.0,-65759733.0
2010-12-10,43.43,43.59,43.35,43.43,15274200.0,46.64,43.1201,44.88005,0.838557142857142,44.271774554349776,44.32973557323621,42.62602965601252,-0.4666962231702314,-0.3690648569900429,-0.09763136618018853,42.28356336260981,45.74528791048803,42.63991208951198,0.07026913603128239,0.5324074074074092,27.12632094846031,28.36419700505976,26.405049489769794,17169940.0,-50485533.0
2010-12-13,43.86,44.16,43.74,43.87,18292600.0,46.02,43.1201,44.57005,0.8242785714285706,44.23351031107837,44.31170672722695,42.63840747038056,-0.4381065778014275,-0.3828732011523198,-0.05523337664910766,46.29404617253949,45.38092884795214,42.78907115204786,0.058792280728235925,0.06843065693429295,25.862286578097205,32.755916429085154,26.86245114775686,16858060.0,-32192933.0
2010-12-14,43.9,44.0,43.57,43.78,11920200.0,45.34,43.1201,44.230050000000006,0.7635642857142854,44.19031885288043,44.29085548302197,42.649766600028514,-0.4178941026230021,-0.3898773814464563,-0.0280167211765458,52.12038303693571,45.141199871452976,42.864800128547024,0.05173283055487016,1.0152284263959421,23.83688900193905,35.36048045351215,23.57271817322888,16630140.0,-44113133.0
2010-12-15,43.21,43.25,42.65,42.76,18194100.0,45.34,42.65,43.995000000000005,0.784992857142857,44.05409800974896,44.23082193466817,42.65086344977948,-0.47866331320830824,-0.4076345677988267,-0.07102874540948156,40.52631578947365,45.200086056677826,42.670913943322184,0.057565570287253856,-3.8020247469066515,20.423440004795555,28.298710634309682,31.300557784875156,16170050.0,-62307233.0
2010-12-16,42.54,42.72,42.38,42.6,12367400.0,45.34,42.38,43.86,0.7385642857142852,43.91561248501097,44.16686813330864,42.650357345801574,-0.5335831982741936,-0.4328242938939001,-0.10075890438029356,45.56213017751478,45.249777573658484,42.46522242634152,0.0634909684162792,-5.459387483355527,16.486729309252397,30.077660325535078,29.206278590701988,15785970.0,-74674633.0
2010-12-17,42.52,42.66,42.38,42.59,12072300.0,45.18,42.38,43.78,0.7035642857142851,43.78936367691468,44.10503016729654,42.649756775196586,-0.5713285988440617,-0.4605251548839324,-0.11080344396012931,39.8042414355628,45.10507338708564,42.358926612914374,0.06279490474186557,-4.119765871229175,13.441820805802227,26.802302561447355,30.659194509588882,15319555.0,-86746933.0
2010-12-20,42.49,42.53,42.21,42.38,10129600.0,45.18,42.21,43.695,0.6807071428571422,43.65513856482757,44.03738192544178,42.64707262817971,-0.6111424756569832,-0.4906486190385426,-0.12049385661844059,41.78082191780821,45.0442294788437,42.19177052115631,0.06539637208692259,-3.3302919708029233,10.862485343521167,27.70228438913318,32.318282458367854,14803495.0,-96876533.0
2010-12-21,42.97,43.325,42.89,43.27,19474500.0,45.18,42.21,43.695,0.6574928571428568,43.618458701510654,44.00728851660092,42.65327091048638,-0.5643739463718731,-0.5053936845052087,-0.058980261866664385,39.5017793594306,44.93146659731351,42.1835334026865,0.06308748653221624,-1.6367356217322104,9.671628621258572,27.21376658084285,33.45935317059389,14774875.0,-77402033.0
2010-12-22,43.11,43.24,43.091,43.15,11939100.0,45.18,42.21,43.695,0.6145642857142855,43.573843587081065,43.97366935908716,42.65821348849149,-0.5308729738963933,-0.5104895423834457,-0.020383431512947636,31.38401559454188,44.927160017543066,42.15583998245693,0.06364778510354797,-0.34642032332563577,9.796663917278286,22.48980113669386,35.79655737514379,14529160.0,-89341133.0
2010-12-23,42.64,42.71,42.52,42.6,12892600.0,45.18,42.21,43.695,0.5759928571428564,43.48109657878763,43.919799972456296,42.65763424980003,-0.5424505826532453,-0.5168817504374056,-0.02556883221583972,31.944444444444443,44.87161794952969,42.05138205047031,0.06489044094334949,-1.7527675276752697,10.52735944463815,23.995833281662776,38.95013579037437,14517805.0,-102233733.0
2010-12-27,42.28,42.71,42.23,42.548,9806100.0,45.18,42.21,43.695,0.5567071428571424,43.39223023795071,43.866003895105074,42.65654336174232,-0.5494877338712598,-0.5234029471241765,-0.026084786747083366,35.68262411347516,44.89356448825824,41.96423551174177,0.06745114374337072,-2.030854248215519,11.443561165921478,24.82710837963027,41.19760325382678,14556675.0,-112039833.0
2010-12-28,42.15,42.3,41.91,42.19,12287100.0,45.18,41.91,43.545,0.5537071428571428,43.27773212005064,43.80027825215978,42.651901139237424,-0.5772976075164706,-0.5341818792026354,-0.043115728313835255,30.93220338983049,44.8969275706595,41.795872429340506,0.07154123851851582,-3.8294962388876197,13.701476841203391,17.86658754627895,45.548833189282654,14400095.0,-124326933.0
2010-12-29,42.67,42.9,42.65,42.78,9595200.0,45.18,41.91,43.545,0.5429928571428572,43.2303290609982,43.76026734031038,42.6531757547674,-0.545441552879339,-0.5364338139379762,-0.009007738941362864,44.37229437229442,44.88950305200099,41.74729694799902,0.07253744607376937,-2.2841480127912317,14.640303134201337,26.11189307936173,35.792367697549395,14276400.0,-114731733.0
2010-12-30,42.79,43.0,42.615,42.67,7980100.0,45.18,41.91,43.545,0.5383571428571428,43.17696438852218,43.71751175833742,42.653343160192605,-0.5230421761365207,-0.5337554863776851,0.010713310241164398,42.612419700214154,44.73071288509562,41.72808711490439,0.06945795616388915,-0.21047708138446364,14.885139392307595,27.663526602096344,35.96921852195842,13690445.0,-122711833.0
2010-12-31,42.93,43.1199,42.87,43.09,6275700.0,44.58,41.91,43.245,0.5533499999999998,43.16868206580578,43.6929034540889,42.657688004369795,-0.4660279387894519,-0.5202099768600386,0.054182038070586636,46.61354581673311,44.36040634509883,41.90139365490118,0.05701278411064117,1.1502347417840397,15.397184525186631,28.203539480308248,34.994643018497804,13106435.0,-116436133.0
2011-01-03,43.8,43.92,43.63,43.73,15317200.0,44.52,41.91,43.215,0.560492857142857,43.22214091668142,43.69435822059522,42.6683577754706,-0.3649936737592512,-0.4891667162398811,0.12417304248062994,48.659003831417614,44.206529892829685,41.98627010717032,0.051518451324457856,2.6766846677623635,15.103553448554349,30.77648498133029,34.54867527303784,13157300.0,-101118933.0
2011-01-04,44.22,44.32,43.78,44.2825,15487600.0,44.52,41.91,43.215,0.5719214285714287,43.323127496045096,43.71742260410129,42.684418892132584,-0.2376022276671108,-0.43885381852532707,0.20125159085821626,54.42146942366914,44.30599881024033,41.931051189759664,0.055079519080967365,4.489145823501639,14.040257251142902,35.157176934893705,31.73512845171044,13289180.0,-85631333.0
2011-01-05,44.0,44.42,43.99,44.32,13247900.0,44.42,41.91,43.165,0.5219214285714285,43.41806773451699,43.74105309021496,42.700693331016836,-0.13209494394629218,-0.3775020436095201,0.24540709966322793,66.59574468085108,44.38120444450285,41.88884555549715,0.05778039746136001,2.4266235266928504,15.718158589916936,39.89379901189295,22.18451053114183,13250255.0,-72383433.0
2011-01-06,44.07,44.135,43.74,43.97,9788500.0,44.42,41.91,43.165,0.536207142857143,43.47063271218204,43.75003140040261,42.71332324812115,-0.07584741460438238,-0.3171711178084926,0.24132370320411023,64.00817995910015,44.46824940297585,41.868800597024155,0.06021629893427434,1.9003476245654793,17.691494381563476,38.83094219984288,21.327045784544964,12622765.0,-82171933.0
2011-01-07,43.91,44.02,43.29,43.65,12219400.0,44.42,41.91,43.165,0.5683500000000008,43.487715311021844,43.746108600386826,42.72264341480651,-0.05644154501052867,-0.26502520324889983,0.20858365823837116,60.19230769230763,44.49812333432869,41.86792666567131,0.06090811536842026,2.464788732394352,18.45479265117719,36.63487036408654,25.776370194422533,12728070.0,-94391333.0
2011-01-10,43.3,43.41,43.07,43.31,8000100.0,44.42,41.91,43.165,0.5826357142857148,43.47079004330548,43.729006302332444,42.728487758937796,-0.06771681475881053,-0.225563525550882,0.15784671079207147,58.724202626641635,44.48846881965526,41.86558118034474,0.06074729880788497,1.7909184920560373,19.0646052427621,35.73661562603444,25.75733428140598,12364365.0,-102391433.0
2011-01-11,43.79,43.9,43.65,43.798,10040900.0,44.42,41.91,43.165,0.5572785714285716,43.501952896324006,43.731711937535096,42.73912967178419,-0.03685023903727824,-0.18782086824816124,0.150970629210883,55.35714285714285,44.47723235076216,41.86961764923783,0.06039860635389309,3.8113296989808143,19.101081821735903,33.45338955895366,26.929337725425928,11951780.0,-92350533.0
2011-01-12,44.74,44.85,44.46,44.69,18877800.0,44.85,41.91,43.379999999999995,0.6196357142857144,43.615100239531245,43.76929186155333,42.75854131684107,0.058909616460070424,-0.13847477130651492,0.19738438776658535,63.50877192982457,44.66735435896145,41.77049564103855,0.0670275514238935,4.464703132304804,19.311286461446507,41.03793703673828,24.21929935791774,12299660.0,-73472733.0
2011-01-13,44.71,44.74,44.385,44.56,10316900.0,44.85,41.91,43.379999999999995,0.5999928571428578,43.70509069290922,43.80030002384535,42.77646627886255,0.12289343924050655,-0.08620112919711063,0.2090945684376172,68.56060606060609,44.85751492822383,41.760335071776176,0.07151366274844395,4.429341457698621,20.317969063251834,42.38145692210628,19.107370325837326,11905800.0,-83789633.0
2011-01-14,44.42,44.595,44.37,44.55,7850400.0,44.85,41.91,43.379999999999995,0.5817785714285719,43.78555824596549,43.82970002291024,42.79411338056541,0.17082499909137283,-0.03479590353941395,0.20562090263078678,69.11034746086288,45.01159353599683,41.80125646400317,0.07395995113612014,3.38825713622648,21.80431016283199,43.70833282176584,16.329236700266478,11679950.0,-91640033.0
2011-01-18,44.09,44.27,43.96,44.22,10130500.0,44.85,41.91,43.379999999999995,0.5783499999999998,43.82693365111163,43.84500590436474,42.80830130712695,0.18010670553759667,0.008184618275988173,0.17192208726160849,69.48176583493286,45.08405176831547,41.891798231684525,0.07340551513163582,1.1205122341641838,21.755714236610544,43.967444330546385,17.53757610937522,11582860.0,-101770533.0
2011-01-19,44.53,44.61,44.12,44.34,18032800.0,44.85,41.91,43.379999999999995,0.5626357142857142,43.875797112910526,43.86441743752691,42.82354209014062,0.19489884927138945,0.04552746447506843,0.149371384796321,66.45569620253168,45.13563819163344,42.03621180836655,0.07111071712409196,0.12984813413878804,23.48376367349536,41.894653988244166,18.027396564638394,11978020.0,-83737733.0
2011-01-20,43.84,43.85,43.11,43.61,22490600.0,44.85,41.91,43.379999999999995,0.6229928571428575,43.85048310215714,43.854440283114094,42.83136754198002,0.14603344793152218,0.06562866116635918,0.080404786765163,58.76865671641789,45.14548904030043,42.060360959699565,0.0707550716058812,-1.6019855595667876,23.528348531171947,36.68925348834545,27.86090186771229,12128825.0,-106228333.0
2011-01-21,43.69,43.83,43.18,43.23,16010000.0,44.85,41.91,43.379999999999995,0.6372857142857146,43.79138947338027,43.82995242887433,42.835334034099624,0.07577100018169602,0.06765712896942655,0.008113871212269474,51.315789473684156,45.144952112041715,42.06889788795829,0.07054049842045548,-1.682965658403457,23.603534813520856,34.52252858103565,27.23604572965701,12332370.0,-122238333.0
2011-01-24,42.9301,43.16,42.9301,43.07,10906000.0,44.85,41.91,43.379999999999995,0.5994214285714285,43.72268571401072,43.800150372840044,42.83766901883495,0.007095053936886586,0.05554471396291856,-0.048449660026031974,43.181818181818215,45.11718060852503,42.14366939147496,0.06815224048470934,-1.3287514318442106,23.766976208233608,27.169055875308352,31.934365280806453,12233040.0,-133144333.0
2011-01-25,42.76,42.93,42.44,42.83,15953600.0,44.85,41.91,43.379999999999995,0.6022785714285713,43.63766802696208,43.76210526017965,42.83759271018983,-0.06593704131402234,0.031248362907530382,-0.09718540422155272,33.95913859745997,45.09291145159531,42.19613854840469,0.0663719653997981,-1.1082890787347144,25.22617595302404,22.29627960483406,37.59532252517229,12540415.0,-149097933.0
2011-01-26,43.16,43.22,42.92,43.09,15161300.0,44.85,42.44,43.644999999999996,0.5994214285714285,43.58550916725141,43.735748191153,42.840104225511325,-0.1016637593446319,0.004665938457097925,-0.10632969780172982,37.05263157894743,44.99667261680243,42.38237738319758,0.05983803288327921,-1.6165121695054574,24.687963778134296,24.666642834161518,37.77452066874012,12684125.0,-133936633.0
2011-01-27,43.21,43.35,43.015,43.14,11325900.0,44.85,42.44,43.644999999999996,0.5819214285714287,43.54307972275127,43.71238551699014,42.84308826306843,-0.12450761239603025,-0.021168771713527712,-0.10333884068250254,40.67415730337082,44.9711270140879,42.443922985912096,0.05782079923710626,-3.468337435667923,23.614103377020793,27.004136542734074,35.841853956719746,12770660.0,-122610733.0
2011-01-28,42.95,43.0,41.89,42.03,25557800.0,44.85,41.89,43.370000000000005,0.6190642857142856,43.39897689201305,43.64640961436307,42.83499783259014,-0.22953333644032625,-0.06284168465888743,-0.16669165178143883,34.54198473282446,45.07488047099996,42.27616952900004,0.06407961763481754,-5.677737881508083,24.090829646653933,25.383931971062353,41.47965247089501,13649545.0,-148168533.0
2011-01-31,42.54,42.91,42.4,42.55,22314200.0,44.85,41.89,43.370000000000005,0.6404928571428569,43.31812194991657,43.60341315889786,42.832162033260886,-0.2677212018717299,-0.10381758810145592,-0.16390361377027396,42.98892988929885,45.114691985358185,42.1823580146418,0.06718059706980674,-4.489337822671158,24.43712700439807,24.53467753627233,37.63842576587228,14451470.0,-125854333.0
2011-02-01,42.71,43.03,42.62,42.84,18007400.0,44.85,41.89,43.370000000000005,0.6326357142857145,43.27258652611499,43.57347538796069,42.83224002297968,-0.27145561265847107,-0.13734519301285894,-0.13411041964561213,40.82726924549984,45.1131750736321,42.094874926367886,0.06922067738618656,-3.1207598371777334,25.78559107668528,20.661856857365496,38.10588354841986,14585980.0,-107846933.0
2011-02-02,42.96,43.08,42.745,42.79,8566900.0,44.85,41.89,43.370000000000005,0.5814214285714289,43.22662590458023,43.542750862942626,42.831819724243566,-0.27527652580867823,-0.16493145957202282,-0.11034506623665541,28.310502283105123,45.04487920508978,42.01392079491023,0.06963014445821791,-3.4957149300857138,28.001419178965527,11.425201783805688,41.46242582832711,14239945.0,-116413833.0
2011-02-03,42.93,42.95,42.58,42.68,10378200.0,44.85,41.89,43.370000000000005,0.5824928571428575,43.174566294620206,43.50891749576841,42.83030908022124,-0.2839079930823871,-0.18872676627409568,-0.09518122680829144,28.440366972477136,44.960234133603656,41.93456586639635,0.06963980047614605,-2.1325384086218757,29.417723552956357,11.404186440054435,42.48979141375117,14096460.0,-126792033.0
2011-02-04,42.78,42.89,42.42,42.87,10429400.0,44.85,41.89,43.370000000000005,0.5999928571428573,43.145559980846855,43.48386190769906,42.8307040147464,-0.2722784247859167,-0.2054370979764599,-0.06684132680945679,31.497797356828244,44.90521882590309,41.8795811740969,0.0697273635891583,-0.8327550312283161,30.376835340153878,11.071560375718752,42.97670210359637,14128505.0,-116362633.0
2011-02-07,42.42,42.68,42.39,42.47,11147600.0,44.85,41.89,43.370000000000005,0.5921357142857145,43.08122093505192,43.444102617201054,42.82711492007231,-0.29197288353044115,-0.22274425508725615,-0.069228628443185,31.019522776572728,44.895166395364875,41.77163360463512,0.07208141504543274,-1.3930810308799613,31.256590625029638,11.218470669127484,38.96307554976532,14074915.0,-127510233.0
2011-02-08,42.43,42.62,42.305,42.58,12503700.0,44.85,41.89,43.370000000000005,0.5796357142857141,43.03348560790411,43.41021624005592,42.82465606514622,-0.29530075994247085,-0.2372555560582991,-0.05804520388417175,30.869565217391283,44.89467554579597,41.69912445420403,0.0738055401562684,-0.5837030119075437,33.39600647296779,7.270576347213195,40.8507806627315,14300095.0,-115006533.0
2011-02-09,41.8,41.87,41.2,41.5025,31562000.0,44.85,41.2,43.025000000000006,0.5903499999999993,42.88767745477038,43.3354038384851,42.811500283403475,-0.3804972356505516,-0.26590389197674963,-0.11459334367380197,28.701364325416876,44.94916331534617,41.41508668465383,0.08184119310229267,-3.684149454629859,37.45481134482771,7.138622366876842,41.258817408559096,15376150.0,-146568533.0
2011-02-10,40.845,41.54,40.8,41.37,21848300.0,44.74,40.8,42.769999999999996,0.5967785714285709,42.74313674479225,43.25832917815235,42.79715699700145,-0.45348026094149674,-0.3034191657696991,-0.15006109517179766,30.212765957446834,44.810297199535356,41.22195280046465,0.0834185877754146,-4.102920723226711,41.8393459314911,7.061724257621322,45.60198207040187,15524675.0,-168416833.0
2011-02-11,41.16,41.8599,41.11,41.68,16001100.0,44.61,40.8,42.705,0.6289214285714289,42.64188562624061,43.19643391626403,42.78604100698154,-0.48076348291085225,-0.3388880291979297,-0.14187545371292254,35.67010309278352,44.605844211013725,41.13840578898627,0.08087862269545669,-0.8327385201046922,45.498340792230124,10.33401855784855,40.43316789514934,15808885.0,-152415733.0
2011-02-14,41.95,42.14,41.84,41.92,13718800.0,44.61,40.8,42.705,0.6167785714285715,42.57313461421769,43.14637768425367,42.777423683528994,-0.47751514134370154,-0.3666134516270841,-0.11090168971661746,40.61855670103098,44.331579591798366,41.14967040820164,0.07444695026328534,-1.4806110458284283,46.82597657391693,13.781282933212946,35.55339378568368,16102305.0,-138696933.0
2011-02-15,41.63,41.86,41.49,41.8,11364200.0,44.61,40.8,42.705,0.6196357142857144,42.49950274619696,43.09357855938098,42.767698074737666,-0.47910102596950566,-0.3891109664955684,-0.08999005947393723,36.305732484076394,44.10118203569128,41.13806796430872,0.06952463967908125,-2.4276377217553824,49.49318849685403,10.37475936322039,39.424085580237254,16163990.0,-150061133.0
2011-02-16,41.9401,42.55,41.93,42.31,18437200.0,43.85,40.8,42.325,0.6492785714285715,42.48145486560677,43.062849988424865,42.763143865038785,-0.4341999267336618,-0.39812875854318713,-0.03607116819047468,41.97292069632499,43.76260214132057,41.273647858679425,0.05853866516082602,-1.121757419957925,51.35757667015613,16.061782857897235,37.62417628356749,16184210.0,-131623933.0
2011-02-17,42.36,42.745,42.1,42.66,9968100.0,43.83,40.8,42.315,0.6060642857142854,42.49845916412041,43.04705194966311,42.76211755792397,-0.3661526275975078,-0.3917335323540513,0.02558090475654351,57.142857142857075,43.60749498169069,41.333755018309304,0.05353676719806662,-0.046860356138711534,50.795437768221916,19.50523871819352,27.048050065410358,15558085.0,-121655833.0
2011-02-18,42.98,43.02,42.58,42.73,16789300.0,43.35,40.8,42.075,0.5746357142857147,42.52051067229942,43.0346185398724,42.76179798023319,-0.3030824914925674,-0.3740033241817545,0.07092083268918714,52.272727272727266,43.533101406280494,41.35814859371949,0.051240918529554064,-0.32656869605784955,49.90706777326343,23.990354137403887,28.527390023493147,15597050.0,-104866533.0
2011-02-22,41.78,41.855,41.0,41.2,24546100.0,43.35,40.8,42.075,0.6639214285714284,42.39474775112805,42.962672714779366,42.74625770182291,-0.37226591771812423,-0.3736558428890285,0.0013899251709042493,34.23076923076924,43.53126526999418,41.17298473000582,0.05568269691280796,-2.9903461266776454,50.381400747045134,19.473044357658527,41.68952866625785,16279055.0,-129412633.0
2011-02-23,41.26,41.43,40.84,41.24,19238500.0,43.35,40.8,42.075,0.6821357142857138,42.28477177483014,42.895116922042924,42.7312700629988,-0.4190362269521941,-0.3827319197016616,-0.03630430725053252,35.067437379576134,43.52804008652708,41.01720991347292,0.059396126288683515,-3.147017379051187,49.1287975992602,18.429512350914734,42.25175132723902,16443300.0,-110174133.0
2011-02-24,41.11,41.36,40.834,41.16,11708300.0,43.35,40.8,42.075,0.6932785714285704,42.17765065341774,42.82707312117849,42.715635535008765,-0.4572860563868346,-0.39764274703869623,-0.059643309348138385,35.271317829457345,43.46330109620348,40.88894890379652,0.06103813928868436,-0.825251490874046,47.69059594305482,18.13330036369639,39.934472846413044,16270650.0,-121882433.0
2011-02-25,41.6799,41.85,41.51,41.84,10951100.0,43.08,40.8,41.94,0.7089928571428565,42.14549344833034,42.788364371328356,42.70692274361564,-0.42779762011611666,-0.40367372165418036,-0.0241238984619363,40.884955752212456,43.322416693109254,40.89983330689075,0.05752834639821438,1.1360889533478469,45.229291724287975,22.667969655144713,37.43741121711889,16251910.0,-110931333.0
2011-02-28,42.3599,42.51,42.15,42.449,11632200.0,43.08,40.8,41.94,0.722564285714285,42.17439883420364,42.7750559646096,42.70435634815678,-0.35123776127021245,-0.3931865295773868,0.04194876830717437,49.82078853046594,43.351922370739786,40.912227629260215,0.057905876733571046,1.8450095969289704,42.12045203456592,28.766595162071656,36.43768720529072,15555630.0,-99299133.0
2011-03-01,42.63,42.68,42.02,42.17,17069700.0,43.08,40.8,41.94,0.747207142857142,42.17397989761282,42.75132827972295,42.699039369568155,-0.3095086666043869,-0.37645095698278686,0.06694229037839994,46.59920371599207,43.31725090405254,40.90889909594746,0.05718774532862018,0.5963740458015288,37.69301656682487,29.44297335793296,34.42342437075207,15293405.0,-116368833.0
2011-03-02,42.29,42.78,42.28,42.56,14715400.0,43.08,40.8,41.94,0.6922071428571422,42.21074371688779,42.743825209929895,42.697655893254044,-0.24217665606444427,-0.34959609679911835,0.10741944073467408,59.90075835595921,43.27381708927823,40.924332910721766,0.055808451339048805,1.81818181818183,33.518069420947505,32.814289694455724,25.75612172244068,15128805.0,-101653433.0
2011-03-03,42.89,43.36,42.89,43.32,15363200.0,43.36,40.8,42.08,0.6964928571428562,42.31638717242229,42.766420299736566,42.70384837192814,-0.1260370277945313,-0.304884282998201,0.17884725520366967,66.33713136729224,43.386679414686924,40.86447058531307,0.0598735763102071,2.3871425194989415,30.32046101842109,38.56054312935227,21.495451701894176,15468620.0,-86290233.0
2011-03-04,43.43,43.52,42.97,43.44,16840800.0,43.52,40.8,42.16,0.6822142857142849,42.42339791790588,42.79283518994298,42.71117326374975,-0.02403547256545835,-0.24871452091165247,0.22467904834619412,65.2301834544825,43.53591619108291,40.79123380891708,0.06509605464351242,1.8284106891701901,27.971689290652527,37.69343524238309,21.945346037064173,15791750.0,-69449433.0
2011-03-07,43.54,43.85,43.01,43.1,14764900.0,43.85,40.8,42.325,0.7093571428571421,42.487836211438655,42.80488086876874,42.71504218649851,0.029031677230150876,-0.1931652812832918,0.22219695851344268,60.03742769649542,43.57590048126218,40.77424951873782,0.06642906888782919,0.8659021764568342,26.75122110504511,36.75359983888843,21.10562883898901,16008525.0,-84214333.0
2011-03-08,43.86,44.36,43.5,44.14,34981500.0,44.36,40.8,42.58,0.7686428571428563,42.64518514368259,42.8572384817582,42.72922087120997,0.15324062163149677,-0.1238841007003341,0.27712472233183083,67.21094439541048,43.910080637610335,40.60706936238965,0.0781619180301438,7.1359223300970775,25.50410356517446,38.658117275346235,16.225257875662084,17200220.0,-49232833.0
2011-03-09,44.23,44.52,44.04,44.43,18514000.0,44.52,40.8,42.66,0.7493571428571423,42.815167510950914,42.918915404042195,42.74614404662081,0.2719428929244927,-0.044718701975368744,0.31666159489986145,66.11432046214657,44.26480017069551,40.437349829304495,0.09037433740208516,7.735208535402527,25.13843988166829,34.60108664569643,16.642836717186125,17500735.0,-30718833.0
2011-03-10,43.98,44.01,43.55,43.64,31140900.0,44.52,40.8,42.66,0.7661428571428571,42.893722986098446,42.94719323133466,42.755038135709164,0.29882424059935886,0.023989886539576778,0.27483435405978207,56.98204616699919,44.41048880344377,40.505411196556224,0.09197518031105,6.025267249757049,25.491305879577144,32.02498601529003,20.846541115047522,17479680.0,-61859733.0
2011-03-11,43.2,43.655,43.0901,43.53,19997700.0,44.52,40.834,42.67700000000001,0.7750642857142854,42.95432079694621,42.9700483987333,42.76274919903544,0.30770479230360337,0.0807328676923821,0.2269719246112213,55.66732785491645,44.504007244824535,40.627892755175466,0.0910613880260882,4.039196940726564,25.440326379626413,29.12200831267457,24.8449437373858,17387150.0,-81857433.0
2011-03-14,43.27,43.65,43.26,43.57,23084000.0,44.52,40.834,42.67700000000001,0.67935,43.012956911522764,42.99357591250846,42.770781545313696,0.3143467653789713,0.12745564722969993,0.1868911181492714,71.2823275862069,44.60092834309132,40.71997165690869,0.09097317740864497,2.640816038069227,26.26043221442435,33.22503653702598,11.732853883438963,17741295.0,-58773433.0
2011-03-15,41.93,43.11,41.86,42.81,31036500.0,44.52,40.834,42.67700000000001,0.7593500000000003,42.99362768185393,42.98637685711597,42.77117177869366,0.25534151049068043,0.15303281988189604,0.10230869060878439,62.48409669211198,44.61450552557908,40.79539447442092,0.0894301726417701,1.5176665876215356,24.49756619466017,29.72467053589068,22.16087066946352,18607180.0,-89809933.0
2011-03-16,42.45,42.73,41.51,41.752,32774700.0,44.52,40.834,42.67700000000001,0.8146357142857151,42.87537742643927,42.937969921542795,42.76103076597035,0.12180358702560312,0.14678697331063748,-0.024983386285034354,54.07376823561799,44.617008832427345,40.78809116757266,0.08966484823165562,-1.8984962406014994,22.37665991774735,27.70738892931986,23.67315802856664,19677705.0,-122584633.0
2011-03-17,42.21,42.29,41.75,41.98,17175400.0,44.52,40.834,42.67700000000001,0.803921428571429,42.79010338582601,42.900402473639154,42.75325931556268,0.03397981693728269,0.12422554203596653,-0.09024572509868384,51.02729674200172,44.620339639772894,40.75176036022711,0.09062865454980688,-3.093259464450604,20.661247735437883,23.723000648606387,23.98866271579488,19614615.0,-105409233.0
2011-03-18,41.97,42.05,41.66,41.68,12589500.0,44.52,40.834,42.67700000000001,0.7839214285714294,42.68437925384258,42.85254355310429,42.7425801183929,-0.05914683845313817,0.0875510659381456,-0.14669790439128377,44.08916218293619,44.62307755851078,40.651022441489225,0.09315970774295018,-4.05156537753223,20.98150125612573,18.314517672142824,25.42073276294089,19745685.0,-117998733.0
2011-03-21,42.48,42.86,42.48,42.75,15459300.0,44.52,40.834,42.67700000000001,0.8210642857142868,42.69062884871472,42.84852223729628,42.742653948060635,-0.046079154346450935,0.06082502188122629,-0.10690417622767723,53.974780701754376,44.62429474826401,40.651805251735986,0.09316771044942315,-0.8120649651972234,20.60818015996421,23.053702076573106,24.27076355601179,19679185.0,-102539433.0
2011-03-22,42.89,43.05,42.72,42.83,11043100.0,44.52,40.834,42.67700000000001,0.8010642857142868,42.70390229169427,42.847795875049364,42.743523063005306,-0.028934055352927146,0.04287320643439561,-0.07180726178732275,51.93243630117375,44.587594908173735,40.851505091826276,0.08745620720132723,-2.9678296329859633,19.81186781522822,24.43178271763456,24.87672649778419,19004035.0,-91496333.0
2011-03-23,42.95,43.32,42.74,43.19,17074100.0,44.52,40.834,42.67700000000001,0.7853500000000011,42.75019731153291,42.861215644655275,42.74796561959232,0.013546396056270282,0.037007844358770546,-0.023461448302500264,49.013058001822024,44.55926220231672,41.07483779768329,0.08137936650547924,-2.790907044789559,18.274686926125177,22.10115599050472,25.3744918098391,18895815.0,-74422233.0
2011-03-24,43.45,43.77,43.1,43.63,17826300.0,44.52,41.51,43.015,0.7939214285714294,42.83398804376787,42.89136405074723,42.756742081088916,0.08177414122238247,0.04596110373149293,0.035813037490889536,51.3756154068926,44.53182350191642,41.34927649808358,0.07411518957798252,-0.02291475710356483,16.479175436812714,24.47165516558856,25.10054071561597,19201715.0,-56595933.0
2011-03-25,43.62,43.91,43.55,43.67,8034100.0,44.52,41.51,43.015,0.759635714285715,42.91360823007569,42.92189879385518,42.76582922456067,0.13748791146679906,0.06426646527855416,0.0732214461882449,54.31425976385105,44.56630181148965,41.497798188510345,0.07130740048357694,0.32161727544222085,14.896356106577135,23.789598397728223,26.23343896040396,19055865.0,-48561833.0
2011-03-28,43.34,43.545,43.28,43.33,11812400.0,44.52,41.51,43.015,0.6974928571428579,42.953264589116095,42.9379027627236,42.77144286411728,0.15244898033103738,0.0819029682890508,0.07054601204198657,43.1425668811378,44.590325860927436,41.56187413907257,0.0703046868647548,-0.550837732384668,13.439012366276362,20.686335753566354,31.33570236254335,19064875.0,-60374233.0
2011-03-29,43.51,43.8525,43.39,43.72,13052500.0,44.52,41.51,43.015,0.7005285714285721,43.026287009200274,42.9685732426168,42.780881243578804,0.1935444162750315,0.10423125788624694,0.08931315838878455,44.089244089244076,44.63076975470569,41.676430245294306,0.06846102085136312,2.125671572062604,12.15522247248281,22.100658686298054,31.199910271835513,18864015.0,-47321733.0
2011-03-30,44.2199,44.52,44.16,44.4,13184400.0,44.52,41.51,43.015,0.6948142857142864,43.157116817847864,43.024707625259275,42.79699187797106,0.27778107502004445,0.13894122131300646,0.138839853707038,56.445047489823594,44.7945566471479,41.69664335285211,0.07163534080451636,6.342211151561594,10.995376257004992,29.144478483459075,26.419187038674202,18787465.0,-34137333.0
2011-03-31,44.49,45.0,44.49,44.91,18912300.0,45.0,41.51,43.254999999999995,0.6973214285714293,43.32405807329093,43.09864065956283,42.81801683440916,0.38129662161490785,0.18741230137338674,0.1938843202415211,60.95933926302411,45.044022783853,41.606177216146996,0.07934997421139262,6.979514054311586,12.015850636411622,33.95646606914207,21.613316261203554,18964920.0,-15225033.0
2011-04-01,45.55,45.71,45.36,45.49,17661900.0,45.71,41.51,43.61,0.7266071428571438,43.53033825678703,43.19241945722704,42.84460373157922,0.5043210912078635,0.2507940593402821,0.2535270318675814,64.04330017554128,45.401016423098355,41.45418357690164,0.09088305239517527,9.141074856046071,10.830793742840898,39.56746129270085,20.742197100024544,19005975.0,2436867.0
2011-04-04,45.93,46.36,45.8,46.35,18991700.0,46.36,41.51,43.935,0.6666071428571436,43.79887747042636,43.31624614517892,42.87948329643913,0.6635645236102334,0.3333481521942724,0.33021637141596105,75.51903114186851,45.947763598165,41.232436401835,0.10817426884384285,8.421052631578952,15.048836473275324,50.09375837128307,7.607822126975623,19217315.0,21428567.0
2011-04-05,46.0,46.25,45.96,46.0,19728200.0,46.36,41.51,43.935,0.6016071428571433,44.00850818752861,43.421491394387594,42.910533213887504,0.7528456797817711,0.41724765771177214,0.33559802206999895,84.10404624277454,46.26789325448443,41.09830674551558,0.11834294061018673,7.401354190987619,20.60943857907166,55.50608489165917,4.274265360641129,18454650.0,1700367.0
2011-04-06,46.23,46.38,46.045,46.07,11322100.0,46.38,41.51,43.945,0.5901785714285721,44.204840741097314,43.52535447696063,42.94197069434634,0.819799911200711,0.4977581084095599,0.32204180279115113,83.69028006589785,46.54625628357908,40.983943716420924,0.12709470713326734,6.6682102338504246,26.716810862767908,58.15431164901656,4.3570347957639814,18095055.0,13022467.0
2011-04-07,46.06,46.31,45.75,45.99,15016500.0,46.38,41.51,43.945,0.6023214285714295,44.374855908611856,43.62200724257002,42.97229934415384,0.8565327146064234,0.5695130296489327,0.28701968495749075,86.8376068376068,46.834810547335124,40.93038945266488,0.13455039342860817,5.409122163648861,31.196019026195057,56.981915209012655,6.700266824785022,17288835.0,-1994033.0
2011-04-08,46.21,46.37,45.78,46.02,9029100.0,46.38,41.51,43.945,0.560178571428572,44.531536298267866,43.716046174233945,43.002624723814,0.8779440823504245,0.6311992401892311,0.2467448421611934,83.99168399168396,47.10320947039005,40.910990529609954,0.14070954325052307,5.3812686054499625,36.40811810405586,51.70545106789912,7.204335352247335,16740405.0,7035067.0
2011-04-11,46.24,46.29,45.43,45.57,16528400.0,46.38,41.51,43.945,0.598035714285715,44.630437603194736,43.78875024583262,43.02817074646262,0.8488168738039832,0.6747227669121816,0.1740941068918016,76.4478764478764,47.27219235917574,40.94200764082425,0.14351849743808798,5.169628432956386,40.75191196406552,46.16303374141523,10.928635413556261,16412625.0,-9493333.0
2011-04-12,45.3,45.47,44.83,45.04,13921200.0,46.38,41.51,43.945,0.6094642857142867,44.66944354574762,43.8378188636431,43.04818894799036,0.7740440822214012,0.6945870299740255,0.07945705224737565,67.28971962616819,47.348213556101435,41.08898644389857,0.14155190603508172,3.019213174748403,43.166892884027504,42.13302080281261,17.755640199238183,15556860.0,-23414533.0
2011-04-13,45.86,45.92,45.222,45.48,14566700.0,46.38,41.66,44.019999999999996,0.6244642857142867,44.74663939853356,43.90221812389239,43.07238607288598,0.741740110671266,0.7040176461134737,0.03772246455779227,67.28971962616814,47.3549652094304,41.45503479056959,0.13286635331293337,2.43243243243243,45.98374112785474,41.12096082356289,17.329139262224743,14646460.0,-8847833.0
2011-04-14,45.3,45.64,45.25,45.55,13361800.0,46.38,41.66,44.019999999999996,0.6266071428571439,44.82314993200655,43.96683702099465,43.09703894778264,0.7135618980816076,0.7059264965071005,0.00763540157450715,67.47211895910773,47.341418933201815,41.825581066798186,0.12371926534264087,1.425072366956126,48.42293934600683,39.38444001139917,17.269877457965208,14455780.0,4513967.0
2011-04-15,45.8,45.89,45.5,45.79,10753900.0,46.38,42.48,44.43,0.6266071428571439,44.91523089086307,44.03833360840663,43.12383458014302,0.7024984905189768,0.7052408953094758,-0.00274240479049892,73.29545454545452,47.230301637286644,42.34769836271336,0.10901344693056966,0.6594856012310357,50.51051750929514,42.23425477343963,14.192077514961557,14364000.0,15267867.0
2011-04-18,44.81,45.055,44.52,44.89,13672400.0,46.38,42.72,44.55,0.6800000000000007,44.912827948876114,44.0717322904299,43.14140836541523,0.6140300260124221,0.686998721450065,-0.07296869543764295,60.10362694300518,47.14068870189812,42.65131129810188,0.09999504195911084,-3.1499460625674214,50.780669539094696,35.68802521008401,23.37184873949579,14274655.0,1595467.0
2011-04-19,44.8,45.02,44.77,44.84,8458700.0,46.38,42.74,44.56,0.6407142857142861,44.905891953745055,44.10186043590324,43.15830977471458,0.5337310293077167,0.6563451830215954,-0.12261415371387874,54.263565891472915,47.02089100654406,42.97210899345593,0.08997993206334112,-2.5217391304347747,51.15830646267782,30.4347826086956,24.804905239687848,14145435.0,-6863233.0
2011-04-20,45.84,46.08,45.65,45.99,16551500.0,46.38,43.1,44.74,0.6864285714285714,45.00914033910267,44.17590512469135,43.18648579685673,0.556474196797673,0.636370985776811,-0.07989678897913799,59.31034482758625,47.01702932078284,43.25597067921716,0.08332632440631602,-0.17364879531147626,50.971917019235434,34.443288241415146,23.152965660770047,14119305.0,9688267.0
2011-04-21,46.28,46.4,46.12,46.37,6750700.0,46.4,43.28,44.84,0.658571428571428,45.13874602109289,44.261948060977964,43.21816255509696,0.5982647217906916,0.6287497329795871,-0.030485011188895572,57.857142857142826,47.09005863190985,43.45694136809015,0.08024820841816292,0.8262665796912261,49.7071967705751,31.67028199566157,24.132321041214784,13565525.0,16438967.0
2011-04-25,46.21,46.27,45.79,45.87,7589200.0,46.4,43.28,44.84,0.6378571428571423,45.208389257179284,44.32500892133177,43.2445489973348,0.584302714628059,0.6198603293092816,-0.03555761468122254,45.41984732824423,47.051594090495264,43.715405909504746,0.07351103773376928,-0.32594524119948787,44.86978825513176,25.419932810750257,28.61142217245243,13543280.0,8849767.0
2011-04-26,45.98,46.19,45.71,46.01,11095400.0,46.4,43.39,44.894999999999996,0.6442857142857135,45.28473313744792,44.391087002848174,43.272065922734456,0.5778731909008883,0.611462901627603,-0.03358971072671468,50.09940357852881,46.89655955751242,44.13844044248758,0.06059469687537409,0.9655475093263144,39.27988018624626,25.166297117516617,29.212860310421302,13507430.0,19945167.0
2011-04-27,45.66,45.68,44.98,45.57,17904800.0,46.4,44.16,45.28,0.6907142857142848,45.31190141007193,44.437318885089425,43.29493093842864,0.5311506501926999,0.5954004513406224,-0.06424980114792245,45.37037037037036,46.69910392912227,44.520896070877725,0.047757243109944045,1.1767317939609168,34.722200069692896,22.130299896587342,34.798345398138636,13750045.0,2040367.0
2011-04-28,45.23,45.3,45.0,45.22,10824500.0,46.4,44.49,45.445,0.6914285714285704,45.30314889482699,44.46801226214474,43.31408585446418,0.4605714442225448,0.5684346499170069,-0.10786320569446206,43.209876543209845,46.60118890089127,44.70081109910872,0.041628393721551644,-0.5716798592787953,30.357422815971947,22.107438016528892,31.714876033057905,13632050.0,-8784133.0
2011-04-29,45.01,45.25,44.82,45.21,12300000.0,46.4,44.52,45.46,0.6799999999999992,45.294277571510136,44.49710982049201,43.3329506718327,0.3992279473032241,0.5345933093942503,-0.13536536209102623,42.83185840707961,46.57553776577831,44.7564622342217,0.03983435228740433,-0.7464324917672793,26.529572385334063,21.848739495798327,34.13865546218492,13301435.0,-21084133.0
2011-05-02,45.32,45.51,45.01,45.07,9416700.0,46.4,44.52,45.46,0.6542857142857136,45.272917802794886,44.51957610204134,43.35023474474979,0.3354491055880473,0.4947644686330097,-0.1593153630449624,45.31835205992508,46.59033758938449,44.6996624106155,0.04142129869140075,-1.5723957195894256,22.884682508849437,25.54585152838427,31.659388646288228,12889175.0,-30500833.0
2011-05-03,44.63,44.72,44.21,44.51,18166500.0,46.4,44.21,45.305,0.6628571428571419,45.200258964433466,44.51920056862796,43.36177469753835,0.23698478110364363,0.44320853112713654,-0.2062237500234929,45.065176908752306,46.565222151614456,44.54077784838554,0.04444151435095205,-0.8465137001559375,20.975117312908058,25.215517241379303,33.40517241379309,12847915.0,-48667333.0
2011-05-04,43.95,43.95,43.4,43.71,17565100.0,46.4,43.4,44.9,0.6792857142857132,45.05832953924933,44.48746721299549,43.365239625921056,0.09332202225001396,0.37323122935171205,-0.2799092071016981,34.554973821989535,46.720066064998505,44.15693393500149,0.05640881917310245,-2.520071364852816,20.555337686366858,19.87381703470028,41.11461619348057,12739760.0,-66232433.0
2011-05-05,43.46,43.92,43.2,43.35,21473700.0,46.4,43.2,44.8,0.7028571428571416,44.89563148789225,44.44286065562312,43.36508798785219,-0.049015717846138784,0.2887818399121419,-0.3377975577582807,31.72757475083057,46.85132468173293,43.75367531826706,0.06837700708494844,-5.740378343118069,20.410037312696268,19.2073170731707,41.76829268292683,13247340.0,-87706133.0
2011-05-06,44.03,44.45,43.54,43.78,20754000.0,46.4,43.2,44.8,0.7535714285714273,44.78938086999775,44.41686612010849,43.369216465585005,-0.1256733123049898,0.20589080946871557,-0.33156412177370537,33.816425120772934,46.84606803144241,43.53793196855758,0.07320180702081847,-5.585507871468609,19.066805173285804,20.568720379146903,38.957345971563974,13534215.0,-66952133.0
2011-05-09,43.86,44.1,43.59,43.86,11588800.0,46.4,43.2,44.8,0.6992857142857132,44.70086840618844,44.39502823304541,43.37409988383789,-0.17791874030204013,0.12912889951456444,-0.30704763981660455,40.44526901669755,46.79163486791333,43.37636513208666,0.07575347652884991,-4.381948986265527,18.871054800853134,22.165474974463717,31.97139938712973,13662200.0,-55363333.0
2011-05-10,44.07,44.41,44.03,44.29,13518500.0,46.4,43.2,44.8,0.7207142857142844,44.661738081789544,44.39090947880833,43.38321331782956,-0.1825222096410144,0.06679867768344867,-0.24932088732446306,45.2339688041594,46.746779783603195,43.2932202163968,0.07671167408277206,-3.738317757009346,18.97067817464997,24.578790882061387,31.020812685827565,13511705.0,-41844833.0
2011-05-11,44.0,44.12,43.25,43.63,18846000.0,46.4,43.2,44.8,0.7064285714285704,44.5634773120953,44.361069891404085,43.385668906706876,-0.23669846385655546,0.0060992493754478475,-0.2427977132320033,27.6515151515151,46.78457894567239,43.11442105432759,0.08165069447590742,-4.257186745666008,20.907404501620213,14.357937310414526,39.53488372093025,13757945.0,-60690833.0
2011-05-12,43.53,43.88,43.1,43.71,11372100.0,46.4,43.1,44.75,0.7328571428571422,44.48219375856242,44.33553773880001,43.38889608176452,-0.27006506230056715,-0.04913361295975516,-0.220931449340812,23.293172690763043,46.758032585799974,42.963967414200035,0.08457379843516505,-3.3392304290137065,24.039981690065613,10.721247563352781,39.571150097465875,13598215.0,-49318733.0
2011-05-13,43.8,43.81,43.0,43.2,20093600.0,46.4,43.0,44.7,0.7492857142857139,44.36008006727076,44.29100684708236,43.38701651876189,-0.3338130803145276,-0.10606950643070966,-0.22774357388381794,23.246492985971926,46.74886412233932,42.738135877660675,0.08963823225001723,-4.44591904445919,27.573447247094215,10.486177311725404,36.51096282173499,13934805.0,-69412333.0
2011-05-16,42.95,43.48,42.87,43.1,12765100.0,46.4,42.87,44.635,0.7585714285714283,44.2400724418164,44.244300696216385,43.38416063300307,-0.38793117898284635,-0.162441840941137,-0.22548933804170934,20.60606060606058,46.67863917526637,42.539360824733635,0.09279020714503204,-4.370978477923226,31.029297735110074,10.357815442561154,36.534839924670464,14035365.0,-82177433.0
2011-05-17,42.86,43.3,42.81,43.15,21480300.0,46.4,42.81,44.605000000000004,0.7199999999999994,44.13625601878627,44.201386943423586,43.38183067645578,-0.42192192661207173,-0.21433785807532396,-0.20758406853674777,23.464912280701668,46.68603716283085,42.35796283716916,0.09721203732226064,-3.05549314760728,32.93668478825157,10.912698412698365,31.84523809523806,14425760.0,-60697133.0
2011-05-18,43.5,44.17,43.36,44.14,25296200.0,46.4,42.81,44.605000000000004,0.7521428571428567,44.13661258842567,44.19897961230894,43.389374649824376,-0.3647702681835483,-0.24442434009696884,-0.12034592808657946,39.61538461538461,46.65202437083823,42.32197562916178,0.09733290043555307,0.9837565774422297,33.3715373618483,18.708452041785375,30.484330484330446,15267635.0,-35400933.0
2011-05-19,44.16,44.19,43.84,44.12,9920600.0,46.4,42.81,44.605000000000004,0.7464285714285707,44.13503043714704,44.19588237261055,43.396644553806226,-0.3174318432816179,-0.25902584073389867,-0.058406002547719216,39.53934740882913,46.443694085807806,42.3433059141922,0.09236460679188632,1.7762399077277946,33.28338821627033,19.043062200956907,28.995215311004756,14936090.0,-45321533.0
2011-05-20,44.0,44.17,43.75,44.02,19303800.0,46.27,42.81,44.540000000000006,0.740714285714285,44.12407515741875,44.18898502466504,43.4028470955594,-0.2847030848167762,-0.2641612895504742,-0.02054179526630201,39.845261121856865,46.10687439564791,42.445125604352086,0.08270279138349944,0.5481955230699054,34.56715756724673,16.682738669238173,30.086788813886212,15563745.0,-64625333.0
2011-05-23,42.99,43.06,42.68,42.94,17524600.0,46.19,42.68,44.435,0.7749999999999996,44.01130609480744,44.140005219776214,43.398241651822495,-0.3419702616911451,-0.2797230839786084,-0.06224717771253668,36.203866432337406,45.8909165949769,42.368083405023086,0.0798294381299089,-2.0975832193342536,35.88510662186859,15.944700460829472,31.24423963133643,16060515.0,-82149933.0
2011-05-24,43.3,43.43,43.05,43.28,8272200.0,45.68,42.68,44.18,0.7307142857142855,43.941657895301965,44.10627952488303,43.39706511797352,-0.35581810383840207,-0.29494208795056714,-0.06087601588783492,45.88910133843212,45.55235344226447,42.433646557735536,0.07089098003157168,-2.280424475050802,34.13002262540528,20.527859237536607,25.219941348973595,15919355.0,-73877733.0
2011-05-25,43.28,43.68,43.2,43.49,8900800.0,45.51,42.68,44.095,0.7135714285714282,43.89864285765416,44.082111700377816,43.397989843167814,-0.34586050889578246,-0.30512577213961023,-0.04073473675617223,51.37795275590552,45.27310373812874,42.50489626187127,0.06307292205922835,-0.3208801283520524,31.532469016223768,23.52352352352348,23.82382382382386,15469155.0,-64976933.0
2011-05-26,43.46,43.76,43.36,43.73,8672300.0,45.51,42.68,44.095,0.663571428571428,43.88258163311567,44.068303398402215,43.40129342681789,-0.31497224495047504,-0.3070950667017832,-0.00787717824869183,49.48875255623717,45.04930192317668,42.57969807682331,0.05636498981737474,0.045756119881024127,30.12698569663844,20.452099031216285,25.618945102260543,15361545.0,-56304633.0
2011-05-27,44.15,44.34,44.05,44.18,9877700.0,45.51,42.68,44.095,0.6707142857142857,43.910907191866556,44.0726836572884,43.409041750929156,-0.25128517496539615,-0.2959330883545058,0.04464791338910967,53.04182509505704,44.82681834619042,42.699181653809575,0.04861724955740801,2.268518518518503,28.980157526749462,26.411075612353535,25.346112886049017,15240430.0,-46426933.0
2011-05-31,45.15,45.37,44.98,45.37,16719500.0,45.37,42.68,44.025,0.7164285714285715,44.04986841168879,44.123558807982974,43.428553773307975,-0.10359547426523363,-0.2574655655366514,0.15387009127141776,58.97009966777408,44.924649122675916,42.631350877324095,0.052384719387633526,5.26682134570764,29.202220936668642,31.9042871385842,23.728813559322056,15605570.0,-29707433.0
2011-06-01,45.12,45.13,44.375,44.48,20132000.0,45.37,42.68,44.025,0.7132142857142857,44.090833324861286,44.13753689394443,43.43901592481735,-0.05770074608971498,-0.21751260164726413,0.15981185555754915,56.799999999999955,44.91918888799356,42.63381111200645,0.05220558463986647,3.082271147161064,27.180233988800044,32.0480721081622,22.08312468703053,15703845.0,-49839433.0
2011-06-02,44.54,44.7,44.2,44.59,11695300.0,45.37,42.68,44.025,0.6932142857142856,44.13837300820783,44.1552805451623,43.45046850267986,-0.012310850840066223,-0.17647225148582457,0.16416140064575835,57.00636942675161,45.018822950937675,42.622177049062316,0.05469234494986045,1.0194834617127446,24.35876105939957,32.9726944873776,22.977846470891265,15410355.0,-38144133.0
2011-06-03,43.6,44.01,43.55,43.71,12947500.0,45.37,42.68,44.025,0.7096428571428574,44.0975755788547,44.13781856299907,43.45305090563827,-0.046808102700431675,-0.15053942172874601,0.10373131902831434,53.83458646616538,45.017728561393916,42.659271438606076,0.05379876416364247,-0.9292837715321745,20.905058046652535,32.20936084549567,27.981882234524413,14984045.0,-51091633.0
2011-06-06,43.58,43.72,43.27,43.28,12712000.0,45.37,42.68,44.025,0.6982142857142856,44.019711238011396,44.10417861935205,43.45132900607968,-0.10760443275968612,-0.14195242393493404,0.03434799117524792,51.28939828080229,45.01886126928022,42.60813873071977,0.055022368415224746,-1.6810540663334872,17.232291941448675,32.73657289002554,29.974424552429603,14581945.0,-63803633.0
2011-06-07,43.75,44.01,43.53,43.55,17277000.0,45.37,42.68,44.025,0.7153571428571429,43.97497683439126,44.082446124475496,43.452310807014214,-0.1324721622048628,-0.14005637158891981,0.007584209384057017,52.77777777777777,45.00880399561474,42.58719600438526,0.055290378355849094,1.4205868653935694,14.431757027137099,34.847728407388864,28.657014478282548,14866355.0,-46526633.0
2011-06-08,43.36,43.59,43.12,43.32,14901100.0,45.37,42.68,44.025,0.6760714285714288,43.91259808825876,44.05254627645685,43.45099428157129,-0.16879335009262064,-0.14580376728966,-0.02298958280296065,43.633540372670815,44.955021944180956,42.54397805581904,0.05511020442203721,0.09242144177448175,13.52091536569013,27.6809297411515,34.6539883782356,14935485.0,-61427733.0
2011-06-09,43.06,43.51,42.87,43.39,14594000.0,45.37,42.68,44.025,0.696785714285715,43.86282684175793,44.026564069536974,43.45038737329695,-0.1897425047044834,-0.15459151477262467,-0.03515098993185872,44.375963020030845,44.95276908434943,42.52223091565057,0.05557103558042549,-0.22993791676247932,13.124783742102917,26.652998462326927,36.18657098923626,14722885.0,-46833733.0
2011-06-10,42.76,42.89,42.19,42.32,25540900.0,45.37,42.19,43.78,0.7525000000000007,43.7158909520667,43.95963998837866,43.439139737741755,-0.28934947763737284,-0.1815431073455743,-0.10780637029179854,38.605898123324394,45.0389098016345,42.297090198365495,0.06278784472082549,-3.2243311227989846,12.693301871003966,24.67963929757942,39.107736117702835,15431325.0,-72374633.0
2011-06-13,42.95,42.98,42.37,42.62,17450300.0,45.37,42.19,43.78,0.7039285714285717,43.61152038520321,43.907105086873614,43.430989093585126,-0.34016007491941025,-0.2132665008603415,-0.12689357405906876,47.604790419161674,45.07460586880011,42.20339413119988,0.06579462722794369,-3.5310095065640645,10.825437728395707,27.295788939624448,30.948756976154197,15299160.0,-54924333.0
2011-06-14,43.19,43.36,43.06,43.13,13967800.0,45.37,42.19,43.78,0.7217857142857146,43.56566130089814,43.876630377584455,43.42799417723105,-0.3354087186598207,-0.23769494442023734,-0.09771377423958336,48.90510948905111,45.07379542993784,42.20720457006215,0.06568648067450386,-4.937183160678849,10.52761960449062,26.719445818901484,30.183077684314657,15359295.0,-40956533.0
2011-06-15,42.59,42.77,42.1,42.34,17647600.0,45.37,42.1,43.735,0.7610714285714292,43.448931653193554,43.81637036277722,43.41716836452228,-0.390883767531534,-0.2683327090424967,-0.1225510584890373,42.26110363391656,45.13389768409439,42.06610231590561,0.07036227908689868,-4.811151079136677,12.207216557325378,22.99389957766301,37.63491318629747,15167660.0,-58604133.0
2011-06-16,41.96,42.41,41.78,42.08,24620300.0,45.37,41.78,43.575,0.7775000000000004,43.31855721003226,43.7482774073742,43.403863206666344,-0.4506333497810928,-0.30479283719021594,-0.14584051259087688,38.92617449664432,45.150234150960365,41.843765849039634,0.07601600804470954,-5.629064812738294,13.495700705343612,21.77308222324296,39.77951309141016,15133865.0,-83224433.0
2011-06-17,42.11,42.25,41.93,42.08,18934700.0,45.37,41.78,43.575,0.7567857142857142,43.20059938050538,43.68285476394776,43.39069043844081,-0.49231027775689284,-0.34229632530355136,-0.15001395245334148,35.000000000000014,45.13579836493927,41.65420163506072,0.0802303659379778,-3.729123770304288,16.31324747713877,16.89476168003768,40.868334119867846,15584570.0,-83224433.0
2011-06-20,41.7899,42.04,41.76,41.95,11319300.0,45.37,41.76,43.565,0.6946428571428572,43.081494677600105,43.614899675165496,43.376355210197616,-0.529723138390267,-0.3797816879208945,-0.14994145046937246,21.21212121212129,45.11978392359335,41.463216076406646,0.08446387506061716,-3.07301293900184,20.342341841079218,7.8149100257069195,46.272493573264775,15185345.0,-94543733.0
2011-06-21,41.45,41.94,41.42,41.9,16809600.0,45.37,41.42,43.394999999999996,0.6614285714285718,42.968971374971524,43.54764870751195,43.36166510860361,-0.5569870817538529,-0.4152227666874862,-0.14176431506636672,24.705882352941245,45.16637885069869,41.31262114930132,0.08912586180222642,-3.788748564867961,23.996676762759193,8.207343412526972,45.73434125269975,15149595.0,-111353333.0
2011-06-22,41.3,41.58,41.03,41.11,17452300.0,45.37,41.03,43.2,0.6878571428571431,42.79192648211709,43.45205464055069,43.33926048065731,-0.6350202330301258,-0.45918225995601414,-0.17583797307411164,19.896193771626272,45.27986898035769,40.98213101964231,0.09964382835351326,-5.101569713758081,27.77964932124846,7.892004153686375,46.20976116303221,15608600.0,-128805633.0
2011-06-23,40.68,41.28,40.35,41.27,18033900.0,45.37,40.35,42.86,0.6799999999999997,42.64698110286785,43.36648387033302,43.318670824133356,-0.6761570867875406,-0.5025772253223194,-0.1735798614652212,25.889328063241138,45.31515737334667,40.72484262665332,0.10670187695707467,-4.885918414381186,32.348860395603914,7.983193277310907,47.058823529411754,16065255.0,-110771733.0
2011-06-24,42.1,42.15,41.53,41.64,20324000.0,45.37,40.35,42.86,0.7107142857142854,42.55107814068996,43.29877862051604,43.30196763185342,-0.6711656521326717,-0.53629491068439,-0.1348707414482817,33.599999999999994,45.26423739877994,40.56676260122006,0.1094586990145723,-1.6068052930056753,35.18298647144258,16.381909547738655,42.211055276381956,16647840.0,-90447733.0
2011-06-27,42.01,42.49,41.88,42.35,18112300.0,45.37,40.35,42.86,0.7192857142857143,42.53192784157663,43.26157161578992,43.29249531710862,-0.602968195897283,-0.5496295677269686,-0.05333862817031443,38.970588235294166,45.10698419664081,40.54101580335919,0.10662171663743747,-0.6335053965274451,37.5478946988845,16.683217477656402,41.70804369414104,17059570.0,-72335433.0
2011-06-28,42.2,42.63,42.04,42.6,11590900.0,45.13,40.35,42.74,0.7278571428571426,42.53841090428362,43.23562763085698,43.28560481644087,-0.5227226880673115,-0.5442481917950371,0.02152550372772566,43.40659340659343,44.628990890668554,40.742009109331455,0.0910609406317625,-1.228843032691862,39.257139259574714,17.860647693817477,37.19332679097154,16803140.0,-60744533.0
2011-06-29,42.25,42.56,42.01,42.45,21087300.0,44.7,40.35,42.525000000000006,0.7242857142857143,42.52999081816137,43.20481870415671,43.27729034065539,-0.46586113420545416,-0.5285707802771206,0.0627096460716664,41.51624548736465,44.33543129438573,40.832568705614264,0.08225771624956472,0.2598016060462838,40.492585239835414,17.948717948717952,35.20710059171598,16850905.0,-81831833.0
2011-06-30,42.7,43.0,42.57,42.95,12340100.0,44.01,40.35,42.18,0.6778571428571425,42.569991692622196,43.19482581379762,43.27403372035037,-0.37611648506348416,-0.4980799212343933,0.12196343617090916,56.3380281690141,43.99204556624284,41.01195443375717,0.07011649175299206,2.0674904942965977,39.750725389098996,23.814541622760792,30.453108535300338,16883145.0,-69491733.0
2011-07-01,42.97,43.41,42.84,43.3,12557200.0,44.01,40.35,42.18,0.6714285714285708,42.639516293324846,43.198950291687915,43.27429209129215,-0.2735972700939797,-0.4531833910063106,0.1795861209123309,56.77290836653386,43.91164574156325,41.051354258436746,0.06733028455036905,2.8992395437262397,39.707546749649275,27.446808510638306,30.744680851063862,16863630.0,-56934533.0
2011-07-05,43.17,43.2,42.79,42.97,14262900.0,44.01,40.35,42.18,0.6549999999999991,42.670990932055815,43.189971848876624,43.27126430928925,-0.2164828165413013,-0.4058432761133088,0.18936045957200748,48.347107438016494,43.86611127377562,41.06588872622438,0.06594034162744886,2.431466030989271,40.30111322377743,23.991275899672832,32.06106870229017,16941175.0,-71197433.0
2011-07-06,42.36,42.44,41.94,42.42,19269500.0,43.59,40.35,41.97,0.6549999999999991,42.647087033764784,43.15977687441087,43.262794017654535,-0.2131426285266258,-0.3673031465959722,0.1541605180693464,50.86956521739128,43.713315857197586,41.1056841428024,0.061486971419025996,1.2410501193317547,39.47084494402649,23.991275899672832,30.861504907306536,17040800.0,-90466933.0
2011-07-07,42.71,42.95,42.63,42.8,13297800.0,43.51,40.35,41.93,0.6478571428571424,42.66165017340623,43.145667977375155,43.25818910205599,-0.17778330596781444,-0.32939917847034067,0.15161587250252623,57.627118644067814,43.63036174475461,41.1366382552454,0.058837129767697505,4.110921916808552,37.65496539268629,29.878721058434433,27.67364939360537,16960635.0,-77169133.0
2011-07-08,42.51,42.63,42.11,42.27,20186400.0,43.41,40.35,41.879999999999995,0.6742857142857136,42.62435015689135,43.11132805669378,43.24835637467235,-0.1903333147212507,-0.3015860057205227,0.11125269099927199,51.809523809523874,43.48114639296717,41.17385360703283,0.05451049048335802,2.4230676035861487,35.088654315409855,28.70762711864411,32.097457627118764,17240255.0,-97355533.0
2011-07-11,41.8,41.8,41.13,41.28,22336300.0,43.41,40.35,41.879999999999995,0.7328571428571422,42.49631680861599,43.03951127015677,43.22877073910347,-0.27697126101273284,-0.2966630567789647,0.019691795766231868,44.51718494271683,43.52069243915647,41.03030756084353,0.05890846656604742,-0.8645533141210415,31.242171943980452,26.413255360623815,37.42690058479538,17080025.0,-119691833.0
2011-07-12,40.96,41.17,40.72,40.89,16113700.0,43.41,40.35,41.879999999999995,0.7349999999999994,42.34333425541446,42.955216710542786,43.205499388465626,-0.37280473732642605,-0.311891392888457,-0.06091334443796903,42.17054263565891,43.56673116314498,40.81126883685502,0.06531234033255015,-3.4474616292798133,27.567694704548536,26.336248785228406,37.99805636540344,17013195.0,-135805533.0
2011-07-13,41.29,41.85,41.25,41.5,16927700.0,43.41,40.35,41.879999999999995,0.7414285714285711,42.26301670727975,42.89814938856072,43.18852924529681,-0.3949784895684729,-0.3285088122244602,-0.06646967734401271,53.11004784688997,43.44305232020541,40.77194767979459,0.06343536520598034,-2.5821596244131495,22.643122955351988,32.65895953757227,33.911368015414375,17161190.0,-118877833.0
2011-07-14,41.53,41.675,41.09,41.2,20518300.0,43.41,40.35,41.879999999999995,0.7167857142857136,42.16177702087216,42.83155529489167,43.168742884647095,-0.4317815320422298,-0.34916335618801414,-0.08261817585421566,49.45397815912636,43.440471222725854,40.660528777274145,0.0661096168999586,-2.9446407538280317,18.008188667692174,33.78176382660691,29.895366218236276,17304725.0,-139396133.0
2011-07-15,41.51,41.58,41.16,41.33,8279800.0,43.41,40.35,41.879999999999995,0.6839285714285711,42.082560161741476,42.77267077352337,43.15044693554613,-0.445324866948539,-0.3683956583401191,-0.0769292086084199,47.48784440842785,43.4396058357277,40.58639416427231,0.06791259066135204,-3.771827706635633,15.480568625716092,26.31853785900788,31.331592689295128,16487700.0,-131116333.0
2011-07-18,41.25,41.28,40.87,41.21,11412800.0,43.41,40.35,41.879999999999995,0.6560714285714282,41.999459193956575,42.71138956671854,43.1311390058392,-0.4604334641891086,-0.38680321950991703,-0.07363024467919155,39.78494623655908,43.439888061920236,40.49911193807976,0.07006936284302837,-4.8267898383371755,13.868808748090458,23.734349482852487,35.81927054980956,16111605.0,-142529133.0
2011-07-19,41.46,41.77,41.43,41.77,13023000.0,43.41,40.35,41.879999999999995,0.653928571428571,41.977605937389285,42.67447232880801,43.11759533413931,-0.42235121457201785,-0.3939128185223372,-0.028438396049680625,42.95415959252969,43.43359162898116,40.48740837101883,0.07021325432161991,-2.79264603211542,12.293276942115968,27.635172037138204,35.93664664117978,16196790.0,-129506133.0
2011-07-20,41.76,42.09,41.74,41.94,11975000.0,43.41,40.35,41.879999999999995,0.6367857142857137,41.97402441954269,42.645669492384165,43.10587796763046,-0.3741403214011143,-0.38995831909809264,0.015817997696978336,45.68527918781719,43.435354371621976,40.48964562837802,0.07019859977942103,-1.1315417256011373,10.453475406265804,31.9685922602356,36.56758272574322,15955060.0,-117531133.0
2011-07-21,41.9,42.28,41.8,42.18,19199600.0,43.41,40.35,41.879999999999995,0.6317857142857142,41.993641141491004,42.62740794366322,43.09666525153464,-0.31295924759027827,-0.3745585047965298,0.061599257206251534,43.18584070796453,43.435227365785856,40.59677263421414,0.06755651969658501,-1.4485981308411167,10.384174615271121,29.39513849632563,36.85698134539294,16042425.0,-98331533.0
2011-07-22,42.34,42.52,42.17,42.44,8580700.0,43.41,40.72,42.065,0.616071428571429,42.036151508968054,42.620058612539175,43.0901312689323,-0.24071812995968145,-0.34779042982916014,0.1070722998694787,42.26618705035968,43.4603149796783,40.6886850203217,0.06587434097509423,0.4021764845043574,11.021297377871395,28.173913043478322,37.797101449275395,15569765.0,-89750833.0
2011-07-25,42.06,42.28,41.98,42.18,9810000.0,43.41,40.72,42.065,0.6125000000000007,42.04985136525681,42.60280141204744,43.08107523640562,-0.20211647791337128,-0.3186556394460024,0.11653916153263111,42.80510018214934,43.47263514248356,40.73036485751644,0.06513474068541784,2.1802325581395277,11.181382502349722,28.33819241982512,39.650145772594776,15044065.0,-99560833.0
2011-07-26,42.58,42.78,42.39,42.66,11227800.0,43.41,40.72,42.065,0.581785714285715,42.10796075904188,42.605044493927934,43.0768854330583,-0.13127909835671403,-0.28118033122814473,0.1499012328714307,52.21402214022137,43.506844368419394,40.727155631580615,0.06599921022007214,4.328686720469532,10.782057907686198,35.97298956414982,31.307550644567232,14699840.0,-88333033.0
2011-07-27,42.52,42.57,41.9,42.06,20290600.0,43.41,40.72,42.065,0.5982142857142863,42.10339306770456,42.58367020004841,43.066767170042795,-0.1221469166715039,-0.24937364831681658,0.12722673164531267,43.439716312056746,43.461192335545476,40.718807664454516,0.06515525471824567,1.3493975903614563,11.319478888456944,28.895522388059696,36.29850746268661,15134825.0,-108623633.0
2011-07-28,42.42,42.615,42.18,42.36,15532700.0,43.41,40.72,42.065,0.5885714285714292,42.127831823161266,42.57489881965436,43.05973466088814,-0.08966846188484112,-0.2174326110304215,0.12776414914558037,50.831792975970394,43.45230149099842,40.718698509001584,0.0649535583988984,2.8155339805825186,11.000078676871457,29.91504854368933,30.58252427184466,14857095.0,-93090933.0
2011-07-29,41.86,42.54,41.84,42.36,12415400.0,43.41,40.72,42.065,0.5571428571428575,42.14994307809829,42.56647141496203,43.05277212694896,-0.06320051626127565,-0.18658619207659233,0.12338567581531668,62.2171945701358,43.368633351623934,40.74336664837606,0.062423119251661455,2.4921364626179665,10.729496036977773,31.60256410256413,24.102564102564124,14860860.0,-93090933.0
2011-08-01,42.69,42.74,41.78,42.22,21634400.0,43.2,40.72,41.96,0.585714285714286,42.15661516589845,42.552884300649794,43.044485837128576,-0.05291137919139999,-0.15985122949955388,0.1069398503081539,65.9472422062351,43.18123436356668,40.822765636433324,0.056151343439201855,2.4508614413977226,11.49897811022952,32.500000000000064,17.92682926829266,15314720.0,-114725333.0
2011-08-02,41.78,41.88,41.06,41.15,17990700.0,42.95,40.72,41.835,0.5999999999999999,42.06074705486051,42.49786923003608,43.025635231784015,-0.12960323614017,-0.15380163082767712,0.02419839468750712,46.2203023758099,43.05611134830021,40.76588865169979,0.05464490698385683,-1.484318889154912,11.715324412869204,23.630952380952465,26.07142857142855,15501110.0,-132716033.0
2011-08-03,40.87,41.02,40.07,40.93,24115100.0,42.95,40.07,41.510000000000005,0.6353571428571431,41.9530568591595,42.43638416219153,43.00478313992547,-0.2057623464431657,-0.16419377395077484,-0.041568572492390876,47.03296703296698,43.03481943724956,40.63818056275044,0.05728583592076578,-2.4082021936099096,12.756469719608074,22.31590781337837,33.95165823496349,15743390.0,-156831133.0
2011-08-04,39.95,40.135,39.16,39.24,30171700.0,42.78,39.16,40.97,0.7317857142857146,41.6946704916205,42.31103576367422,42.96732261117,-0.39790110982650617,-0.2109352411259211,-0.18696586870058507,32.89689034369883,43.24798220632265,40.06901779367735,0.07631010268361318,-6.970128022759592,14.484101858133657,19.37530502684242,38.36017569546125,16587085.0,-187002833.0
2011-08-05,39.17,39.39,37.545,38.76,35295400.0,42.78,37.545,40.1625,0.8307142857142858,41.415178063847115,42.17177945921641,42.92545870459119,-0.5821932907128655,-0.28518685104331,-0.29700643966955553,31.066460587326063,43.504568958170175,39.46143104182982,0.09746493542753312,-8.671065032987746,16.26076194998862,17.067927773000914,45.1848667239897,17342535.0,-222298233.0
2011-08-08,37.3,38.19,35.82,35.99,46831800.0,42.78,35.82,39.3,1.0007142857142857,40.89849443871882,41.92935673532557,42.856449165242026,-0.9409157311142806,-0.4163326270575041,-0.5245831040567766,16.705069124423872,44.402164059242246,38.03483594075775,0.1544774341250772,-14.67520151730678,19.950858004832405,10.670949321912952,49.82155603140617,18567310.0,-269130033.0
2011-08-09,36.13,37.48,35.46,37.46,54818600.0,42.78,35.46,39.120000000000005,1.1199999999999994,40.571018777888455,41.75408784374417,42.80275315364758,-1.0939784324987087,-0.551861788145745,-0.5421166443529637,27.555110220440852,44.64743330725698,37.446566692743026,0.17542979059404962,-12.189404594467879,24.643096089956625,7.493622448979623,46.81122448979597,20502555.0,-214311433.0
2011-08-10,35.94,36.38,35.02,35.12,44624400.0,42.78,35.02,38.900000000000006,1.2599999999999991,40.05187413237527,41.493927536146366,42.72630784863616,-1.3880990283697088,-0.7191092361905379,-0.6689897921791709,20.778145695364188,45.18749536913917,36.26850463086083,0.21898916564226917,-16.500237755587264,29.37605648410436,5.583900226757411,44.104308390022716,21887390.0,-258935833.0
2011-08-11,35.73,37.15,35.69,37.02,29461400.0,42.78,35.02,38.900000000000006,1.379999999999999,39.763124215006194,41.31847939747396,42.66952866606267,-1.451149648743062,-0.8655173187010428,-0.5856323300420192,30.247813411078724,45.26777446794155,35.77022553205845,0.23439741691263613,-12.60623229461756,33.14854464215424,7.841614906832306,40.26915113871639,22334545.0,-229474433.0
2011-08-12,36.94,37.09,36.4,36.71,16606500.0,42.78,35.02,38.900000000000006,1.3964285714285707,39.4723504802437,41.137754715220076,42.610229873365526,-1.5087403097336534,-0.994161916907565,-0.5145783928260884,30.137981118373276,45.31215470764195,35.26384529235804,0.24941196920383019,-13.338054768649666,36.72593768832352,7.749360613810747,38.82352941176471,22750880.0,-246080933.0
2011-08-15,37.74,38.08,37.35,38.08,21221700.0,42.78,35.02,38.900000000000006,1.4514285714285704,39.33974567260144,41.0178427656036,42.565152959202685,-1.4273798269230582,-1.0808054989106637,-0.3465743280123945,34.379263301500686,45.22918688514235,35.03381311485766,0.25404915765133845,-9.805779251539558,40.388301482465955,9.867125984251953,37.35236220472442,23241325.0,-224859233.0
2011-08-16,37.68,38.06,37.41,37.82,16069600.0,42.78,35.02,38.900000000000006,1.4449999999999992,39.19500798949654,40.89243716695248,42.517937506872315,-1.3681101628757446,-1.13826643170368,-0.2298437311720647,35.195530726256976,45.07032430522313,34.79767569477688,0.2572406623540405,-8.092345078979335,43.57422672063878,9.911023232822522,35.09639149777558,23393655.0,-240928833.0
2011-08-17,37.95,38.23,37.47,37.67,19447100.0,42.78,35.02,38.900000000000006,1.4596428571428564,39.04976913335401,40.76606708197396,42.46969932272433,-1.3180486293586071,-1.1742228712346654,-0.14382575812394172,33.450952717007766,44.86071697268904,34.58028302731096,0.2588193488344325,-7.964817981920347,47.34157271466483,10.423293369219424,34.74431123073158,23767260.0,-260375933.0
2011-08-18,36.5501,36.63,35.74,36.2,27812000.0,42.78,35.02,38.900000000000006,1.5474999999999994,38.77836254922506,40.5870056277789,42.40731425483653,-1.3810710902285592,-1.2155925150334441,-0.1654785751951151,30.306905370843992,44.65419991696994,34.18880008303007,0.2654744196425775,-7.747196738022422,50.657519444042165,9.831525501961638,39.18762981767828,24197880.0,-288187933.0
2011-08-19,35.8,36.66,35.75,35.88,18856700.0,42.78,35.02,38.900000000000006,1.5439285714285707,38.50232802072743,40.40241717178757,42.34236585429089,-1.4402360257793347,-1.2605212171826223,-0.1797148085967124,29.962073324905205,44.351869869476175,33.83513013052382,0.2690150469759002,-7.430340557275528,53.05669094650394,9.067777006708216,39.27827897293546,24711680.0,-307044633.0
2011-08-22,36.19,36.25,35.49,35.668,16279000.0,42.78,35.02,38.900000000000006,1.5153571428571422,38.232392018753394,40.2167537532861,42.27595425375068,-1.4870890547632243,-1.3058347846987428,-0.18125427006448147,31.680256650180453,44.028016384544316,33.50778361545569,0.27136452500879904,-0.8946929702695283,57.04601816936414,9.238746170162528,37.85057742163563,25035130.0,-323323633.0
2011-08-23,36.36,37.39,36.03,37.31,26091600.0,42.74,35.02,38.88,1.5612142857142852,38.1445451598245,40.10276341001998,42.22654177361386,-1.375864629553874,-1.3198407536697692,-0.056023875884104735,38.952636718750014,43.46284466070205,33.537955339297945,0.25778665472057716,-0.40042712226374677,58.344353533633594,14.183099235942631,32.2093608454957,25778320.0,-297232033.0
2011-08-24,36.54,37.01,36.41,36.88,15922200.0,42.74,35.02,38.88,1.4990714285714282,38.02411228746026,39.97638053119567,42.17334235298089,-1.3073456111755632,-1.317341725170928,0.00999611399536482,42.19783126157102,42.956128206711576,33.52667179328842,0.2465771758728277,5.011389521640108,58.34044164301688,14.771048744460765,29.20855767856287,25559900.0,-313154233.0
2011-08-25,37.11,37.29,36.37,36.63,15365100.0,42.74,35.02,38.88,1.4329999999999998,37.891339688654526,39.845149922129174,42.11818471762785,-1.2587071140281623,-1.3056148029423749,0.0469076889142126,42.84946958506784,42.29754638695219,33.6122536130478,0.2288319235172374,-1.0534846029173428,56.14118747187864,16.847771907087935,22.50523377529655,25551520.0,-328519333.0
2011-08-26,36.25,36.985,35.67,36.96,25135200.0,42.74,35.02,38.88,1.3169285714285712,37.80264067068743,39.73200678792803,42.06685949655692,-1.1799310024280274,-1.2804780428395055,0.1005470404114781,53.89433113859,41.51566641500358,33.85413358499642,0.20330511239268675,0.6810133478616143,51.63271607698302,18.332700547811367,18.929326897000536,26187510.0,-303384133.0
2011-08-29,37.22,37.99,37.19,37.97,22637500.0,41.88,35.02,38.45,1.246214285714286,37.81857965443149,39.662908482519086,42.0260947254469,-1.0241955189529577,-1.229221538062196,0.20502601910923834,52.12606303151575,40.661730528662105,34.283069471337896,0.17022291225873465,-0.28886554621848637,47.654022456199534,25.13326073250406,17.94004699948408,26237665.0,-280746633.0
2011-08-30,37.74,38.2,37.53,37.94,19809100.0,41.02,35.02,38.02,1.1197857142857148,37.83014349686658,39.595343443988924,41.985437066487236,-0.8929019576097801,-1.161957621971713,0.26905566436193284,64.56009913258984,40.006725130544446,34.61707486945554,0.14444856094406622,0.3172924378635589,43.98440662470885,29.310454806404174,17.158895196785032,26328585.0,-300555733.0
2011-08-31,38.54,38.715,38.22,38.63,19416100.0,40.135,35.02,37.5775,1.030142857142858,37.90632030668881,39.5574868383423,41.952049632989855,-0.724818375843931,-1.0745297727461567,0.34971139690222564,59.499645975926356,39.391492963099886,35.00230703690011,0.11799870220904894,2.5484470400849446,40.84647879042475,30.09291360421568,18.652059353765,26093635.0,-281139633.0
2011-09-01,38.51,38.75,38.06,38.09,13124000.0,39.39,35.02,37.205,1.0301428571428575,37.92381361081369,39.499938334877896,41.91362127843274,-0.6279458445362778,-0.9852129871041809,0.35726714256790315,57.92738970588237,39.16213274244813,35.116667257551875,0.10892651698455695,5.22099447513813,37.56088201579301,30.0929136042157,19.76147552350566,25241250.0,-294263633.0
2011-09-02,37.28,37.54,37.03,37.12,13933400.0,38.75,35.02,36.885000000000005,1.0080000000000007,37.847259933593335,39.40660741978465,41.86592355426924,-0.6222714015512452,-0.9126246699935938,0.29035326844234866,44.21965317919075,38.93097967538166,35.183820324618345,0.10111770795477587,3.455964325529526,33.92682254395495,23.738662131519217,27.494331065759535,24173150.0,-308197033.0
2011-09-06,36.24,37.19,36.22,37.17,16935000.0,38.75,35.02,36.885000000000005,1.0294285714285718,37.78275898753683,39.31889732489113,41.81919794676407,-0.6067455969156583,-0.8514488553780067,0.24470325846234842,45.98468000988388,38.921518150383896,35.3112818496161,0.09726795434815325,4.211057530559614,31.12027982802178,23.244518456841472,32.542325839578055,22678310.0,-291262033.0
2011-09-07,37.63,37.95,37.46,37.85,14226100.0,38.75,35.02,36.885000000000005,1.0308571428571436,37.7891628934857,39.26129350822874,41.779703439831096,-0.5334220109827541,-0.7878434864989563,0.2544214755162022,51.04359925788497,38.9649145635526,35.3068854364474,0.09850385010475564,1.447333154650221,27.89488413449165,27.300443458980055,32.49722838137464,20648685.0,-277035933.0
2011-09-08,37.16,37.58,36.88,36.95,18435900.0,38.75,35.49,37.120000000000005,0.9622857142857149,37.709242617915635,39.17065454712173,41.731646689186014,-0.5416907455255497,-0.738612938304275,0.19692219277872525,54.656071517258496,38.79640295528325,35.65839704471676,0.08429291088194424,0.18980477223426995,23.999211844003806,29.245843230403818,26.276722090261206,19339260.0,-295471833.0
2011-09-09,36.64,36.75,35.86,35.95,20690700.0,38.75,35.49,37.120000000000005,0.9751428571428582,37.54169570192367,39.04435436880323,41.67411786640805,-0.6217680646627741,-0.7152439635759749,0.09347589891320074,50.40073276849096,38.84248905413594,35.50531094586407,0.08977207417763192,-1.856401856401857,20.08393368402295,28.64049223556993,33.401699384705466,18900725.0,-316162533.0
2011-09-12,35.54,35.94,35.13,35.79,16146000.0,38.75,35.13,36.94,0.9794285714285726,37.374867539835705,38.91673262885017,41.615569429926374,-0.6901845618254114,-0.7102320832258622,0.02004752140045074,50.702603086846345,38.89797616844828,35.35782383155171,0.0953501904739177,-3.1655844155844215,16.638733930098322,28.51516919486586,36.68319719953317,18877700.0,-332308533.0
2011-09-13,35.74,35.96,35.53,35.88,14088200.0,38.75,35.13,36.94,0.8871428571428582,37.232499202708496,38.79764507477761,41.558499087340046,-0.728742392231176,-0.713934145026925,-0.014808247204251002,39.971949509116435,38.81211971312061,35.2236802868794,0.09693795234849109,-5.504345535949429,15.909340037218263,22.46376811594211,40.49919484702084,18521025.0,-318220333.0
2011-09-14,35.8,36.19,35.21,35.97,17561700.0,38.75,35.13,36.94,0.8928571428571433,37.11226118340292,38.68675703262947,41.50289213124711,-0.743467274831346,-0.7198407709878092,-0.023626503843536817,43.29896907216494,38.73618179103392,35.114618208966085,0.0980778429500516,-5.192409066947812,15.81090402328926,22.320000000000093,42.79999999999993,18595630.0,-300658633.0
2011-09-15,36.16,36.43,35.72,36.36,11724100.0,38.75,35.13,36.94,0.8778571428571433,37.04061726117407,38.595511658800866,41.451719075214804,-0.7154201911154559,-0.7189566550133386,0.003536463897882758,48.05194805194804,38.651950504458355,35.06784949554165,0.09723577679040649,-5.876261972560193,17.07680244983785,22.375915378356492,43.53132628152962,18209480.0,-288934533.0
2011-09-16,36.68,36.85,36.27,36.62,10771700.0,38.75,35.13,36.94,0.8253571428571433,37.00055847439559,38.5180406133577,41.40364226849625,-0.664552302835304,-0.7080757845777317,0.043523481742427705,47.52186588921281,38.6500882051569,35.111711794843096,0.09594061994999586,-3.859280651089536,18.31427864403679,27.434011250541012,40.24231934227603,17357465.0,-278162833.0
2011-09-19,35.27,35.61,34.89,35.41,17980700.0,38.75,34.89,36.82,0.8753571428571431,36.849076714929346,38.39615666773583,41.344004036968926,-0.7136495151191156,-0.7091905306860085,-0.004458984433107105,31.869688385269157,38.69377679885462,35.021023201145375,0.09964765820999978,-4.6066810344827624,20.490205125714166,17.666258669930745,49.204406364749076,17313665.0,-296143533.0
2011-09-20,35.54,35.81,35.11,35.22,12768300.0,38.75,34.89,36.82,0.8775000000000003,36.69392655160274,38.27160150429521,41.283068673417,-0.7591399291292973,-0.7191804103746663,-0.039959518754630996,31.163434903047133,38.74203407084707,34.92796592915293,0.10354467603350444,-5.246166263115426,22.003996379219604,17.54171754171766,49.08424908424907,17138130.0,-308911833.0
2011-09-21,34.86,35.01,33.61,33.67,31720800.0,38.75,33.61,36.18,0.9371428571428569,36.405933546688196,38.09114654334246,41.20731674631833,-0.9097761232497561,-0.7572995529496843,-0.15247657030007178,19.30693069306932,39.010689323759905,34.295310676240106,0.12864918690202162,-11.043593130779394,24.91544990767363,12.500000000000117,57.39329268292684,17419590.0,-340632633.0
2011-09-22,32.25,32.6,31.34,31.53,46935500.0,38.75,31.34,35.045,1.0542857142857145,35.94155892319408,37.83384667889766,41.11102503739974,-1.1881403651019724,-0.843467715380142,-0.3446726497218304,16.11570247933885,39.66754990500605,33.10345009499395,0.18040427670396436,-14.668470906630581,28.50107555851986,11.111111111111208,65.31165311653118,18970255.0,-387568133.0
2011-09-23,31.8,32.47,31.66,32.27,28182000.0,38.75,31.34,35.045,1.0457142857142856,35.59188664479464,37.61565661305853,41.02305463901766,-1.333660607406678,-0.9415062937854491,-0.39215431362122877,24.33862433862437,39.92581359157725,32.409186408422755,0.20782822100378784,-10.236439499304584,32.83460648126239,11.20218579234983,58.81147540983609,19611100.0,-359386133.0
2011-09-26,31.62,32.48,31.32,32.13,31762500.0,38.75,31.32,35.035,1.059285714285714,35.2621831548142,37.40053282431114,40.93456653315679,-1.4436418729456122,-1.0419334096174817,-0.4017084633281305,23.58490566037736,40.07075648449846,31.781243515501544,0.2307385450369347,-10.2263202011735,36.39142798286915,11.058664868509881,54.88873904248148,19942465.0,-391148633.0
2011-09-27,33.51,34.235,33.35,33.76,28140900.0,38.75,31.32,35.035,1.1539285714285707,35.11911809245095,37.257766831200904,40.863177811433836,-1.3833292818670486,-1.110212584067395,-0.27311669779965353,30.50524308865583,39.850783227110746,31.58021677288925,0.23156798740663004,-5.9085841694537455,39.419990347315355,16.310739709068482,50.386877127824235,20217635.0,-363007733.0
2011-09-28,33.16,33.39,32.44,32.49,26360100.0,38.75,31.32,35.035,1.1789285714285709,34.8687258931699,37.070795582918514,40.77986260933002,-1.421621932368268,-1.1724944537275697,-0.24912747864069829,29.465930018416188,39.67814170520422,31.207858294795777,0.23898325227572279,-9.674728940783982,42.791155030289744,15.96485913359596,51.31778249015456,20545185.0,-389367833.0
2011-09-29,33.22,33.29,32.57,32.91,43310600.0,38.75,31.32,35.035,1.1582142857142848,34.682180570010864,36.907627128686414,40.70155551868992,-1.4019182034747146,-1.2183792036769987,-0.18353899979771593,35.21400778210112,39.25632523330647,31.057674766693538,0.23320108276055782,-9.4884488448845,45.65330006449177,16.250385445575173,45.94511255010798,21739910.0,-346057233.0
2011-09-30,31.61,32.05,30.82,30.83,30462200.0,37.95,30.82,34.385000000000005,1.24892857142857,34.31530623000983,36.6692888099144,40.60333108566813,-1.5364304591452935,-1.2819894547706578,-0.2544410043746357,29.672131147540952,39.08122164970345,30.50677835029654,0.24643453754690214,-15.811032222829057,48.5115811315427,15.070060051472778,48.44152130397492,22606820.0,-376519433.0
2011-10-03,30.18,30.8,29.71,29.75,29614100.0,37.95,29.71,33.83,1.2982142857142842,33.88051516048508,36.397944150702074,40.49533774153213,-1.7104622211761438,-1.3676840080517552,-0.3427782131243886,26.762699014404802,39.118655037981156,29.732344962018843,0.27265573705428575,-15.984185258401574,50.54508612132407,14.387895460797868,52.709766162310956,23390855.0,-406133533.0
2011-10-04,28.9,29.89,28.61,29.79,36200000.0,37.95,28.61,33.28,1.319642857142856,33.49094228805793,36.13880908596866,40.38881696798455,-1.824128562127079,-1.4589729188668201,-0.36515564326025896,26.484018264840145,38.99516495917153,29.117835040828467,0.2900277456092982,-15.41737649063032,52.56237779179495,14.154262516914812,56.07577807848452,24354105.0,-369933533.0
2011-10-05,29.75,31.05,29.7,31.0,45868300.0,37.58,28.61,33.095,1.3653571428571418,33.25370968919527,35.93728716102871,40.2953959036265,-1.7958713812524323,-1.5263526113439427,-0.26951876990848955,30.802292263610283,38.492457800103466,28.935542199896545,0.28347023788950937,-7.929907929907931,53.77806511159647,18.49332984567099,54.1982736071149,25936215.0,-324065233.0
2011-10-06,30.81,31.48,30.48,31.44,39946100.0,36.85,28.61,32.730000000000004,1.3953571428571419,33.080975433081434,35.76092295863543,40.207282511550616,-1.7181670785016152,-1.5647155047754773,-0.15345157372613794,31.68316831683167,38.064314409092674,28.81268559090732,0.27667595191726163,-0.2854424357754515,55.92701624497887,18.146915792167945,53.033017660609225,27011725.0,-284119133.0
2011-10-07,31.71,31.8,30.95,31.04,18803700.0,36.85,28.61,32.730000000000004,1.3324999999999994,32.886596820407014,35.57578872496346,40.11606577014216,-1.6696162193264534,-1.5856956476856725,-0.08392057164078093,33.608402100525126,37.778584276610296,28.6074157233897,0.27629827232309817,-3.81158971180664,55.40259037289992,20.71830608415978,48.13722862503354,26917375.0,-302922833.0
2011-10-10,31.78,32.73,31.75,32.69,30010100.0,36.85,28.61,32.730000000000004,1.4032142857142846,32.86787331370159,35.46262053967077,40.042174568449205,-1.4809268998094325,-1.5647418981104246,0.08381499830099215,41.446923597025,37.46064793272569,28.6153520672743,0.2677309723788181,1.7429193899781925,54.328256495871464,23.390175617205408,45.71137694069743,27610580.0,-272912733.0
2011-10-11,32.72,33.785,32.61,33.4,26079200.0,36.85,28.61,32.730000000000004,1.372142857142856,32.91855204573001,35.38173345968369,39.976083279210904,-1.2595785509022548,-1.5037092286687908,0.24413067776653596,49.03225806451612,37.1356404893185,28.692359510681506,0.2565255204058149,-1.0663507109004766,50.735853563174665,29.41176470588237,38.93805309734519,28210130.0,-246833533.0
2011-10-12,34.1,35.11,34.08,34.72,42240800.0,36.85,28.61,32.730000000000004,1.3278571428571415,33.090118517565244,35.35578312793139,39.92378394309935,-0.966504163001737,-1.39626821553538,0.429764052533643,62.14775323686215,36.91675858567714,28.786241414322863,0.2474930268436532,6.863650353955042,46.70464190268391,37.5201721355568,28.02582033351269,29444085.0,-204592733.0
2011-10-13,34.43,34.525,33.72,34.31,26364800.0,36.85,28.61,32.730000000000004,1.332142857142856,33.20629770636855,35.31477202487525,39.867925396401844,-0.7585797375753884,-1.2687305199433818,0.5101507823679934,57.96875000000001,36.53561298454666,28.962387015453327,0.2312506021281057,4.254026131874822,42.64747627038876,37.39946380697055,29.865951742627395,30176120.0,-230957533.0
2011-10-14,34.3,34.67,34.17,34.67,21432800.0,35.81,28.61,32.21,1.284999999999999,33.34569792480964,35.28948684742917,39.81620474569138,-0.5583132534085848,-1.1266470666364226,0.5683338132278377,59.75422427035331,36.10412844191136,29.19887155808864,0.2114836036268691,12.45540058384691,38.99329598721268,39.577543079488656,29.07170650361316,30709175.0,-209524733.0
2011-10-17,34.3599,34.48,33.51,33.57,31592800.0,35.81,28.61,32.21,1.2174999999999996,33.36706002720872,35.222055990667236,39.754053454689476,-0.48279605637295475,-0.997876864583729,0.5150808082107743,49.23939151321057,35.7937930570602,29.325206942939797,0.198669700521212,12.84033613445379,35.67716072114232,31.475506013493714,34.55558814901736,31389780.0,-241117533.0
2011-10-18,33.35,34.28,32.71,34.14,27977500.0,35.11,28.61,31.86,1.2353571428571424,33.44067335795075,35.17962242240578,39.698192226284604,-0.37265812642910845,-0.872833116952805,0.5001749905236965,56.997455470737904,35.58512728435224,29.425872715647756,0.18948345875942482,14.602215508559935,32.1899995600465,31.02052616363113,33.42006360219719,32150240.0,-213140033.0
2011-10-19,33.62,33.9,33.08,33.12,22058100.0,35.11,28.61,31.86,1.2539285714285715,33.410133038145915,35.09885291564477,39.63273757726685,-0.3634884305878714,-0.7709641796798183,0.40747574909194695,50.847457627118644,35.5234770605467,29.43252293945329,0.18754092373586476,6.838709677419352,29.0456758723736,30.561093705497015,32.92509256622046,31667105.0,-235198133.0
2011-10-20,32.8499,32.85,31.96,32.57,29927600.0,35.11,28.61,31.86,1.1875,33.330120367846305,34.999682213070464,39.56246158147315,-0.3960365215317694,-0.6959786480502086,0.2999421265184392,58.01104972375692,35.54266100246774,29.517338997532264,0.18522354764634108,3.5941475826972047,25.43859007993609,32.270676691729335,30.977443609022547,30816710.0,-265125733.0
2011-10-21,32.99,33.56,32.97,33.46,18215100.0,35.11,28.61,31.86,1.178214285714286,33.34248985662285,34.93930251844025,39.50174057071223,-0.3460267748749146,-0.6259882734151498,0.2799614985402352,67.38519212746017,35.62743887884194,29.55156112115806,0.18643666695358577,7.796391752577336,22.796094690925997,36.829342224916644,24.492270384965128,30318365.0,-246910633.0
2011-10-24,34.33,35.58,34.22,35.28,31857500.0,35.58,28.61,32.095,1.2382142857142857,33.52701463218258,34.95266320399161,39.459733201849424,-0.1577168391765298,-0.5323339865674258,0.374617147390896,72.04819277108435,36.00339839797227,29.49060160202773,0.19888224252433928,7.922912205567467,21.86918632651584,46.69743293914046,16.959907701182566,30323115.0,-215053133.0
2011-10-25,35.06,35.2,34.635,34.73,21868600.0,35.58,28.61,32.095,1.187857142857143,33.64158466721281,34.943931313639,39.412671179940475,-0.052257865747002086,-0.4363187624033411,0.384060896656339,65.81849024597113,36.14304253933123,29.447957460668775,0.20414645541804385,3.982035928143701,21.250422633173827,41.70174383644016,17.67889356584484,30009500.0,-236921733.0
2011-10-26,35.88,36.24,35.16,36.13,39225800.0,36.24,28.61,32.425,1.2242857142857149,33.87857660366873,34.99044381114335,39.3800077851152,0.14264312899974385,-0.32052638412272416,0.463169513122468,68.39215686274508,36.63642635963939,29.31857364036063,0.22190441116757656,4.061059907834119,20.886761096130073,44.01983663943987,17.15285880980161,30652785.0,-197695933.0
2011-10-27,37.72,38.765,37.16,38.34,56195800.0,38.765,28.61,33.6875,1.3517857142857146,34.303474069985995,35.121798955804394,39.3696594489449,0.4700140721318107,-0.1624182928718172,0.6324323650036279,75.06868131868131,37.622830791134305,28.87516920886569,0.26309547903000446,11.745846691926554,21.87557256753681,51.519154557463644,15.535006605019799,31297045.0,-141500133.0
2011-10-28,37.59,38.17,37.51,37.79,24394300.0,38.765,28.61,33.6875,1.2903571428571436,34.63552415855876,35.22643429087089,39.35394144447779,0.677270348692474,0.005519435441041041,0.671750913251433,68.9450222882615,38.25852042059026,28.93547957940974,0.27749623005567514,8.999134698586664,23.13971358305904,48.82369222252972,16.274564074176563,30993650.0,-165894433.0
2011-10-31,36.91,37.02,35.96,36.06,28003300.0,38.765,28.61,33.6875,1.337142857142858,34.771188524410306,35.25912314220929,39.32116590771682,0.6939267437335275,0.14320089709953834,0.5507258466339892,59.18508287292818,38.325222634908386,29.499777365091617,0.26024165926477755,7.417336907953542,24.053016340830215,41.47970085470083,23.98504273504269,30913110.0,-193897733.0
2011-11-01,34.9575,35.86,34.63,35.51,35688000.0,38.765,29.7,34.2325,1.317142857142858,34.84155152208552,35.26896145035795,39.283243858883814,0.6551939849339803,0.24559951466642677,0.4095944702675535,52.88110867979576,38.20937088587494,30.187629114125052,0.23456414087605856,4.012888107791435,23.379593032203708,34.92407809110625,31.56182212581339,30887510.0,-229585733.0
2011-11-02,36.84,37.49,36.56,37.44,31807200.0,38.765,30.48,34.6225,1.3871428571428583,35.08902280569642,35.35410021701058,39.264903123969546,0.7713413222285226,0.35074787617884595,0.42059344604967663,60.275771503611274,38.48393537855753,30.55706462144246,0.22962792419330752,13.043478260869556,23.957506209636666,41.55509783728111,28.115345005149273,30184455.0,-197778533.0
2011-11-03,37.53,38.375,37.15,38.07,38236700.0,38.765,30.95,34.8575,1.4389285714285727,35.3729253956301,35.460606090853304,39.25301354064647,0.903806144072071,0.461359529757491,0.44244661431458004,60.96774193548386,38.83957332880955,30.864426671190447,0.2288289526460204,16.886705557261283,24.541233329711666,43.7329362124596,27.10349962769913,30098985.0,-159541833.0
2011-11-04,37.77,37.87,36.92,37.719,40755900.0,38.765,31.75,35.2575,1.4382142857142866,35.59636107223675,35.54917055787867,39.23774972432163,0.9692893390312989,0.5629454916122526,0.4063438474190463,64.06345332519828,38.94126659468515,31.430633405314857,0.2134554613239175,12.728631201434549,26.158915130735235,43.7546560715172,24.981375713930888,31196595.0,-200297733.0
2011-11-07,37.84,38.25,37.47,38.21,19454400.0,38.765,31.96,35.3625,1.3817857142857153,35.84527906535706,35.65351681051088,39.2275233589055,1.0487158953209317,0.6600995723539884,0.38861632296694326,63.86995637949835,39.256073016345134,31.66782698365487,0.21398276272709946,8.304988662131517,28.532923606502205,47.505815456190184,21.86611527526486,30668810.0,-180843333.0
2011-11-08,38.43,39.01,37.82,38.95,38439000.0,39.01,31.96,35.485,1.3910714285714292,36.14096677341829,35.78279066107908,39.22476193244873,1.1580248394758215,0.759684625778355,0.3983402136974664,70.25430794886047,39.706491452293214,31.772408547706785,0.22199790160694777,12.150878203282488,31.148270895598095,51.091142490372235,21.72015404364564,31286800.0,-142404333.0
2011-11-09,37.48,37.69,36.47,36.84,51857200.0,39.01,31.96,35.485,1.485357142857144,36.20754136642607,35.82424985084069,39.2010329579965,1.0621497975518608,0.8201776601330563,0.24197213741880452,63.383901705115335,39.811090505776434,31.87980949422356,0.22126325688624005,1.9651259341267657,33.723545511904604,47.8480403943255,21.447463332531814,31767620.0,-194261533.0
2011-11-10,37.3,37.45,36.74,36.99,16643800.0,39.01,31.96,35.485,1.465357142857144,36.282061236290254,35.869965542964586,39.17903263005624,0.9868955647333593,0.8535212410531169,0.13337432368024238,61.6026820930844,39.907573027069255,32.051326972930745,0.21835370063017942,-3.5211267605633867,34.778679458999974,45.040214477211734,21.740190104801318,31281570.0,-177617733.0
2011-11-11,37.43,38.03,37.37,37.8,16204000.0,39.01,31.96,35.485,1.388214285714287,36.42662683283404,35.94565316873068,39.16531091234424,0.9813044072290253,0.8790778742882986,0.1022265329407267,58.87198986058299,40.09370356138224,32.178196438617746,0.2190479874685596,0.026462026991258547,33.38782725540676,40.133779264214,22.948289169024903,31020130.0,-161413733.0
2011-11-14,37.61,37.69,36.91,37.31,19730800.0,39.01,31.96,35.485,1.4057142857142868,36.51075761065937,35.99915696603536,39.14685010724629,0.9266525954267237,0.8885928185159837,0.03805977691074003,59.12176495545186,40.12040141544089,32.525498584559124,0.20909377764971632,3.466444814198555,32.11538534336609,39.63414634146337,24.999999999999954,30427030.0,-181144533.0
2011-11-15,37.39,38.02,37.33,37.79,15367800.0,39.01,31.96,35.485,1.3485714285714292,36.632590219168,36.069386104622204,39.13334911115429,0.9115646791095102,0.8931871906346891,0.018377488474821124,56.27741642716683,40.210890294883974,32.80000970511603,0.20300751229660066,6.420726555899758,30.26884183518868,37.55296610169492,26.059322033898262,29796545.0,-165776733.0
2011-11-16,36.6,37.02,36.15,36.19,37267000.0,39.01,31.96,35.485,1.277500000000001,36.59043876972343,36.074116061303684,39.10406205532191,0.7617201329452001,0.8668937790967913,-0.1051736461515912,41.47637170948301,40.011430902257686,33.30646909774232,0.18290108703373564,-3.338675213675213,27.463739784193816,25.52418227564999,34.10679340229237,30556990.0,-203043733.0
2011-11-17,36.34,36.5325,35.09,35.28,34233800.0,39.01,32.97,35.989999999999995,1.3212500000000003,36.465635077368816,36.04297425497805,39.06601168661224,0.5630473958313402,0.8061245024437012,-0.24307710661236093,40.325316065371574,39.63033452552423,33.95856547447576,0.15414740677054478,-7.328605200945626,25.473182367197154,24.679010677118548,38.707933504527574,30772300.0,-237277533.0
2011-11-18,35.6,35.6609,35.18,35.32,17728200.0,39.01,34.22,36.614999999999995,1.2248857142857144,36.35652697476226,36.014622323410286,39.02873793848675,0.4041665061172779,0.7257329031784165,-0.32156639706113865,46.720439638361974,39.36187118484355,34.41302881515644,0.13416059851486384,-6.360189824756757,24.29793122866571,26.620559352476057,32.71442233677773,30747955.0,-219549333.0
2011-11-21,34.48,34.51,33.79,34.24,23538100.0,39.01,33.79,36.4,1.2320285714285717,36.154952977165856,35.94502929111969,38.981088804770465,0.1889274443057758,0.6183718114038884,-0.4294443670981126,44.6241110734846,39.48931022517,34.18158977482999,0.14409272725974612,-10.389950274797165,24.707873443070895,26.466222954013148,32.87261427146862,30331985.0,-243087433.0
2011-11-22,34.34,34.62,33.87,34.32,22765700.0,39.01,33.79,36.4,1.1441714285714286,35.98019555076911,35.88130265225225,38.93470981168817,0.024521598791857002,0.49960176888148217,-0.47508017008962516,34.34049387673157,39.54259756752666,34.08730243247333,0.14818151688521466,-11.887034659820284,25.481446035626732,19.00938920241723,35.39679368725962,30376840.0,-220321733.0
2011-11-23,33.82,33.91,33.32,33.38,17868200.0,39.01,33.32,36.165,1.1280999999999999,35.73255787926729,35.78321235216393,38.87943906729327,-0.17955160323519692,0.36377109445814637,-0.5433226976933433,27.170950155763194,39.79925416628495,33.55564583371505,0.17023016410818925,-9.39196525515744,27.265222031704507,13.676599085694049,39.383539959729966,29308960.0,-238189933.0
2011-11-25,33.4,33.84,33.33,33.33,11878400.0,39.01,33.32,36.165,1.0823857142857147,35.5037428431466,35.687007946196715,38.82422076811623,-0.3413804469517103,0.22274078617617504,-0.5641212331278853,27.99117440577669,39.78233012435995,33.07156987564006,0.1842251478292828,-9.894566098945667,28.671059624729576,14.254226774189311,39.52908258212673,27093090.0,-250068333.0
2011-11-28,34.67,34.87,34.285,34.61,22355200.0,39.01,33.32,36.165,1.1366714285714288,35.41862447713264,35.64477234046351,38.782288223159846,-0.36217078949939463,0.1057584710410611,-0.46792926054045575,33.27137546468397,39.652621855353686,32.88327814464631,0.18664809317061964,-8.439153439153435,28.61224548804659,17.658074327296458,37.64123317455726,26991135.0,-227713133.0
2011-11-29,34.49,34.84,34.24,34.29,17960300.0,39.01,33.32,36.165,1.094528571428572,35.31113643169144,35.591644013386514,38.73758883785477,-0.39985928249829783,0.004634920333189318,-0.4044942028314871,27.46615087040614,39.6776725546851,32.6812274453149,0.1933817432097558,-8.094344679710542,29.25155273769895,13.378231985068561,39.38420977067744,26488985.0,-245673433.0
2011-11-30,35.96,36.5,35.2,36.22,43696900.0,39.01,33.32,36.165,1.0752428571428574,35.39769486676845,35.61628542462626,38.71253820265224,-0.2708703891783699,-0.05046614156912253,-0.22040424760924737,46.94881889763777,39.69894924315693,32.73095075684307,0.1924066852588188,-4.154538237629001,27.35980368819969,24.645595015079603,31.12253710125279,26889430.0,-201976533.0
2011-12-01,36.58,36.93,36.48,36.62,17913700.0,39.01,33.32,36.165,1.0752428571428574,35.514104879457165,35.65564678052327,38.69171692700396,-0.134815040974118,-0.06733592145012163,-0.06747911952399638,48.222862632084514,39.61629892112045,32.73160107887956,0.1903219814878081,1.188173528599057,25.308741291404154,27.502092550520103,31.12253710125279,26194755.0,-184062833.0
2011-12-02,36.93,37.06,36.275,36.4,16856000.0,39.01,33.32,36.165,1.057028571428572,35.59847584331839,35.68483710285569,38.66891377350144,-0.0442324742502791,-0.06271523201015312,0.018482757759874027,42.87169042769857,39.41826062688719,32.76263937311282,0.1844150254090589,3.1746031746031633,24.487068297564008,24.05665477348898,33.044112877067676,25125720.0,-200918833.0
2011-12-05,37.09,37.26,36.68,36.87,19170800.0,39.01,33.32,36.165,1.0548857142857149,35.71957338204997,35.73131407921429,38.65101413396411,0.06473372445643832,-0.03722544071683484,0.10195916517327316,47.7551020408163,39.30933714908505,32.78666285091495,0.180944138320298,4.388448471121165,23.454153922331567,25.459765445139542,29.996478968608535,24046465.0,-181748033.0
2011-12-06,36.67,36.88,36.32,36.56,14751600.0,39.01,33.32,36.165,1.0441714285714292,35.79961401233093,35.76381156630393,38.6302080231784,0.12463905136959852,-0.004852542299548169,0.1294915936691467,43.61370716510904,39.07657681476536,32.85442318523464,0.17300339574121654,6.775700934579443,23.345349331556353,23.463580145569853,32.766923876757936,23811325.0,-196499633.0
2011-12-07,36.52,36.94,36.27,36.82,17043200.0,38.03,33.32,35.675,0.9748857142857145,35.89679363020417,35.80523072056652,38.61219600304727,0.19089377699820886,0.03429672156000324,0.15659705543820562,53.7997587454765,38.67139287515323,33.04660712484677,0.1568584107283097,7.284382284382285,22.43801125716534,25.570762873303686,26.44998681164081,22741535.0,-179456433.0
2011-12-08,36.38,36.53,35.61,35.7,20960200.0,38.03,33.32,35.675,0.958278571428572,35.87805137970854,35.801104025642346,38.58321892839009,0.15128259306622738,0.057693895861248075,0.09358869720497931,52.47058823529413,38.57663397301565,33.027366026984346,0.15499882537375864,6.950269622528471,21.15564756541998,26.013908869326535,23.926833086114176,21196685.0,-200416633.0
2011-12-09,35.94,36.52,35.34,36.3,23329300.0,38.03,33.32,35.675,1.0082142857142864,35.91823696259344,35.82066857365637,38.5605003320877,0.16638741940936086,0.07943260057087063,0.08695481883849022,55.4083885209713,38.49672487550123,33.03827512449877,0.15260920531215383,8.910891089108919,20.432304833468926,24.725469358837962,24.65462274176399,21530960.0,-177087333.0
2011-12-12,35.3,35.36,34.645,34.94,26176600.0,38.02,33.32,35.67,1.0171428571428573,35.82507153758454,35.786132551160044,38.52447545316146,0.06783550364504976,0.07711318118570647,-0.009277677540656712,53.74732334047108,38.20074349127131,33.048256508728684,0.14463324348531564,0.9534816527015266,20.463645727134825,24.508426966291996,19.557584269662843,22029590.0,-203263933.0
2011-12-13,35.26,35.46,34.55,34.74,29125600.0,38.02,33.32,35.67,1.028571428571429,35.72173139114792,35.7451077452322,38.4868189809907,-0.026105005898450884,0.056469543768875,-0.08257454966732589,52.21987315010573,37.97271599204775,33.01928400795224,0.13954901915977905,1.3123359580052618,19.104566725001565,24.16666666666654,19.340277777777697,22499330.0,-232389533.0
2011-12-14,34.58,34.72,34.2,34.38,23081400.0,37.26,33.32,35.29,0.9957142857142861,35.59394744913383,35.69157410816427,38.44595511053308,-0.1281255759863953,0.019550519817820945,-0.14767609580421623,55.63063063063065,37.5983926619252,33.05260733807479,0.12868283035910066,-5.08006626173384,16.698003437016457,24.964131994260985,18.54375896700133,22885010.0,-255470933.0
2011-12-15,34.48,34.57,34.0,34.09,21881500.0,37.26,33.32,35.29,1.0,35.45071435874013,35.62876728039312,38.402612273612355,-0.22973000467653293,-0.030305585081049833,-0.1994244195954831,54.1666666666667,37.519117204458674,32.92188279554133,0.13052723297276714,-6.908793009284531,14.133682784671482,24.857142857142733,19.892857142857068,22115735.0,-277352433.0
2011-12-16,34.67,35.04,34.37,34.53,27367600.0,37.26,33.32,35.29,0.9578571428571426,35.36302727695536,35.58567836743653,38.36407881815353,-0.27161689319813576,-0.07856784670446702,-0.19304904649366872,49.516908212560395,37.501911722974626,32.864088277025374,0.13182001096976528,-5.13736263736263,11.7215386185834,21.774794929157256,20.768083519761298,21772425.0,-249984833.0
2011-12-19,34.36,34.44,33.545,33.61,19485600.0,37.26,33.32,35.29,0.9853571428571425,35.196072298197706,35.508200784399804,38.31677455130623,-0.3747292201800363,-0.1378001213995809,-0.2369290987804554,46.17117117117116,37.5189730184227,32.67602698157731,0.13798549859236098,-8.841876864659614,8.911340251920358,21.167089525190207,25.842696629213425,21860295.0,-269470433.0
2011-12-20,34.21,35.11,34.21,35.04,29201300.0,37.26,33.32,35.29,0.9346428571428567,35.18120826979792,35.4898399693253,38.284169829402686,-0.33717073881052784,-0.1776742448817703,-0.15949649392875753,42.95942720763722,37.52553045912023,32.74946954087977,0.13592489272829486,-4.157549234135671,10.207073546584953,14.749713412304116,27.244936950706855,22143455.0,-240269133.0
2011-12-21,34.3502,34.77,34.03,34.755,21733300.0,37.26,33.32,35.29,0.9560714285714279,35.140617006007645,35.46102271562627,38.24905371169719,-0.32663721934655143,-0.20746683977472655,-0.11917037957182489,38.717483363581366,37.523737871556676,32.794762128443324,0.1345016103333647,-5.608365019011396,12.82329010479943,11.206574523720537,27.979081060889,22091835.0,-262002433.0
2011-12-22,34.84,35.43,34.75,35.31,23555300.0,37.26,33.33,35.295,0.9485714285714276,35.1567487197212,35.45510025618995,38.21980939615791,-0.27038859618421895,-0.22005119105662505,-0.05033740512759391,43.662790697674424,37.46706367243468,33.044436327565315,0.12544414300842754,-1.092436974789912,13.428353058040537,16.26506024096379,26.65662650602406,22376190.0,-238447133.0
2011-12-23,35.24,35.36,35.06,35.31,8997100.0,37.26,33.545,35.4025,0.9085714285714275,35.171344079747755,35.449410050064856,38.19085606883296,-0.22323781055920477,-0.220688514957141,-0.002549295602063767,40.405904059040594,37.37180745814926,33.33769254185073,0.11410390163410956,-2.7272727272727115,14.89596481136658,15.40880503144651,27.830188679245254,22232125.0,-238447133.0
2011-12-27,35.18,35.35,35.0,35.18,7558300.0,37.26,33.545,35.4025,0.8935714285714275,35.17216845310511,35.43884495006231,38.1608973019789,-0.19412266158736458,-0.21537534428318572,0.021252682695821146,41.3207547169811,37.37190803733965,33.39459196266034,0.11240674824046147,0.6868918145392255,15.472419986361903,15.667466027178225,25.899280575539564,21492280.0,-246005433.0
2011-12-28,34.83,34.85,34.38,34.53,15225400.0,37.26,33.545,35.4025,0.9028571428571419,35.111009552809385,35.40320397162849,38.124768970615925,-0.2209512752238183,-0.21649053047131225,-0.004460744752506046,36.27098321342923,37.358870380827696,33.4316296191723,0.11095389244758543,-0.6044905008635637,17.782251195840992,15.031645569620258,30.537974683544277,21355535.0,-261230833.0
2011-12-29,34.7,34.94,34.65,34.85,12622100.0,37.26,33.545,35.4025,0.8457142857142844,35.086151500160874,35.3815096982313,38.09218420473915,-0.21392581553472922,-0.21597758748399565,0.0020517719492664233,44.363395225464174,37.26464434017598,33.38885565982402,0.1097125741924168,1.3670738801628834,19.149034126768527,16.807432432432414,27.027027027026975,19801795.0,-248608733.0
2011-12-30,34.8,34.97,34.68,34.87,7556100.0,37.26,33.545,35.4025,0.7821428571428558,35.06556564300269,35.36145049437909,38.06012267036363,-0.20438819537336173,-0.21365970906186887,0.00927151368850715,39.72701149425286,37.087225492547034,33.39127450745296,0.10488165852264371,2.288061014960374,20.45191743826017,18.44748858447488,26.75799086757989,19283915.0,-241052633.0
2012-01-03,35.81,36.16,35.78,35.98,18495200.0,37.26,33.545,35.4025,0.7560714285714276,35.152654629383385,35.385707337736775,38.039424932350066,-0.10603948219425519,-0.19213566368834614,0.08609618149409096,57.74962742175858,37.01964500037339,33.41685499962661,0.1022989501393959,4.199247031566733,20.92843717591719,30.32593292394896,21.11478507321677,19365875.0,-222557433.0
2012-01-04,35.35,35.52,35.22,35.45,14547100.0,36.94,33.545,35.2425,0.7453571428571415,35.18097323610878,35.388228618609844,38.01365951013763,-0.07005642221410113,-0.16771981539349715,0.09766339317939601,55.042613636363654,36.77842482686292,33.51607517313708,0.0928194852719867,5.47456114251712,20.51708620607594,29.803545759463322,26.784858648778147,19134690.0,-237104533.0
2012-01-05,35.44,35.8,35.16,35.69,14266300.0,36.94,33.545,35.2425,0.7524999999999987,35.229451975526985,35.40006279042907,37.990538519987005,-0.021920903173082706,-0.13856003294941427,0.11663912977633156,59.46531791907514,36.61854328101636,33.58895671898365,0.08630378697525776,1.8550228310502348,20.619841308333,32.178452776459345,23.208353108685376,19110425.0,-222838233.0
2012-01-06,35.41,35.42,34.99,35.17,14557700.0,36.53,33.545,35.0375,0.7617857142857127,35.223789882619656,35.39104072021617,37.96247346008664,-0.025439560298515573,-0.11593593841923454,0.09049637812071896,57.55244755244756,36.304510136897065,33.737989863102925,0.07328465642414649,1.1940727952812535,21.027162003706554,31.786216596343113,22.644163150492236,18986150.0,-237395933.0
2012-01-09,35.81,36.0,35.67,35.92,15488700.0,36.52,33.545,35.0325,0.7532142857142843,35.29009560808445,35.41178422138416,37.942150341080804,0.03192262640148158,-0.08636422545509131,0.1182868518565729,59.31635388739949,36.343474718787604,33.721025281212405,0.07485815034932665,1.727555933163405,22.168365571930956,33.1910858226647,22.90184921763866,18712575.0,-221907233.0
2012-01-10,36.67,37.09,36.67,36.73,25924300.0,37.09,33.545,35.3175,0.7664285714285702,35.42722935969545,35.46347895780047,37.93008914365711,0.14111610456927082,-0.04086815945021889,0.1819842640194897,71.22448979591843,36.462941164052566,33.64455883594742,0.08040173528096552,4.02152364769186,24.925341287788626,42.77726001863929,14.818266542404462,18842325.0,-195982933.0
2012-01-11,36.67,36.81,36.54,36.74,14682600.0,37.09,33.545,35.3175,0.6785714285714276,35.55225513496255,35.513538606514174,37.91824746063565,0.22585611048911147,0.012476694537647182,0.21337941595146429,64.33389544688035,36.739873181502006,33.54762681849799,0.09083397084841592,4.4343376918703825,25.58625343690087,41.26315789473677,18.10526315789475,18267625.0,-181300333.0
2012-01-12,36.82,36.94,36.5,36.84,10986100.0,37.09,33.545,35.3175,0.6378571428571418,35.67489750306135,35.56555670037636,37.90751863018156,0.2976512021871187,0.0695115960675415,0.22813960611957723,68.14621409921676,37.00163596620778,33.49586403379222,0.09945804978660394,6.689834926151184,25.73617778040934,45.352743561030124,17.245240761478183,17360650.0,-170314233.0
2012-01-13,36.49,36.83,36.28,36.74,15733300.0,37.09,33.545,35.3175,0.6292857142857134,35.77633583610313,35.611613300361604,37.895901529383735,0.3425316734355661,0.12411561154114643,0.2184160618944197,63.516068052930095,37.18973273514411,33.543767264855894,0.10309020394263588,5.423242467718792,26.26760343191673,38.47900113507367,19.97729852440409,16993245.0,-186047533.0
2012-01-17,37.71,37.76,37.44,37.62,26287400.0,37.76,33.545,35.6525,0.6807142857142848,35.9519228993314,35.69037356309252,37.89315624053415,0.4439903711551665,0.18809056346395045,0.255899807691216,68.71961102106971,37.522591397642934,33.56390860235707,0.11137650032807543,7.886435331230279,27.22317417696115,45.330535152151015,18.467995802728232,17213540.0,-159760133.0
2012-01-18,37.65,38.33,37.57,38.32,24602000.0,38.33,33.545,35.9375,0.7099999999999989,36.17745405177603,35.793496168461445,37.897403442120876,0.5742615403525164,0.2653247588416637,0.30893678151085274,73.29376854599414,38.00732219806552,33.45817780193447,0.12731022370601355,6.50361311839911,28.92255218893399,49.195171026156885,17.102615694164975,17075260.0,-135158133.0
2012-01-19,38.64,38.785,38.37,38.6,20312700.0,38.785,34.03,36.4075,0.6860714285714273,36.40817271351165,35.90355514224727,37.90439445264704,0.6921177379817465,0.35068335466968026,0.3414343833120662,81.94662480376775,38.36839526182472,33.59610473817528,0.13262901913163977,8.885754583921003,31.23351970174976,55.64809994794372,11.244143675169187,17116615.0,-114845433.0
2012-01-20,38.4,38.7,38.2,38.67,18070100.0,38.785,34.03,36.4075,0.692499999999999,36.62358483603435,36.012043175884635,37.91201241829234,0.7821518787114101,0.43697705947802623,0.3451748192333839,81.20915032679747,38.78842416524159,33.53907583475843,0.1451549778571956,8.349677780891017,33.96594535074026,54.203197524497114,12.893243940175292,16560055.0,-96775333.0
2012-01-23,38.73,39.33,38.69,38.83,14357200.0,39.33,34.38,36.855000000000004,0.7189285714285703,36.833719613554884,36.122551286634256,37.921146623085455,0.8565415686994768,0.5208899613223164,0.3356516073771605,81.62939297124609,39.15908038620314,33.57591961379686,0.15352060967639442,10.406596531134472,37.28235058129047,58.17188276204662,12.41927471435663,16191250.0,-82418133.0
2012-01-24,38.56,39.06,38.46,38.965,16331100.0,39.33,34.38,36.855000000000004,0.6696428571428561,37.03669869797823,36.234019863628994,37.93153322385078,0.9158321626365691,0.5998784015851669,0.31595376105140216,78.24030274361412,39.523007845928404,33.57749215407159,0.16266689535247536,8.477171492204905,39.70552348304908,49.75999999999991,15.786666666666582,15830040.0,-66087033.0
2012-01-25,38.84,39.51,38.68,39.41,16081100.0,39.51,34.38,36.945,0.6746428571428561,37.26272739340887,36.358568104270994,37.94624433605127,0.9873466489105169,0.677372051050237,0.3099745978602799,88.0769230769231,39.92672064508476,33.58377935491525,0.172572388710987,7.29648788456303,44.28957508558657,54.15563790365261,9.740603493912007,16184240.0,-50005933.0
2012-01-26,39.66,39.8,39.07,39.18,17002100.0,39.8,34.38,37.09,0.6810714285714273,37.44532478451279,36.4692124923388,37.958520511811955,1.0137771250634842,0.7446530658528865,0.2691240592105977,83.62235067437388,40.21180852412565,33.69869147587435,0.17624334967971542,6.641262928688074,48.10144997300672,53.74934452018872,9.648662821184995,16656430.0,-67008033.0
2012-01-27,39.31,39.67,39.22,39.6,12218500.0,39.8,34.65,37.224999999999994,0.6660714285714278,37.650531947892524,36.59198847303139,37.97485364104766,1.0564360209091035,0.80700965686413,0.24942636404497354,93.51669941060906,40.45973183549829,33.957768164501715,0.17474286749747234,7.491856677524433,52.220894221100174,54.95978552278812,8.042895442359182,16506085.0,-54789533.0
2012-01-30,38.34,38.71,38.07,38.47,19828900.0,39.8,34.68,37.239999999999995,0.7160714285714279,37.72857652428371,36.665635983892905,37.97978047048997,0.9876766256780769,0.8431430506269194,0.1445335750511575,73.30895795246799,40.48725404613013,34.292245953869866,0.16568733656310264,4.708764289602607,53.842063527415995,45.336658354114626,18.952618453865266,16866425.0,-74618433.0
2012-01-31,38.9401,38.95,38.47,38.83,15555900.0,39.8,34.99,37.394999999999996,0.6667857142857139,37.83347399816145,36.7505130041324,37.988240366305995,0.9512676792642765,0.8647679763543908,0.08649970290988562,70.91633466135458,40.50828072862541,34.66721927137459,0.1553980075224193,3.2163742690058506,52.666244023425534,39.58221746116753,20.353508302088834,17266415.0,-59062533.0
2012-02-01,39.3,39.74,39.19,39.42,19449600.0,39.8,34.99,37.394999999999996,0.7124999999999996,37.98457171262227,36.85519876867623,38.002486730820365,0.9589670211991717,0.883607785323347,0.0753592358758246,73.92857142857142,40.68678276194116,34.832717238058834,0.15503454138023495,2.8705636743215024,52.98039999348233,44.96240601503747,17.74436090225554,17314135.0,-39612933.0
2012-02-02,39.88,40.2191,39.79,39.93,15714600.0,40.2191,34.99,37.60455,0.7381499999999994,38.169850597134435,36.975779209120304,38.02166596732962,0.9947546307356347,0.9058371544058046,0.08891747632983016,75.70715474209649,40.85162079463846,35.115879205361544,0.15100514270647086,3.4455958549222787,53.08720893771892,46.778142266863966,17.12776148866365,17372510.0,-23898333.0
2012-02-03,40.44,40.67,40.3,40.49,23063000.0,40.67,34.99,37.83,0.7510071428571423,38.39081720693115,37.1135917891548,38.04622650496813,1.0561294857202057,0.9358956206686849,0.12023386505152078,78.97990726429676,41.08677172905763,35.360728270942374,0.1498032887436543,4.706490819756914,54.72968915549337,50.26583349977643,14.742108216585262,17812345.0,-835333.0
2012-02-06,39.8,39.96,39.73,39.87,14441400.0,40.67,35.67,38.17,0.7324357142857144,38.531691758651995,37.22168622879579,38.0643735049187,1.0427208452013375,0.9572606655752155,0.08546017962612196,68.11594202898549,41.02227938246092,35.89522061753908,0.1333131930944672,2.6783414885397816,54.18769710974194,42.4708165514281,20.674656966481603,17806530.0,-15276733.0
2012-02-07,39.59,39.84,39.33,39.72,12675300.0,40.67,36.28,38.475,0.7167214285714287,38.64486397211371,37.31965931786262,38.080847400392145,1.0083668294648902,0.9674818983531505,0.04088493111173974,62.36749116607772,40.97204139255938,36.3254586074406,0.12022595258886204,1.9376363403053931,52.16318031902206,37.72137012786387,25.114360032289778,17665860.0,-27952033.0
2012-02-08,40.07,40.41,40.03,40.4,18507600.0,40.67,36.28,38.475,0.7327928571428574,38.812019784293355,37.44045699167193,38.10392354566188,1.0242049444353043,0.9788265075695812,0.04537843686572307,64.85148514851483,41.096425172227214,36.56807482777279,0.11661313327078456,2.512052778482632,48.957037757993874,38.01503055823594,24.563558206860137,17295025.0,-9444433.0
2012-02-09,40.26,40.34,39.77,40.09,11689600.0,40.67,36.28,38.475,0.7420785714285714,38.933732185789225,37.544360639057345,38.123685500431414,1.0002125280225513,0.9831037116601753,0.017108816362376045,61.26984126984129,41.10208573111425,36.89741426888575,0.1078127798826532,2.322613578356303,45.974726587015354,37.539344120279765,25.122484142033407,17145375.0,-21134033.0
2012-02-10,39.08,39.08,38.66,38.93,24124900.0,40.67,36.28,38.475,0.7970785714285721,38.93337673952359,37.59869943752569,38.13170853027787,0.8774810048727062,0.9619791703026815,-0.08449816542997535,50.68493150684933,40.94622055522605,37.26227944477395,0.09420820270052734,-1.6919191919192,41.805030631929796,29.30343844933719,33.336021722181854,17802315.0,-45258933.0
2012-02-13,39.47,39.59,39.24,39.42,12511200.0,40.67,37.44,39.055,0.8013642857142865,38.979721811949915,37.67012298899527,38.144527350872124,0.8104123641727128,0.9316658090766878,-0.12125344490397505,52.97191378184192,40.70844252230299,37.76805747769701,0.0749367019325779,2.469456719521723,38.38776200054963,33.69254218252792,31.107664607677965,17641210.0,-32747733.0
2012-02-14,39.32,39.42,39.1099,39.39,12704800.0,40.67,37.57,39.120000000000005,0.7642285714285723,39.01879592509754,37.73756914628957,38.156920113550015,0.746237077422883,0.8945800627459269,-0.1483429853230439,49.861878453038706,40.584535334376454,38.06896466562354,0.06396589264947942,1.442183878444503,33.720823136670546,31.123822341857288,33.83524001794524,16962080.0,-45452533.0
2012-02-15,40.15,40.19,39.71,39.81,16814500.0,40.67,38.07,39.370000000000005,0.7692285714285723,39.094148694135875,37.818840944474296,38.173368669634094,0.720957441622609,0.8598555385212634,-0.1388980968986544,54.23956931359354,40.58211442468126,38.22038557531874,0.059940454918626214,0.9893455098934467,28.93469449882452,35.378672510492805,33.615310329458055,16572705.0,-28638033.0
2012-02-16,39.88,40.33,39.7,40.315,15959100.0,40.67,38.07,39.370000000000005,0.7792285714285718,39.21042024707531,37.91672953488707,38.194678434115346,0.7332203202221379,0.8345284948614383,-0.10130817463930042,54.75715236194276,40.67194681204373,38.302053187956275,0.060017059388848305,0.9641873278236845,23.926826598760634,36.20797125362074,33.18391816081838,16355025.0,-12678933.0
2012-02-17,40.44,40.445,40.085,40.26,12047000.0,40.67,38.07,39.370000000000005,0.6956571428571431,39.31038022354433,38.00862249430326,38.215228897457486,0.7300847371280739,0.8136397433147655,-0.08355500618669165,63.8975155279503,40.73387266859073,38.39912733140927,0.05900813408265729,-0.5680414917263565,22.73865301242925,41.73854115327744,25.362452768194526,16053870.0,-24725933.0
2012-02-21,40.1,40.25,39.8,39.93,13156200.0,40.67,38.07,39.370000000000005,0.6942285714285715,39.369391630825824,38.08397063178157,38.23229129648776,0.6929832433976486,0.7895084433313422,-0.09652519993369357,58.580343213728554,40.74561883619971,38.4973811638003,0.05674287122898961,0.15048908954100604,21.608468373005817,39.35509095398793,28.346983290805888,15993820.0,-37882133.0
2012-02-22,40.18,40.36,40.075,40.32,10439000.0,40.67,38.07,39.370000000000005,0.6599428571428569,39.45992576122337,38.171658057986214,38.25306451741823,0.6871289877011861,0.769032552205311,-0.08190356450412484,57.24637681159419,40.81009683680833,38.568403163191675,0.05648112961612154,1.5105740181268867,18.980117429487898,34.03974370075328,29.819681357693383,15699215.0,-27443133.0
2012-02-23,40.17,40.25,39.91,40.14,10411900.0,40.67,38.07,39.370000000000005,0.6321500000000003,39.52469473634495,38.24884793806519,38.271839994856855,0.6603528159993814,0.7472966049641251,-0.08694378896474364,51.78571428571429,40.855814157472615,38.59568584252738,0.0568932824413695,-0.6435643564356441,15.991097938988625,30.122823470921222,32.995107399916506,15415755.0,-37855033.0
2012-02-24,40.09,40.4667,40.06,40.16,11184300.0,40.67,38.07,39.370000000000005,0.6083428571428574,39.58519999955019,38.32379507774891,38.290627656599575,0.6334443872757518,0.7245261614264504,-0.09108177415069862,46.91011235955051,40.89006668856599,38.65943331143401,0.05608164418712827,0.17460713394858995,12.739718873280996,28.55180349427013,34.28635168138281,15124865.0,-26670733.0
2012-02-27,39.45,39.84,39.3,39.71,10734300.0,40.67,38.07,39.370000000000005,0.6154857142857141,39.59708571387875,38.37815605509209,38.30475076449411,0.5692461096458317,0.6934701510703267,-0.12422404142449506,48.4526112185687,40.89302025103265,38.66747974896734,0.055945865148291286,2.003596198304658,11.148585691947634,28.220453068424472,36.09344536254779,15050655.0,-37405033.0
2012-02-28,40.14,40.38,40.02,40.29,15067400.0,40.67,38.47,39.57,0.6247714285714286,39.6630775506522,38.45313032744142,38.32450448823049,0.5587289848970869,0.6665219178356788,-0.10779293293859193,55.08928571428573,40.81817785808922,38.924322141910785,0.04749928121587449,2.2070015220700068,10.044352336264241,33.974710751360476,30.983902684410502,14812580.0,-22337633.0
2012-02-29,40.5,40.74,40.1575,40.285,17373000.0,40.74,38.66,39.7,0.6170928571428576,39.72230826011389,38.52496835381627,38.34401190625805,0.5437229300666218,0.6419621202818675,-0.09823919021524574,48.83248730964465,40.76993870041701,39.118061299583,0.041354831785349745,2.2721502919522685,8.576330180573466,31.966710265878056,31.369439653675833,14903435.0,-39710633.0
2012-03-01,40.1,40.43,40.04,40.32,17677600.0,40.74,38.66,39.7,0.5999500000000008,39.77923128296019,38.59536175170583,38.36367347933011,0.5285617995861571,0.6192820561427255,-0.09072025655656835,52.47311827956987,40.79249630726838,39.185503692731615,0.04018586647670021,1.2810851544837965,7.421077406113716,32.88012096246117,30.569214101175294,14814835.0,-22033033.0
2012-03-02,40.16,40.37,40.0,40.27,9517500.0,40.74,38.66,39.7,0.5242357142857144,39.825971160773506,38.66103383987423,38.382641902421355,0.5066713207244078,0.596759909059062,-0.09008858833465416,68.92655367231647,40.818576150280364,39.193423849719636,0.04062271410690217,-0.11162098474511994,9.08113579488155,37.6289291894323,20.405215756271204,14504980.0,-31550533.0
2012-03-05,39.52,39.58,39.05,39.17,15822200.0,40.74,38.66,39.7,0.5642357142857145,39.76349771689031,38.680993297134066,38.39047631135249,0.3959973407532402,0.5566073953978976,-0.16061005464465739,46.98795180722891,40.800091794369216,39.07990820563078,0.04306919350872399,-2.7074018877297434,9.093972230883972,28.505057410150247,30.985023989467603,14142940.0,-47372733.0
2012-03-06,37.97,37.97,37.55,37.75,22380700.0,40.74,37.55,39.144999999999996,0.6578000000000007,39.571736029567425,38.64448375606999,38.38410341273207,0.19149781410058608,0.4835854791384353,-0.2920876650378492,35.198555956678675,41.138270717783506,38.529729282216486,0.06548529988369282,-5.459554219884799,10.638620530242411,24.45054945054942,41.45311210528615,14539905.0,-69753433.0
2012-03-07,37.87,38.04,37.74,37.92,13942100.0,40.74,37.55,39.144999999999996,0.622085714285715,39.41442783627529,38.61607262838097,38.37948546832678,0.0426563295254212,0.3953996492158325,-0.3527433196904113,32.13610586011339,41.30461593778465,38.18338406221535,0.07853341071782642,-5.952380952380953,13.470344462808352,17.81679143893816,43.83295825104501,14603245.0,-55811333.0
2012-03-08,38.66,38.9,38.47,38.81,14418500.0,40.74,37.55,39.144999999999996,0.647085714285715,39.35686328043955,38.623677623346424,38.383769195010096,-0.003446330236037909,0.3156304533254584,-0.3190767835614963,36.740088105726905,41.246260844257215,38.08273915574278,0.07975700408462066,-3.3134030891878385,14.972344082852029,25.07616566584246,42.139482515012496,14398790.0,-41392833.0
2012-03-09,39.0,39.21,38.92,39.03,17131700.0,40.74,37.55,39.144999999999996,0.6499428571428579,39.32573344420721,38.639611834195584,38.390199352273676,-0.02197751574446727,0.2481088595114733,-0.2700863752559406,39.469178082191796,41.20422722083985,38.01877277916015,0.08041741518699609,-2.8137450199203107,14.764490014125546,27.108976613328643,41.95423773518564,14670895.0,-24261133.0
2012-03-12,38.94,39.03,38.73,38.83,13082400.0,40.74,37.55,39.144999999999996,0.6385142857142867,39.27852073523509,38.64707803677615,38.3945754781217,-0.052200210763956534,0.18804704545638734,-0.24024725622034387,40.36777583187389,41.208834152680495,38.0041658473195,0.0809126861843636,-2.216066481994461,15.052386556029129,27.59419187399319,41.64242885269389,14118770.0,-37343533.0
2012-03-13,39.21,39.99,39.13,39.96,19397700.0,40.74,37.55,39.144999999999996,0.6906571428571441,39.34342352235556,38.69856517258885,38.41015184152348,0.014858363916097517,0.1534093091483294,-0.13855094523223188,47.2093023255814,41.24079291864303,38.02620708135698,0.08110779611404623,-0.8190618019359608,14.99213634695882,34.30170024407395,38.49853141935229,14463095.0,-17945833.0
2012-03-14,39.32,39.52,38.56,38.67,39645900.0,40.74,37.55,39.144999999999996,0.7613714285714295,39.27928794879789,38.69744496974223,38.41273739533917,-0.03567817573818388,0.11559181217102675,-0.15126998790921065,40.277777777777786,41.2590924511409,37.935907548859106,0.08392410890288012,-4.008936328658297,15.445067672052492,31.115843590513364,38.72241819273498,15810150.0,-57591733.0
2012-03-15,38.75,38.91,38.57,38.86,11477600.0,40.74,37.55,39.144999999999996,0.7566071428571435,39.23935576319809,38.703819676811165,38.4171877695149,-0.05970904668397736,0.08053164040002593,-0.14024068708400328,41.591203104786565,41.24008564093314,37.859914359066856,0.08546577198144835,-3.6210317460317443,15.808684279583007,29.265990087325928,38.966249704980015,15543305.0,-46114133.0
2012-03-16,38.87,38.9695,38.59,38.76,10866100.0,40.74,37.55,39.144999999999996,0.7222857142857144,39.1937028333697,38.70602282674014,38.420598836484906,-0.08583341512658649,0.04725862929470345,-0.13309204442128994,43.563685636856356,41.15721907671263,37.787280923287376,0.08537486850699548,-3.7496895952321974,15.161916615254352,31.245055379746844,33.30201740506335,15288655.0,-56980233.0
2012-03-19,37.94,38.3,37.89,37.97,26127900.0,40.74,37.55,39.144999999999996,0.7365714285714284,39.077159706382105,38.67715918647582,38.41611526597262,-0.168343009602971,0.004138301515168566,-0.17248131111813955,34.716732542819514,41.12647381885145,37.589026181148554,0.08987931570536671,-3.06356905795252,16.37975809400876,25.40244375484874,39.44433669511259,15992700.0,-83108133.0
2012-03-20,37.31,37.33,36.94,37.27,17734800.0,40.74,36.94,38.84,0.768535714285714,38.90504925815524,38.62197647328069,38.404711133972896,-0.286909295764211,-0.05407121794070734,-0.23283807782350363,31.804465902233005,41.200245873792795,37.249254126207205,0.10072700903346968,-1.2715231788079429,19.01955928612445,21.00004647056093,46.633207862819035,16221630.0,-100842933.0
2012-03-21,37.22,37.5,37.07,37.42,14448400.0,40.74,36.94,38.84,0.7713928571428568,38.763615995473785,38.57484014099517,38.394913013236845,-0.36456767613824326,-0.11617050958021453,-0.24839716655802874,32.73809523809524,41.14062992193515,37.01887007806486,0.10547047624077158,-1.3185654008438852,21.166996870577425,22.496411870920003,45.372470947729205,16422100.0,-86394533.0
2012-03-22,37.04,37.07,36.64,36.89,21221000.0,40.74,36.64,38.69,0.8006785714285714,38.585176376857234,38.5087679786032,38.37993875439867,-0.4635357214325637,-0.18564355195068438,-0.27789216948187934,30.96846846846846,41.13284419379603,36.70165580620397,0.11386180646351061,-4.94717856222624,21.693919948676143,21.673580445158166,47.19211383201761,16962555.0,-107615533.0
2012-03-23,36.77,36.98,36.57,36.915,12273600.0,40.74,36.57,38.655,0.7428214285714277,38.426111960013685,38.44626727355994,38.365362249379785,-0.5337980279003887,-0.25527444714062525,-0.2785235807597634,35.554131966688004,41.060834704443096,36.44916529555691,0.11899546920103693,-5.4189085318985475,23.46449774223856,23.361700081734767,42.40588489831257,17017020.0,-95341933.0
2012-03-26,37.07,37.38,37.04,37.31,15284500.0,40.74,36.57,38.655,0.6603214285714277,38.31981558286952,38.40170777263602,38.35486113247054,-0.5512537035899854,-0.3144702984304973,-0.2367834051594881,46.75516224188792,40.981022389627846,36.288977610372164,0.12144544530233417,-3.9144990986350714,21.72188662412478,30.60738817675389,31.47817621288349,17244530.0,-80057433.0
2012-03-27,37.38,37.48,37.17,37.25,11241700.0,40.74,36.57,38.655,0.6610357142857133,38.217928384501,38.35654276194442,38.34386748936138,-0.5634340340751152,-0.3642630455594209,-0.19917098851569426,44.9775112443778,40.770737103042,36.19526289695799,0.118895985398332,-6.781781781781781,18.7701249945353,30.898481819655395,31.444162299422068,17053245.0,-91299133.0
2012-03-28,37.05,37.1,36.5,36.7,24043000.0,40.43,36.5,38.465,0.644607142857142,38.073363776453284,38.2915803006917,38.32751059891997,-0.6104307712463708,-0.4134965906968109,-0.1969341805495599,33.33333333333333,40.558548100426634,36.04895189957337,0.1177324987985058,-5.094388414791828,18.980195125066125,22.1563521524739,39.6697877998783,17386745.0,-115342133.0
2012-03-29,36.06,36.4,35.69,36.3,26270500.0,40.37,35.69,38.03,0.6881785714285711,37.90447198821964,38.21347911242928,38.30733636410485,-0.6722039326056617,-0.46523805907858107,-0.20696587352708062,29.032258064516114,40.31711809330219,35.88838190669781,0.11623140551808944,-6.587750900669076,20.617666052129916,17.535938554154377,45.56541595308544,17816390.0,-141612633.0
2012-03-30,36.84,36.88,36.51,36.665,16671200.0,39.99,35.69,37.84,0.7081785714285712,37.786427036960625,38.15275444135363,38.29099470874063,-0.6838244558061817,-0.5089553384241012,-0.17486911738208044,33.78277153558054,39.975052967456286,35.86994703254371,0.10824987632441353,-5.405056759545923,21.445401802001122,21.882091885622142,42.36219678249041,18174075.0,-124941433.0
2012-04-02,36.51,37.265,36.43,37.09,24756300.0,39.99,35.69,37.84,0.6849642857142852,37.720100652488185,38.111077796594664,38.27904451263375,-0.6512328491307287,-0.5374108405654268,-0.11382200856530189,25.963149078727014,39.81492338089707,35.82207661910293,0.10557919435710408,-2.3176191730313267,24.24541561803131,16.627561395276132,43.7979039574536,18620780.0,-100185133.0
2012-04-03,37.25,37.31,36.77,37.2,25645400.0,39.99,35.69,37.84,0.6235357142857139,37.67056725701312,38.075349255551735,38.26830775131402,-0.6095017288108693,-0.5518290182145152,-0.05767271059635404,34.65553235908146,39.80645763381105,35.77554236618896,0.10666336608245591,-0.18781862087470236,26.165578577298728,18.78114439544082,41.58313763674909,18784015.0,-74539733.0
2012-04-04,36.59,36.7,36.285,36.63,17310800.0,39.99,35.69,37.84,0.6646071428571432,37.57146561348806,38.01866889258892,38.25200618164921,-0.6153306034456065,-0.5645293352607336,-0.05080126818487296,28.433268858800844,39.80612066379091,35.646879336209096,0.11024720892692962,-2.1111704970603884,28.22286237615129,17.62050620667424,44.22591219302504,18952450.0,-91850533.0
2012-04-05,36.62,37.08,36.61,37.0029,19995400.0,39.99,35.69,37.84,0.6710714285714293,37.51731650744158,37.97883481836975,38.23957726441887,-0.5831380624506508,-0.568251080698717,-0.014886981751933814,33.85878851347627,39.674165153276405,35.59812484672359,0.10830121699639568,0.30604499864461676,30.529040115487028,20.862160723789238,43.7998935604046,19231295.0,-71855133.0
2012-04-09,36.39,36.52,36.29,36.35,15544700.0,39.99,35.69,37.84,0.6598500000000007,37.40614350673285,37.91495894313956,38.22077550059381,-0.6033537290506104,-0.5752716103690957,-0.028082118681514667,34.73368766255797,39.506428118435345,35.49786188156465,0.10688898559990881,-1.5305431396451241,31.20859265270556,21.21694324467681,40.43126684636128,19151945.0,-87399833.0
2012-04-10,36.34,36.42,35.55,35.75,19568000.0,39.99,35.55,37.769999999999996,0.6484214285714296,37.24841555371068,37.83005859242821,38.19619066974213,-0.6601796361696657,-0.5922532155292097,-0.06792642064045595,35.40089899727225,39.39568316696066,35.300606833039346,0.10964604356980279,-4.181184668989557,30.539458893544897,21.590896572995934,38.83056654071985,19476225.0,-106967833.0
2012-04-11,36.28,36.34,36.06,36.165,14519200.0,39.52,35.55,37.535,0.6598500000000013,37.145233120023946,37.76476217703887,38.17597981730689,-0.6640725305088679,-0.6066170785251414,-0.05745545198372659,38.530013891935354,38.861142247029264,35.455647752970734,0.09164805137731406,-2.9127516778523543,30.46354506194578,19.376698167332357,38.15802292728874,19232300.0,-92448633.0
2012-04-12,36.57,37.54,36.57,37.45,34550500.0,38.9695,35.55,37.25975,0.7023500000000011,37.17425853716452,37.752418562253034,38.16875613753269,-0.5570476183186841,-0.5967031864838499,0.0396555681651658,54.49741398695752,38.6532036534703,35.5415863465297,0.08387697591544101,2.043596730245234,27.93997690952355,30.4081196798502,31.475963347537427,18977530.0,-57898133.0
2012-04-13,37.49,37.6,37.04,37.42,31383400.0,38.9695,35.55,37.25975,0.7130642857142873,37.197662486005996,37.7393825402039,38.16130582770649,-0.4692412327757367,-0.5712107957422273,0.10196956296649062,54.05244912370805,38.35451701249838,35.696272987501615,0.07179515640540127,3.0853994490358305,25.90102887712243,30.552244337817573,30.301816105540542,19972820.0,-89281533.0
2012-04-16,37.59,37.72,36.91,37.08,23975300.0,38.3,35.55,36.925,0.7377071428571443,37.186456534957806,37.713524401372375,38.15054656573926,-0.4222220847546154,-0.5414130535447049,0.1191909687900895,48.13789306648528,37.992128326828315,35.890661673171685,0.05688649964779699,1.131869630437743,26.422231439463847,25.658652775491493,30.548320568557102,20628280.0,-113256833.0
2012-04-17,37.32,37.63,37.1,37.52,17750400.0,37.72,35.55,36.635,0.7548500000000021,37.21822257924754,37.705935209161694,38.14427247055778,-0.3454723581311754,-0.502224914461999,0.15675255633082363,52.059245248482284,37.89339330433937,35.94439669566063,0.0527913039834681,1.1593421407387394,27.117191454054687,24.12967571608352,29.854559562448607,20209405.0,-95506433.0
2012-04-18,37.37,37.63,37.29,37.54,8341600.0,37.72,35.55,36.635,0.7255642857142881,37.24886804789063,37.69942794605731,38.138259809159194,-0.27980835740761023,-0.45774160305112127,0.17793324564351104,56.97002887583387,37.93446387981673,35.93032612018327,0.054265036416768136,0.9139784946236462,25.18605232860237,25.10361393595122,24.463717894446738,19739745.0,-87164833.0
2012-04-19,37.81,38.13,37.39,37.765,18902500.0,38.13,35.55,36.84,0.7062785714285736,37.29802347190105,37.7019993991531,38.134545781207365,-0.20722478581612336,-0.4076382396041217,0.20041345378799835,62.51965543173584,37.99787115975869,35.90141884024132,0.05673809097536304,3.098553098553092,24.09182073844181,30.845781207334095,16.939896236814754,19962450.0,-68262333.0
2012-04-20,38.09,38.36,37.98,38.0,17463000.0,38.36,35.55,36.955,0.7073500000000017,37.36487837933904,37.71368569722553,38.133207017215256,-0.1292493404288777,-0.3519604597690729,0.22271111934019522,61.66794853866592,38.15289144086958,35.85739855913043,0.06203172239263351,2.694653662280544,23.610476553229518,28.274545840107272,16.914237243635778,19774550.0,-50799333.0
2012-04-23,37.04,37.12,36.6,37.0,23768700.0,38.36,35.55,36.955,0.7477071428571443,37.33012805749723,37.68569802282453,38.12193132550167,-0.14645662007785631,-0.3108596918308296,0.1644030717529733,49.285237777565975,38.15636520467993,35.86242479532007,0.06198265087445668,1.7881705639614776,21.234414392357564,23.070529905711627,29.18445915608671,20349305.0,-74568033.0
2012-04-24,37.15,37.5,37.07,37.19,14764100.0,38.36,35.55,36.955,0.7448500000000016,37.316782528211775,37.66625888467455,38.112658376989216,-0.14311239051420444,-0.2773102315675046,0.13419784105330018,49.92157846858429,38.14498695304873,35.861803046951266,0.06170201156130304,4.027972027972027,18.91156503159588,26.371560908715917,29.296406754955456,20323285.0,-59803933.0
2012-04-25,37.4,37.56,37.23,37.53,12254200.0,38.36,35.55,36.955,0.70592142857143,37.337088954096366,37.660915399001034,38.10686078119828,-0.11173885008098239,-0.2441959552702002,0.1324571051892178,57.32207361124669,38.178422828626246,35.856367171373755,0.06272877000805949,3.774367482372476,16.157454980707257,28.43294984265741,26.004512845419814,20373910.0,-47549733.0
2012-04-26,37.48,37.88,37.4,37.74,10696900.0,38.36,35.55,36.955,0.7066357142857161,37.37546143465862,37.664016755902956,38.10321042516646,-0.06913292694861894,-0.20918334960588394,0.140050422657265,56.1600561600562,38.263262672250406,35.875527327749595,0.06441257928544049,0.7743658210947801,13.865326953407957,27.79771351171034,25.978226809125673,19706605.0,-36852833.0
2012-04-27,37.74,37.965,37.52,37.87,13480200.0,38.36,35.55,36.955,0.687500000000002,37.42256034564351,37.672094530181276,38.10088992342351,-0.024594007948067542,-0.17226548127432068,0.14767147332625313,63.919413919413856,38.335198427675905,35.96059157232409,0.06392305285001518,1.2025654730090762,12.460807940678038,29.45454545454538,23.37662337662331,19067090.0,-23372633.0
2012-04-30,37.98,38.14,37.67,37.925,14940700.0,38.36,35.55,36.955,0.6589285714285731,37.47041174129651,37.682012391742795,38.099139774931736,0.014968894493371465,-0.13481860612078225,0.14978750061415372,72.12614445574766,38.42375151422905,35.99803848577096,0.06518824737911008,2.2788565264293403,12.793199349496701,32.62872628726277,16.368563685636794,18980565.0,-8431933.0
2012-05-01,37.9,38.58,37.89,38.35,18564500.0,38.58,35.55,37.065,0.6660714285714298,37.55418205164922,37.70820798422347,38.10163589657421,0.079698018691154,-0.091915281158395,0.171613299849549,72.18274111675123,38.58706023909236,35.96072976090763,0.07046031755427565,2.212153518123672,13.25530230131985,36.99731903485244,16.193029490616574,18670975.0,10132567.0
2012-05-02,38.13,38.33,37.87,38.31,25031200.0,38.58,35.55,37.065,0.6021428571428586,37.62616471339692,37.73180767111667,38.10370917123517,0.12631259726558142,-0.048269705473599725,0.17458230273918113,61.68478260869562,38.720900212238476,35.93788978776152,0.07455278673755511,2.051145444858826,14.492592615966638,26.690391459074668,18.149466192170784,18640265.0,-14898633.0
2012-05-03,38.18,38.22,37.81,37.92,13327800.0,38.58,35.55,37.065,0.5978571428571442,37.654149026406735,37.739187762445425,38.10188121928258,0.13028341982657565,-0.012559080413564652,0.1428425002401403,56.18811881188118,38.76838575657038,36.01940424342962,0.07351417960447186,0.41043294055342905,15.596984990200307,26.16487455197124,18.996415770609232,18441115.0,-28226433.0
2012-05-04,37.72,37.73,37.21,37.37,15285100.0,38.58,35.55,37.065,0.590714285714287,37.627087214368,37.724709810976975,38.09459881909072,0.08803510793188707,0.007559757255525694,0.08047535067636137,53.411764705882334,38.77450615877043,36.04999384122957,0.07282407012518244,-1.6578947368421137,15.19408688005183,26.48125755743644,24.90931076178949,18205600.0,-43511533.0
2012-05-07,37.08,37.38,37.08,37.18,10858100.0,38.58,35.55,37.065,0.5728571428571441,37.584507479666286,37.70334864191906,38.08549833332862,0.03877463441973816,0.013802732688368189,0.024971901731369976,45.749999999999964,38.72744282837557,36.180057171624426,0.06801416832095974,0.4864864864864815,14.436605973578791,27.306733167082207,27.306733167082207,17971270.0,-54369633.0
2012-05-08,36.75,36.78,35.99,36.43,23524600.0,38.58,35.99,37.285,0.6335714285714295,37.47455438636474,37.65341340105949,38.0690257130965,-0.060090689664363595,-0.0009759517821781684,-0.05911473788218543,38.26638477801271,38.5954335715761,36.380066428423895,0.05909576176623583,-2.043560096800212,15.767742445021982,24.689966178128465,36.97857948139785,18169100.0,-77894233.0
2012-05-09,35.86,36.1114,35.58,35.93,25154900.0,38.58,35.58,37.08,0.6414285714285722,37.327453968615714,37.58582856180225,38.047741875155246,-0.1767505226115773,-0.036130865948058,-0.1406196566635193,31.668331668331675,38.645995951411166,36.30600404858883,0.06243974551239016,-4.263256061817211,16.34447045138358,18.819599109131353,41.09131403118032,18700885.0,-103049133.0
2012-05-10,36.04,36.09,35.71,35.81,22573400.0,38.58,35.58,37.08,0.6260714285714296,37.18293454303326,37.5161882260453,38.02547578684525,-0.27570907523276134,-0.08404650780499867,-0.19166256742776266,27.607361963190215,38.78135871732187,36.006641282678125,0.07420220983697244,-5.113937466878637,17.641706599191977,16.657159155733012,42.09925841414708,18102030.0,-125622533.0
2012-05-11,35.4,35.75,35.2,35.33,19818100.0,38.58,35.2,36.89,0.5696428571428582,37.0064645865539,37.43045535443568,37.99865513224977,-0.3883893193065404,-0.14491507010530705,-0.24347424920123337,30.892448512585815,38.95548445686895,35.623515543131056,0.08935407859418591,-6.707156060205966,19.075672179136454,18.307210031347935,35.36050156739805,17523765.0,-145440633.0
2012-05-14,34.81,34.955,34.56,34.735,15901200.0,38.58,34.56,36.57,0.5889285714285722,36.790134625929724,37.324751222889184,37.96618095182938,-0.5197098601699679,-0.21987402811823922,-0.2998358320517287,24.293193717277532,39.192686312962955,35.15181368703704,0.10870669991528396,-8.411338167435723,22.44487333544958,13.098847786537258,41.964827167980545,17120060.0,-161341833.0
2012-05-15,34.83,35.0,34.55,34.72,16452300.0,38.58,34.55,36.565,0.5946428571428578,36.59297894726975,37.22260411610922,37.933880643850976,-0.6178702855168723,-0.2994732795979658,-0.31839700591890646,18.42696629213482,39.321394806990334,34.74310519300966,0.12362979872896387,-9.465449804432858,25.90681692493738,12.792792792792751,41.56156156156152,17055155.0,-177794133.0
2012-05-16,34.22,34.54,33.91,33.93,26271700.0,38.58,33.91,36.245,0.6182142857142863,36.33936190467263,37.093482386065716,37.89404103545445,-0.7507552878767854,-0.38972968125372975,-0.3610256066230556,12.127236580516879,39.51160412144552,34.19189587855448,0.14435429098729474,-11.433046202036024,30.611330309238486,8.60774119006351,47.37146158290004,17951660.0,-204065833.0
2012-05-17,33.74,33.84,33.17,33.19,25073200.0,38.58,33.17,35.875,0.6407142857142861,36.03942267565619,36.94040464543569,37.84723465699222,-0.9053431924279778,-0.4928523834885794,-0.4124908089393984,8.51063829787239,39.70548942457775,33.540510575422246,0.1683362599774869,-12.47362869198313,35.21815711075555,7.357859531772531,53.95763656633215,18260195.0,-229139033.0
2012-05-18,33.34,33.48,32.96,33.0,15687700.0,38.58,32.96,35.769999999999996,0.6442857142857145,35.74995384940322,36.785878973065664,37.79900346637538,-1.0312984658805888,-0.6005415999669813,-0.4307568659136075,7.359307359307422,39.779287375459155,32.96671262454084,0.18729757652429868,-11.693872089911682,38.73882263768053,5.376940133037686,55.98669623059862,18171430.0,-244826733.0
2012-05-21,33.25,33.88,33.2,33.86,17566100.0,38.58,32.96,35.769999999999996,0.6578571428571435,35.56995824469815,36.67113862118074,37.75980940203334,-1.0496246947579309,-0.6903582189251712,-0.3592664758327596,13.848631239935585,39.78611956161307,32.64588043838692,0.19715703344450392,-8.929532006455087,41.93100509932348,4.831704668838295,54.831704668838135,17861300.0,-227260633.0
2012-05-22,33.77,34.0,33.25,33.63,28275200.0,38.58,32.96,35.769999999999996,0.6771428571428574,35.38520031663166,36.55187828309522,37.71871677116734,-1.0703688946503433,-0.7663603540702058,-0.3040085405801376,13.4375,39.75559316593009,32.32040683406991,0.20631517653199902,-7.685973099094145,46.27070344514973,5.959915611814394,53.05907172995773,18536855.0,-255535833.0
2012-05-23,33.14,33.31,32.73,33.25,28348300.0,38.58,32.73,35.655,0.7057142857142864,35.18184790552388,36.42239286022874,37.67425192767313,-1.1047369271056482,-0.8340356686772943,-0.2707012584283539,13.458528951486684,39.67048383523685,31.97751616476315,0.21474340303912748,-7.458947954355688,50.946754983298696,5.71862348178142,55.56680161943317,19341560.0,-283884133.0
2012-05-24,33.28,33.37,32.49,32.74,32867700.0,38.58,32.49,35.535,0.7178571428571432,34.94929096214065,36.277985297082516,37.625154893566936,-1.1597576143329604,-0.8991800578084276,-0.26057755652453285,13.543307086614178,39.54410751544739,31.603892484552603,0.22320276131148567,-8.573024294889697,56.4538413999549,5.621890547263727,51.04477611940291,20450100.0,-316751833.0
2012-05-25,32.56,32.6701,32.43,32.58,11446600.0,38.58,32.43,35.504999999999995,0.7185714285714287,34.72364420384154,36.13296626582438,37.574954347362294,-1.2024119121397376,-0.9598264286746896,-0.24258548346504805,13.60759493670885,39.33995106526241,31.27904893473759,0.22829272945028448,-7.783753184262665,62.16177790789139,5.616302186878775,50.29821073558642,20348420.0,-328198433.0
2012-05-29,33.85,33.93,33.57,33.88,25318000.0,38.58,32.43,35.504999999999995,0.7300000000000004,34.64329713680901,36.044614647556756,37.53818863246317,-1.1184241179753656,-0.9915459665348249,-0.1268781514405407,31.44104803493454,38.988271942193904,31.226228057806097,0.22109518359848201,-2.461494170145373,63.38250350507571,17.856164383561698,38.84540117416826,20867285.0,-302880433.0
2012-05-30,33.22,33.335,33.02,33.29,14158900.0,38.33,32.43,35.379999999999995,0.730714285714286,34.51441169520815,35.936590543731,37.49591809880682,-1.0869416682115371,-1.0106251068701673,-0.07631656134136988,31.03448275862071,38.49763950776115,31.21086049223885,0.20906428959229648,-4.11866359447004,63.47736305514509,17.838709677419413,40.1759530791788,20647005.0,-317039333.0
2012-05-31,33.45,33.71,33.15,33.49,17265300.0,38.22,32.43,35.325,0.7435714285714289,34.4168486766169,35.840645816525864,37.456058217226655,-1.0339347156249303,-1.01528702862112,-0.018647687003810365,33.522727272727295,37.91588734325362,31.310612656746382,0.19083081439931934,-1.2967875036840493,62.54668500368734,21.132564841498617,39.481268011527284,20258710.0,-299774033.0
2012-06-01,32.81,32.97,32.64,32.69,17924700.0,37.73,32.43,35.08,0.7607142857142861,34.25238689789148,35.71709107862289,37.40863475237863,-1.0444399839331453,-1.021117619683525,-0.02332236424962031,32.06521739130437,37.367737705894335,31.33576229410567,0.1755944140193342,-1.5064778547755342,62.43924051931579,20.656338028169067,38.591549295774556,20488555.0,-317698733.0
2012-06-04,32.51,32.75,32.32,32.59,19190800.0,37.38,32.32,34.85,0.7364285714285721,34.094064336187536,35.5944600559318,37.360688137927106,-1.0487453652694043,-1.026643168800701,-0.022102196468703372,34.377276037873315,36.867969878512,31.357530121487997,0.16153607542704715,-1.2424242424242338,60.59091520064503,21.337536372453975,36.760426770125974,20683840.0,-336889533.0
2012-06-05,32.49,32.75,32.39,32.62,12818400.0,36.78,32.32,34.55,0.7300000000000004,33.95367725655063,35.47781456354232,37.313517111679076,-1.0377738507577021,-1.0288693051921012,-0.008904545565600941,34.738372093023244,36.30566647500436,31.46383352499564,0.14289121064811514,-3.6621382161842964,58.774920239393175,21.085127201565594,37.08414872798424,20781855.0,-324071133.0
2012-06-06,33.03,33.58,32.97,33.485,15750000.0,36.1114,32.32,34.2157,0.740714285714286,33.90904132735533,35.39966497281517,37.27542241405043,-0.948348603197168,-1.0127651647931146,0.06441656159594666,46.80086268871315,35.844472135303974,31.630527864696017,0.12490386871012842,-0.4311626523937018,54.02095698105608,28.783992285438785,30.376084860173485,20393125.0,-308321133.0
2012-06-07,34.58,34.64,33.65,33.77,30194500.0,36.09,32.32,34.205,0.768928571428572,33.89579929617864,35.33575654250869,37.24054258903501,-0.8447436530776855,-0.9791608624500289,0.13441720937234336,54.46153846153849,35.46755074095242,31.791449259047567,0.10931180903387953,1.5639097744361008,50.40153164969098,37.57454714352069,22.387366465397072,20645105.0,-278126633.0
2012-06-08,32.99,33.0299,32.68,32.81,22985000.0,35.75,32.32,34.035,0.8096428571428582,33.79238983939972,35.236707266331884,37.19645758814909,-0.8305261718948742,-0.949433924338998,0.11890775244412377,48.6932599724897,35.03645688342419,31.922543116575817,0.0930095660582855,0.2138057422113704,45.376612800535106,35.68504631671813,27.966475518306044,20665685.0,-301111633.0
2012-06-11,33.49,33.5,32.74,32.79,14600100.0,35.0,32.32,33.66,0.8010714285714293,33.696924140409266,35.14075796176985,37.15261223901328,-0.811517875561961,-0.9218507145835907,0.11033283902162971,41.67962674961122,34.66983582818136,32.035164171818636,0.0789947277224414,0.6445672191528473,40.317212964639786,36.691930450289775,28.26571555951843,20404785.0,-315711733.0
2012-06-12,33.35,33.6,33.115,33.52,17284700.0,35.0,32.32,33.66,0.8053571428571438,33.68007422227505,35.07719882601417,37.116466843600215,-0.7291436505083979,-0.8833093017685522,0.15416565126015425,49.20634920634921,34.442124195413555,32.141375804586445,0.0691086647841315,-1.0625737898465104,35.52641883294241,36.319290465631944,28.11529933481145,20473960.0,-298427033.0
2012-06-13,33.63,34.01,33.55,33.67,16193500.0,34.64,32.32,33.480000000000004,0.7760714285714287,33.679114772534575,35.02201455832734,37.08217364117633,-0.6443302986800177,-0.8355135011508453,0.19118320247082765,53.13432835820896,34.194458850130744,32.28404114986927,0.05747475349959689,1.141483929107845,31.568432298572752,41.46341463414635,24.39024390243894,20461020.0,-282233533.0
2012-06-14,33.54,34.01,33.28,33.745,18063600.0,34.64,32.32,33.480000000000004,0.7653571428571431,33.68538955610271,34.971935556039995,37.048967933303935,-0.5645553899976079,-0.7813218789201979,0.21676648892258998,58.020750199521096,34.16030272379178,32.29969727620823,0.055991737814732226,0.761421319796951,27.657154142590343,42.04386374241718,25.01166588894066,20050615.0,-264169933.0
2012-06-15,34.21,34.49,34.15,34.46,21865400.0,34.64,32.32,33.480000000000004,0.7964285714285718,33.759161979331026,34.95185965188156,37.02320705834569,-0.43858296422082077,-0.7127740959803225,0.2741911317595017,63.78299120234603,34.37361744000837,32.213382559991636,0.06488458347775783,5.414499847048027,24.170500625167627,44.708520179372236,23.49775784753353,19890225.0,-242304533.0
2012-06-18,34.45,34.67,34.27,34.57,21277600.0,34.67,32.32,33.495000000000005,0.7285714285714288,33.83638464796616,34.936884763572486,36.99879703786464,-0.3261135940057187,-0.6354419955854018,0.3093284015796831,56.12788632326817,34.58262576250544,32.16137423749456,0.07255338382508911,6.0754832770788525,22.93319241833588,38.2852941176471,25.68627450980382,20169720.0,-221026933.0
2012-06-19,34.74,35.175,34.72,34.9,19013400.0,35.175,32.32,33.7475,0.7103571428571429,33.93768134815986,34.93543830225592,36.977913485249076,-0.20795538550094506,-0.5499446735685105,0.34198928806756546,64.99068901303536,34.80081784140853,32.04718215859147,0.08238498332985467,6.989576946658493,22.762431142977118,44.344896933132226,20.814479638008983,20242085.0,-202013533.0
2012-06-20,34.02,34.07,33.57,33.94,14210000.0,35.175,32.32,33.7475,0.7653571428571426,33.93790217214464,34.89640150608902,36.94768549037098,-0.1895926251567417,-0.4778742638861568,0.2882816387294151,53.67047308319735,34.832961800507455,32.046038199492536,0.08334226292303772,1.3588173809168325,21.40267238066243,37.658422771815225,30.051329911339174,19538825.0,-216223533.0
2012-06-21,33.43,33.46,32.45,32.515,23497600.0,35.175,32.32,33.7475,0.8110714285714279,33.80238767955944,34.80301321173259,36.903579167083706,-0.28672046106760973,-0.4396435033224474,0.15292304225483766,48.70466321243526,34.854792028534774,31.95070797146524,0.08694146610891425,-3.716316257032881,19.426689850024083,35.53588727432852,33.72963452223686,19296290.0,-239721133.0
2012-06-22,32.72,32.73,32.34,32.525,13908900.0,35.175,32.32,33.7475,0.8082142857142846,33.68073171007759,34.7136793602921,36.86001121517243,-0.3587525779656744,-0.4234653182510928,0.0647127402854184,49.5123780945236,34.86769216587364,31.916307834126364,0.08838597064408474,-0.8686376104846238,17.917845260314976,35.66151126822807,31.992929739284097,18348350.0,-225812233.0
2012-06-25,32.09,32.1,31.62,31.825,21337800.0,35.175,31.62,33.3975,0.8471428571428559,33.503995356736866,34.60039781675123,36.80991160109111,-0.46694010456140944,-0.43216027551315617,-0.034779829048253275,44.58077709611454,34.95106022502255,31.75743977497744,0.09574853129796394,-2.942970417810309,16.21329570371319,34.02276559865098,36.59359190556492,18842910.0,-247150033.0
2012-06-26,32.31,32.32,32.01,32.185,18338400.0,35.175,31.62,33.3975,0.8139285714285701,33.378376751333356,34.505676333741384,36.76389258018473,-0.5176632082525288,-0.4492608620610307,-0.06840234619149804,40.48316251830164,34.92756767686132,31.611432323138676,0.09967493811817571,-3.9826968973747046,16.862656031143754,30.057920140412513,38.08688021061869,18493930.0,-228811633.0
2012-06-27,32.64,32.78,32.51,32.63,15458200.0,35.175,31.62,33.3975,0.77392857142857,33.30710277501589,34.43212039908486,36.72275932068041,-0.5160056603381307,-0.46260982171645076,-0.0533958386216799,41.84549356223176,34.91894214728086,31.554057852719144,0.10124063287535437,-3.0888030888030826,16.56370717971406,26.073834794647016,40.055376095985245,18558895.0,-213353433.0
2012-06-28,32.22,32.5,32.06,32.49,10955700.0,35.175,31.62,33.3975,0.7367857142857126,33.22928346310962,34.355958814807025,36.680642312514436,-0.5199946964697233,-0.4740867966671053,-0.045907899802618,47.40680713128039,34.89643413231087,31.476565867689136,0.10304998311427047,-3.71906949177655,16.766967180458927,27.38826951042177,37.033446437227326,18243415.0,-224309133.0
2012-06-29,33.23,33.75,33.2,33.665,20575500.0,35.175,31.62,33.3975,0.7724999999999983,33.270780276146795,34.32886239069695,36.65063592134514,-0.4234619504592061,-0.4639618274255255,0.040499876966319404,55.9726962457338,34.94117304077653,31.529326959223454,0.10265745199909976,-2.30702263493906,16.04723595969818,33.33333333333338,35.32131299121588,18375955.0,-203733633.0
2012-07-02,33.64,33.76,33.41,33.645,11526100.0,35.175,31.62,33.3975,0.7396428571428554,33.3064202498471,34.30204425772844,36.62072909625713,-0.3446005460297812,-0.44008957114637665,0.09548902511659546,50.944822373393805,34.975054112631554,31.600945887368436,0.10136109785097087,-2.675730402082721,15.434797947592026,33.944954128440386,36.890391115403176,17992720.0,-215259733.0
2012-07-03,33.86,34.28,33.8,34.2,12159600.0,35.175,31.62,33.3975,0.7499999999999984,33.391523083195,34.29804252213125,36.59664223957795,-0.23461396938530754,-0.39899445079416285,0.1643804814088553,53.77492877492879,35.07024272770308,31.663757272296923,0.10209145129637541,-2.005730659025773,13.770032347299203,34.523809523809604,36.38095238095236,17959780.0,-203100133.0
2012-07-05,34.03,34.25,33.71,34.09,12721600.0,35.175,31.62,33.3975,0.7364285714285701,33.458044694319284,34.28988399185159,36.57170052575131,-0.15454341538310956,-0.3501042437119522,0.19556082832884264,52.44507441530833,35.13054159025303,31.663958409746968,0.10379846186455662,0.44195639363584505,11.970484504075234,35.16003879728425,35.30552861299706,17808360.0,-215821733.0
2012-07-06,33.57,33.66,33.21,33.45,14329800.0,35.175,31.62,33.3975,0.746071428571427,33.45727853295554,34.256947364720155,36.54063882897767,-0.1411030278841423,-0.30830400054639023,0.16720097266224793,42.7650429799427,35.105940284934405,31.656559715065594,0.10333287608668972,2.8755958788251545,10.724787355310648,30.110100526567763,39.63618956438486,17015125.0,-230151533.0
2012-07-09,33.14,33.16,32.82,33.05,11610900.0,35.175,31.62,33.3975,0.7624999999999987,33.41849010124549,34.20961609551544,36.50590610431123,-0.16087362995322252,-0.2788179264277567,0.1179442964745342,39.546079779917434,35.10449231573371,31.682007684266292,0.1024903126071112,1.6141429669485063,10.80949233643197,27.775175644028117,42.435597189695535,16446420.0,-241762433.0
2012-07-10,33.03,33.13,32.25,32.43,20201800.0,35.175,31.62,33.3975,0.7821428571428564,33.324348186841156,34.13982722902464,36.46534982466634,-0.22398878963750946,-0.26785209906970725,0.043863309432197795,33.664021164021165,35.120446339429364,31.63005366057064,0.10458027067538747,1.9010212097407608,10.724387899653047,22.465753424657564,46.57534246575338,16726505.0,-261964233.0
2012-07-11,32.71,32.9,32.47,32.69,18089000.0,35.175,31.62,33.3975,0.720714285714285,33.26393407380866,34.08297125925897,36.427784154769164,-0.2501446692803242,-0.26431061311183063,0.014165943831506433,40.88921282798833,35.1037511150754,31.563748884924607,0.10619873942028095,1.5690539070995602,11.582250350811593,24.380574826560984,39.14767096134783,16766720.0,-243875233.0
2012-07-12,32.07,32.23,31.81,32.09,24616600.0,35.175,31.62,33.3975,0.6771428571428567,33.15213082868403,34.004815523601756,36.38462212337843,-0.3156497639374578,-0.2745784432769561,-0.04107132066050173,46.47887323943664,35.10095941675801,31.408540583241976,0.11103432843476597,-1.6549187863928894,12.63247903976208,25.949367088607616,36.81434599156115,17187875.0,-268491833.0
2012-07-13,32.26,32.7,32.26,32.58,13405800.0,35.175,31.62,33.3975,0.6928571428571428,33.09764217833317,33.94894040502914,36.3467651868274,-0.3242859519003076,-0.2845199450016264,-0.039766006898681205,50.42210283960092,35.05107641638465,31.341923583615348,0.11173324997422335,0.27700831024930483,12.754551073390894,30.20618556701038,34.84536082474222,16954985.0,-255086033.0
2012-07-16,32.31,32.48,32.13,32.46,9962400.0,35.175,31.62,33.3975,0.6603571428571426,33.036914351825246,33.89055058522408,36.30809090636146,-0.3369292791999783,-0.2950018118412968,-0.04192746735868147,55.34962089300761,34.878480270432334,31.31451972956768,0.10768391040939833,-3.5793851180751513,12.669336709242575,31.69280692266098,30.178474851270842,16359835.0,-265048433.0
2012-07-17,32.84,33.26,32.53,33.19,22084100.0,35.175,31.62,33.3975,0.6821428571428567,33.0514939373657,33.86307801325451,36.27706512619866,-0.28476175182279917,-0.2929537998375973,0.008192048014798115,57.969865186360025,34.670714116169414,31.384285883830582,0.09950581280262909,-1.3523554762966405,12.623928982181619,36.544502617801164,29.21465968586377,16400160.0,-242964333.0
2012-07-18,32.59,33.07,32.55,32.97,12978600.0,34.28,31.62,32.95,0.6853571428571426,33.043732609997534,33.828055346068055,36.24415900553996,-0.25819446681990144,-0.28600193323405815,0.027807466414156712,52.796052631578924,34.3178958143997,31.544104185600297,0.08423040991161523,-3.5964912280701866,11.408282546419725,31.578947368421158,29.077644606565812,16098420.0,-255942933.0
2012-07-19,33.44,33.83,33.4,33.705,19684900.0,34.28,31.62,32.95,0.7060714285714281,33.10671045666444,33.82322964622225,36.21889374180325,-0.17580477666869143,-0.2639625019209848,0.08815772525229337,59.10112359550562,34.27375622193572,31.564743778064294,0.08229265380807357,-1.1293634496920113,12.028441522300758,38.34092058674769,23.672230652503735,16372165.0,-236258033.0
2012-07-20,33.58,33.6,33.05,33.255,18871800.0,34.28,31.62,32.95,0.6628571428571427,33.120833270315444,33.800946130684125,36.18940226178531,-0.1451484122861828,-0.24019968399402442,0.09505127170784161,46.554621848739515,34.304675495082655,31.607824504917343,0.08183124567161959,-0.5829596412556093,12.026473375017115,27.370689655172487,28.98706896551719,16140875.0,-255129833.0
2012-07-23,32.37,32.72,32.15,32.6,19886000.0,34.28,31.62,32.95,0.7167857142857142,33.07123010171397,33.75385020399063,36.15368681639441,-0.17172649247326177,-0.2265050456898719,0.054778553216610126,42.06529992406981,34.3037849138669,31.6162150861331,0.0815403467152245,-1.3615733736762392,12.96662448658647,25.211758844045924,35.77478824115588,16439730.0,-275015833.0
2012-07-24,32.6,32.68,32.24,32.48,10525600.0,34.28,31.81,33.045,0.7028571428571428,33.01492247297931,33.70389529403021,36.11713271871885,-0.200165427178554,-0.22123712198760834,0.021071694809054325,36.01626016260153,34.24915035104449,31.73634964895551,0.07616220842727511,0.15417823003391895,14.794844357476395,20.426829268292735,36.483739837398296,15899120.0,-285541433.0
2012-07-25,32.83,32.95,32.55,32.68,8374600.0,34.28,31.81,33.045,0.6978571428571433,32.98302509460033,33.663742537401575,36.08293239315946,-0.20421114038436627,-0.21783192566695994,0.013620785282593667,38.70192307692302,34.225471331133974,31.809528668866026,0.0731715805941682,-0.030590394616081262,16.287758433353286,23.336745138178166,35.82395087001018,15400930.0,-277166833.0
2012-07-26,33.17,33.33,33.0,33.24,14338600.0,34.28,31.81,33.045,0.6814285714285716,33.00749889511459,33.64712518299367,36.05464450865041,-0.16038130155263275,-0.2063418008440945,0.04596049929146176,48.29545454545454,34.24553430892486,31.850465691075144,0.07247242247185053,3.5836709255219645,15.741248815733318,27.88259958071282,31.4465408805031,15344950.0,-262828233.0
2012-07-27,33.57,34.34,33.45,34.12,23598900.0,34.34,31.81,33.075,0.7150000000000001,33.11345138129415,33.665669293464504,36.035394314534486,-0.054014546894684656,-0.17587635005421254,0.12186180315952788,58.05722891566268,34.387476236073596,31.871523763926408,0.07594296539782332,4.726826273787599,15.455419803853411,36.66333666333675,26.073926073926028,15977110.0,-239229333.0
2012-07-30,33.96,34.22,33.96,34.06,9541700.0,34.34,31.81,33.075,0.6707142857142855,33.203598868789946,33.68113324274041,36.01573864971325,0.025150455152363804,-0.1356709890128973,0.1608214441652611,63.40460526315797,34.45415279936441,31.844347200635596,0.07872894858039961,4.929143561306226,15.00011801004776,39.08413205537818,21.725239616613383,15425420.0,-248771033.0
2012-07-31,34.3099,34.47,34.17,34.21,9232600.0,34.47,31.81,33.14,0.666428571428571,33.29944659557186,33.70187311557412,35.99777110095989,0.09885351424731681,-0.08876608836085448,0.1876196026081713,62.730318257956526,34.550290090137075,31.80470990986293,0.08275428167505526,3.0732148237420986,15.59288189318221,42.01500535905693,21.864951768488712,15310745.0,-239538433.0
2012-08-01,34.55,34.59,34.19,34.3,13143600.0,34.59,31.81,33.2,0.6321428571428572,33.39473739599359,33.72532907182611,35.98087785617422,0.162651027620889,-0.03848266516450578,0.20113369278539478,70.23809523809526,34.57160232278169,31.7933976772183,0.0837249949691371,4.033970276008492,17.86192235069365,45.64971751412444,15.593220338982997,15359945.0,-226394833.0
2012-08-02,33.97,34.25,33.72,33.96,12639100.0,34.59,31.81,33.2,0.63,33.448571929708486,33.734531853323126,35.960769618799354,0.18365875430820466,0.005945618730036305,0.17771313557816837,62.99435028248595,34.54833799734139,31.803662002658612,0.08273076907049613,0.7565643079661788,19.61926378645805,40.47619047619055,20.97505668934234,15355820.0,-239033933.0
2012-08-03,34.53,34.91,34.52,34.8,17606400.0,34.91,31.81,33.36,0.6657142857142857,33.577279364974345,33.77631491789869,35.94921967234364,0.26503336918506903,0.057763168821042855,0.20727020036402619,69.4029850746269,34.79384155829226,31.693158441707737,0.09327186116337088,4.64591790708162,22.457643893745704,45.38626609442065,18.454935622317585,15519650.0,-221427533.0
2012-08-06,34.87,35.24,34.82,34.99,8910000.0,35.24,31.81,33.525,0.6400000000000006,33.71182418735774,33.82391041131443,35.93967519799196,0.3409247811918945,0.11439549129521319,0.2265292898966813,66.39344262295089,35.07203688958674,31.608963110413256,0.10386988135071414,7.331288343558273,24.336790225121316,42.18750000000005,19.19642857142854,15384605.0,-212517533.0
2012-08-07,35.14,35.41,35.13,35.19,10525400.0,35.41,31.81,33.61,0.6242857142857144,33.852602836180814,33.8774825520472,35.932215743285575,0.41245309793579565,0.1740070126233297,0.23844608531246594,70.29250457038395,35.33958655303685,31.617413446963155,0.11118099992752652,8.3435960591133,26.851511271997474,45.19450800915334,19.67963386727687,14900785.0,-201992133.0
2012-08-08,35.13,35.4417,35.12,35.25,10323100.0,35.4417,31.81,33.62585,0.5858357142857145,33.98568828035407,33.931306765692405,35.92542752693448,0.46857980651935804,0.2329215714025354,0.23565823511682266,66.11053180396252,35.587520736361604,31.62547926363839,0.11789509388729011,7.8641370869033,27.33252327441595,39.28088079300638,20.971262055427513,14512490.0,-191669033.0
2012-08-09,35.34,35.675,35.25,35.29,14547700.0,35.675,32.13,33.9025,0.5694071428571428,34.10990844412987,33.98458885331231,35.91910486497493,0.510404665876635,0.2884181902973553,0.2219864755792797,73.20410490307869,35.74871062134388,31.78428937865612,0.11740693417107971,6.167268351383859,30.214263731523737,43.34081814418513,17.18579474892429,14009045.0,-177121333.0
2012-08-10,35.08,35.29,34.99,35.23,9121900.0,35.675,32.13,33.9025,0.5119071428571422,34.216583830403216,34.03342850612359,35.91224810014931,0.5325705281551052,0.3372486578689053,0.1953218702861999,84.69656992084434,35.90144219313375,31.896557806866255,0.11814166749070744,3.2532239155920184,33.62806652862827,48.209078097311306,10.185999134887714,13794850.0,-186243233.0
2012-08-13,34.96,35.12,34.79,34.92,11739300.0,35.675,32.15,33.912499999999994,0.5119071428571422,34.283575846555294,34.06819601568737,35.90237498472494,0.5191384199327658,0.37362661028167743,0.14551180965108834,80.65326633165849,35.95321559754752,32.09078440245248,0.11352745855902185,2.524955960070452,35.72580813382225,48.209078097311306,12.97668382937755,13883695.0,-197982533.0
2012-08-14,35.28,35.33,35.13,35.2,8606000.0,35.675,32.15,33.912499999999994,0.5076214285714273,34.37085433735955,34.112580485660416,35.89538617890678,0.5250347634060617,0.4039082409065543,0.1211265224995074,81.03448275862087,36.080427206861586,32.16457279313842,0.11475871972227027,2.893890675241173,38.28916193505034,47.77182095768798,13.086242559837928,13209790.0,-189376533.0
2012-08-15,34.89,35.04,34.82,34.93,7367600.0,35.675,32.15,33.912499999999994,0.4883357142857133,34.42410630523007,34.14463615288942,35.885780346280846,0.502132642042902,0.4235531211338239,0.0785795209090781,72.41379310344836,36.13117609968179,32.309823900318214,0.11166850862388257,1.8367346938775508,40.83977347321758,44.100223792180635,18.137405473400975,12929240.0,-196744133.0
2012-08-16,34.64,34.75,34.43,34.62,11857700.0,35.675,32.15,33.912499999999994,0.44547857142857034,34.44276284758911,34.16327787238395,35.87318551696462,0.45373773052426714,0.42959004301191256,0.024147687512354576,57.81250000000003,36.16875492772042,32.36374507227958,0.11104249386614654,1.9434628975264934,40.371015455111824,32.148411820353836,26.135616592108114,12537880.0,-208601833.0
2012-08-17,34.69,34.69,34.4,34.5,9346300.0,35.675,32.15,33.912499999999994,0.44762142857142756,34.44821400496157,34.17648266170223,35.85952197948239,0.40107803938546027,0.4238876422866221,-0.022809602901161852,56.748466257668696,36.172252181087174,32.48474781891282,0.10741816164919386,-0.8620689655172376,39.00436973412256,31.994510667496563,26.489220802017133,12061605.0,-217948133.0
2012-08-20,34.29,34.49,34.1899,34.46,9634700.0,35.675,32.24,33.957499999999996,0.4404857142857134,34.44933648067952,34.1876009886943,35.845596387646744,0.35205887351447984,0.4095218885321937,-0.05746301501771384,53.96825396825397,36.076085653331724,32.76691434666828,0.09613675483820995,-1.5147184909974354,36.97804549584914,28.45884413309992,30.325290263994365,11549040.0,-227582833.0
2012-08-21,34.49,34.64,34.22,34.29,7664000.0,35.675,32.55,34.1125,0.44191428571428454,34.43416157775766,34.191616636196486,35.83011781662538,0.29608022363249376,0.38683355555225374,-0.09075333191975998,49.845201238390125,35.895201473318394,33.12879852668161,0.08015771171293427,-2.5575447570332477,33.63881427428073,28.851748884722333,30.227258033232136,11405960.0,-235246833.0
2012-08-22,34.06,34.35,33.95,34.28,10805700.0,35.675,33.0,34.3375,0.42905714285714175,34.41947952273313,34.19508265046329,35.81469375874851,0.24805045265792103,0.3590769349733872,-0.11102648231546619,55.517241379310356,35.68335550674656,33.50064449325344,0.06309872263798331,-2.7517730496453896,31.609614378218193,29.716321502297415,27.80348937870417,11527515.0,-246052533.0
2012-08-23,34.46,34.48,34.17,34.2,7736600.0,35.675,33.45,34.5625,0.383342857142856,34.39857671104426,34.19527548770002,35.79862715418385,0.20121173804641046,0.32750389558799187,-0.1262921575415814,35.98130841121508,35.55043078294131,33.72956921705869,0.052565287698690046,-3.088693680929433,29.610049655402467,23.38451218603263,31.119102630990593,11197415.0,-253789133.0
2012-08-24,34.0,34.14,33.66,34.01,15035900.0,35.675,33.66,34.6675,0.3904857142857132,34.36156940523052,34.18800978230002,35.780829869067595,0.1470650330026757,0.2914161230709286,-0.14435109006825292,27.102803738317675,35.55937211064743,33.70962788935256,0.05340756243903824,-3.462957706500136,29.821910577965166,16.920319016609216,39.878905392551566,10769265.0,-268825033.0
2012-08-27,33.81,33.81,33.415,33.51,15302400.0,35.675,33.415,34.545,0.4029857142857135,34.280467557113326,34.161421163386294,35.758234546987325,0.0630804061678063,0.24574897969030418,-0.18266857352249788,15.573770491803359,35.63117309392338,33.58282690607662,0.05918878226505507,-4.037800687285231,30.763868466769605,13.382253890602236,42.98450849019826,11057300.0,-284127433.0
2012-08-28,33.57,33.69,33.4,33.61,9661900.0,35.675,33.4,34.537499999999994,0.40072142857142773,34.21661350405491,34.139796804037815,35.736859078858096,0.004538827808097778,0.19750694931386292,-0.19296812150576514,16.935483870967786,35.68209061309861,33.47190938690139,0.06392056066741537,-4.517045454545466,32.46975371479689,12.89281830983398,43.49476836420039,11078765.0,-274465533.0
2012-08-29,33.59,33.63,33.32,33.5,7464200.0,35.675,33.32,34.4975,0.3925071428571424,34.148364598906824,34.114706733291236,35.714601774590854,-0.05015373447154303,0.14797481255678174,-0.19812854702832478,14.9019607843138,35.73805392315105,33.33594607684895,0.06955172268298061,-4.093902089894074,34.200504204924506,8.917035176793789,45.860857855180114,10794795.0,-281929733.0
2012-08-30,33.12,33.14,32.915,32.95,9297700.0,35.675,32.915,34.295,0.4128642857142855,34.034234637106174,34.06903195943668,35.68709329922179,-0.13630712389893063,0.09111842526563928,-0.22742554916456992,12.5000000000001,35.8619735069865,33.1110264930135,0.07976880848949601,-4.823801270941641,34.4737668650447,8.477361983356605,46.10819882008968,10627725.0,-291227433.0
2012-08-31,33.07,33.25,32.85,33.07,8924900.0,35.675,32.85,34.2625,0.41000714285714274,33.94240276690559,34.0298542355372,35.661052569876304,-0.19268021106969258,0.034358697998572905,-0.2270389090682655,17.543859649122794,35.90404367237846,32.89595632762154,0.0874443995568871,-4.144927536231879,34.70711659821639,10.452779568300107,42.94524485636139,10193650.0,-282302533.0
2012-09-04,32.62,32.65,32.355,32.46,13550900.0,35.675,32.355,34.015,0.4317928571428575,33.80122155100982,33.96829132433967,35.6292013005243,-0.28331234248758363,-0.029175510098658403,-0.25413683238892526,6.918238993710659,35.98049212220317,32.56650787779683,0.09961002653380414,-5.803830528148579,36.11589468884664,6.451506178557727,48.96693189525404,10425695.0,-295853433.0
2012-09-05,32.12,32.23,32.0,32.17,16058900.0,35.675,32.0,33.8375,0.4375071428571431,33.64586711758031,33.89777009593419,35.59478138708625,-0.37422569510858494,-0.09818554710064371,-0.27604014800794124,6.874999999999986,36.01260581714368,32.23239418285631,0.11078354851746998,-6.182560513269165,38.6380436071445,6.367242983787909,49.0620561296958,10702370.0,-311912333.0
2012-09-06,32.3,32.83,32.26,32.73,16429400.0,35.675,32.0,33.8375,0.44893571428571427,33.558641677810755,33.851975190211284,35.566276099652555,-0.39651706032322664,-0.1578518497451603,-0.23866521057806633,22.608695652173807,35.90601385381071,32.08698614618928,0.11233590833237041,-4.521586931155208,41.12100345018995,15.751539354982338,41.60792986587323,11007685.0,-295482933.0
2012-09-07,33.57,33.76,33.53,33.66,30853800.0,35.33,32.0,33.665,0.5017928571428573,33.56829485135259,33.84444675137947,35.54730817826298,-0.3352750580233206,-0.19333649140079237,-0.1419385666225282,40.14084507042247,35.72880089431303,32.101199105686966,0.10696157418918079,-1.5789473684210686,41.50313906322033,27.330571806806937,36.79805269675872,11822990.0,-264629133.0
2012-09-10,33.32,33.4,32.99,33.06,14463900.0,35.33,32.0,33.665,0.5274999999999999,33.51988581789044,33.813684133678315,35.522558843155885,-0.3313358817709968,-0.22093636947483328,-0.11039951229616354,35.477178423236495,35.547235174392874,32.065764825607125,0.1029822770409758,-2.7932960893854664,42.74628376509558,25.998645903859106,39.471902505077864,12090090.0,-279093033.0
2012-09-11,33.23,33.51,33.2,33.4,11787800.0,35.33,32.0,33.665,0.5296428571428565,33.50846812094849,33.79746122647524,35.50143885466677,-0.2973512179633744,-0.2362193391725415,-0.06113187879083287,41.08216432865728,35.397712928023445,32.06328707197655,0.09885491931773592,-0.3282602208296015,44.121764528363926,25.354012137558968,39.3122049898854,12092515.0,-267305233.0
2012-09-12,33.7,33.84,33.565,33.78,15481100.0,35.04,32.0,33.519999999999996,0.5324999999999999,33.53432829990578,33.79677647249582,35.48431010984422,-0.23702304867862267,-0.23638008107375774,-0.0006429676048649302,45.33582089552238,35.17748308013593,32.14151691986406,0.09019641290785274,0.5058018446890911,44.52421570144414,29.644533869886004,35.479543930248205,12436270.0,-251824133.0
2012-09-13,33.7,34.87,33.575,34.58,29625400.0,34.87,32.0,33.435,0.6028571428571426,33.63391608086714,33.82749112063324,35.47531199929851,-0.12323860780107054,-0.21375178641922032,0.09051317861814978,53.12499999999997,35.10540050998748,32.17859949001252,0.08699842518206288,3.2238805970149276,44.08771303466283,36.8483412322275,31.338862559241754,13549160.0,-222198733.0
2012-09-14,35.2,35.59,34.9533,35.19,25864400.0,35.59,32.0,33.795,0.6364285714285712,33.78211454935598,33.880922841392724,35.472473073932356,0.015974143402729624,-0.16780660045483034,0.18378074385755996,59.07692307692311,35.232947135947846,32.10805286405215,0.09280807448347066,6.798179059180565,43.230224479045845,42.98540965207639,23.961840628507282,14249495.0,-196334333.0
2012-09-17,34.98,35.01,34.685,34.74,12583300.0,35.59,32.0,33.795,0.6299999999999996,33.8733417351316,33.91461214173027,35.4651847846395,0.0889644853042455,-0.11645238330301518,0.20541686860726066,59.5348837209303,35.27516575606006,32.08983424393993,0.09456933161493741,5.049894163894764,41.47300209532541,43.42403628117923,24.470521541950095,14411345.0,-208917633.0
2012-09-18,34.58,34.65,34.38,34.515,12624600.0,35.59,32.0,33.795,0.6349999999999996,33.93445204607145,33.9381567636232,35.45573020966796,0.1271880923746096,-0.06772428816749022,0.1949123805420998,56.88212927756658,35.28374756761912,32.08675243238087,0.0949078642800114,6.330868761552688,39.1684898409472,43.08211473565813,27.539932508436422,14560840.0,-221542233.0
2012-09-19,34.91,35.15,34.83,35.08,12035500.0,35.59,32.0,33.795,0.658214285714285,34.0435518512075,33.98293492975562,35.451991600616545,0.2007571509924233,-0.014028000335507522,0.21478515132793083,61.23755334281653,35.42215196213293,32.02734803786707,0.10066209309975191,9.045694746658373,36.44303221913501,46.988605534454805,25.700488334237665,14779415.0,-209506733.0
2012-09-20,34.54,34.59,34.3,34.52,12252000.0,35.59,32.0,33.795,0.6721428571428564,34.08892786537822,34.003996305059324,35.44271805235171,0.21143653137968954,0.03106490600753189,0.18037162537215765,61.15056818181823,35.453957877555,32.019542122445,0.10180043291395867,5.468988695386523,33.44152381464263,46.014877789585654,26.496280552603622,14851730.0,-221758733.0
2012-09-21,34.86,34.9701,34.72,34.745,12058400.0,35.59,32.0,33.795,0.6757214285714278,34.15141092581839,34.03305527348837,35.43577558416911,0.23534275212321631,0.07192047523066877,0.16342227689254754,61.72148355493355,35.52879788614659,31.9992021138534,0.10453725187457624,3.2234105763517595,31.216615544987597,48.62633587382808,26.355958182260235,15067820.0,-209700333.0
2012-09-24,34.6,34.77,34.49,34.65,6967300.0,35.59,32.0,33.795,0.6446499999999992,34.19889559954997,34.057249184331965,35.42795692164006,0.24381238088668056,0.10629885636187114,0.13751352452480942,66.51583710407246,35.602300668566365,31.989699331433634,0.10689434658340426,4.80943738656987,28.217846393077906,50.970072353769055,24.690031135389003,14664390.0,-216667633.0
2012-09-25,34.66,34.82,34.18,34.2,12784800.0,35.59,32.0,33.795,0.657507142857142,34.19900078054521,34.062847255534635,35.41573844480782,0.21177220534937646,0.12739352615937222,0.08437867919000425,64.94845360824752,35.64015509944507,32.020844900554934,0.10698364490297611,2.3952095808383422,25.26087764638947,49.9733843195621,23.718373510336644,14538510.0,-229452433.0
2012-09-26,34.08,34.15,33.79,33.885,10822500.0,35.59,32.0,33.795,0.6396499999999996,34.16909594430281,34.05587285335681,35.400507216501275,0.15912794012385945,0.13374040895226966,0.02538753117158979,58.82352941176475,35.651027518124515,32.03747248187549,0.10677013189091278,0.3108348134990946,23.5914387730683,44.6684012462173,28.735580842201625,14596540.0,-240274933.0
2012-09-27,34.64,34.8414,34.43,34.74,14833600.0,35.59,32.0,33.795,0.6343928571428569,34.22346775913111,34.082701368911444,35.39393500539181,0.1842741375668453,0.1438471546751848,0.040426982891660496,58.34621329211754,35.74805082070731,32.06444917929269,0.10864078573757421,0.46269519953732186,23.876684535691712,42.3520801666386,28.973709395935344,14965010.0,-225441333.0
2012-09-28,34.75,34.79,34.51,34.6,13305200.0,35.59,32.0,33.795,0.6065357142857144,34.2593279725472,34.10298758973845,35.386035154591895,0.19070749297013379,0.15321922233417462,0.037488270635959164,62.8119800332779,35.79772433865023,32.179775661349765,0.10644547614432603,-1.6766126740551224,24.53698304958953,44.297238414885534,23.945121592180378,15165385.0,-238746533.0
2012-10-01,34.86,35.26,34.79,34.94,13019300.0,35.59,32.0,33.795,0.6215357142857145,34.32415387992366,34.135811605827136,35.38159699384969,0.2206970734944207,0.16671479256622385,0.053982280928196846,62.8119800332779,35.88457444944106,32.27992555055894,0.10576323156135871,0.5757052389176565,25.418626392636888,47.36539677067175,23.367235534103273,15370105.0,-225727233.0
2012-10-02,35.16,35.16,34.75,34.92,8807000.0,35.59,32.0,33.795,0.6193928571428567,34.380901129454735,34.166564091873134,35.37700398893576,0.24008267563174712,0.18138836917932852,0.058694306452418604,60.08849557522129,35.872098507624166,32.53840149237583,0.09746155970935261,1.1734028683181297,26.871268285106844,43.72369255607451,23.909358242518568,15132910.0,-234534233.0
2012-10-03,34.95,35.02,34.71,34.91,8887300.0,35.59,32.26,33.925,0.5490357142857144,34.431291498078096,34.19571844121144,35.37235718307571,0.2517371197492295,0.19545811929330872,0.0562790004559208,53.395061728395056,35.73216660105754,32.95233339894246,0.0809449934734936,-0.48460661345496314,27.24391294777278,35.92662460157425,27.493657711572173,14774330.0,-243421533.0
2012-10-04,34.95,35.24,34.8599,35.155,9061300.0,35.59,32.99,34.290000000000006,0.5040428571428569,34.50021611730875,34.23333732586982,35.37019442503515,0.2775434549438458,0.21187518642341616,0.06566826852042965,49.61067853170193,35.67254964853901,33.25445035146098,0.0701640662462614,1.839513325608344,25.456186150672785,32.04801179038063,29.94785023949206,14405925.0,-234360233.0
2012-10-05,35.54,35.73,35.295,35.37,11665100.0,35.73,32.99,34.36,0.5090428571428569,34.583052677565064,34.277912332698456,35.37019249045769,0.3117502024046601,0.23185018961966497,0.07990001278499514,57.39436619718306,35.76065219953268,33.33734780046732,0.07014108654564122,1.798819974096988,24.870859306483144,38.60887379676135,25.888923189178563,13446490.0,-222695133.0
2012-10-08,34.88,35.035,34.82,34.99,13996200.0,35.73,33.2,34.465,0.5226142857142853,34.62180956541601,34.305837339259305,35.36640948060239,0.30468426149897,0.246417003995526,0.058267257503444,55.379388448471154,35.647035137466396,33.6439648625336,0.057816174537322185,0.9812409812409939,24.40257640662355,37.60626520514987,27.540114260722227,13423105.0,-236691333.0
2012-10-09,35.39,35.39,34.96,35.02,10357100.0,35.73,33.565,34.647499999999994,0.5079714285714283,34.65973246394782,34.333843718111886,35.36296262009889,0.2980692449888309,0.256747452194187,0.04132179279464393,49.2268041237114,35.55014466022475,33.90285533977525,0.04743608830286675,2.397660818713443,23.22488636623888,36.65138646718036,28.333989538219267,13351570.0,-226334233.0
2012-10-10,35.39,35.42,35.17,35.26,11895200.0,35.73,33.575,34.6525,0.48082857142857094,34.71690080071469,34.370163572303575,35.36193811641632,0.30863503837844775,0.26712496943103914,0.04151006894740861,60.393258426966256,35.52620764013368,34.07479235986632,0.04170673640514806,4.057842703261039,23.297800440240227,39.16602293659756,22.060134291995972,13172275.0,-214439033.0
2012-10-11,36.07,36.3,36.04,36.09,20682200.0,36.3,33.79,35.045,0.5229642857142852,34.847672153027574,34.43760813809559,35.3691825132679,0.37960669942867753,0.28962131543056685,0.08998538399811068,66.14645858343346,35.79386709277601,33.958132907223984,0.05263603009381889,3.8860103626943143,23.72872270139254,42.83821621252473,20.282728948985874,12725115.0,-193756833.0
2012-10-12,36.27,36.55,36.24,36.38,18488700.0,36.55,33.79,35.17,0.5358214285714276,34.99360813845352,34.5137803679742,35.37924039870802,0.45401917803580005,0.3225008879516135,0.13151829008418653,69.83944954128445,36.0682093741631,33.80279062583691,0.06484575140834348,5.144508670520231,24.527804445005103,45.14297140571887,16.729987335866227,12356330.0,-175268133.0
2012-10-15,36.53,36.7099,36.3502,36.65,14776300.0,36.7099,33.79,35.24995,0.5157999999999987,35.15135974431509,34.59755368687717,35.39188477285023,0.5286840068244487,0.3637375117261806,0.16494649509826814,79.30622009569373,36.39314073003573,33.668859269964265,0.07776773315267811,4.894104178591885,26.119982418901916,49.10956627707312,13.086467623109769,12465980.0,-160491833.0
2012-10-16,36.71,36.99,36.67,36.85,13941000.0,36.99,33.79,35.39,0.5107999999999987,35.31313500676127,34.685884914842774,35.406393382075606,0.5971116190454708,0.41041233319003867,0.18669928585543216,86.46986469864704,36.7093398612434,33.586160138756604,0.08885859614020232,5.526918671248571,29.90283740285875,53.50710370287517,7.760935227654116,12531800.0,-146550833.0
2012-10-17,36.95,37.48,36.75,37.35,23588600.0,37.48,33.79,35.635,0.49462857142856975,35.50712214897448,34.79036001622149,35.42573275140819,0.6838043452124225,0.46509073559451547,0.21871360961790703,85.17520215633428,37.10634841414928,33.41615158585073,0.10465303494058076,6.989401317674027,33.80914219599417,52.34808225508325,8.014671903881725,13109455.0,-122962233.0
2012-10-18,37.429,37.67,37.31,37.445,18995400.0,37.67,33.79,35.730000000000004,0.5003428571428553,35.69168194431025,34.89446354499712,35.445824962836966,0.7515117022353905,0.5223749289226906,0.2291367733127,88.81309686221016,37.45752567378057,33.35747432621944,0.11579612645798584,6.514009387000419,37.00744594513896,54.462654179991034,7.9231384193696,13446625.0,-103966833.0
2012-10-19,37.45,37.5,37.0318,37.13,29508000.0,37.67,33.79,35.730000000000004,0.48664285714285577,35.8286646162807,34.98213164127175,35.462582923405755,0.7708663357749188,0.5720732102931363,0.19879312548178252,80.0824175824177,37.688915763644275,33.36458423635574,0.12172043677759814,4.975968334746983,38.87807491266364,49.097313958608666,12.229561133127953,14319105.0,-133474833.0
2012-10-22,37.7,37.82,37.38,37.67,15947300.0,37.82,33.79,35.805,0.5066428571428558,36.004029890920634,35.08753824357482,35.484547272426596,0.8203223439808198,0.621723037030673,0.19859930695014683,83.05288461538464,37.9981344395639,33.35736556043611,0.13007459492618761,7.659331237496425,41.38659708089498,51.6706612152828,11.182856337234005,14768105.0,-117527533.0
2012-10-23,37.19,37.23,36.8,36.98,19238100.0,37.82,33.79,35.805,0.546642857142856,36.09697942511867,35.161752430101295,35.49942739906912,0.7946787909343769,0.6563141878114138,0.13836460312296306,71.38429752066118,38.09712687328487,33.53637312671513,0.12733577855527775,5.596801827527109,43.7691570261562,47.889716451065034,17.42061936495512,15090770.0,-136765633.0
2012-10-24,37.54,37.56,37.18,37.2,12044000.0,37.82,34.43,36.125,0.5609214285714279,36.202029003678796,35.24168370735222,35.516348519476395,0.783081377112417,0.6816676256716145,0.10141375144080245,71.23572170301145,38.15082824277672,33.814171757223285,0.12052126688121818,5.501985252410679,46.9415849195529,48.07141310853329,16.97716767054227,15151845.0,-124721633.0
2012-10-25,37.55,37.62,37.28,37.53,14549100.0,37.82,34.51,36.165,0.5498499999999993,36.328502431899864,35.331421601181546,35.53638485261593,0.7913958662591725,0.7036132737891262,0.08778259247004627,71.90669371196759,38.31262932558375,33.93137067441625,0.12129058887014837,3.990024937655856,48.6045986431425,43.45340937138714,17.319009080398732,15137620.0,-110172533.0
2012-10-26,37.03,37.0901,36.77,36.93,12104100.0,37.82,34.71,36.265,0.5648499999999993,36.38578791457607,35.39411095015482,35.55025167000284,0.7410280629837303,0.711096231628047,0.029931831355683225,68.83495145631063,38.33408458117167,34.14291541882833,0.11565515025024056,1.511819681143467,50.49675516563305,42.29947267921964,17.301685656116167,15077565.0,-122276633.0
2012-10-31,37.1,37.18,36.7,36.785,12950400.0,37.82,34.71,36.265,0.5684214285714277,36.423808113187874,35.4486556187762,35.562537723037636,0.6815543930330747,0.7051878639090526,-0.02363347087597789,66.7616334283,38.34657495846249,34.31492504153751,0.11097073187107276,0.3683492496589391,52.33123545568488,38.702421493107565,17.192978046972325,15074120.0,-135227033.0
2012-11-01,37.69,37.96,37.6,37.75,18761400.0,37.96,34.71,36.335,0.623778571428571,36.55011210240808,35.53890441803988,35.58430351683826,0.7041712682223533,0.7049845447717128,-0.0008132765493594762,70.78464106844737,38.468323711855454,34.476176288144536,0.10945711941848717,2.4423337856173566,53.718294825253516,43.855992854607344,15.667189593376882,15571840.0,-116465633.0
2012-11-02,38.13,38.14,37.435,37.46,18970200.0,38.14,34.82,36.480000000000004,0.5998499999999994,36.636768092654926,35.61424149968537,35.60296716343689,0.6907323952997402,0.7021341148773182,-0.011401719577578073,62.56880733944949,38.49907806678198,34.70042193321802,0.10378912789196555,0.29451137884872747,53.96341375878705,37.27003179366281,16.2921682801654,16075985.0,-135435833.0
2012-11-05,37.68,37.85,37.505,37.79,9155500.0,38.14,34.82,36.480000000000004,0.59485,36.746599702878264,35.699565362442804,35.62472868419871,0.6986565558840141,0.7014386030786575,-0.0027820471946433667,62.84153005464476,38.57355863098945,34.88944136901054,0.10029857920256217,0.9213513152623864,53.2251159938141,34.58134703826903,16.42911178088124,16080695.0,-126280333.0
2012-11-06,37.67,38.145,37.64,38.11,18129800.0,38.145,34.82,36.4825,0.6052285714285718,36.87644735022319,35.79409221097446,35.649457752017625,0.7224301112604863,0.7056369047150233,0.016793206545463013,63.17689530685918,38.691672769479425,35.04532723052057,0.09890138028286627,2.6393751683274846,51.77169327063841,35.582778643251736,16.14738233489128,16403930.0,-108150533.0
2012-11-07,37.6,37.6,37.01,37.28,23596500.0,38.145,34.96,36.5525,0.6595142857142859,36.914880935916216,35.85236310466174,35.66568205299257,0.6666124681934988,0.6978320174107184,-0.03121954921721959,53.484602917341974,38.583471641013105,35.3825283589869,0.08655174761447697,-1.0353066100345143,47.550208970545064,29.620283325391007,21.641467746826784,16883945.0,-131747033.0
2012-11-08,36.93,37.21,36.37,36.52,36818200.0,38.145,35.17,36.6575,0.6723714285714293,36.87727322773372,35.878544943694614,35.6741827290822,0.5546571926487829,0.6691970524583314,-0.1145398598095485,43.54587869362366,38.389059728187675,35.72694027181234,0.07183656582587662,-1.2439156300702914,42.879447090951224,23.848425615093763,28.026600943356232,18207000.0,-168565233.0
2012-11-09,36.27,36.7,36.21,36.46,15441600.0,38.145,36.04,37.0925,0.6816571428571437,36.8375329203305,35.90134710276541,35.68200180640476,0.4558357409525087,0.6265247901571669,-0.17068904920465822,42.29867083659111,38.19096637510611,36.0450336248939,0.05781380328175577,-1.9892473118279574,38.64490718123812,21.53260960684048,29.321401626288925,18384320.0,-184006833.0
2012-11-12,36.54,36.74,36.52,36.55,10265700.0,38.145,36.21,37.1775,0.6682142857142865,36.81014883267998,35.92678447128442,35.69063860435099,0.3803963045414349,0.5772990930340205,-0.19690278849258558,45.299837925445665,38.13823090289427,36.14376909710574,0.05369973360406376,-2.61124433786305,35.008812216762465,22.393372528059864,26.937466595403524,17863495.0,-173741133.0
2012-11-13,35.88,36.155,35.65,35.98,25466300.0,38.145,35.65,36.8975,0.6832142857142866,36.731087039091406,35.928871354763466,35.69351782221814,0.2714862469026613,0.5161365238077487,-0.24465027690508734,36.370967741935466,38.19554078319063,36.046459216809374,0.05789395669247206,-2.5724343352288237,32.641280823059034,18.556194458964978,35.44171458442241,18212375.0,-199207433.0
2012-11-14,36.29,36.31,35.69,35.735,25643700.0,38.145,35.65,36.8975,0.6653571428571438,36.63622160679699,35.92126855653745,35.69393058020602,0.16351983425800398,0.44561318589779975,-0.28209335163979576,39.18331885317118,38.301439969828614,35.84906003017138,0.06614601222263462,-2.8544243577545148,30.635217056645995,20.7181964573269,30.166398282340296,18755745.0,-224851133.0
2012-11-15,35.59,35.78,35.45,35.7103,14659300.0,38.145,35.45,36.7975,0.6475000000000003,36.548038596625844,35.91299527981049,35.69409346000497,0.0750969202571099,0.3715099327696618,-0.2964130125125519,36.60269438998501,38.386262298051676,35.65026770194832,0.07390931466138008,-5.403178807947029,29.44836298200654,17.649200220628764,33.645890788747884,18791660.0,-239510433.0
2012-11-16,35.82,35.88,35.46,35.77,18757600.0,38.145,35.45,36.7975,0.6475000000000009,36.47393968266148,35.9073876217787,35.69484874896015,0.0097262962363871,0.2991532054630069,-0.2894269092266198,33.36295231973385,38.405554716867854,35.47297528313214,0.07938921994619305,-4.511478910838218,28.524292966551798,18.090457804743544,33.645890788747856,18550110.0,-220752833.0
2012-11-19,36.36,36.65,36.3,36.5507,16839800.0,38.145,35.45,36.7975,0.6560714285714292,36.48125018907467,35.93261555817954,35.70336468180632,0.020677217060764974,0.24345800778255852,-0.22278079072179355,46.53297014679804,38.35040948787098,35.438690512129014,0.07892002953666498,-3.2794390050277844,25.716189780459274,26.2373434948285,27.653783342406058,18442330.0,-203913033.0
2012-11-20,36.09,36.19,35.8,36.19,15633500.0,38.145,35.45,36.7975,0.6754071428571439,36.453512075829465,35.94270906570191,35.70820682427591,0.00024757135837205624,0.19481592049772123,-0.19456834913934917,44.767666819093186,38.33182026408433,35.36327973591567,0.08056276545302632,-5.038047756494368,23.926992418743456,24.535465380669827,32.149920153981135,17748605.0,-219546533.0
2012-11-21,36.62,36.73,36.4,36.58,14944900.0,38.145,35.45,36.7975,0.6300500000000007,36.465558544798085,35.967700867046936,35.716881383238345,0.01534972847065319,0.15892268209230764,-0.14357295362165445,38.55365109180556,38.229440251180726,35.356659748819276,0.07807943354414626,-1.8776824034334894,21.88358610544768,23.580894940310813,34.46438491276198,17698485.0,-204601633.0
2012-11-23,37.32,37.54,37.19,37.46,16708100.0,38.145,35.45,36.7975,0.6482642857142865,36.56026725481732,36.02622240167255,35.73422584708672,0.09720640736522057,0.14657942714689023,-0.049373019781669664,50.0,38.28234196156753,35.35175803843247,0.07959855347278123,2.573932092004383,19.495993607800994,29.859955705895942,33.496038873034536,17571985.0,-187893533.0
2012-11-26,37.24,37.35,37.09,37.33,8753900.0,38.145,35.45,36.7975,0.646835714285715,36.633575135310906,36.07735093494029,35.75010419686695,0.14986099729839708,0.1472357411771916,0.0026252561212054826,45.81878999418266,38.29712456761394,35.34997543238605,0.08003435668825763,2.3861766319253963,17.47921552595854,29.92590302240576,34.67429353887596,17407480.0,-196647433.0
2012-11-27,37.0499,37.16,36.855,36.86,15178000.0,38.145,35.45,36.7975,0.6446928571428577,36.65513940813844,36.108043055138715,35.76114793620161,0.15191389827398183,0.14817137259654967,0.0037425256774321625,38.93961916896723,38.225984797670385,35.3541152023296,0.07806104083415988,0.8481532147742943,15.97990026139075,26.75692744053089,37.3932215783817,17438925.0,-211825433.0
2012-11-28,36.45,36.88,36.25,36.84,16700100.0,38.145,35.45,36.7975,0.6111214285714291,36.67274517879192,36.13674724905484,35.77188278260756,0.15019564236284566,0.14857622654980887,0.0016194158130367897,45.45529664518264,38.22020165623564,35.350898343764364,0.0780008267504842,2.3902167871039603,16.026593724895648,28.2267961709737,39.15518309431129,17668725.0,-228525533.0
2012-11-29,37.05,37.15,36.755,36.85,16987200.0,38.145,35.45,36.7975,0.5743357142857144,36.68962659033555,36.16471794517034,35.78261031710898,0.14793552001237487,0.1484480852423221,-0.0005125652299472205,54.03344089175709,38.22374087756537,35.353859122434635,0.07800965932921797,3.120190289632019,15.484385315425348,33.392615070827105,33.70353327446607,17870565.0,-211538333.0
2012-11-30,37.27,37.3,37.055,37.15,15682100.0,38.145,35.45,36.7975,0.5714785714285711,36.73347167697026,36.20335645712444,35.79621618460044,0.16841051794278172,0.15244057178241402,0.015969946160367704,57.96619562205595,38.13292730430038,35.38467269569962,0.07476453552892805,4.031609927667934,14.768420709034094,35.43439949004457,31.872211181521603,17716600.0,-195856233.0
2012-12-03,37.0,37.0,36.72,36.8,14473000.0,38.145,35.45,36.7975,0.5821928571428566,36.739807707735,36.226754243119565,35.806204083261136,0.15461274688605187,0.1528750068031416,0.0017377400829102774,52.72283697830443,38.060148552271905,35.391451447728095,0.07266545873864722,2.8795079675705715,14.223637840333891,34.29153324254355,35.39573288183838,17491740.0,-210329233.0
2012-12-04,37.02,37.3,36.982,37.01,18045300.0,38.145,35.45,36.7975,0.5536214285714282,36.76554030699833,36.25746976299723,35.81818215208441,0.1587926955238217,0.1540585445472776,0.004734150976544088,62.1726387444455,37.932857933941904,35.44074206605809,0.06792949692760915,1.2566106805067978,13.499661897106474,39.93187712077611,25.99765182499639,17936230.0,-192283933.0
2012-12-05,37.99,38.45,37.88,38.12,35707100.0,38.45,35.45,36.95,0.6121928571428568,36.89453646823659,36.33051016444832,35.841085812262676,0.24880498923690197,0.1730078334852025,0.07579715575169949,73.40162486753793,37.935768179727546,35.438831820272455,0.06805996515020434,5.332964907433002,14.60113559082896,47.72072292811554,23.51033171152875,18815095.0,-156576833.0
2012-12-06,38.0299,38.3,37.92,38.27,18555500.0,38.45,35.45,36.95,0.6157642857142852,37.025532995071195,36.406568589371915,35.865254112638176,0.32845786904928786,0.20409784059801958,0.12436002845126828,74.51303365191247,38.151633951946906,35.321966048053085,0.07702543237009814,4.620010934937135,15.19298015191654,47.443943067268314,20.589975292029653,18563045.0,-138021333.0
2012-12-07,38.43,38.52,38.3,38.41,15514600.0,38.52,35.45,36.985,0.6036214285714279,37.157386995540605,36.485134527043606,35.89057496723879,0.398288953015701,0.24293606308155588,0.15535288993414512,74.89908326102535,38.4261817992839,35.236418200716095,0.08660469759600688,2.5360384410037184,15.951430636582403,49.818358242512524,21.004177168755263,17497865.0,-122506733.0
2012-12-10,38.63,38.97,38.57,38.765,22102400.0,38.97,35.45,37.21,0.5807642857142855,37.31049299596531,36.574541016179154,35.91917621134587,0.4767800991088649,0.2897048702870177,0.18707522882184718,72.70750866542241,38.74818718118674,35.14491281881326,0.09752668009255215,3.8440932226091684,18.43044308115854,47.84335912037096,21.830838673176963,17830905.0,-100404333.0
2012-12-11,38.66,39.01,38.65,38.8,18674500.0,39.01,35.45,37.230000000000004,0.5528571428571425,37.45235080587338,36.66181391750546,35.947841124665814,0.5356346426393017,0.3388908247574745,0.1967438178818272,78.68131868131869,39.02951126205672,35.088588737943276,0.10634170395931483,5.263157894736836,21.114429489176096,50.77519379844965,16.472868217054256,18251345.0,-81729833.0
2012-12-12,39.21,39.35,38.99,39.0,16431300.0,39.35,35.45,37.400000000000006,0.5535714285714286,37.59974596721877,36.753507489368,35.97821086471889,0.591596069705723,0.38943187374712424,0.20216419595859875,77.75229357798167,39.29204431365899,35.128055686341,0.11190494576916697,5.863192182410404,23.278782992815312,48.12903225806457,16.451612903225787,17799595.0,-65298533.0
2012-12-13,38.83,38.9,38.54,38.66,17744200.0,39.35,35.45,37.400000000000006,0.5178571428571429,37.700722541769366,36.82827190154965,36.004895333726665,0.6015761499462968,0.43186072898695876,0.16971542095933806,65.70680628272245,39.41279818764634,35.29980181235366,0.11010181349043352,4.911804613297144,24.706458513812315,40.27586206896554,23.79310344827588,17404620.0,-83042733.0
2012-12-14,39.26,39.47,39.19,39.34,18204300.0,39.47,35.46,37.465,0.5492857142857146,37.856844204458,36.92677104266535,36.038080454784115,0.6567847467165961,0.47684553253288625,0.1799392141837099,72.99771167048058,39.62310417867523,35.45246582132477,0.11110507339073031,5.895020188425315,26.785812851231167,45.38361508452535,21.131339401820625,17581870.0,-64838433.0
2012-12-17,39.32,39.39,39.21,39.355,12398500.0,39.47,35.8,37.635,0.528214285714286,37.99952570879533,37.02199570765887,36.07108462936338,0.693751200064078,0.5202266660391246,0.17352453402495338,81.86462324393356,39.77872754257484,35.65534245742515,0.10932421080155673,6.942934782608701,28.675275422975226,47.194050033806626,18.796484110885732,17263915.0,-52439933.0
2012-12-18,39.16,39.62,39.04,39.54,16027500.0,39.62,35.8,37.709999999999994,0.5246428571428571,38.146237546052916,37.12074097402519,36.10560120021548,0.7295653592387268,0.562094404679045,0.16747095455968175,83.08823529411755,40.00419699000027,35.72880300999972,0.11290702811193389,6.835990272899228,32.17036636874495,50.646698434309045,10.687542545949677,17223300.0,-36412433.0
2012-12-19,39.54,39.6833,39.44,39.48,12427000.0,39.6833,36.25,37.96665,0.5138071428571435,38.273262541666924,37.213260935828124,36.13917730767603,0.744524425723263,0.5985804088878887,0.1459440168353744,81.84019370460035,40.13151773066684,35.930482269333154,0.11046344985232281,3.5676810073452137,36.671119191936256,48.84128286043963,10.912932868085617,17062975.0,-48839433.0
2012-12-20,39.61,39.8,39.45,39.75,9139100.0,39.8,36.25,38.025,0.5066642857142861,38.41390420436531,37.31274089912898,36.17510589167925,0.7692983447556117,0.6327239960614333,0.1365743486941784,81.70731707317063,40.307341254426575,36.071658745573416,0.11091222741468623,3.8672589495688525,40.80656679873027,49.0603809228427,11.06678132885967,16772685.0,-39700333.0
2012-12-21,38.93,39.24,38.88,39.24,13898000.0,39.8,36.25,38.025,0.5380928571428575,38.49257999442575,37.388319687398436,36.20560235046852,0.7392574169917125,0.6540306802474891,0.08522673674422343,78.63849765258213,40.41676811375927,36.14023188624072,0.11172162512947344,2.1608956001041513,44.598149629045494,46.19489466767555,13.53988291983596,16632180.0,-53598333.0
2012-12-24,39.17,39.23,39.01,39.14,5766500.0,39.8,36.25,38.025,0.5188071428571435,38.55423904257568,37.45701303299065,36.23480033703102,0.6993192836497286,0.6630884009279371,0.036230882721791535,75.6626506024096,40.49139338582988,36.24660661417012,0.11063063336703488,0.9673674706565105,46.76197406292863,43.78175209615468,14.043203502540194,16482810.0,-59364833.0
2012-12-26,39.53,39.71,39.41,39.4725,9822400.0,39.8,36.25,38.025,0.45666428571428597,38.641692467092284,37.53605173757926,36.267016254075486,0.6865834893373446,0.6677874186098186,0.018796070727525982,70.05189028910297,40.55137667459771,36.44787332540229,0.10658554074735586,1.7332474226804173,47.34919533003657,39.25985015563174,15.954202055276657,16215030.0,-49542433.0
2012-12-27,39.54,39.66,39.2301,39.538,10579000.0,39.8,36.72,38.26,0.46022857142857176,38.72705508927397,37.61455951257615,36.29956335602498,0.6740060608665388,0.6690311470611626,0.00497491380537618,69.28223844282226,40.57879651761645,36.69025348238354,0.10064943299375143,1.379487179487171,47.05220815596535,38.955798361062875,18.622734045194914,15908975.0,-38963433.0
2012-12-28,39.35,39.7,39.27,39.55,11836700.0,39.8,36.72,38.26,0.4730857142857146,38.8054307950574,37.69045913953395,36.33190600919887,0.6574282344479059,0.6667105645385113,-0.009282330090605417,68.03797468354425,40.561023974691295,36.97802602530871,0.09241789651491958,2.302121055354367,46.432924248842035,35.17936948906878,18.116620364778335,15651450.0,-27126733.0
2012-12-31,39.87,40.49,39.8,40.45,15625800.0,40.49,36.72,38.605000000000004,0.5002285714285719,38.96205643362336,37.798676428179675,36.37288206880883,0.7087427210492905,0.6751169958406672,0.03362572520862328,72.73954116059375,40.70573396788013,37.16331603211986,0.09098397722227947,2.821555668530751,46.479606502911814,38.12542837559981,17.13359607036781,15648635.0,-11500933.0
2013-01-02,41.4499,41.92,41.38,41.85,26975800.0,41.92,36.982,39.451,0.5795142857142862,39.237098678040184,37.95755186236871,36.42738075469133,0.8525504501979597,0.7106036867121257,0.14194676348583402,80.0788954635108,41.1103052701044,37.2637447298956,0.09815903453270053,6.339728115868382,46.72010028416554,50.041907015727524,14.78947887393382,16273775.0,15474867.0
2013-01-03,41.75,41.97,41.52,41.59,19685100.0,41.97,37.88,39.925,0.5723714285714284,39.46118451822683,38.10000080894249,36.478750100415795,0.9347639080757162,0.7554357309848438,0.17932817709087234,75.24366471734892,41.338540579980496,37.493509420019514,0.097549947260308,5.184623166413771,46.910269219897046,47.04737183646988,14.974042829331601,16355765.0,-4210233.0
2013-01-04,41.37,41.67,41.33,41.62,11909100.0,41.97,37.92,39.945,0.5638,39.66678599268142,38.23803999290553,36.52990681583454,0.9909167436428916,0.8025319335164535,0.18838481012643815,80.70539419087137,41.64921220633485,37.53283779366515,0.10397241325956323,5.42046605876394,49.364678995906914,47.762631125525814,11.907718035777652,15165865.0,7698867.0
2013-01-07,41.3,41.34,41.19,41.29,14531900.0,41.97,38.3,40.135,0.5366571428571427,39.821377802902234,38.3577246990661,36.57727092711978,0.9972938456554346,0.8414843159442498,0.15580952971118478,71.81208053691275,41.834971964777935,37.64907803522206,0.10532663923279889,3.874213836477991,50.29859442752316,42.59170526539962,14.37336953628284,14964685.0,-6833033.0
2013-01-08,40.65,40.6875,40.31,40.56,18435400.0,41.97,38.54,40.254999999999995,0.5937999999999997,39.8917227740544,38.444088436357625,36.61690007212356,0.932691360387139,0.8597257248328276,0.07296563555431135,61.62005785920932,41.87414690037511,37.82490309962489,0.10161335174635629,3.3639143730886945,48.94149618573581,38.49299908579133,23.575759033825708,15110725.0,-25268433.0
2013-01-09,40.95,41.17,40.93,41.0,16973500.0,41.97,38.54,40.254999999999995,0.5959428571428569,39.99727298604922,38.54432026238282,36.6605130067293,0.9065476313548615,0.8690901061372345,0.03745752521762702,63.419117647058854,41.98056787975158,37.94198212024842,0.10106248510597231,4.752171691364326,46.25775199337178,41.38100489021011,23.490986671780593,14854280.0,-8294933.0
2013-01-10,41.4,41.66,41.24,41.52,18700000.0,41.97,38.54,40.254999999999995,0.625707142857142,40.14229460642548,38.66101358542663,36.70886611113996,0.9172151071118506,0.8787151063321578,0.038500000779692845,67.28813559322042,42.1533047324045,38.04124526759551,0.10255209274966923,5.187155614668448,44.07174199502419,44.283610543499385,22.373543076975768,14855555.0,10405067.0
2013-01-11,41.03,41.1,40.85,41.09,14571300.0,41.97,38.54,40.254999999999995,0.6485642857142854,40.23255226295639,38.756267954625585,36.75245948316842,0.8808182279230365,0.8791357306503336,0.0016824972727029763,61.056105610561104,42.2353128679856,38.16823713201441,0.10116657127629779,3.9253376498558534,41.20900291862249,41.437681031729475,25.880240971816864,14762555.0,-4166233.0
2013-01-14,41.44,41.47,41.19,41.31,13262000.0,41.97,38.88,40.425,0.6135642857142852,40.33516633315102,38.85641430934615,36.797808145027446,0.8598141974711382,0.8752714240144945,-0.01545722654335635,67.93760831889085,42.28862398233197,38.37992601766804,0.09690760438024308,4.450063211125177,40.146451573749246,48.108825481088296,20.72084657562951,14538445.0,9095767.0
2013-01-15,41.26,41.32,41.145,41.28,14032200.0,41.97,38.88,40.425,0.6096357142857133,40.42515049189854,38.95145688545022,36.84240706895752,0.8311664334706848,0.8664504259057326,-0.03528399243504787,68.77192982456145,42.37035577720644,38.49219422279356,0.09591984310197697,2.0519159456118707,39.23976923115767,48.41884497767997,21.381621342956514,14329840.0,-4936433.0
2013-01-16,40.9,41.25,40.87,41.21,10137700.0,41.97,38.88,40.425,0.5982071428571422,40.49989806409868,39.04002720366786,36.8858657050873,0.7936655763937495,0.851893456003336,-0.05822787960958653,65.97701149425293,42.42339643273215,38.624653567267856,0.09374051233717014,-1.5292712066905634,38.152686503545745,43.612461044310976,25.073732223668348,14216800.0,-15074133.0
2013-01-17,41.17,41.535,41.17,41.36,16632600.0,41.97,38.88,40.425,0.5935714285714278,40.58181253418452,39.13100652901422,36.93038445429041,0.7672057530269853,0.8349559154080659,-0.06775016238108056,66.49764578051436,42.49012978233676,38.73992021766325,0.09233552274493272,-0.5530175522962311,38.09050089309927,47.38267148014438,23.104693140794275,14247055.0,1558467.0
2013-01-18,41.68,41.88,41.55,41.7,19993100.0,41.97,38.88,40.425,0.5999999999999994,40.6883065785479,39.231751371013665,36.97784331544175,0.7648545438020022,0.8209356410868532,-0.056081097284851,68.37606837606845,42.5809504056516,38.871099594348415,0.0910928776207151,0.1922152811148603,38.49568343069715,50.50595238095234,22.857142857142897,14625360.0,21551567.0
2013-01-22,41.89,41.929,41.64,41.735,14186000.0,41.97,38.88,40.425,0.5534999999999991,40.787991666305246,39.32991798391509,37.02517820782542,0.7570881600069086,0.8081661448708644,-0.05107798486395576,62.88866599799399,42.672716971884135,38.97783302811586,0.09050481457303779,1.0777427948655882,37.865885713346714,45.18647567428054,24.77739063104923,14877705.0,35737567.0
2013-01-23,41.67,41.71,41.45,41.53,11452000.0,41.97,39.01,40.489999999999995,0.46885714285714186,40.85865912665713,39.416195710036064,37.07000230526,0.7260223247257755,0.7917373808418466,-0.06571505611607109,45.77836411609496,42.652469659702646,39.22708034029736,0.08366898253361879,2.391518737672582,34.047683124644706,31.55850091407675,32.14503351614874,14755405.0,24285567.0
2013-01-24,41.64,41.809,41.48,41.53,11275000.0,41.97,39.2301,40.600049999999996,0.4602142857142851,40.92259635268979,39.499089995917004,37.11438039177482,0.6934092364032267,0.7720717519541227,-0.07866251555089598,49.15014164305945,42.56413412874728,39.55441587125272,0.0733017876592939,1.2926829268292694,30.371603371886497,32.911687102281476,32.74871954058672,15030830.0,24285567.0
2013-01-25,41.29,41.3,40.85,41.1,13319700.0,41.97,39.2301,40.600049999999996,0.4844999999999991,40.9394919381479,39.56187078039085,37.15403829832433,0.6256535776160135,0.7427881170865009,-0.11713453947048746,43.3842239185751,42.44716972813488,39.83413027186512,0.06351478297668511,-1.0115606936416222,26.736438583609917,31.261978475600717,37.59398496240594,15205695.0,10965867.0
2013-01-28,41.25,41.32,40.94,40.96,19910900.0,41.97,39.27,40.620000000000005,0.4809285714285707,40.94144508689572,39.61669937723827,37.19190856401265,0.5542706132942214,0.7050846163280451,-0.15081400303382364,45.588235294117666,42.284990420411795,40.13850957958821,0.05208419542542079,-0.3163786809442737,23.6211687257601,31.79117778107826,35.793851180751425,15672290.0,-8945033.0
2013-01-29,41.11,41.61,41.06,41.55,23151200.0,41.97,39.8,40.885,0.45735714285714224,40.999402697667556,39.69251508793481,37.235272657903074,0.539092842235334,0.6718862615095029,-0.13279341927416888,63.74999999999995,42.05503768249791,40.568462317502096,0.035984323225131225,0.5809731299927234,23.528569915244958,37.95876932687799,23.89504919568946,16238015.0,14206167.0
2013-01-30,41.65,41.72,41.52,41.59,13411400.0,41.97,40.31,41.14,0.4280714285714277,41.05565005979445,39.76692626095697,37.27860327822245,0.5242488011808177,0.6423587694437659,-0.11810996826294817,59.21875000000005,42.00022175625926,40.737278243740754,0.03052892612221795,0.7509689922480689,22.609877360839874,34.34006340730848,25.52978474887364,16127295.0,27617567.0
2013-01-31,41.5,41.58,41.35,41.47,11225000.0,41.97,40.31,41.14,0.3980714285714281,41.095111958861644,39.83371346640964,37.320308718240135,0.49707185960043176,0.6133013874750991,-0.11622952787466734,49.10714285714278,41.94189574131132,40.75760425868868,0.02864083779521377,0.6309148264984188,20.550547082924826,28.135654046294633,30.504216759375524,15339755.0,16392567.0
2013-02-01,41.79,41.93,41.66,41.82,13351300.0,41.93,40.31,41.120000000000005,0.383071428571428,41.16414891516053,39.91160705596221,37.36508176581984,0.4980349753468474,0.5902481050494488,-0.09221312970260143,63.41911764705874,41.981316846995234,40.74118315300476,0.029982983927963308,1.112185686653766,20.245175192586654,35.763565168748876,24.4266268879358,15023065.0,29743867.0
2013-02-04,41.28,41.3,40.56,40.63,32493600.0,41.93,40.31,41.120000000000005,0.44592857142857106,41.11327758990715,39.93977932827742,37.397568514418644,0.3981851660274103,0.5518355172450411,-0.15365035121763082,40.78590785907861,41.999241818137314,40.62425818186269,0.0332831128256397,-2.5659472422062346,18.958584354057965,24.79577126381552,38.603235623898634,16052290.0,-2749733.0
2013-02-05,40.62,40.76,40.43,40.62,22704100.0,41.93,40.31,41.120000000000005,0.45699999999999974,41.066298771820755,39.96645464873713,37.42963250930005,0.3146198149534669,0.5043923767867263,-0.1897725618332594,41.008174386920956,42.03227970066132,40.52422029933868,0.03653399553815,-2.6716185455852415,17.86488306558147,24.195060956548964,38.99656142544543,16460900.0,-25453833.0
2013-02-06,40.33,40.5,40.18,40.46,15766400.0,41.93,40.18,41.055,0.45914285714285646,41.00855603164735,39.9858093683945,37.459785419655276,0.23279944228922034,0.45007378988722513,-0.2172743475980048,40.02659574468087,42.04836476230463,40.49813523769538,0.03756015154147662,-2.576450758487836,17.576044932010028,24.08214063472315,38.42563783447411,16327450.0,-41220233.0
2013-02-07,39.7799,39.78,39.3301,39.52,28622800.0,41.93,39.3301,40.63005,0.5137785714285711,40.86678879053808,39.96754233433981,37.4802850672209,0.09105642162875682,0.3782703162355315,-0.28721389460677466,29.780219780219838,42.29886847450802,40.09963152549198,0.05338050933004945,-4.839874789308929,18.321690632707544,17.55898177369359,46.15523641368561,16909915.0,-69843033.0
2013-02-08,39.61,39.93,39.6,39.85,23819300.0,41.93,39.3301,40.63005,0.5059214285714277,40.76995176286779,39.96293283103237,37.50386432028338,0.005291303770796674,0.30367451374258453,-0.29838320997178785,29.62555066079294,42.357282478327676,39.874217521672335,0.06039206281425828,-3.041362530413627,19.295479957158964,15.07856951248782,46.87204393680548,17165880.0,-46023733.0
2013-02-11,39.81,39.86,39.59,39.77,13123200.0,41.93,39.3301,40.63005,0.5045642857142845,40.67471826164229,39.95536683765855,37.5264129340119,-0.06834565527769598,0.22927047993852845,-0.29761613521622443,28.571428571428612,42.42967553193633,39.66982446806367,0.06723186045889827,-2.905273437499989,21.007385768220054,14.425459024051882,47.13968204532901,17093475.0,-59146933.0
2013-02-12,39.88,40.01,39.71,39.83,7439900.0,41.93,39.3301,40.63005,0.5056357142857131,40.59426890339064,39.95045049108371,37.549334198350095,-0.12047323680825173,0.15932173658917242,-0.27979497339742415,30.855855855855808,42.45226536787954,39.499234632120455,0.07206776534313797,-4.139590854392294,24.208777903236978,16.513865148540024,44.3557614883668,16802370.0,-51707033.0
2013-02-13,40.01,40.14,39.995,40.05,11992500.0,41.93,39.3301,40.63005,0.5042785714285704,40.54243376973439,39.95435439339415,37.574216445132684,-0.14239116265916607,0.09897915673950473,-0.24137031939867082,34.1201716738197,42.43908053415788,39.389419465842124,0.07453787050516035,-3.7028131762443017,27.383848546424677,16.997407895296046,44.4751342086998,16700385.0,-39714533.0
2013-02-14,40.21,40.31,40.14,40.22,11974600.0,41.93,39.3301,40.63005,0.4742785714285707,40.511725791664446,39.964771868163005,37.60054264965873,-0.1443793819137582,0.050307449008852145,-0.19468683092261035,39.99999999999997,42.41324833880072,39.31625166119928,0.07578650738353811,-3.0142271521581887,28.825534662793075,20.632840856037088,37.800268076326425,16792230.0,-27739933.0
2013-02-15,40.44,40.46,40.14,40.32,18369100.0,41.93,39.3301,40.63005,0.46999285714285627,40.49346619245831,39.978702383137005,37.627601926776556,-0.13631454649313213,0.01298304990845529,-0.1492975964015874,42.66055045871559,42.361071587024966,39.264428412975036,0.07587440625907174,-3.5868005738880937,30.20144470603348,22.796699037979344,38.14495661028282,16879055.0,-9370833.0
2013-02-19,39.45,39.57,39.39,39.44,17227400.0,41.93,39.3301,40.63005,0.48999285714285634,40.39313607889085,39.95757679948458,37.64563573845042,-0.1986419313175034,-0.029341946336736452,-0.16929998498076695,27.31182795698929,42.30428461034494,39.09521538965506,0.07884739391986151,-2.9288702928870425,31.85309172048979,17.638741089520295,47.521100890683535,16740770.0,-26598233.0
2013-02-20,39.52,39.53,38.97,39.04,20843400.0,41.93,38.97,40.45,0.5157071428571426,40.26426597613934,39.92159339558322,37.65951000970963,-0.2771190341705889,-0.07889736390350695,-0.19822167026708198,24.550898203592766,42.25390497068522,38.87609502931479,0.0832690728798331,-3.8897095027080164,34.65724982374,15.235668084045512,50.96884998407178,17073640.0,-47441633.0
2013-02-21,38.64,38.67,38.26,38.51,25471500.0,41.93,38.26,40.095,0.5542785714285711,40.09719302603083,39.866236791834865,37.66797259667769,-0.3777250944210593,-0.13866291000701741,-0.23906218441404187,22.693726937269346,42.271257740808906,38.5567422591911,0.0919116019601576,-4.8195748887790435,38.55772636094325,14.175440405159886,54.3808554233946,17774615.0,-72913133.0
2013-02-22,38.56,38.64,38.39,38.54,17088700.0,41.93,38.26,40.095,0.5392785714285709,39.94888892831361,39.81422750588056,37.67664948626299,-0.4498497844244653,-0.200900284890507,-0.2489494995339583,17.84313725490192,42.222162139552324,38.30683786044767,0.09724010677158917,-2.479757085020251,42.19937737051118,9.933906409356425,55.8934555424575,18065300.0,-55824433.0
2013-02-25,38.79,39.01,38.03,38.04,17361500.0,41.93,38.03,39.980000000000004,0.5192785714285709,39.767089982759934,39.74464995663034,37.68026491426037,-0.5411172790490824,-0.2689436837222221,-0.27217359532686025,20.63492063492056,42.262937952431535,37.960062047568464,0.10727287448395278,-4.542032622333759,44.01294088460488,15.405989078254152,42.915308326111834,18267390.0,-73185933.0
2013-02-26,38.07,38.23,37.73,38.12,17655600.0,41.93,37.73,39.83,0.5314214285714282,39.61022427011613,39.68093819362523,37.68464038775032,-0.6000748058455798,-0.3351699081468937,-0.26490489769868614,22.09821428571422,42.25580223171427,37.68319776828574,0.11440234337253487,-4.148855921548922,45.85451208482974,15.053965779109912,44.21968037204809,18154625.0,-55530333.0
2013-02-27,38.07,38.63,38.01,38.47,15805700.0,41.93,37.73,39.83,0.5442785714285715,39.50163148248602,39.6334504213262,37.6924549112553,-0.6115079130981584,-0.39043750913714664,-0.2210704039610118,28.69379014989289,42.06823144146681,37.56276855853319,0.11315851572713174,-3.4145116746171267,46.59630720207897,19.94776834341662,39.89422433365271,17787350.0,-39724633.0
2013-02-28,39.0,39.28,38.9,38.95,27269400.0,41.93,37.73,39.83,0.5214285714285717,39.44909515082068,39.60664844401929,37.70496779771047,-0.5752061263234154,-0.4273912325744004,-0.14781489374901496,43.23040380047505,41.80392969826112,37.56307030173887,0.10686707060925206,-2.7465667915105962,43.4232110606218,29.726027397260278,30.000000000000053,18480250.0,-12455233.0
2013-03-01,38.52,38.75,38.34,38.6,20369400.0,41.93,37.73,39.83,0.5357142857142863,39.36822894598062,39.56717203444991,37.713873590768074,-0.5681297278381052,-0.45553893162714143,-0.1125907962109638,35.22458628841608,41.536185836724975,37.54381416327504,0.10097045203464687,-4.027846842366978,40.85059005428923,26.933333333333348,36.66666666666663,18937470.0,-32824633.0
2013-03-04,37.78,37.94,37.62,37.93,18764900.0,41.3,37.62,39.459999999999994,0.5864285714285725,39.23125476064913,39.50296920956952,37.71602410230272,-0.6095584215850707,-0.4863428296187273,-0.12321559196634335,30.912863070539416,41.15568725405446,37.53531274594554,0.09201495744389888,-5.927579365079372,38.932004143132325,24.604141291108398,42.14372716199758,19208150.0,-51589533.0
2013-03-05,38.03,38.37,38.02,38.2199,13790200.0,40.76,37.62,39.19,0.5964285714285725,39.13493525963493,39.45265276997856,37.72103779282707,-0.6119443392320107,-0.511463131541384,-0.10048120769062674,34.058100160399306,40.995591153516216,37.454398846483784,0.09027897408355137,-3.093559837728177,37.10333819811709,27.54491017964072,41.437125748503014,18272980.0,-37799333.0
2013-03-06,38.57,38.6,38.33,38.5,13143500.0,40.5,37.62,39.06,0.6014357142857152,39.07446523490779,39.415293837822546,37.728788660560134,-0.5844957637219821,-0.5260696579775036,-0.058426105744478485,34.8336594911938,40.78892470602264,37.449065293977355,0.08537692269561847,-1.3831967213114749,35.20259181127154,28.503224427263362,41.092148549304675,17794950.0,-24655833.0
2013-03-07,38.48,38.61,38.35,38.57,7799300.0,40.46,37.62,39.04,0.6014357142857146,39.02642092682134,39.38214505986872,37.73715892264411,-0.5507455035506226,-0.5310048270921274,-0.0197406764584952,33.53293413173657,40.58524083449673,37.46374916550326,0.07998800930014524,0.15580368735395034,34.632869353111936,26.603009465445787,41.09214854930471,17396595.0,-16856533.0
2013-03-08,39.25,39.25,38.91,39.08,13025000.0,40.46,37.62,39.04,0.6271500000000003,39.0315236956955,39.37029623399152,37.75052052540387,-0.47734292930183386,-0.5202724475340686,0.04292951823223479,38.56088560885609,40.5461428675029,37.45884713249709,0.07915636512499548,1.4011416709911684,33.676301363847294,31.093039942597496,39.40729604446426,16616705.0,-3831533.0
2013-03-11,38.77,38.95,38.56,38.63,22780200.0,40.46,37.62,39.04,0.5978642857142857,38.9932833437245,39.3412650091291,37.759271564952094,-0.45029142036842984,-0.5062762421009409,0.05598482173251107,41.883767535070184,40.439887072190764,37.44310292780923,0.07695606304743914,1.5509989484753017,30.80768675741055,32.61609777660964,36.55870300235364,16564750.0,-26611733.0
2013-03-12,38.35,38.35,37.82,37.98,24411000.0,40.46,37.62,39.04,0.6157214285714286,38.89678016813169,39.28788206759463,37.76146786778839,-0.4758175439064374,-0.5001845024620403,0.02436695855560289,39.8854961832061,40.35584594512787,37.34814405487214,0.07741434874208471,-0.3672612801678965,27.712284283359992,31.67016623937082,39.21068201064955,17129140.0,-51022733.0
2013-03-13,37.5,37.53,37.28,37.34,24696500.0,40.46,37.28,38.870000000000005,0.6100071428571425,38.748515390214386,39.2114945355321,37.75727415766114,-0.5414483524458262,-0.5084372724587974,-0.03301107998702879,39.06542056074772,40.3010980737079,37.1538919262921,0.08126542001789172,-2.9373537821679063,24.100496345738858,31.966838795798708,37.58738188077426,17991970.0,-75719233.0
2013-03-14,37.61,37.87,37.61,37.76,15082800.0,40.46,37.28,38.870000000000005,0.6300071428571421,38.654371067336825,39.154573181197506,37.757301280470486,-0.5531938764872777,-0.5173885932644935,-0.0358052832227842,43.205574912891976,40.1129527965655,37.113037203434494,0.07769186495714739,-3.0551989730423723,19.272710142861232,34.80686160020866,36.39414519109766,18146485.0,-60636433.0
2013-03-15,37.27,37.579,37.21,37.44,17791900.0,40.46,37.21,38.835,0.5992928571428564,38.538716679971415,39.08733501722898,37.75414405379914,-0.5816190719444023,-0.5302346890004753,-0.051384382943927,44.60431654676257,39.857653826941196,37.090336173058795,0.07192696401510686,-3.0051813471502653,16.933637842431327,32.18078449601323,43.026900752076905,18437350.0,-78428333.0
2013-03-18,36.83,36.95,36.66,36.79,16563900.0,39.57,36.66,38.114999999999995,0.6192928571428565,38.37217223425985,38.99724344792588,37.744550580627006,-0.6491132385054641,-0.5540103989014731,-0.09510283960399102,39.15171288743883,39.58704739150056,37.007942608499434,0.06734395508116466,-3.0055365146322233,14.682047087610025,31.141509325152022,44.52082444262469,18347090.0,-94992233.0
2013-03-19,36.38,36.48,35.95,36.34,19443500.0,39.53,35.95,37.74,0.6350071428571417,38.1786320214732,38.89303782251702,37.730574952959074,-0.7304934175660591,-0.5893070026343903,-0.14118641493166884,32.90529695024078,39.58944893368766,36.69554106631233,0.07587096406187727,-4.918641859345518,14.661357173697715,25.8714750115297,51.40549600116986,18457895.0,-114435733.0
2013-03-20,37.24,37.41,37.05,37.25,22207100.0,39.28,35.95,37.615,0.6535785714285696,38.090190876570986,38.828604966732044,37.72579311263112,-0.7133355132110708,-0.6141127047497265,-0.09922280846134435,37.23723723723718,39.48758913732447,36.61840086267552,0.07539980163582259,-3.2467532467532423,16.61660376197182,28.196413153954662,49.94480934634601,18526080.0,-92228633.0
2013-03-21,36.93,37.12,36.74,36.84,14361600.0,39.28,35.95,37.615,0.6464357142857123,37.971125078802324,38.75062045823275,37.7169792508139,-0.724470083722565,-0.6361841805442943,-0.08828590317827079,36.90476190476187,39.484253616137075,36.45473638386293,0.07978818870975621,-4.485351309307739,17.324704338817273,28.5079722875991,47.73427917923566,17970585.0,-106590233.0
2013-03-22,36.85,37.03,36.81,36.94,10269500.0,39.28,35.95,37.615,0.5921499999999976,37.87292269034496,38.67961573438049,37.70924811398988,-0.7169604727703387,-0.6523394389895032,-0.0646210337808355,41.95121951219507,39.44582191123527,36.33316808876472,0.08215083949972278,-5.47594677584442,16.626667346399994,31.12145812475131,43.425290406629614,17629625.0,-96320733.0
2013-03-25,37.04,37.23,36.65,36.82,14334800.0,39.28,35.95,37.615,0.6021499999999976,37.77264433888353,38.60668962714988,37.70039987404969,-0.712479034300415,-0.6643673580516856,-0.048111676248729474,38.295346231668276,39.45407840682041,36.202911593179586,0.08594491569492316,-4.685477608076627,16.688775523003965,27.87630039975805,42.70411976133144,17478290.0,-110655533.0
2013-03-26,37.03,37.4,37.03,37.31,12288700.0,39.28,35.95,37.615,0.6164285714285691,37.72858297327558,38.55583905353616,37.696515298188494,-0.6617601975014651,-0.6638459259416415,0.0020857284401764042,40.387722132471694,39.42333070411748,36.15265929588252,0.08655318728170046,-1.7640863612427449,16.985371907723334,26.535341830822716,41.714947856315185,17209945.0,-98366833.0
2013-03-27,37.15,37.35,36.925,37.35,13726200.0,39.28,35.95,37.615,0.6282142857142838,37.69252745201124,38.508551247515136,37.693067384773684,-0.6112909071603951,-0.6533349221853922,0.042044015024997106,40.09740259740256,39.345557414399075,36.11843258560092,0.08552754310494724,0.026780931976433386,17.15723012469433,25.923820352473005,42.12620807276865,17105970.0,-84640633.0
2013-03-28,36.77,37.01,36.66,36.93,11665900.0,39.25,35.95,37.6,0.6289285714285698,37.61990578991493,38.44664727702435,37.68547467447743,-0.598287435728956,-0.642325424894105,0.044037989165149005,32.28995057660619,39.174924519083746,36.08706548091625,0.08205626872655092,-2.1980932203389814,19.281498836438097,18.625780806359995,45.08801817149349,16325795.0,-96306533.0
2013-04-01,36.84,36.87,36.33,36.48,13207400.0,39.25,35.95,37.6,0.634642857142856,37.511343333732555,38.36952385439594,37.67347990159706,-0.617178876223079,-0.6372961151598998,0.020117238936820825,32.289950576606145,39.079869238239304,35.970120761760704,0.08287138949595063,-2.564102564102566,21.826092452245124,18.458075407990957,44.456949915588105,15967695.0,-109513933.0
2013-04-02,36.66,36.72,36.42,36.485,12856200.0,39.25,35.95,37.6,0.5982142857142841,37.41359634956755,38.29562095814512,37.66165423093441,-0.6245476244595238,-0.6347464170198246,0.010198792560300762,36.22119815668199,39.06172769981972,35.84376230018028,0.08592068217268024,-0.8290296276161957,23.378437891407856,19.58208955223878,38.32835820895525,15672260.0,-96657733.0
2013-04-03,36.36,36.441,35.76,35.87,17433900.0,39.25,35.76,37.504999999999995,0.5999999999999989,37.26658717341826,38.20049856762963,37.64382682565148,-0.672263337471442,-0.6422498011101481,-0.03001353636129389,36.38888888888879,39.04819598495449,35.6223040150455,0.09176025257388096,-1.2933406714364493,25.230096181697956,19.523809523809483,39.642857142857196,15854445.0,-114091633.0
2013-04-04,35.91,35.99,35.5903,35.97,16669000.0,39.25,35.5903,37.42015,0.5906928571428567,37.143102680711756,38.113028035565726,37.62717183236142,-0.6940091144754064,-0.6526016637831997,-0.04140745069220664,32.38188976377951,38.93316256206679,35.4843374379332,0.09268855105677004,-3.4362416107382554,28.34442820612707,15.72003821178517,42.31955209983433,16030720.0,-97422633.0
2013-04-05,35.01,35.74,34.86,35.64,29146700.0,39.25,34.86,37.055,0.6306928571428568,36.99995004445349,38.016046543974916,37.607398978308076,-0.7294622546981699,-0.6679737819661938,-0.06148847273197611,32.31827111984282,38.79753846381077,35.32696153618923,0.09364183036975728,-3.2573289902280256,30.837012899062096,14.723037022775381,43.37633215171523,17098090.0,-126569333.0
2013-04-08,35.31,35.77,35.31,35.63,12911100.0,38.95,34.86,36.905,0.6078357142857139,36.8694786116484,37.92247609127002,37.58772336658362,-0.7497236921410959,-0.6843237640011742,-0.06539992813992168,36.96629213483147,38.45840505584038,35.32109494415962,0.0850455780177627,-3.546291283161873,32.59532878559871,15.629223121849172,38.54424950350771,17092395.0,-139480433.0
2013-04-09,35.96,36.49,35.83,36.24,23803800.0,38.35,34.86,36.605000000000004,0.6092642857142856,36.809528267681884,37.85649663671041,37.57431318383154,-0.7083932093155667,-0.6891376530640527,-0.019255556251513983,48.91540130151843,38.13107975848632,35.40942024151367,0.07401797695073192,-1.5752308527973935,31.039128695399874,24.033670586304297,30.13001629600104,17143575.0,-115676633.0
2013-04-10,36.34,36.64,36.3,36.42,11561600.0,37.87,34.86,36.364999999999995,0.5614071428571431,36.772430337426464,37.80016343527079,37.56282748050984,-0.6535799454572171,-0.6820261115426857,0.02844616608546857,39.30412371134022,37.93481303451366,35.44968696548634,0.06772890921181765,-2.385419458590188,31.46927146929266,16.15837754621672,32.69844905021819,16501105.0,-104115033.0
2013-04-11,36.33,36.455,36.185,36.27,8005500.0,37.87,34.86,36.364999999999995,0.5442642857142859,36.724579829100136,37.740157026044486,37.54996352547989,-0.6151526880701041,-0.6686514268481694,0.053498738778065213,42.12707182320442,37.85576046572621,35.42173953427379,0.0664329686862249,-2.8915662650602414,31.833422139401478,16.667322860480013,31.169206136724537,15666555.0,-112120533.0
2013-04-12,36.04,36.08,35.66,36.0,11897800.0,37.579,34.86,36.2195,0.5721214285714292,36.655572226328694,37.67191557404274,37.5345410028383,-0.5995740369768328,-0.6548359488739021,0.055261911897069305,37.598944591029074,37.67757261715373,35.42392738284627,0.061657975125201415,-2.5182778229081992,33.44655604281968,15.85577487296646,36.20610010362439,15507305.0,-124018333.0
2013-04-15,35.4,35.46,34.92,34.92,22577500.0,37.41,34.86,36.135,0.6078357142857149,36.49027963334501,37.56399731623715,37.50852566947673,-0.666689634701747,-0.6572066860394711,-0.009482948662275947,30.000000000000043,37.688185062794105,35.1613149372059,0.06937233956549334,-4.2763157894736725,35.84343836262659,12.573886270961362,42.774715912429315,15746585.0,-146595833.0
2013-04-16,35.52,35.6,35.27,35.56,12817900.0,37.41,34.86,36.135,0.6149785714285722,36.40168157302644,37.48540918618863,37.48913735435756,-0.6606213464839215,-0.6578896181283612,-0.0027317283555602367,32.14285714285715,37.670800039297134,35.05569996070288,0.0719160162690148,-2.5352884747156246,38.22304328892083,12.079398817612667,42.27789586164439,15559285.0,-133777933.0
2013-04-17,34.99,35.04,34.5,34.83,27896900.0,37.41,34.5,35.955,0.6603357142857149,36.251997613690584,37.38127549261261,37.46267827620475,-0.7065721594587444,-0.6676261263944379,-0.03894603306430655,27.45974955277282,37.76439796431954,34.81110203568046,0.08138547935981369,-2.8993587956509637,40.88558632297261,11.249689011000877,46.567222300345016,15981955.0,-161674833.0
2013-04-18,35.16,35.18,34.75,34.93,11155900.0,37.4,34.5,35.95,0.641764285714286,36.12609307905338,37.28514704192192,37.43747749733704,-0.7265441962970414,-0.6794097403749586,-0.04713445592208276,31.02466793168884,37.693920455218304,34.6495795447817,0.08416349528116839,-2.8912983041423423,41.832464551798104,13.133437955635682,44.965329949803525,15429395.0,-150518933.0
2013-04-19,35.96,36.19,35.8301,36.05,23433600.0,37.4,34.5,35.95,0.6889071428571428,36.118846119143534,37.23670990302302,37.423671751094886,-0.6445673682210966,-0.6724412659441862,0.02787389772308957,46.380471380471384,37.62206268692003,34.64243731307997,0.08246442925198584,1.1503928170594646,40.720958793071205,22.706771594761868,38.4667226559665,15882995.0,-127085333.0
2013-04-22,36.16,36.25,35.91,36.22,9967900.0,37.4,34.5,35.95,0.6917642857142862,36.12847982208225,37.196838926433884,37.41169491775066,-0.5594337579824398,-0.649839764351837,0.09040600636939722,47.829647829647826,37.53789699307223,34.65460300692778,0.07987793707502722,1.6559079427448609,40.15849524126287,23.23252139973359,38.30784639689406,15867915.0,-117117433.0
2013-04-23,35.71,36.16,35.66,36.02,14588100.0,37.4,34.5,35.95,0.679978571428572,36.11814841045537,37.15068838029922,37.397847207126276,-0.5023127384737194,-0.6203343591762135,0.11802162070249411,51.31810193321622,37.45716276635983,34.65533723364017,0.07770706972354754,-0.6070640176600417,39.08098772512356,23.635198588190786,34.66495792934646,15880580.0,-131705533.0
2013-04-24,36.06,36.63,36.03,36.48,18554700.0,37.35,34.5,35.925,0.6950000000000003,36.152610466602475,37.12438687518945,37.38871439909517,-0.4151402845740222,-0.5792955442557752,0.16415525968175304,54.21487603305784,37.30400713004466,34.72549286995535,0.07159606161612413,0.16474464579900872,36.308371143080855,27.954779033915774,32.17163412127438,16193880.0,-113150833.0
2013-04-25,36.86,37.26,36.81,37.05,17708800.0,37.26,34.5,35.879999999999995,0.6714285714285718,36.238076136449855,37.121469742829085,37.38534410656686,-0.2966417490734159,-0.5227647852193034,0.22612303614588747,61.20826709062002,37.229189217479345,34.77031078252065,0.06830265307283222,2.150537634408578,33.96579973872455,35.63829787234042,25.531914893616992,16393010.0,-95442033.0
2013-04-26,37.05,37.09,36.69,36.9399,11117700.0,37.26,34.5,35.879999999999995,0.6671428571428579,36.30491650440701,37.11434936075736,37.380911826899535,-0.20920338936128502,-0.4600525060476997,0.2508491166864147,60.249448365440294,37.231268178157265,34.76922182184272,0.06838971113431437,2.61083333333334,31.922891231310643,35.546038543897176,26.98072805139186,16365600.0,-106559733.0
2013-04-29,37.08,37.51,36.98,37.42,15652800.0,37.51,34.5,36.004999999999995,0.6464357142857148,36.411114932558725,37.126335660335506,37.38130076394531,-0.10001489227215643,-0.3880449832925911,0.28803009102043464,59.424619021756506,37.41911235660115,34.675377643398846,0.07611496282732011,7.159221076746847,31.763595481504304,33.3697970188174,27.84499618788744,16487870.0,-90906933.0
2013-04-30,37.45,37.77,37.29,37.74,11800800.0,37.77,34.5,36.135000000000005,0.6521500000000009,36.53767541517218,37.150400928557644,37.384869910572725,0.01219848741045837,-0.3079962891519812,0.32019477656243955,60.3121777444455,37.66830947468174,34.55168052531827,0.08630931545029218,6.130483689538813,30.116616446527473,34.28220939529686,27.601012037108024,16435100.0,-79106133.0
2013-05-01,37.61,37.61,37.085,37.185,14069900.0,37.77,34.5,36.135000000000005,0.6796500000000013,36.59932537563197,37.15175775488872,37.382881155243645,0.05570243459871449,-0.23525654440184207,0.29095897900055656,56.722800211602895,37.80095500486011,34.55053499513989,0.08985081052844153,6.761412575366066,28.598311643927907,32.89508255299467,27.430084812561102,16266900.0,-93176033.0
2013-05-02,37.19,37.421,37.11,37.38,9022900.0,37.77,34.5,36.135000000000005,0.658292857142858,36.673675339857496,37.16070843116759,37.38285248703227,0.10470749368240462,-0.16726373678499273,0.27197123046739735,60.25229562271555,37.95410330852641,34.53838669147359,0.09423642689202213,7.014028056112243,27.237570350645576,33.96230509651586,22.62345243649698,15884595.0,-84153133.0
2013-05-03,37.6,38.02,37.59,37.71,12002900.0,38.02,34.5,36.260000000000005,0.6268642857142867,36.772372926537734,37.18224927700416,37.38610768616628,0.16823330927581281,-0.10016432757283163,0.2683976368486444,73.32697903080168,38.15123594448331,34.548254055516686,0.09911986697476488,4.60471567267684,26.696132613086228,42.490400063809666,15.325714155490525,15027405.0,-72150233.0
2013-05-06,37.74,37.94,37.7,37.89,8918900.0,38.02,34.5,36.260000000000005,0.595435714285715,36.87881360020081,37.21000420731772,37.39112154003527,0.23044603306806977,-0.034042255444651344,0.2644882885127211,71.10430781493427,38.35536102909353,34.57012897090647,0.10381094616401106,4.610712313638876,25.976474394441375,43.05370616955173,16.134643298424976,14827795.0,-63231333.0
2013-05-07,38.25,38.38,38.13,38.3084,8455300.0,38.38,34.5,36.44,0.5547214285714291,37.01496468589597,37.25307855212879,37.40024868889064,0.309938668141001,0.034753929272479125,0.2751847388685219,83.39093038436444,38.62617989138786,34.50615010861214,0.11267328096276208,6.3531371460299635,26.971945391371214,51.879321667246195,7.403973680483154,14060370.0,-54776033.0
2013-05-08,38.39,38.66,38.33,38.62,14076200.0,38.66,34.5,36.58,0.5491214285714291,37.16782519200111,37.306683314790405,37.412385517856904,0.3935441381481013,0.10651197104760357,0.2870321671004977,84.03933434190631,38.92922212430274,34.423107875697255,0.12286219806802279,5.86622807017545,28.469772624064994,54.229483460592895,7.479480208645008,14186100.0,-40699833.0
2013-05-09,38.35,38.41,38.05,38.22,18425600.0,38.66,34.5,36.58,0.49983571428571494,37.26803231657243,37.34249965538686,37.42042148285336,0.4226533338727734,0.16974024361263754,0.25291309026013586,73.0841240798265,39.119572833497756,34.427757166502246,0.1275862948932479,3.157894736842115,30.729514857965455,45.1434042614002,12.218300298669602,14707105.0,-59125433.0
2013-05-10,38.5,38.5,38.24,38.42,11334400.0,38.66,34.5,36.58,0.4955500000000005,37.37774352451791,37.38475457086189,37.43036753775034,0.45659753754455323,0.2271117023990207,0.22948583514553253,73.25483066255138,39.320822383080646,34.46850761691935,0.13151806002741318,4.006778578176995,33.102264089097964,45.96624241463314,12.323969038730459,14678935.0,-47791033.0
2013-05-13,37.82,37.83,37.66,37.73,12969300.0,38.66,34.5,36.58,0.509835714285715,37.41129176027811,37.398293607298676,37.43334895528517,0.4229458733267748,0.26627853658457157,0.15666733674220323,66.37868280908773,39.29992087277443,34.77040912722557,0.12230299893490038,0.8284339925173523,35.02349749181284,44.67825770206093,16.601986634350112,14198525.0,-60760333.0
2013-05-14,37.63,37.91,37.62,37.75,11017100.0,38.66,34.5,36.58,0.4869785714285721,37.44354968787067,37.41208601485559,37.436499711949,0.3933561549415998,0.2916940602559772,0.1016620946856226,63.28396301409986,39.319080266856815,34.97024973314318,0.1170782004283425,0.026497085320609237,37.41626410869167,41.054901213018994,17.38122827346477,14108485.0,-49743233.0
2013-05-15,37.65,37.85,37.59,37.75,11390800.0,38.66,34.75,36.705,0.4498357142857147,37.47273543188299,37.42533754368478,37.439619117800255,0.36569063592254736,0.3064933753892913,0.05919726053325608,58.31314426868086,39.184745792225335,35.39658420777467,0.10158471522164225,1.5194298776388226,38.24981769663934,34.44114517998638,19.29275767343637,13283180.0,-49743233.0
2013-05-16,37.63,37.75,37.49,37.54,9266400.0,38.66,35.66,37.16,0.43983571428571416,37.479141581227466,37.42983411059911,37.44061793254851,0.32309582032730333,0.30981386437689373,0.013281955950409596,56.96155541634761,38.95599901643412,35.88633098356587,0.082030263698852,0.4280363830925449,39.33946030363735,35.224190850479964,19.406596618867443,13188705.0,-59009633.0
2013-05-17,37.81,37.96,37.755,37.91,9276400.0,38.66,35.66,37.16,0.42911428571428595,37.52017571634866,37.44866414547758,37.44528840088137,0.3155574796720302,0.31096258743592103,0.004594892236109149,55.83333333333327,38.91908377461529,36.10924622538472,0.07490070881840405,0.5303632988597151,40.425027294055006,32.60869565217406,19.891470803648705,12480845.0,-49733233.0
2013-05-20,38.13,38.39,38.13,38.37,11918600.0,38.66,35.66,37.16,0.42911428571428595,37.60111136241069,37.48479496330199,37.45448951132036,0.34275043238174874,0.3173201564250866,0.02543027595666214,57.258064516128975,38.935718601847995,36.30761139815199,0.06985621725396801,1.2668250197941378,41.660899873814365,35.438444636793456,19.891470803648705,12578380.0,-37814633.0
2013-05-21,37.95,38.27,37.81,38.12,10585000.0,38.66,36.03,37.345,0.4223285714285713,37.650529327895384,37.509704964741125,37.4611115062326,0.34020644453458715,0.32189741404698674,0.01830903048760041,61.586121437422484,38.818694219342675,36.63463578065732,0.05789163814732511,-0.49179814348812023,42.71488766443556,36.00784764739718,22.156073470216196,12378225.0,-48399633.0
2013-05-22,37.95,38.33,37.345,37.54,16828000.0,38.66,36.69,37.675,0.4704714285714284,37.64000272523868,37.51089300533951,37.46189646636959,0.28806848887616354,0.3151316290128221,-0.02706314013665856,51.80995475113119,38.707480467759616,36.85184953224039,0.04911718871830202,-2.7964785085447863,41.93126423872024,32.323201651838666,26.94865332645077,12291890.0,-65227633.0
2013-05-23,36.6,37.25,36.31,37.18,28755300.0,38.66,36.31,37.485,0.5126142857142852,37.59619294188261,37.49791680905169,37.459091526405714,0.21521888271783496,0.2951490797538247,-0.07993019703598975,44.04494382022471,38.69406476556845,36.878265234431545,0.04805461287582118,-2.7210884353741527,40.68186852763405,21.319287684976207,39.15503163057722,12844215.0,-93982933.0
2013-05-24,36.61,36.61,36.28,36.56,14467200.0,38.66,36.28,37.47,0.5597571428571426,37.497507899798556,37.46113575771633,37.45014534206337,0.10623165415825753,0.25736559463471126,-0.15113394047645373,36.40081799591004,38.76141018934498,36.772929810655036,0.052651029417611704,-4.841228526808949,39.57449539979675,19.52377306484957,36.240206211877656,13011690.0,-108450133.0
2013-05-28,37.33,37.46,37.12,37.16,17441900.0,38.66,36.28,37.47,0.5890428571428566,37.465364290293934,37.449326512315686,37.44725832373439,0.0674954305955282,0.21939156182687466,-0.15189613123134646,38.678129189999176,38.77399328520979,36.73434671479021,0.05402440499737056,-1.5107341637953908,35.56069051690951,23.524846603448683,34.43843523391465,13101145.0,-91008233.0
2013-05-29,36.6693,36.72,36.38,36.58,12112000.0,38.66,36.28,37.47,0.6196428571428564,37.38104388169451,37.4152352765386,37.43862888767733,-0.00989044747321799,0.17353515996685615,-0.18342560744007413,30.898876404494374,38.84337550006172,36.548964499938286,0.06086589168404727,-3.0993377483443774,32.76657395160105,19.135446685879028,41.26801152737756,13116705.0,-103120233.0
2013-05-30,36.62,36.99,36.62,36.74,14828100.0,38.66,36.28,37.47,0.6082142857142853,37.31999208343789,37.388755461772384,37.43167735645667,-0.05764416450744392,0.12729929507199614,-0.18494345957944006,35.49019607843141,38.87868660609485,36.46915339390514,0.06395759220674978,-2.6754966887417186,30.537711490292104,22.66588373458612,38.75513799177921,13154615.0,-88292133.0
2013-05-31,36.57,36.58,35.94,36.01,24769300.0,38.66,35.94,37.3,0.6453571428571426,37.19523093263428,37.33468662013425,37.41753131310884,-0.152634750052691,0.07131248604705871,-0.2239472360997497,28.596802841918276,39.01835595280899,36.192484047191016,0.0751453355824233,-4.075652637187,29.041613341650287,20.365246264526885,44.0509131156613,13941935.0,-113061433.0
2013-06-03,36.29,36.62,36.17,36.54,21468400.0,38.66,35.94,37.3,0.6346428571428565,37.13282798666911,37.30352243895251,37.408799658252036,-0.18303894385534392,0.020442200066578185,-0.2034811439219221,39.12248628884828,39.03643287212091,36.05740712787909,0.0793414145352488,-3.6138222104985407,27.825305643861107,21.15925717501412,38.26674169949347,14415210.0,-91593033.0
2013-06-04,36.57,36.57,35.975,36.18,18161100.0,38.66,35.94,37.3,0.6564285714285708,37.042082464129194,37.25946273546418,37.39657279598087,-0.23349192824369425,-0.0303446255954763,-0.20314730264821795,36.48881239242683,39.0603105516682,35.86252944833179,0.08536198316391666,-5.707584050039083,27.30812703933312,19.586507072905395,39.118607181719206,14877320.0,-109754133.0
2013-06-05,36.0,36.1,35.64,35.69,19076200.0,38.66,35.64,37.15,0.6764285714285708,36.9133127056407,37.19791517721069,37.37959197214027,-0.3094480621292277,-0.08616531290222658,-0.22328274922700114,33.65079365079362,39.06078108455887,35.60021891544113,0.09270066484825373,-6.374606505771252,27.92602817515138,19.00739176346363,41.18268215417109,15408365.0,-128830333.0
2013-06-06,35.42,35.97,35.41,35.92,19898600.0,38.5,35.41,36.955,0.6978571428571426,36.81871149557968,37.14780085653576,37.365068668934896,-0.3470838016449065,-0.13834901065076255,-0.20873479099414394,37.18354430379749,38.9234799584617,35.46752004153829,0.09291338782711363,-4.315396909962699,28.590085473830523,18.4237461617196,41.24872057318324,15699485.0,-108931733.0
2013-06-07,35.62,35.92,35.37,35.67,17576800.0,38.5,35.37,36.935,0.7071428571428571,36.70931040076257,37.08984788176965,37.34820231402012,-0.3925581411327457,-0.1891908367471592,-0.20336730438558648,31.9354838709678,38.85305609524212,35.28294390475788,0.09631251188314013,-4.061323292092522,29.989588744758468,16.060606060606094,41.11111111111112,15657045.0,-126508533.0
2013-06-10,35.45,35.47,35.12,35.35,17128500.0,38.39,35.12,36.754999999999995,0.7121428571428571,36.57985226735661,37.021618553072805,37.32831970393037,-0.44923965336814575,-0.24120060007135652,-0.20803905329678923,25.08250825082513,38.73762022873537,35.09137977126462,0.09877529039999874,-3.3096280087527408,32.10141426497419,11.634904714142465,43.32998996990974,15946750.0,-143637033.0
2013-06-11,34.66,35.04,34.55,34.82,22748800.0,38.39,34.55,36.47,0.7292857142857149,36.41224728951312,36.93528057059936,37.30336129891614,-0.5308079076452472,-0.2991220615861347,-0.23168584605911252,23.9747634069401,38.7735411602561,34.764458839743895,0.10903430391123518,-6.297093649085028,34.65114864257158,11.361410381978478,44.76003917727715,16435725.0,-166385833.0
2013-06-12,34.85,34.905,34.38,34.59,21630200.0,38.39,34.38,36.385000000000005,0.696428571428572,36.238699928607105,36.84330878351703,37.27636267902643,-0.6070131449547134,-0.36070027825985046,-0.2463128666948629,25.375626043405717,38.78126702213607,34.44073297786394,0.11855819410210407,-5.440131219245481,38.097297535491734,11.897435897435926,43.846153846153726,16966380.0,-188016033.0
2013-06-13,34.3,35.06,34.22,34.94,25341700.0,38.39,34.22,36.305,0.6685714285714296,36.11501422112072,36.768669223379106,37.25311528918537,-0.6318803463230367,-0.4149362918724877,-0.21694405445054898,31.270903010033408,38.693484953900054,34.24751504609995,0.12190592143787733,-4.899292324442039,39.49942035405888,12.393162393162413,36.32478632478625,17663925.0,-162674333.0
2013-06-14,34.33,34.44,33.8,33.98,29592100.0,38.39,33.8,36.095,0.6857142857142868,35.91167953339493,36.65930964599169,37.22054697785019,-0.7207434773515189,-0.476097728968294,-0.2446457483832249,29.588607594936676,38.715980533187675,33.86901946681233,0.1335526917786138,-5.637322965842828,41.15329152738084,12.083333333333352,39.479166666666586,18680210.0,-192266433.0
2013-06-17,34.48,34.775,34.34,34.48,18916000.0,38.39,33.8,36.095,0.6782142857142871,35.77532910164303,36.57384652261947,37.19327785369248,-0.7422659477886384,-0.5293313727323629,-0.21293457505627555,28.456591639871405,38.5479790622137,33.69402093778629,0.13438050232350732,-5.6376573617953,44.87363000216874,6.7930489731437795,39.91574512901518,19162190.0,-173350433.0
2013-06-18,34.47,34.62,34.38,34.56,18671400.0,38.33,33.8,36.065,0.6396428571428585,35.65958347291512,36.494872149183415,37.167076084003995,-0.7442876445950546,-0.5723226271049012,-0.17196501749015336,32.34265734265742,38.20768639876919,33.6533136012308,0.12675506317859178,-4.477611940298498,46.90553966818267,7.202680067001695,34.05918481295363,19499830.0,-154679033.0
2013-06-19,34.17,34.41,33.53,33.61,30935300.0,38.33,33.53,35.93,0.6839285714285727,35.464385046923205,36.381739908038966,37.13168229212336,-0.8131731603881747,-0.620492733761556,-0.19268042662661866,25.960061443932446,37.962399528568525,33.44760047143147,0.12644724988480757,-5.8279630148500905,50.924190501767605,3.9164490861618724,40.73107049608354,20517345.0,-185614333.0
2013-06-20,32.97,33.0,31.83,32.21,50501400.0,37.46,31.83,34.644999999999996,0.7539285714285724,35.1544436138829,36.21814226458646,37.08271032901766,-0.9695572749225221,-0.6903056419937492,-0.27925163292877286,23.537604456824553,38.01910192896769,32.8578980710323,0.14563832718471129,-10.328507795100228,54.428900116111876,3.5528185693983847,46.61297963050689,22201015.0,-236115733.0
2013-06-21,32.83,33.19,32.23,32.74,30648800.0,37.46,31.83,34.644999999999996,0.7803571428571436,34.92449660303691,36.08174452872033,37.03949928096773,-1.038752153547179,-0.7599949443044353,-0.27875720924274383,23.537604456824553,37.92694975875574,32.50605024124427,0.15393067219943696,-8.214185590131763,58.13806973437242,4.805491990846664,45.03432494279179,22295690.0,-205466933.0
2013-06-24,31.81,32.2,31.435,31.94,37349000.0,37.46,31.435,34.4475,0.8310714285714297,34.64025883131911,35.91932317465287,36.988757994589946,-1.1449446977283557,-0.8369848949892194,-0.30795980273913637,22.178477690288744,37.98582612262522,31.985173877374766,0.1715182645739079,-9.646393210749649,61.66369296462062,4.512247529007288,47.44305973356252,23439780.0,-242815933.0
2013-06-25,31.63,31.9,31.35,31.7,30859600.0,36.99,31.35,34.17,0.8346428571428584,34.36023418071729,35.75385952074491,36.93613353693234,-1.2342414808021687,-0.9164362121518093,-0.3178052686503594,22.930800542740883,37.86927300252578,31.55572699747422,0.1818810516399441,-8.960367604824814,64.88075200566587,4.492939666238749,45.100556268720545,24110665.0,-273675533.0
2013-06-26,32.26,32.39,32.0,32.26,29440200.0,36.99,31.35,34.17,0.8439285714285726,34.16021187779184,35.61684542189217,36.88960484502257,-1.2454655532297778,-0.982242080367403,-0.2632234728623748,26.233766233766218,37.70598774400981,31.287012255990184,0.18607613781165122,-6.736050881757749,66.89672055015443,8.590774439272105,42.65763859500628,24977075.0,-244235333.0
2013-06-27,32.32,32.685,32.32,32.49,22896000.0,36.62,31.35,33.985,0.8350000000000011,34.0011440799069,35.494224032798364,36.845827682385526,-1.2217184241832584,-1.030137349130574,-0.1915810750526843,29.296875000000014,37.4302084114729,31.137791588527115,0.1835380009026304,-7.012020606754421,67.94403133381954,11.206159110350733,42.771599657827146,25380470.0,-221339333.0
2013-06-28,32.31,32.77,32.27,32.52,23878400.0,36.62,31.35,33.985,0.8314285714285722,33.860082738963385,35.37758779621804,36.802784620869254,-1.1867972441703714,-1.0614693281385337,-0.12532791603183768,30.852503382949962,37.23972935093825,30.979270649061743,0.18354003142457398,-4.296645085344297,67.72495990143007,11.984536082474243,40.80756013745701,25335925.0,-197460933.0
2013-07-01,32.56,32.81,32.31,32.48,21181000.0,36.57,31.35,33.96,0.8100000000000005,33.72864628763354,35.2639569022487,36.75977183857205,-1.1491034735714365,-1.0789961572251143,-0.07010731634632217,33.04347826086958,36.89651337789675,30.91648662210325,0.17636815229509098,-5.800464037122966,66.96607177698688,12.654320987654334,36.860670194003504,25321555.0,-218641933.0
2013-07-02,32.42,32.5689,31.8,32.02,22636100.0,36.1,31.35,33.725,0.8274214285714291,33.565918069763676,35.136742906082084,36.71260992973054,-1.143171277534421,-1.0918311812869756,-0.05134009624744529,31.97755960729316,36.60006600186164,30.796933998138368,0.17220742774079775,-7.3495370370370345,66.57260736682875,12.387883182693232,39.019673857681816,25545305.0,-241278033.0
2013-07-03,31.58,31.99,31.44,31.73,14303100.0,35.97,31.35,33.66,0.8088500000000004,33.391068729786184,35.00314514505926,36.66303172147452,-1.1486298558241117,-1.103190916194403,-0.0454389396297088,27.298444130127365,36.37014127594947,30.630858724050533,0.17131931021623373,-5.5935733412674775,66.87606707214404,12.672312542498624,41.681752753026785,25306650.0,-255581133.0
2013-07-05,32.22,32.245,31.76,32.07,17128000.0,35.92,31.35,33.635000000000005,0.764207142857143,33.26525266028274,34.888119845253016,36.617329913300644,-1.1126942136770168,-1.1050915756909256,-0.007602637986091176,35.19379844961247,36.00562936863602,30.610370631363992,0.16198086757751978,-0.434647624961193,66.19330335098299,15.796016412902269,40.19104767779866,25168120.0,-238453133.0
2013-07-08,32.14,32.51,32.13,32.21,16185000.0,35.47,31.35,33.41,0.7388499999999999,33.16475240692248,34.78309553759603,36.57347588431258,-1.060691141183689,-1.0962114887894783,0.03552034760578926,31.362889983579734,35.63108957329176,30.638910426708236,0.1506618121799766,-1.6188149053146028,64.36166618958259,15.661404305919444,41.570394145341716,25098530.0,-222268133.0
2013-07-09,32.36,32.55,32.24,32.36,17909300.0,35.06,31.35,33.205,0.7459928571428571,33.08810932054891,34.6880721831805,36.53155075113534,-0.9958945329204383,-1.0761480976156703,0.08025356469523204,32.14285714285715,35.272400683642196,30.698599316357807,0.13866096822192747,1.3149655604257848,62.87647656923845,15.894445561523954,41.17235898467049,25137570.0,-204358833.0
2013-07-10,32.54,32.65,32.3,32.45,19046800.0,35.06,31.35,33.205,0.6974214285714285,33.027337004306155,34.60030464658519,36.49093830585041,-0.926599246868939,-1.046238327466324,0.11963908059738504,39.05660377358496,34.99365390745797,30.74034609254204,0.12940967581208895,2.3659305993690927,59.30372511286238,18.025584039164695,35.33424144040803,24952470.0,-185312033.0
2013-07-11,33.63,34.21,33.61,34.15,34965600.0,35.06,31.35,33.205,0.6959928571428569,33.13425728961033,34.58264564083675,36.467645387384245,-0.7261359971491714,-0.9822178614028936,0.25608186425372215,67.32142857142853,34.90465250007218,30.78534749992782,0.1254165017550422,5.858648481091144,55.38449478264928,34.07259926723391,17.959954433029868,25619240.0,-150346433.0
2013-07-12,33.35,33.45,33.125,33.21,16134800.0,34.775,31.35,33.0625,0.6992071428571427,33.14147088107602,34.52881640001963,36.43523100542022,-0.635788596404069,-0.9129320084031287,0.2771434119990597,53.91014975041596,34.5791334929882,30.937866507011815,0.11115487540566212,2.216066481994461,50.81063378245599,31.97499208286944,22.831983164604768,25158895.0,-166481233.0
2013-07-15,33.35,33.64,33.26,33.55,8531000.0,34.775,31.35,33.0625,0.6367071428571425,33.18037841621163,34.49043144315611,36.40652223919714,-0.5306356346077195,-0.836472733644047,0.3058370990363275,64.50450450450447,34.506330530544446,30.967669469455558,0.10809362681641226,3.167281672816702,47.729599880061286,37.24520131480054,16.15454514858814,24105840.0,-157950233.0
2013-07-16,33.54,33.64,33.35,33.62,9427900.0,34.62,31.35,32.985,0.615278571428571,33.222247138477194,34.45629687675783,36.37879564975239,-0.436619660156353,-0.7565021189465082,0.3198824587901552,67.8438661710037,34.32105287333647,31.066947126663536,0.09953219999611347,3.5098522167487767,44.88325371746887,38.54235595955382,15.73038925457692,23631435.0,-148522333.0
2013-07-17,33.94,34.11,33.76,33.83,12282000.0,34.41,31.35,32.879999999999995,0.6009928571428568,33.28012836338413,34.43173621492419,36.353434499008586,-0.3412325615388241,-0.6734482074649715,0.3322156459261474,65.60636182902584,34.13409458855443,31.18090541144558,0.09042912583966481,5.652717051842582,43.11961375759514,39.22081317819326,16.104303592864206,23311965.0,-136240333.0
2013-07-18,33.73,33.87,33.55,33.63,10415900.0,34.21,31.35,32.78,0.5934928571428565,33.31344947163326,34.400295579044815,36.326335648272185,-0.2785648055104133,-0.5944715270740598,0.3159067215636465,61.40000000000002,34.13783519919585,31.179164800804163,0.09059419135574767,5.988023952095811,41.19327386037092,36.16603882583738,18.835224879346278,22285995.0,-146656233.0
2013-07-19,33.62,33.849,33.51,33.73,19480600.0,34.21,31.35,32.78,0.5819928571428564,33.35312095052533,34.3740094779058,36.300501462717236,-0.2183144005820452,-0.5192401017756569,0.3009257011936117,61.932938856015745,34.271858979412364,31.197141020587626,0.09392897276038244,5.17617711256626,39.36924100019045,35.83745504976745,19.69832717632767,20734955.0,-127175633.0
2013-07-22,33.51,33.84,33.45,33.77,11204500.0,34.21,31.35,32.78,0.5741357142857135,33.392823717141965,34.35032283171342,36.275322343685225,-0.16543087078823504,-0.44847825557817256,0.2830473847899375,62.721893491124355,34.39162694756216,31.180373052437844,0.0979458883402768,4.84321639242471,37.78679551483287,35.83025417086556,20.714365692531604,19762740.0,-115971133.0
2013-07-23,34.6,34.92,34.425,34.7,23013900.0,34.92,31.35,33.135000000000005,0.6013571428571421,33.517316696461776,34.36403566184231,36.25964749449433,-0.047924619573272764,-0.3683675283771926,0.32044290880391985,74.18772563176898,34.68990397307053,31.158096026929474,0.10727153280710285,7.231149567367123,38.00347436968514,47.0364651383775,13.718968998693375,19045985.0,-92957233.0
2013-07-24,34.54,34.615,34.02,34.34,17800000.0,34.92,31.44,33.18,0.6084999999999992,33.59566748727494,34.3630930868681,36.24054652439986,0.01596688345352959,-0.2915006460110482,0.3074675294645778,73.26203208556157,34.831320875370814,31.280679124629184,0.107412928083907,5.82434514637904,38.011840741189836,46.484329146613476,14.086160347458506,18393005.0,-110757233.0
2013-07-25,34.31,34.67,34.29,34.64,13120300.0,34.92,31.44,33.18,0.5988571428571424,33.695127726582086,34.37395218150072,36.22462068833618,0.08977399399072539,-0.21524571801069348,0.30501971200141886,73.07001795332143,35.042342609446315,31.307657390553683,0.11257528919043355,1.4348462664714567,38.58614661195758,44.84732824427481,14.312977099236516,17577010.0,-97636933.0
2013-07-26,34.46,34.79,34.18,34.72,16234300.0,34.92,31.44,33.18,0.6109999999999997,33.79273460976474,34.38752268418697,36.209649338203484,0.1529587786681219,-0.1416048186749304,0.2945635973430523,72.7767695099819,35.24567571281533,31.327324287184684,0.11771593365570554,4.546823246010234,38.93511039550082,42.26093055880286,14.028524666822415,17243925.0,-81402633.0
2013-07-29,34.36,34.48,34.21,34.31,11456800.0,34.92,31.44,33.18,0.6231428571428569,33.841997980263336,34.38448257892473,36.190747354738775,0.16801285465562188,-0.07968128400881996,0.24769413866444184,66.89774696707113,35.35121910843254,31.400780891567457,0.11836164360214169,2.265275707898673,39.323890244205494,40.978908757450675,13.755158184318994,16622845.0,-92859433.0
2013-07-30,34.65,34.66,34.28,34.4,14109500.0,34.92,31.44,33.18,0.6252857142857137,33.895141029762065,34.38509110524141,36.17292897309959,0.18507216940759008,-0.026730593325537958,0.21180276273312804,66.8977469670711,35.450490652785405,31.4935093472146,0.11821765372761721,2.3200475907198204,40.61880498727412,41.7523417866118,13.70801919122675,16269270.0,-78749933.0
2013-07-31,34.36,34.645,34.07,34.26,18245200.0,34.92,31.44,33.18,0.5406428571428569,33.92988950311806,34.38018557170253,36.15389485396427,0.1851605536786991,0.015647636075309456,0.16951291760338966,51.30641330166271,35.46774095883733,31.700259041162678,0.11218085748197518,1.271061188294409,39.8028792618784,27.67868939093662,18.62861672611957,16049725.0,-96995133.0
2013-08-01,34.61,35.12,34.6,34.915,19759300.0,35.12,31.76,33.44,0.5288571428571426,34.02370955044015,34.40115868653773,36.14156754198453,0.23537042108565487,0.05959219307737854,0.17577822800827633,71.71974522293002,35.50137781704122,31.985122182958794,0.1042061933596326,3.820993160868258,41.97323922415786,34.71096704484046,12.493246893570916,16322535.0,-77235833.0
2013-08-02,34.77,35.04,34.77,34.97,8303300.0,35.12,32.13,33.625,0.5174285714285709,34.113832450398235,34.42346618902644,36.12991015350707,0.2764138166770209,0.10295651779730702,0.1734572988797139,69.5054945054946,35.54048700033159,32.236012999668425,0.09751090719240924,3.6762525941298696,42.29669689769627,32.85477636664814,12.76918829376023,15881300.0,-68932533.0
2013-08-05,34.72,34.74,34.46,34.67,15003100.0,35.12,32.24,33.68,0.5331428571428566,34.16680078845555,34.43313418161364,36.11538368431795,0.2814886842579867,0.13866295108944296,0.14282573316854372,63.56589147286833,35.49512783225381,32.5273721677462,0.08725805915712026,2.6650873556411048,41.556803807302806,31.886387995712635,16.54608788853153,15822205.0,-83935633.0
2013-08-06,34.52,34.58,34.21,34.43,11303100.0,35.12,32.3,33.709999999999994,0.5309999999999994,34.19186738003121,34.43301127253075,36.09861369740931,0.26311157271306485,0.16355267541416735,0.0995588972988975,57.69230769230774,35.38741597511373,32.84208402488627,0.0746108926557417,-0.7780979827089474,39.46647383762794,25.692762980898465,19.97578692493939,15491895.0,-95238733.0
2013-08-07,33.9301,34.05,33.72,33.78,18117300.0,35.12,33.125,34.1225,0.5588571428571422,34.15264191526634,34.40740298733346,36.075542914350514,0.19386327651447743,0.16961479563422938,0.024248480880248058,51.72413793103447,35.20164143675955,33.160858563240446,0.05970474671110934,-1.6307513104251714,37.49759750935358,24.4120654396727,22.558793456032667,15445420.0,-113356033.0
2013-08-08,34.11,34.53,33.88,34.4,26359500.0,35.12,33.125,34.1225,0.5882142857142851,34.17619982809811,34.4071126741047,36.058870845551006,0.18685833474618363,0.17306350345662025,0.01379483128956338,56.87885010266943,35.218644731437344,33.16885526856266,0.05994631951379082,-0.6928406466512715,36.57614146226232,29.022465088038807,20.947176684881555,15015115.0,-86996533.0
2013-08-09,34.37,34.71,34.32,34.53,21826500.0,35.12,33.26,34.19,0.5882142857142851,34.20989508256496,34.41193178492413,36.043658200321644,0.1896110631642287,0.17637301539814196,0.013238047766086752,57.66129032258064,35.18285959034733,33.33664040965267,0.05388886902836888,-0.5472350230414702,36.19306048255023,31.208257437765578,20.218579234972687,15299700.0,-65170033.0
2013-08-12,35.27,35.71,35.25,35.65,32501300.0,35.71,33.35,34.53,0.5903571428571424,34.347047931844486,34.460483479632984,36.03974120330352,0.27895167872635795,0.19688874806378517,0.08206293066257278,59.22330097087377,35.416682932623864,33.31281706737614,0.06122162580108183,3.905566890119494,33.694266624725266,30.127041742286714,20.14519056261344,16498215.0,-32668733.0
2013-08-13,36.32,36.6,36.14,36.38,30621300.0,36.6,33.45,35.025000000000006,0.6096428571428569,34.54066241452596,34.535758637294435,36.043126862972144,0.4040025692240192,0.238311512295832,0.16569105692818722,68.47826086956525,35.83113435702995,33.174365642970045,0.07700165100056974,5.755813953488387,33.13721541611026,39.60164030462796,14.762741652021155,17557885.0,-2047433.0
2013-08-14,36.42,36.55,36.32,36.41,20396600.0,36.6,33.45,35.025000000000006,0.5989285714285708,34.718694565523485,34.60925829857701,36.046777341947546,0.49976605814128305,0.2906024214649222,0.20916363667636084,66.85714285714286,36.16962712533659,33.093872874663404,0.08881313392113264,6.275539988324574,32.667591467047714,39.654144305307085,15.02683363148487,17963615.0,18349167.0
2013-08-15,36.24,36.325,35.91,36.15,21316000.0,36.6,33.45,35.025000000000006,0.5910714285714279,34.85500936880696,34.66967954177007,36.04780443307245,0.5483583522144571,0.3421536076148292,0.20620474459962784,63.167587476979776,36.361569372295214,33.15393062770479,0.09228556924974793,3.5371616783617332,31.334121198997966,38.731117824773435,20.181268882175356,18508620.0,-2966833.0
2013-08-16,36.5,36.52,36.11,36.16,14636000.0,36.6,33.45,35.025000000000006,0.5839285714285712,34.97929419082534,34.7281234813085,36.04892080687272,0.5809778606511102,0.38991845822208543,0.1910594024290248,68.389662027833,36.522924558005236,33.23557544199476,0.09424942095975329,3.402916785816412,30.218697489937487,41.59021406727828,20.428134556575035,18266390.0,11669167.0
2013-08-19,36.36,36.415,36.0,36.06,14370300.0,36.6,33.72,35.16,0.5864285714285715,35.08221855360388,34.78035393302189,36.04903104760036,0.591936417282092,0.4303220500340868,0.1616143672480052,66.46825396825406,36.631106261269366,33.35639373873063,0.09357992563068362,4.009229881742149,28.663952749610832,39.220462850182685,21.68087697929364,18424680.0,-2701133.0
2013-08-20,35.48,35.79,35.45,35.57,17018700.0,36.6,33.72,35.16,0.5889285714285712,35.12867392945113,34.81132044545241,36.04426456951479,0.5546881477789327,0.455195269583056,0.09949287819587671,62.15213358070506,36.68791964083069,33.38658035916931,0.09422369853973656,3.3110659308742463,28.739362868458077,39.05397210430564,25.712553062462163,18124920.0,-19719833.0
2013-08-21,35.11,35.18,34.615,34.85,25896800.0,36.6,33.72,35.16,0.5957142857142854,35.10213355521769,34.81283729072879,36.03238133996738,0.46174790075760797,0.4565057958179664,0.0052421049396415564,49.40421631530708,36.683553812928096,33.441946187071906,0.09245160821259571,3.1675547661338177,25.640575126571154,32.91366906474828,35.43165467625908,18529760.0,-45616633.0
2013-08-22,35.49,35.9,35.49,35.79,21559700.0,36.6,33.72,35.16,0.6514285714285712,35.16764464519696,34.85115739697472,36.02996958534084,0.4586551385527855,0.45693566436493027,0.00171947418785523,56.46687697160885,36.759397644357364,33.48110235564263,0.09334487336265347,4.040697674418614,23.06341223262682,37.993421052631625,32.401315789473756,18951730.0,-24056933.0
2013-08-23,35.55,36.1086,35.31,35.66,18471500.0,36.6,33.72,35.16,0.6720428571428572,35.214535631368676,34.88287671474042,36.026288295934464,0.44063482470509996,0.45367549643296423,-0.013040671727864273,58.02269043760127,36.81197194098584,33.522528059014164,0.09353713702298809,3.2725166521864857,21.963793679065724,39.045128924600974,28.112577854303538,19063590.0,-42528433.0
2013-08-26,35.97,36.05,35.53,35.679,16249300.0,36.6,33.72,35.16,0.6763285714285711,35.25877033314309,34.91409723573099,36.02283269099979,0.423010535226652,0.44754250419170183,-0.024531968965049833,60.49756261556568,36.84374400306455,33.62765599693545,0.09127356647176296,0.08134642356241173,22.57455799467213,38.79771032676435,25.29413007202759,19303215.0,-26279133.0
2013-08-27,35.37,35.4,34.95,35.075,29000000.0,36.6,33.72,35.16,0.6776857142857138,35.241268396653275,34.92040714805527,36.01340151994507,0.3561993621569144,0.42927387578474435,-0.07307451362782996,60.96899881416232,36.83131291938498,33.70758708061502,0.08856746671042381,-3.5871357888950017,23.671291040503085,38.720013491294004,26.1920822968928,20047740.0,-55279133.0
2013-08-28,34.86,35.27,34.72,34.99,14134200.0,36.6,33.72,35.16,0.6633999999999999,35.21733807316249,34.923136279504085,36.003218420244124,0.29301454722013887,0.40202201007182325,-0.10900746285168439,55.49552906110287,36.80118333507456,33.81071666492543,0.0847014928120935,-3.9000274649821365,23.095553092064286,34.38563245617817,29.2325250872131,19842190.0,-69413333.0
2013-08-29,35.13,35.45,35.03,35.11,16055800.0,36.6,33.72,35.16,0.6683999999999999,35.207115399527964,34.93046426854314,35.99433067476906,0.24974422728710977,0.3715664535148806,-0.12182222622777084,55.41246733855916,36.80272006499127,33.82867993500873,0.08421297411583349,-2.8769017980636247,22.147732948627464,34.12840899375913,29.013849705052618,19657015.0,-53357533.0
2013-08-30,35.1,35.22,34.8,35.13,16881900.0,36.6,33.72,35.16,0.6141142857142857,35.199771075763394,34.93828919918851,35.985730369547476,0.2145923330115238,0.34017162941420925,-0.12557929640268545,43.89384687646786,36.80459817696178,33.84280182303821,0.08384728536148747,-2.84845132743361,21.77395182009723,25.514096957290448,34.253745231227406,20085945.0,-36475633.0
2013-09-03,36.52,36.691,36.19,36.23,24665500.0,36.691,33.72,35.2055,0.6577571428571426,35.29788811616688,34.98894452471053,35.98816091313407,0.27235546618008755,0.3266083967673849,-0.054252930587297354,48.37942955920478,36.901833902796106,33.90156609720389,0.08474925796196839,0.47143649473098126,18.72320711612022,30.13053015659284,31.980974306626507,20569065.0,-11810133.0
2013-09-04,36.63,36.94,36.51,36.85,16965500.0,36.94,33.72,35.33,0.6920428571428572,35.44570829557956,35.06192709236895,35.996736426436215,0.3639664056576848,0.3340799985454449,0.029886407112239888,54.2161747796091,37.08204940549694,33.96335059450306,0.08779453169364594,3.5985380938993616,15.600258815725478,31.207811242078336,30.39654852094221,20852185.0,5155367.0
2013-09-05,37.05,37.33,36.99,37.23,21163100.0,37.33,33.88,35.605000000000004,0.6906142857142855,35.61564083885769,35.14694955933487,36.00900770577516,0.4619069832465996,0.35964539548567587,0.10226158776092376,60.1161483701761,37.2053554608027,34.1850445391973,0.08461392348566195,6.829268292682911,14.40616469637165,35.30604223982793,26.218894152204086,21004475.0,26318467.0
2013-09-06,37.49,37.63,37.0901,37.38,18706200.0,37.63,34.32,35.975,0.699892857142857,35.78367504468077,35.234520164851155,36.02264942014556,0.5453429687279794,0.3967849101341366,0.1485580585938428,61.13545089448709,37.40353138168178,34.28486861831822,0.08700606411535365,4.442581726739325,13.129442905728094,35.909577996632216,25.871306832678513,20621810.0,45024667.0
2013-09-09,37.81,38.35,37.78,38.271,31644600.0,38.35,34.615,36.4825,0.7395357142857141,36.02056313566355,35.353597805445226,36.0450210677063,0.6755752312136423,0.45254297435003776,0.2230322568636045,67.634391449992,37.8090177161639,34.2534822838361,0.0986792140802165,7.321929332585553,13.016337162800648,40.93881296180042,23.422031197179745,21112715.0,76669267.0
2013-09-10,38.6,38.88,38.49,38.791,34218100.0,38.88,34.615,36.7475,0.7394642857142857,36.284414265600354,35.488397891506196,36.072344241161964,0.8113916735461331,0.5243127141892568,0.2870789593568762,75.56755040482614,38.3399089548847,34.03669104511531,0.11891185575916488,8.722217550940314,14.656012043022653,46.0623037913548,18.111567254286474,21198555.0,110887367.0
2013-09-11,38.38,38.59,38.27,38.5,17250100.0,38.88,34.615,36.7475,0.7084642857142853,36.495422430781275,35.60649993497654,36.09650001985687,0.8853402631394331,0.5965182239792921,0.28882203916014104,81.09028960817717,38.68164550671333,33.90695449328668,0.13155484507007012,9.76478973627939,18.549943451180102,48.0778343499522,12.70353380047392,20529995.0,93637267.0
2013-09-12,38.45,38.48,37.99,38.07,21430600.0,38.88,34.615,36.7475,0.6698928571428568,36.645382199278295,35.703107780663736,36.11613683557969,0.8988858502778925,0.6569917492390122,0.24189410103888032,71.26865671641792,38.893528681767755,33.86107131823224,0.13834059601827275,8.802515004286926,21.18879217178036,43.168950258570234,16.42053633310238,20581695.0,72206667.0
2013-09-13,37.96,38.25,37.92,38.205,11173100.0,38.88,34.615,36.7475,0.6364214285714281,36.793917227918456,35.80122120102986,36.13692154368337,0.9100240071495946,0.7075982008211287,0.20242580632846596,73.71854613233927,39.121893572803145,33.83820642719685,0.14483771665900386,8.815152378239821,22.948685646532265,43.09812680277002,18.06978753970311,20074550.0,83379767.0
2013-09-16,38.76,38.82,38.4,38.59,18312300.0,38.88,34.615,36.7475,0.6432071428571428,36.96497273002146,35.91058507549928,36.161330284542245,0.9390920900872501,0.753896978674353,0.18519511141289713,75.39696388064914,39.40027395547523,33.80282604452478,0.1529292587595457,9.849131796185606,24.766008365308057,48.97333673888666,17.87915468245074,20258365.0,101692067.0
2013-09-17,38.44,38.5,38.295,38.41,13282800.0,38.88,34.615,36.7475,0.612207142857143,37.10259437478132,36.00860134704833,36.18370510758163,0.9368053506214622,0.7904786530637748,0.14632669755768735,81.42076502732233,39.617585199935775,33.82051480006422,0.15787637207039829,6.01711288987028,27.606178175428187,51.45317294566502,13.242483286469389,20203990.0,88409267.0
2013-09-18,38.2,39.23,38.01,39.16,31236800.0,39.23,34.615,36.9225,0.6600642857142854,37.29853776765929,36.132185607948394,36.21331998213306,0.9841669610044335,0.8292163146519066,0.15495064635252687,84.91292699263224,39.93865633297476,33.85844366702524,0.16478188617031067,6.2686567164178975,32.03173828592212,55.62228787239341,9.793418389983675,20914895.0,119646067.0
2013-09-19,38.89,39.05,38.61,38.88,24052700.0,39.23,34.72,36.974999999999994,0.6664928571428567,37.449153218358404,36.23994303508768,36.23985411166407,0.9877218755665353,0.8609174268348324,0.12680444873170293,80.7403783431181,40.10244248284706,34.09765751715293,0.16185382407015972,4.431909750201468,36.391659885104744,53.156715858063045,9.698957228134496,20822690.0,95593367.0
2013-09-20,39.01,39.05,38.4,38.43,17006200.0,39.23,34.72,36.974999999999994,0.6829214285714278,37.54256719756236,36.325827621946985,36.261646608065426,0.9433535393907846,0.8774046493460229,0.06594889004476168,75.14477293508077,40.224048766887556,34.240051233112446,0.16072167752716032,2.8089887640449396,40.327020426091295,51.877961279795905,9.256450752544206,20595015.0,78587167.0
2013-09-23,38.42,38.79,38.42,38.645,14310100.0,39.23,34.72,36.974999999999994,0.5978499999999991,37.64756079779452,36.41677555834122,36.285361567189156,0.9149925519096058,0.8849222298587396,0.03007032205086624,71.27003699136871,40.34073964112766,34.42186035887233,0.1583379733250404,0.977241253168204,44.36661888073561,41.68508584331955,10.57360302990477,20386945.0,92897267.0
2013-09-24,38.11,38.35,37.97,38.11,16539500.0,39.23,34.72,36.974999999999994,0.5953499999999993,37.69160262657599,36.483176516837645,36.30351717348578,0.8396670767957559,0.8758711992461429,-0.036204122450386955,61.26609442060083,40.36602948221425,34.63967051778575,0.15269130117920368,-1.7555618571318043,47.246794061370636,38.87269193391649,16.016988806104482,20401455.0,76357767.0
2013-09-25,38.11,38.19,37.8,37.915,16207900.0,39.23,34.72,36.974999999999994,0.5889214285714282,37.71287856690209,36.539326457353816,36.31955182847597,0.7555269800336646,0.8518023554036472,-0.09627537536998265,56.33438135749955,40.273104035227306,35.016595964772705,0.13963418822108734,-1.5194805194805205,48.39780688391185,34.56682312702402,18.25370835304253,19761850.0,60149867.0
2013-09-26,37.91,38.07,37.67,37.9,15470900.0,39.23,34.8,37.015,0.5789285714285707,37.73069965576856,36.592686204124256,36.33527768092895,0.6797986765302255,0.817401619628963,-0.13760294309873744,54.931714719271575,40.10302148098295,35.477678519017054,0.12239481671818066,-0.44654583661676295,48.798922339892,31.462060456508333,20.172732880937694,19828685.0,44678967.0
2013-09-27,37.62,37.72,37.49,37.65,12183400.0,39.23,34.8,37.015,0.5389285714285705,37.72301397426679,36.63414949023703,36.34835949504906,0.5927773712038231,0.772476769943935,-0.17969939874011187,43.29518462535088,39.859566669035225,35.97513333096477,0.10244474727454454,-1.4526894385551659,46.88427969951554,24.254473161033815,24.055666003976153,19635065.0,32495567.0
2013-09-30,36.97,37.13,36.81,37.08,20104100.0,39.23,36.19,37.709999999999994,0.5554285714285702,37.66177454814614,36.651633823953226,36.35563950007345,0.47237290268650867,0.7124559964924497,-0.24008309380594106,31.723990600299146,39.51289690742539,36.51680309257461,0.07881377448157183,-3.9129308110909644,46.02242982769989,16.718106995884774,32.085905349794274,19796175.0,12391467.0
2013-10-01,37.22,37.61,37.195,37.6,22964300.0,39.23,36.51,37.87,0.5560714285714278,37.65589125784651,36.68882465438644,36.368021196590135,0.41413723188021834,0.6527922435700034,-0.2386550116897851,40.835030549898214,39.34428136421769,36.82241863578231,0.06621956126326543,-2.108825826607641,42.737279929420716,22.864482980089875,29.222864482980114,19711115.0,35355767.0
2013-10-02,37.3,37.61,37.222,37.57,15815900.0,39.23,36.81,38.019999999999996,0.5473571428571421,37.647711138051605,36.72338055029285,36.379981184683764,0.3613983190618413,0.594513458668371,-0.23311513960652974,44.4567627494457,39.26814420080109,36.970555799198905,0.0602735461544382,-4.0602655771195035,39.93781970916088,23.22850058723733,26.034190264909306,19653635.0,19539867.0
2013-10-03,38.0,38.01,37.31,37.51,17391100.0,39.23,36.81,38.019999999999996,0.5737857142857133,37.6345957915705,36.75422837185,36.39122515299537,0.3111738338729495,0.5378455337092868,-0.22667169983633728,42.164599774520894,39.24265538247306,37.024044617526926,0.05818032679914393,-3.523662551440343,37.458855814157026,27.13805552097593,23.963649943981082,19465035.0,2148767.0
2013-10-04,37.85,38.19,37.83,38.01,13460600.0,39.23,36.81,38.019999999999996,0.5784285714285703,37.67034857332569,36.80347431805196,36.40733236540338,0.30816406531899787,0.49190924003122904,-0.18374517471223117,43.62637362637359,39.218463986042195,37.11123601395779,0.055213841324789764,-1.0928961748633892,34.39616214612362,22.104223265003647,23.771301555939747,19202755.0,15609367.0
2013-10-07,37.38,37.78,37.38,37.6,12268800.0,39.23,36.81,38.019999999999996,0.6023571428571414,37.663648709199435,36.83471061930483,36.419199705051106,0.2695875906363412,0.4474449101522515,-0.17785731951591033,41.52719665271973,39.213039554219336,37.049560445780656,0.05673761734949187,-2.704101436149575,31.021907994974665,21.2261354203723,26.918060002371657,18233965.0,3340567.0
2013-10-08,37.92,38.01,37.48,37.53,14223300.0,39.23,36.81,38.019999999999996,0.5530714285714272,37.650920260704254,36.86197686952817,36.43025244430433,0.23070758807144642,0.4040974457360905,-0.1733898576646441,30.121951219512283,39.13498271451439,37.001517285485605,0.056043170595674575,-1.5219102597743284,27.984064480509208,16.660209221232016,29.316802273020816,17234225.0,-10882733.0
2013-10-09,37.71,37.87,37.38,37.725,24561400.0,39.23,36.81,38.019999999999996,0.5487857142857128,37.65797547397052,36.8958209138604,36.44313550456001,0.2131724568531297,0.3659124479594984,-0.1527399911063687,35.61643835616442,39.086456405018644,36.97254359498135,0.05558613208265403,-0.5011209283924511,25.153295679760117,16.790316282702012,30.847325263568877,17599790.0,13678667.0
2013-10-10,37.72,38.18,37.72,38.14,18297600.0,39.23,36.81,38.019999999999996,0.5352142857142843,37.70388257168761,36.94461225057176,36.46001972839524,0.23011020354130807,0.33875199907586034,-0.10864179553455228,46.35678391959801,39.09098418056249,36.975015819437516,0.05563506326413826,0.6332453825857565,21.237289221118562,21.35326304550912,28.826905111437274,17443140.0,31976267.0
2013-10-11,37.983,38.42,37.95,38.355,11452300.0,39.23,36.81,38.019999999999996,0.5423571428571415,37.76589375533641,36.99992157407875,36.47887525348583,0.2579091765472441,0.3225834345701371,-0.064674258022893,46.356783919597916,39.105720016811176,36.97527998318881,0.0560045223806828,1.872509960159352,17.55631724385027,24.23284604240749,28.44725404978262,17457100.0,43428567.0
2013-10-14,38.06,38.65,37.99,38.5,14179200.0,39.23,36.81,38.019999999999996,0.5412857142857125,37.83580863578056,37.05874817901684,36.498985947480996,0.2883168143547721,0.3157301105270641,-0.027413296172292045,55.431754874651816,39.09216784950142,36.97983215049857,0.05553516928706635,3.829557713052867,15.262350476815602,27.315914489311165,22.565320665083036,17250445.0,57607767.0
2013-10-15,38.38,38.48,38.02,38.12,17492800.0,39.23,36.81,38.019999999999996,0.5477142857142836,37.86287447999194,37.10036589748677,36.51511544054089,0.2785414101942365,0.3082923704604986,-0.029750960266262116,52.71523178807944,39.06392177543421,36.97907822456578,0.05483327987765942,1.382978723404249,14.105021841916399,26.995305164319266,20.083463745435456,17460945.0,40114967.0
2013-10-16,38.14,38.39,38.1,38.205,16302900.0,39.05,36.81,37.93,0.5398571428571408,37.895457862849845,37.143684881899055,36.531930212276805,0.2744889834565569,0.3015316930597103,-0.02704270960315336,53.96618985695708,38.87444490716564,37.073055092834366,0.04743776462243715,1.6901783337769372,13.898001696075355,27.388197935961912,18.655729028843542,16714250.0,56417867.0
2013-10-17,37.84,38.18,37.78,38.11,15691300.0,39.05,36.81,37.93,0.5409285714285694,37.91589044734034,37.18157959241282,36.547632399219324,0.2606075780813839,0.29334687006404503,-0.03273929198266112,56.2330623306233,38.73275581585366,37.13774418414635,0.0420456338552483,1.5995734470807932,14.89465299966344,27.33394955763899,20.467450151855218,16296180.0,40726567.0
2013-10-18,38.29,38.39,38.14,38.15,14116500.0,38.79,36.81,37.8,0.5009285714285697,37.938186595212684,37.21955686329859,36.563576355446,0.24995282939050156,0.28466806192933636,-0.034715232538834795,66.93037974683543,38.691553255392165,37.150946744607836,0.04062646961227093,0.36832412523020164,15.842731835941056,32.51105090546131,12.405532582346975,16151695.0,54843067.0
2013-10-21,38.25,38.29,38.09,38.175,16102100.0,38.65,36.81,37.730000000000004,0.4773571428571408,37.960740252811476,37.25702522160061,36.57961042156097,0.2407509285142737,0.27588463524632384,-0.03513370673205013,60.787992495309496,38.60082950437931,37.19467049562068,0.03710402355703533,1.5292553191489144,17.28171680107387,26.934011671405127,13.766272632051347,16241295.0,70945167.0
2013-10-22,38.17,38.49,38.14,38.171,18693900.0,38.65,36.81,37.730000000000004,0.4746428571428553,37.98076499063895,37.292867369773134,36.595445143734494,0.2304787733717717,0.26680346287141343,-0.03632468949964174,61.38688897309587,38.60827188153486,37.19332811846513,0.03733282049639399,1.7079669597655167,19.516783739034793,30.09781790820177,13.844996237772628,16349015.0,52251267.0
2013-10-23,37.1,37.1,36.831,36.9,36846500.0,38.65,36.81,37.730000000000004,0.5203571428571411,37.877834991530484,37.27746080625262,36.598475540314254,0.11841393645531895,0.23712555758819456,-0.11871162113287562,42.077922077922075,38.687004497917,37.01309550208299,0.044224749923289716,-2.1868787276342005,20.246450092034053,21.96293754289646,30.597117364447396,17380945.0,15404767.0
2013-10-24,36.72,36.75,36.37,36.475,28788800.0,38.65,36.37,37.51,0.5096428571428555,37.74423165900377,37.24599175502703,36.59724692797282,-0.004638729920309004,0.18877270008649386,-0.19341143000680286,29.668874172185426,38.81641641832782,36.74118358167219,0.054931147539245016,-4.3654955427372855,22.19404486021214,19.901892081289503,37.701471618780644,18046840.0,-13384033.0
2013-10-25,36.42,36.485,36.3,36.43,16402600.0,38.65,36.3,37.474999999999994,0.4778571428571417,37.61906673909865,37.213992078359304,36.59558277943578,-0.10458439468845171,0.13010128113150476,-0.23468567581995647,32.84457478005861,38.91800429840056,36.51759570159943,0.06364126743344332,-5.018902359535904,23.053896982627144,21.22571001494776,34.52914798206279,18257800.0,-29786633.0
2013-10-28,36.58,36.78,36.47,36.55,15197100.0,38.65,36.3,37.474999999999994,0.46499999999999886,37.51725085918449,37.18795317332561,36.5951292194414,-0.17212490817131965,0.06965604327093988,-0.24178095144225953,35.83815028901725,38.97153453443591,36.411065465564086,0.06793262818931226,-5.064935064935073,22.640399878851547,22.81105990783426,35.48387096774195,18012450.0,-14589533.0
2013-10-29,37.0,37.13,36.985,37.03,11144200.0,38.65,36.3,37.474999999999994,0.47142857142857103,37.470846015452636,37.18175893123441,36.59945629188477,-0.1847891291830024,0.01876700878015143,-0.2035561379631538,40.72096128170894,38.976532264642344,36.34906773535765,0.06976285696455639,-2.8593913955928585,21.194864725439817,27.803030303030447,33.48484848484853,17421445.0,-3445333.0
2013-10-30,37.72,37.77,37.36,37.54,25428400.0,38.65,36.3,37.474999999999994,0.4914285714285711,37.47743210921905,37.19580760059777,36.608814935746615,-0.15192161995645392,-0.01537071696716964,-0.1365509029892843,42.18749999999997,38.97554680851377,36.347053191486225,0.0697929603340178,-1.7406098678183435,20.204504325960873,31.468023255814064,32.12209302325585,17902070.0,21983067.0
2013-10-31,37.78,37.88,37.51,37.57,19445600.0,38.65,36.3,37.474999999999994,0.4842857142857144,37.486248098817235,37.21048181233903,36.6183789662367,-0.12204625950879944,-0.0367058254754956,-0.08534043403330384,39.26128590971277,38.977366014295995,36.35123398570401,0.06972470027564516,-1.4169509315140383,19.927539829915112,30.01474926253692,32.59587020648968,18004795.0,41428667.0
2013-11-01,37.78,38.02,37.53,37.83,14993900.0,38.65,36.3,37.474999999999994,0.4721428571428576,37.518986375120356,37.2347766432277,36.63043489692091,-0.07650805677050698,-0.04466627173449788,-0.0318417850360091,41.114058355437635,38.96083511513345,36.349764884866545,0.06934137373137127,-0.8387942332896414,19.70282900695774,29.42511346444789,33.4341906202723,18081460.0,56422567.0
2013-11-04,37.76,38.015,37.76,37.885,14794800.0,38.65,36.3,37.474999999999994,0.45607142857142946,37.55384481558509,37.26027559839524,36.64291813177742,-0.03557062662773802,-0.04284714271314591,0.007276516085407886,46.58925979680697,38.97876004305899,36.36033995694101,0.06951025658968528,-0.7596594629993403,19.109715975471524,30.46202036021932,34.61237274862955,18207760.0,71217367.0
2013-11-05,37.29,37.435,37.18,37.275,26312700.0,38.65,36.3,37.474999999999994,0.48571428571428654,37.527288166481746,37.26085302590915,36.649207503600536,-0.05175274686770592,-0.04462826354405791,-0.007124483323648012,38.287153652392924,38.97665574969555,36.33694425030444,0.07009919853495548,-2.34733174399413,19.029738239192557,28.602941176470647,41.029411764705806,18812230.0,44904667.0
2013-11-06,37.42,37.5,37.2,37.24,11074800.0,38.65,36.3,37.474999999999994,0.4767857142857151,37.49992738872158,37.26003526018722,36.65508603590302,-0.066633294099951,-0.04902926965523653,-0.01760402444471447,38.874680306905375,38.964892689442046,36.30020731055796,0.07080799411371504,0.9214092140921393,18.737110829112478,30.112359550561823,37.00374531835198,18137900.0,33829867.0
2013-11-07,37.18,37.18,36.57,36.635,30352100.0,38.65,36.3,37.474999999999994,0.504642857142858,37.41755335170048,37.23552407351322,36.65488617484926,-0.12579459698447693,-0.06438233512108461,-0.06141226186339231,33.07262569832399,38.9380892632397,36.17651073676031,0.07352974059582017,0.4386566141192594,17.434875649326248,25.477707006369442,43.87827317763618,18740625.0,3477767.0
2013-11-08,36.61,36.87,36.44,36.84,20700500.0,38.65,36.3,37.474999999999994,0.5210714285714297,37.362548270586146,37.22001332553231,36.65672810345772,-0.15435921209930825,-0.08237771051672935,-0.0719815015825789,35.660580021482346,38.844185445707694,36.1189145542923,0.07270966359223115,1.1254460609388062,17.10329723482788,24.674434544208363,43.59150102810143,19203035.0,24178267.0
2013-11-11,37.28,37.38,37.16,37.225,16558700.0,38.49,36.3,37.394999999999996,0.5346428571428581,37.349448435292224,37.22020888139379,36.66238255018949,-0.14426756625367432,-0.09475568166411835,-0.049511884589555966,40.60762509928517,38.69653121327107,36.13906878672893,0.06834881865160819,1.8467852257182171,15.906193072708263,28.189712758851076,42.484969939879775,19322010.0,40736967.0
2013-11-12,37.13,37.17,36.73,36.9,35118900.0,38.49,36.3,37.394999999999996,0.47428571428571586,37.30664382240725,37.207651670358736,36.66474690292392,-0.1606428572150307,-0.10793311677430083,-0.05270974044072986,50.0,38.61064387511448,36.10295612488552,0.06712801284448758,-0.35106670267351925,15.042108663894693,31.777108433734934,34.653614457831345,20203315.0,5618067.0
2013-11-13,36.12,36.53,36.09,36.49,15659400.0,38.49,36.09,37.290000000000006,0.49428571428571544,37.22886822027323,37.17950846759957,36.66300812777045,-0.20434836600566797,-0.12721616662057428,-0.07713219938509369,50.18404907975461,38.51518816714684,36.02691183285315,0.0667616376327924,-2.797016515716566,13.410734297440891,30.491329479768808,35.838150289017214,20171140.0,-10041333.0
2013-11-14,36.45,36.92,36.32,36.825,22095000.0,38.49,36.09,37.290000000000006,0.5239285714285725,37.190404580247204,37.165606174752526,36.66461998719562,-0.20953817071620762,-0.14368056743970095,-0.06585760327650667,54.52462772050404,38.40020214248521,36.01339785751479,0.06414967922450798,-1.9829651317540553,11.83733458870434,34.08316291751877,32.85616905248796,20491325.0,12053667.0
2013-11-15,38.06,38.96,38.035,38.44,55822200.0,38.96,36.09,37.525000000000006,0.6514285714285722,37.30941366784271,37.2155824031936,36.68228545995984,-0.08238444881460083,-0.13142134371468092,0.04903689490008009,66.12627986348124,38.46877679653725,35.97382320346275,0.06703026474288912,1.6124768702088232,12.254057642869038,46.54605263157894,26.42543859649116,22576610.0,67875867.0
2013-11-18,39.82,40.2,39.7333,39.82,49617500.0,40.2,36.09,38.145,0.7357142857142865,37.54851712804817,37.31771642659778,36.71350650015925,0.12826173727714263,-0.07948472751631622,0.20774646479345885,70.6360946745562,38.964262526219095,35.64283747378091,0.08903777395015183,5.10756235977301,14.171623997054265,49.85436893203883,23.398058252427127,24252380.0,117493367.0
2013-11-19,39.82,40.13,39.79,39.88,31801200.0,40.2,36.09,38.145,0.7071428571428581,37.77056311585311,37.41819813535865,36.74501389816761,0.2966225755281968,-0.00426326690741361,0.30088584243561045,68.5419968304279,39.380557443970865,35.39744255602913,0.10653173093534833,6.988598256203904,16.254976787844747,45.404040404040394,24.34343434343428,24907745.0,149294567.0
2013-11-20,39.82,39.9214,39.51,39.57,19959700.0,40.2,36.09,38.145,0.7101000000000006,37.94193805720043,37.502582522207334,36.77312321261371,0.4004195562032038,0.07667329771470988,0.3237462584884939,65.17450682852807,39.72303223227188,35.32196776772812,0.11729134424795162,6.256713211600418,17.671769653400876,44.10847566741104,27.05856318023614,24063405.0,129334867.0
2013-11-21,39.36,39.73,39.26,39.72,26149600.0,40.2,36.09,38.145,0.708671428571429,38.11127728984801,37.589540070356065,36.802445369702134,0.4891446031001081,0.15916755879178954,0.32997704430831853,64.58333333333333,40.03360744901513,35.33589255098486,0.1246582476473977,8.420908966835006,18.51355402811714,42.7863003205193,29.632914709617552,23931445.0,155484467.0
2013-11-22,39.7,40.0,39.63,39.96,22523700.0,40.2,36.09,38.145,0.7168857142857143,38.2873461193863,37.68249928328328,36.83386382373495,0.5722295304056573,0.2417799531145631,0.33044957729109414,65.56639159789947,40.34003126888031,35.38246873111969,0.1309402763448281,8.469055374592816,19.567047068186703,44.986250049818736,29.293372125463286,24237500.0,178008167.0
2013-11-25,39.71,39.72,39.1,39.17,20847300.0,40.2,36.09,38.145,0.727957142857143,38.37140839373046,37.74083264472315,36.85710895981719,0.5677834816518228,0.3069806588220151,0.2608028228298077,63.84222059897736,40.456133274320905,35.52836672567909,0.1297045199650406,5.2249832102081895,19.859818716181554,44.3020585984262,28.3572423808309,24520010.0,157160867.0
2013-11-26,39.19,39.48,39.1,39.38,13342700.0,40.2,36.09,38.145,0.7336714285714285,38.467464737184706,37.8051137174791,36.882212353251845,0.5745817798458077,0.36050088302677363,0.21408089681903408,65.24216524216521,40.604364145884446,35.61513585411555,0.13091737132279524,6.720867208672088,20.644500777016805,43.32418170843322,28.136378682555453,24629935.0,170503567.0
2013-11-27,39.82,40.23,39.63,40.19,27897200.0,40.23,36.09,38.16,0.7465285714285709,38.631515714595686,37.89863866973482,36.91512566316974,0.6379755259539621,0.41599581161221133,0.2219797143417508,74.60207612456746,40.88646608122621,35.59803391877379,0.13828768345095865,10.139764318991485,21.56447045006413,49.75409992919622,21.623897276919834,24753375.0,198400767.0
2013-11-29,40.05,40.24,39.97,40.13,17381000.0,40.24,36.09,38.165000000000006,0.7350999999999998,38.77422850368181,37.98614303562758,36.94711446254119,0.6755862897030411,0.4679139072303773,0.20767238247266384,73.23446327683618,41.123063823594556,35.61743617640544,0.1434868849483419,8.974881194840467,22.582399699174253,50.6247935169172,20.696892551062014,24650145.0,181019767.0
2013-12-02,40.21,40.32,39.7,39.79,17295900.0,40.32,36.09,38.205,0.7408142857142853,38.8709686461883,38.0568825244265,36.97540188082436,0.6702319161195192,0.5083775090082057,0.1618544071113135,68.23027718550105,41.279024897838795,35.6574751021612,0.1461347941660355,3.5119667013527645,23.451508491816703,45.31692924773909,23.14055961586664,24765245.0,163723867.0
2013-12-03,39.6,39.6999,39.16,39.43,23681800.0,40.32,36.09,38.205,0.7504571428571423,38.9242097275037,38.110730268566634,36.999825742706705,0.6296809748091334,0.5326382021683913,0.09704277264074213,67.89250353606792,41.3736515257561,35.717348474243906,0.14674353819543645,-0.9794073329984943,25.31182249237649,44.7346379349731,23.89020025888982,25209595.0,140042067.0
2013-12-04,39.38,39.84,39.18,39.64,18746300.0,40.32,36.09,38.205,0.7397428571428571,38.99238022964621,38.17070163058363,37.02609613332654,0.6074865794826536,0.5476078776312439,0.059878701851409755,72.92576419213974,41.46588053341932,35.86161946658068,0.14494871984322902,-0.6018054162487463,27.89768846074664,46.73535205283702,18.056467498358547,24831275.0,158788367.0
2013-12-05,39.63,39.72,39.36,39.4,14164700.0,40.32,36.09,38.205,0.7225999999999999,39.031201160156094,38.21890940977643,37.04971706732329,0.5640295850874679,0.5508922191224888,0.013137365964979164,69.00369003690034,41.50857158140171,36.034928418598284,0.14117606666718494,-0.4296183977760992,30.682740407434657,43.98896840773411,18.484836503103917,24985770.0,144623667.0
2013-12-06,40.02,40.24,39.83,40.15,21926200.0,40.32,36.09,38.205,0.6301000000000003,39.137753430617416,38.29463845253029,37.08056565371809,0.583383454605908,0.5573904662191727,0.02599298838673536,64.46700507614213,41.554959945699316,36.34004005430068,0.13389613945435874,1.0825780463242785,30.29071921960016,33.215816083615024,21.198449225746522,24564475.0,166549867.0
2013-12-09,39.94,40.06,39.86,39.88,11856200.0,40.32,36.09,38.205,0.5250999999999999,39.208443580082424,38.356809493607535,37.1084207218403,0.5703600366547619,0.5599843803062905,0.010375656348471374,50.62500000000003,41.53867350109138,36.66032649890862,0.12476750347658574,-0.2002002002001957,28.071904598867697,22.990178741464423,25.43733166471699,24122260.0,154693667.0
2013-12-10,39.57,39.855,39.5,39.83,16597800.0,40.32,36.09,38.205,0.5279571428571427,39.26763942959838,38.41458167032881,37.13550111266776,0.5496680706058044,0.5579211183661933,-0.008253047760388932,49.4780793319415,41.52119972497996,36.93830027502005,0.11682204066964257,1.6849629818738832,26.898840123296146,22.865762913656624,30.17019779744033,24124215.0,138095867.0
2013-12-11,38.995,39.03,38.32,38.53,45736400.0,40.32,36.09,38.205,0.6064285714285711,39.19738805535092,38.41910787933552,37.14937672348699,0.4234886889935936,0.5310346324916734,-0.10754594349807978,41.00346020761245,41.35653179759769,37.26596820240231,0.10405580069815579,-2.1584560690706023,27.321356340590427,19.906949352179222,36.86690223792702,24655090.0,92359467.0
2013-12-12,38.25,38.27,38.0,38.11,18010200.0,40.32,36.32,38.32,0.6107142857142855,39.093827288174644,38.40698600171452,37.15893516404931,0.286299843696348,0.48208767473260833,-0.19578783103626035,36.69421487603306,41.060682844887765,37.72381715511224,0.08470868482443936,-5.175416770340879,28.229487050614317,19.76725146198849,37.42690058479537,24772630.0,74349267.0
2013-12-13,38.56,38.56,38.22,38.38,16250100.0,40.32,38.0,39.16,0.6164285714285717,39.02584373691992,38.40592772713748,37.17108506291449,0.1970914908999717,0.42508843796608103,-0.22799694706610935,37.00657894736844,40.729523719508926,38.21047628049107,0.06382182515880044,-4.36082731123848,28.887831119221364,19.815758980301396,37.07995365005796,24480385.0,90599367.0
2013-12-16,38.43,38.76,38.35,38.37,16095300.0,40.32,38.0,39.16,0.5842857142857143,38.96338242864183,38.4045187966615,37.183014564776045,0.12415512912617999,0.3649017761981008,-0.24074664707192084,42.452830188679215,40.73840325683302,38.19459674316699,0.06445482912510678,-3.5687358632822352,28.505453176008306,23.350855745721358,32.640586797066035,22494040.0,74504067.0
2013-12-17,37.95,37.95,37.6525,37.72,16404900.0,40.32,37.6525,38.98625,0.6083928571428571,38.84496505448546,38.377674922282615,37.18835770343499,0.013744530823331047,0.2946703271231469,-0.28092579629981584,35.540069686411115,40.84040820326676,37.88259179673324,0.07514491080201528,-4.336799391326407,28.959840242141713,22.425594364543674,39.536248899324924,20833410.0,58099167.0
2013-12-18,38.19,38.78,37.52,38.47,31305900.0,40.32,37.52,38.92,0.6376785714285715,38.80925409691542,38.381295513565654,37.2011103631023,-0.013087072186863224,0.23311884726114487,-0.2462059194480081,34.8591549295775,40.79996130186688,37.78203869813313,0.07680951372410351,-2.9515640766902163,27.98120346651027,22.291795015401906,37.720526463175574,20808645.0,89405067.0
2013-12-19,37.53,37.785,37.24,37.59,21440500.0,40.32,37.24,38.78,0.7062499999999997,38.69313465911395,38.35026431695524,37.20497991172815,-0.10415927315283113,0.1656632231783497,-0.26982249633118083,30.461538461538495,40.87379853603065,37.51020146396934,0.08582356276947618,-4.5939086294416125,27.100283369123357,20.026295828065752,36.89001264222506,20882685.0,67964567.0
2013-12-20,37.37,37.555,37.25,37.32,21053600.0,40.32,37.24,38.78,0.6862500000000001,38.56235992967453,38.309861794721705,37.20612439021842,-0.1958635984321191,0.09335785885625594,-0.289221457288375,30.793157076205304,40.928579764259524,37.21542023574048,0.09503377171680596,-7.0485678704856785,26.649441089824137,20.609940150923755,35.15482695810569,20627885.0,46910967.0
2013-12-23,37.29,37.5,37.14,37.27,17427700.0,40.32,37.14,38.730000000000004,0.6669642857142856,38.439278031610286,38.26908290081105,37.2067599684252,-0.2694682567172322,0.02079263574155832,-0.2902608924587905,32.35294117647062,40.90938528544451,36.96561471455549,0.10128463745461355,-6.54463390170511,25.88214076539426,21.205890227576983,31.56626506024095,20373085.0,29483267.0
2013-12-24,37.78,38.0598,37.71,37.95,10098200.0,40.32,37.14,38.730000000000004,0.6762357142857139,38.39268012383788,38.25656984587729,37.214155391624956,-0.26981984646520374,-0.0373298606997941,-0.23248998576540963,37.177541729893804,40.89307630651686,36.859923693483154,0.10374268807721132,-4.720060256088365,23.45209980684362,25.34830416274968,31.13348050658582,19835630.0,39581467.0
2013-12-26,37.71,37.74,37.55,37.64,6184800.0,40.32,37.14,38.730000000000004,0.6790928571428572,38.32099630251999,38.23239063623504,37.218392651409786,-0.29174978320261147,-0.08821384520035758,-0.2035359380022539,36.78678678678681,40.863920400980746,36.71507959901926,0.10695783142245925,-2.309888398650406,21.45399236692052,25.241656411389137,32.68541015850979,19477735.0,33396667.0
2013-12-27,38.03,38.22,37.92,38.2,10263700.0,40.32,37.14,38.730000000000004,0.6605214285714283,38.30947284513713,38.23112041520621,37.22815988870919,-0.26093420904300757,-0.12275791796888758,-0.13817629107412,34.93044822256573,40.67034553072378,36.70965446927622,0.10236989044837329,0.23615848858569155,20.85334222857718,25.51880008218609,33.604403447492814,18596060.0,43660367.0
2013-12-30,37.95,38.1,37.85,37.97,9568600.0,40.32,37.14,38.730000000000004,0.6648071428571427,38.27714209798121,38.22088039892362,37.23554138235388,-0.25216492206276797,-0.14863931878766365,-0.10352560327510432,35.147744945567666,40.46488244874565,36.69911755125435,0.09760419100853493,-1.068264721208978,21.547191937871094,25.354291792463908,34.13986870520992,18205440.0,34091767.0
2013-12-31,38.08,38.37,37.99,38.37,12453200.0,40.24,37.14,38.69,0.6662357142857138,38.285985707697286,38.22672822641681,37.246829527803094,-0.21051189184106534,-0.161013833398344,-0.04949805844272134,39.2330383480826,40.30718191553336,36.71481808446664,0.09328149959925008,0.0,20.8095587893946,28.194654401595216,30.20702668510721,17963305.0,46544967.0
2014-01-02,37.78,37.79,37.11,37.12,31346500.0,40.24,37.11,38.675,0.648378571428571,38.17493944982135,38.18332711949851,37.24556754245182,-0.2751938551506612,-0.18384983774880745,-0.09134401740185374,39.52451708766715,40.2393115556196,36.551688444380396,0.09604310690677827,-1.590668080593849,18.831623227016063,28.971169841252248,27.734017824683626,18346540.0,15198467.0
2014-01-03,36.94,36.96,36.53,36.66,23690200.0,40.24,36.53,38.385000000000005,0.6526642857142849,38.030659502219315,38.123588801086804,37.23974099974086,-0.35942965141714467,-0.2189658004824749,-0.14046385093466976,39.29098966026587,40.14760521871786,36.34539478128214,0.09941329108377808,-4.70496490772031,16.82125347152114,28.780930909568387,30.3973821588435,18593735.0,-8491733.0
2014-01-06,36.24,36.27,36.0,36.01,30648900.0,40.24,36.0,38.120000000000005,0.6676642857142845,37.83821574010319,38.040702965750064,37.22750477088772,-0.47318214534196557,-0.26980906945437305,-0.2033730758875925,33.42657342657341,40.142466431330206,36.01153356866979,0.1084889267185024,-4.203245544027679,15.877828100729525,25.031827372610206,35.384549549067756,19417945.0,-39140633.0
2014-01-07,35.9,36.13,35.85,36.02,17569100.0,40.06,35.85,37.955,0.6583785714285705,37.665052336283836,37.96145971219124,37.215489798043066,-0.5561143597236153,-0.3270701275082215,-0.22904423221539383,33.566433566433616,39.888591594604904,35.85240840539511,0.10657855558310012,-3.483386923901388,16.374282872772874,23.21504128106926,37.5109847786229,19200090.0,-21571533.0
2014-01-08,36.28,36.51,36.27,36.45,26382200.0,39.855,35.85,37.8525,0.6421285714285706,37.549333066161566,37.90218678230139,37.207872984132194,-0.5804502614787665,-0.37774615430233055,-0.202704107176436,40.836940836940876,39.576107517321056,35.82189248267894,0.09958394213751334,-2.2001609873893213,14.726753574925793,28.029544594985346,30.701461656544183,19926390.0,4810667.0
2014-01-09,36.12,36.13,35.58,35.78,26185700.0,39.03,35.58,37.305,0.6142714285714282,37.380825155098556,37.81896377123075,37.193665292747795,-0.6463493268256357,-0.43146678880699163,-0.2148825380186441,30.364963503649676,39.27698219370748,35.71601780629253,0.09496791400303908,-5.718050065876157,15.33655328388809,19.64929416963176,40.11721202818684,20405785.0,-21375033.0
2014-01-10,36.09,36.52,36.04,36.43,22893300.0,38.78,35.58,37.18,0.5792714285714285,37.290270378422505,37.76449460373151,37.186066633118465,-0.6387619925324373,-0.4729258295520808,-0.16583616298035647,41.23867069486404,39.16302060760296,35.61997939239704,0.09475525761753119,-3.2146652497343275,14.703519990535446,25.64551530247345,39.08851019753889,19263630.0,1518267.0
2014-01-13,36.06,36.13,35.66,35.71,22225600.0,38.78,35.58,37.18,0.6099857142857142,37.13976843762036,37.6839261878989,37.171379402938186,-0.6829740583422392,-0.5149354753101125,-0.1680385830321267,38.61386138613862,39.15941475052957,35.383585249470435,0.10130607839928994,-6.51832460732985,14.705807857639096,24.35420033256038,41.57006018876334,19474400.0,-20707333.0
2014-01-14,35.98,36.3,35.75,36.26,20908900.0,38.78,35.58,37.18,0.6264142857142855,37.0559809673708,37.628085945236194,37.16231095116766,-0.6659553172149657,-0.5451394436910831,-0.12081587352388257,43.32892998678994,39.029265006647535,35.30173499335247,0.10029543564044789,-4.5035554385040815,14.797654918927973,25.653948778763336,39.225523957216964,19707340.0,201567.0
2014-01-15,36.14,36.295,36.05,36.19,14289100.0,38.78,35.58,37.18,0.5875000000000001,36.97350658952596,37.57169041797203,37.15263621533515,-0.6506163568763412,-0.5662348263281348,-0.08438153054820641,37.35632183908043,38.87817389767693,35.23482610232307,0.09831872398510008,-5.681522022413343,16.502691212694284,20.547112462005874,41.823708206687066,19617030.0,-14087533.0
2014-01-16,36.03,36.11,35.8,35.86,23924100.0,38.78,35.58,37.18,0.586785714285714,36.86745834290444,37.50456530354175,37.13977416344127,-0.657509007814717,-0.5844896626254513,-0.07301934518926567,37.24928366762177,38.83186573676555,35.09513426323444,0.10109246888230575,-3.3943965517241326,18.102607295613215,20.572124163116058,42.970176506390864,19992990.0,-38011633.0
2014-01-17,35.93,35.97,35.65,35.8,25082100.0,38.37,35.58,36.974999999999994,0.5682142857142856,36.76579564358021,37.43771960536365,37.12644307723787,-0.6602025775491782,-0.5996322456101967,-0.060570331938981536,31.481481481481453,38.625256908752796,35.0347430912472,0.09748883566401291,-2.345881069285327,20.733706782553565,15.210559396605747,46.26021370207427,19681800.0,-63093733.0
2014-01-21,36.02,36.07,35.56,35.8,20398200.0,38.37,35.56,36.965,0.5796428571428568,36.673815106096384,37.37349530711409,37.113244638658394,-0.6547892481098074,-0.6106636461101189,-0.04412560199968851,32.639999999999986,38.554602358860876,34.92639764113913,0.09875218676179538,-0.5831713412940864,23.018052690244588,16.142945163277744,44.48552064078877,19629685.0,-63093733.0
2014-01-22,36.31,36.6699,36.18,36.66,23985000.0,38.37,35.56,36.965,0.6132071428571427,36.67249938170625,37.34551509899197,37.10873474175632,-0.5744820612486521,-0.6034273291378256,0.02894526788917351,37.25782414307003,38.50111293718142,34.913887062818574,0.09772460326535024,1.776790671848949,25.452387355378473,19.102144462952282,42.05057717620482,19776255.0,-39108733.0
2014-01-23,35.61,35.63,34.98,35.02,41137600.0,38.37,34.98,36.675,0.6432071428571428,36.51511848821042,37.25431842844326,37.087951311490094,-0.635842731813284,-0.6099104096729173,-0.02593232214036667,35.211267605633836,38.51766810229492,34.67233189770508,0.10507818566989593,-3.9231824417009564,28.23338114659669,18.211196126553215,43.64290552921196,20961750.0,-80246333.0
2014-01-24,34.73,34.75,34.18,34.22,46276300.0,38.37,34.18,36.275,0.6610642857142862,36.29653577504752,37.13532554889647,37.05941448252005,-0.7404889240583543,-0.6360261125500047,-0.10446281150834957,33.602150537634415,38.494445702478245,34.32255429752175,0.11458564359851402,-4.359977641140311,31.134923128899747,17.719262228657133,44.8411111951507,22770655.0,-126522633.0
2014-01-27,34.32,35.2514,33.95,34.16,33460900.0,38.37,33.95,36.16,0.7068785714285717,36.09305617742395,37.01864611560641,37.03056458717159,-0.818824386084458,-0.6725857672568955,-0.1462386188275625,36.49635036496349,38.46357556954446,34.005424430455534,0.12303608823328392,-6.231128191051338,31.74424169854377,21.63737962672904,36.57932762749718,24134460.0,-159983533.0
2014-01-28,34.44,34.7,34.36,34.55,25119800.0,38.37,33.95,36.16,0.7254500000000006,35.94609844624071,36.921836464014,37.005882352473364,-0.8397558804230343,-0.7060197898901233,-0.13373609053291102,39.83402489626551,38.19969987122157,33.904300128778445,0.11914456181191398,-3.248389806776819,31.754048645412137,21.08346543524694,34.165985644378395,24877265.0,-134863733.0
2014-01-29,34.34,34.71,34.16,34.5,38343200.0,38.37,33.95,36.16,0.7297357142857156,35.808374784693974,36.82686248503306,36.98094819971244,-0.8505739357547029,-0.7349306190630392,-0.11564331669166361,35.766423357664195,37.93239770667299,33.82460229332702,0.11449183810209368,-4.853833425261989,33.93927611877803,17.240096708201484,35.92298581678301,26315995.0,-173206933.0
2014-01-30,34.86,35.055,34.63,34.66,26070400.0,37.79,33.95,35.870000000000005,0.7072357142857152,35.69900575758026,36.74188748562,36.957854187775,-0.8365929371028216,-0.7552630826709957,-0.08132985443182583,41.16719242902203,37.44780213309606,33.938197866903934,0.09832752265688308,-4.227687206410613,32.72006521437768,21.272964156221786,30.09705796208579,26996855.0,-147136533.0
2014-01-31,34.36,34.73,34.1,34.58,27627100.0,36.96,33.95,35.455,0.699378571428572,35.592433780667854,36.657107584223134,36.934193947100624,-0.8224871069669888,-0.7687078875301944,-0.05377921943679442,33.968804159445355,37.252271502146066,33.879728497853925,0.09482491717629592,-3.5694366982710557,33.68821822178638,17.528826611379372,35.848150909480886,26810885.0,-174763633.0
2014-02-03,34.41,34.41,33.66,33.75,28185900.0,36.6699,33.66,35.16495,0.7100928571428575,35.41696389679473,36.54310336523399,36.90251042523893,-0.868273284416496,-0.7886209669074548,-0.07965231750904123,33.3333333333333,37.20842999980788,33.632570000192125,0.10095453196922002,-5.726256983240219,34.327611783857655,17.264341685694916,35.91079637471965,27035670.0,-202949533.0
2014-02-04,33.85,34.32,33.83,34.14,20066400.0,36.6699,33.66,35.16495,0.7086642857142864,35.29534828757618,36.448864017577755,36.87502275931615,-0.863139682310937,-0.8035247099881513,-0.059614972322785675,31.468531468531467,37.17954419650447,33.47445580349554,0.10487979146287359,-4.636871508379881,35.65874323720433,15.585659137411362,35.9831876870975,26506545.0,-182883133.0
2014-02-05,33.75,33.96,33.46,33.71,25493500.0,36.6699,33.46,35.064949999999996,0.7397357142857146,35.14436273637845,36.34145758551588,36.843529995541864,-0.8835832740252627,-0.8195364227955736,-0.06404685122968912,29.60526315789474,37.16728790153527,33.25571209846472,0.11108801962627404,-8.046917621385695,36.33856019124307,14.93100817859655,38.04447534351074,26902765.0,-208376633.0
2014-02-06,33.87,34.29,33.85,34.27,21326800.0,36.6699,33.46,35.064949999999996,0.7533071428571431,35.061090094818596,36.26022395471134,36.81792273190463,-0.8448586433282159,-0.8246008669021021,-0.020257776426113816,37.40095087163235,37.01005699369972,33.19494300630028,0.10868496509933602,-2.141633352370076,36.148170277257876,17.791073646681706,34.988574191896724,26649995.0,-187049833.0
2014-02-07,34.46,34.59,34.24,34.4,20699000.0,36.6699,33.46,35.064949999999996,0.7554500000000003,34.9981291334073,36.18727399570306,36.79386379924887,-0.7945204438552835,-0.8185847822927385,0.024064338437454924,39.028213166144184,36.93770338365363,33.12929661634638,0.10870757324581462,0.5260081823495133,34.244248362697974,20.577139453305946,33.47106265896395,26375660.0,-166350833.0
2014-02-10,34.35,34.36,33.89,34.1,23214500.0,36.6699,33.46,35.064949999999996,0.7554500000000003,34.91259302546375,36.105420113518626,36.76705918433097,-0.7699589434835516,-0.8088596145309012,0.03890067104734951,37.27544910179642,36.74504007787515,33.088959922124836,0.10470773994759909,-0.17564402810302804,33.07647031439829,19.631629208702435,36.78034851507622,26391720.0,-189565333.0
2014-02-11,34.9,35.44,34.89,35.4,38158500.0,36.6699,33.46,35.064949999999996,0.7890285714285713,34.95901273732434,36.07775657965515,36.753456605382404,-0.6382374381383613,-0.7747351792523932,0.1364977411140319,41.15168539325842,36.70633881770554,33.096661182294454,0.10342471341951173,2.460202604920414,31.87369077423361,23.142381228273436,35.2150926998842,27188365.0,-151406833.0
2014-02-12,35.8,35.95,35.362,35.38,26200900.0,36.6699,33.46,35.064949999999996,0.7110285714285715,34.99910676234107,36.05039357653142,36.73979037050298,-0.5293589090144906,-0.7256599252048127,0.19630101619032214,53.27272727272728,36.56306828004531,33.151931719954696,0.09785947242603775,2.5507246376811565,29.40391717129167,30.804468375793636,27.023225910150334,27452965.0,-177607733.0
2014-02-13,35.04,35.5277,35.0,35.47,18798800.0,36.6699,33.46,35.064949999999996,0.6887214285714285,35.043953737356205,36.027633044118424,36.727155640448224,-0.4308431507662718,-0.6666965703171046,0.23585341955083283,63.048016701461435,36.43664249004843,33.20635750995157,0.09276696811156482,2.3369878822850687,27.40104543478206,31.80220076539345,23.355907945364702,27678450.0,-158808933.0
2014-02-14,35.58,35.93,35.56,35.78,16837600.0,36.6699,33.46,35.064949999999996,0.628621428571429,35.11405338141752,36.01792194434908,36.71773120621491,-0.3240192017026686,-0.5981610965942175,0.27414189489154883,66.0714285714287,36.42217573376313,33.21282426623687,0.09217639024991056,3.470213996529803,26.54667548110507,33.716636176667755,25.588873612326385,27324125.0,-141971333.0
2014-02-18,35.92,36.04,35.68,35.8,17329900.0,36.6699,33.46,35.064949999999996,0.6157642857142857,35.179381630806326,36.009375985747155,36.708599552421724,-0.2350372564055192,-0.5255363285564778,0.2904990721509586,63.38329764453969,36.42217573376313,33.21282426623687,0.09217639024991056,6.074074074074076,25.961467015935142,35.696637164035415,26.12316865219773,26936515.0,-124641433.0
2014-02-19,35.76,36.2,35.73,35.98,30223100.0,36.6699,33.46,35.064949999999996,0.6100500000000001,35.25563099930096,36.00822398630609,36.70134980563146,-0.14828459548717632,-0.4500859819426175,0.3018013864554412,65.41666666666671,36.4562016194454,33.19679838055459,0.09358974455919522,5.38957234915054,25.051952242330593,37.904387228213196,24.02613368927613,27427760.0,-94418333.0
2014-02-20,35.53,36.07,35.29,35.68,19624600.0,36.2,33.46,34.83,0.6261214285714287,35.29604709460563,35.995352457431345,36.691187120998315,-0.10255775749716634,-0.3805803370535273,0.27802257955636095,60.323886639676196,36.22368372568043,33.33131627431956,0.0831677794942382,5.843963215663006,24.356028116504017,32.99565351312508,28.42899026888901,27209740.0,-114042933.0
2014-02-21,35.52,35.795,35.51,35.74,26359500.0,36.2,33.46,34.83,0.6014785714285722,35.33832832369081,35.985338635571296,36.681722572530674,-0.06077681311756322,-0.3166196322663345,0.25584281914877127,61.78861788617895,36.31970156615795,33.30729843384204,0.08652974082800954,4.289466005252396,23.273442733705213,34.34750080159609,23.29972567601269,26470835.0,-87683433.0
2014-02-24,35.23,35.55,35.22,35.31,19903500.0,36.2,33.46,34.83,0.5729071428571437,35.33563038810121,35.95885476750968,36.66807359170947,-0.06165183603248181,-0.265626073019564,0.20397423698708217,67.25663716814168,36.362616303517,33.373383696483,0.0857299703749569,2.645348837209305,22.40901290385269,36.060443602179376,22.59154437891948,25152195.0,-107586933.0
2014-02-25,34.96,35.06,34.58,34.7,31732100.0,36.2,33.46,34.83,0.5843357142857154,35.275094160662995,35.90948791388185,36.64849076990142,-0.11029577893126685,-0.23456001420190456,0.12426423527063771,55.907172995780634,36.35487021773635,33.435129782263644,0.08367217181466412,1.7595307917888547,20.172206450544106,35.355165205911476,29.972985196865714,25065755.0,-139319033.0
2014-02-26,35.02,35.12,34.77,34.82,24034700.0,36.2,33.46,34.83,0.5657642857142865,35.231751859647474,35.866762897651185,36.63029683189245,-0.1375775486789621,-0.21516352109731607,0.07758597241835397,62.528216704288994,36.35990621467665,33.457093785323345,0.08315488861891242,-1.6384180790960379,18.290557207196283,37.273220801191776,26.28555556958347,25011500.0,-115284333.0
2014-02-27,35.63,35.85,35.485,35.78,29809000.0,36.2,33.46,34.83,0.5979071428571439,35.283965968252474,35.86336043107663,36.6218361668985,-0.08080312271286516,-0.1882914414204259,0.10748831870756073,65.63146997929613,36.460485214981,33.484514785018995,0.08509458660267365,1.1305822498586693,17.632843807417796,40.048024657436066,24.87247183628606,24584790.0,-85475333.0
2014-02-28,35.71,35.79,35.26,35.39,23754500.0,36.2,33.46,34.83,0.6107642857142866,35.294064447466525,35.844797276916765,36.60957909061095,-0.06651201265153617,-0.16393555566664797,0.0974235430151118,59.724950884086496,36.500518477399176,33.517481522600825,0.0852077167242238,-0.22554271215110555,16.922152827098568,35.69649268480941,26.980247231220822,24468995.0,-109229833.0
2014-03-03,34.77,35.05,34.63,34.96,28626300.0,36.2,33.46,34.83,0.6286214285714296,35.262248785803045,35.810099344488656,36.59316536831631,-0.08885929664734249,-0.14892030386278687,0.060061007215444384,58.23754789272032,36.50612968592853,33.54987031407147,0.08439703585294787,-2.2917831190609306,15.340149202797905,34.682468440010425,29.395389003147386,24518955.0,-137856133.0
2014-03-04,35.41,35.5,35.21,35.36,18353100.0,36.2,33.46,34.83,0.5714785714285726,35.271558425250376,35.79244838980283,36.580895066144016,-0.07344637901844209,-0.13382551889391792,0.06037913987547583,49.53703703703704,36.46383681966478,33.75316318033522,0.07720847200334838,-1.229050279329602,14.097318418671534,30.276100841176422,32.33467071631221,24027315.0,-119503033.0
2014-03-05,34.92,35.08,34.75,35.01,22035500.0,36.2,33.46,34.83,0.5730500000000011,35.24664809903605,35.76176413922233,36.56526426946597,-0.08845396345143541,-0.12475120780542143,0.03629724435398601,46.02150537634403,36.430100564366434,33.87389943563357,0.072718511855168,-2.6959421901056158,15.264563862818763,23.836115023620454,37.97973250900559,24125770.0,-141538533.0
2014-03-06,35.14,35.56,35.13,35.38,21977500.0,36.2,33.85,35.025000000000006,0.5746428571428582,35.25934828008024,35.74679299650773,36.553470595142926,-0.06968835053196898,-0.11373863635073095,0.04405028581876197,49.087221095334726,36.32056560558491,34.15043439441509,0.06158934061301293,-0.8408071748878809,14.582563789894257,29.736482287134887,33.374766935984965,23949970.0,-119561033.0
2014-03-07,35.21,35.28,33.81,34.99,23786100.0,36.2,33.81,35.005,0.6539285714285725,35.23369606292974,35.717114839781935,36.53791367379822,-0.08530288912176331,-0.10805148690493743,0.022748597783174118,42.11576846307386,36.26565714102699,34.277342858973014,0.056371696186835754,-2.0984890878567475,16.004452349131363,21.736755871108745,43.74658656471861,24072935.0,-143347133.0
2014-03-10,34.37,34.47,34.15,34.44,24492400.0,36.2,33.81,35.005,0.6882142857142871,35.15810596169833,35.667031904888525,36.51703891087486,-0.1404390331551113,-0.11452899615497221,-0.025910037000139094,37.725631768953086,36.26040958365907,34.28659041634093,0.05595756495153984,-2.4638912489379883,17.4774998283612,19.51219512195128,41.56720290607148,24262605.0,-167839533.0
2014-03-11,34.43,34.51,33.77,33.9,39123000.0,36.2,33.77,34.985,0.7075000000000006,35.03828634629849,35.59773653606937,36.490998722706955,-0.22511334505411895,-0.13664586593480157,-0.08846747911931738,32.372881355932236,36.30312088231706,34.223879117682955,0.058963000400814,-2.3054755043227737,18.994882050184454,17.36496718828879,44.270570418980185,25058030.0,-206962533.0
2014-03-12,33.61,33.88,33.45,33.81,26377800.0,36.2,33.45,34.825,0.6839285714285717,34.921306694270065,35.5276292209294,36.46432211850092,-0.2960677108433245,-0.16853023491650618,-0.12753747592681833,33.567662565905124,36.406721726745246,33.96127827325475,0.06950441830066217,-2.900631820792643,21.501196035249162,17.96344647519588,44.54308093994769,24468995.0,-233340333.0
2014-03-13,33.67,33.7,32.785,32.98,57494700.0,36.2,32.785,34.4925,0.7367857142857146,34.73642034243482,35.42772219265766,36.42965224667504,-0.4144955733751132,-0.2177233026082276,-0.19677227076688564,28.63777089783281,36.62892340488602,33.49907659511398,0.0892609744972631,-7.825600894354401,23.580212074999793,16.67474551623854,47.79447406689285,26033685.0,-290835033.0
2014-03-14,33.02,33.37,32.93,33.03,27583000.0,36.2,32.785,34.4925,0.7310714285714285,34.57390411934579,35.33369387137697,36.395824861135985,-0.4985687354911832,-0.27389238918481873,-0.22467634630636446,31.25000000000003,36.73715840086956,33.146841599130425,0.10275075272563493,-6.668550437976828,25.219344432715967,16.805080605764594,45.334636052760146,26472895.0,-263252033.0
2014-03-17,33.2,33.39,33.04,33.07,21409000.0,36.2,32.785,34.4925,0.7046428571428568,34.43067515559857,35.244921562695524,36.36273207644807,-0.5555654438671311,-0.33022700012128126,-0.22533844374584988,35.20871143375682,36.73916954727116,32.87383045272884,0.11105221997449675,-5.406178489702517,27.443211439433753,17.638114546376176,40.5473897617841,26701465.0,-241843033.0
2014-03-18,33.4,33.73,33.38,33.63,28181000.0,36.2,32.785,34.4925,0.721785714285714,34.3544203788749,35.18159130533492,36.33554071250332,-0.5492173898156096,-0.37402507806014695,-0.17519231175546268,40.00000000000004,36.63945469063569,32.75654530936431,0.11190585570555579,-4.892533936651578,28.55770837300386,19.99010390895607,39.58436417615043,27244020.0,-213662033.0
2014-03-19,33.27,33.53,32.9,33.1,27188000.0,36.07,32.785,34.427499999999995,0.7003571428571428,34.234951771363,35.09996027375316,36.30334627755304,-0.5802641578400198,-0.41527289401612155,-0.16499126382389828,25.724637681159493,36.522129221260805,32.5858707787392,0.1139161440794584,-5.455584118823187,30.83702023863581,13.156552779194355,45.690973992860826,27092265.0,-240850033.0
2014-03-20,32.73,33.0801,32.58,33.0,27224600.0,35.85,32.58,34.215,0.6996428571428572,34.11733731694748,35.01760889046872,36.270477160363455,-0.6059530597641043,-0.4534089271657181,-0.15254413259838617,27.151051625239077,36.42982848181565,32.410171518184356,0.11678259627051979,-6.72696438665914,33.844417614605284,13.169984686064382,46.70750382848395,27472265.0,-268074633.0
2014-03-21,33.79,34.42,33.76,33.95,63422300.0,35.85,32.58,34.215,0.7467857142857147,34.10140042961915,34.975741875156224,36.247387835384714,-0.5433907685677113,-0.4714052954461168,-0.07198547312159448,41.21739130434788,36.250231066692045,32.410768933307956,0.11183822354419798,-2.9722777936553313,34.68376054742994,25.154471544715495,37.73314203730278,29325405.0,-204652333.0
2014-03-24,34.54,34.61,34.33,34.49,38774600.0,35.85,32.58,34.215,0.7553571428571431,34.138409912512564,34.95669317416971,36.229901389261485,-0.44510531798857045,-0.4661452999546076,0.021039981966037125,42.61460101867577,36.15542124840911,32.42357875159088,0.10883338913714787,0.14518002322880807,36.23052565796683,22.410401891252963,37.30496453900715,30268960.0,-165877733.0
2014-03-25,34.68,34.94,34.59,34.77,33786600.0,35.85,32.58,34.215,0.7439285714285714,34.19856134941613,34.94937187322188,36.21537500727879,-0.34069243997939935,-0.44105472795956596,0.10036228798016661,47.93814432989695,36.162422652219945,32.42357734778005,0.10902648658443098,2.5663716814159354,35.5029237737455,25.923187710033602,33.461353816610725,30371685.0,-132091133.0
2014-03-26,35.07,35.23,34.79,34.85,23549100.0,35.85,32.58,34.215,0.7374999999999992,34.260603125662215,34.9454749370171,36.20178918631084,-0.24862317726589822,-0.4025684178208324,0.1539452405549342,45.20795660036166,36.16575035597547,32.42324964402453,0.10912830663666008,3.076013013901213,36.25296786682741,24.30895883777237,33.753026634382664,30347405.0,-108542033.0
2014-03-27,34.93,35.22,34.93,35.1,23550900.0,35.79,32.58,34.185,0.6517857142857133,34.340545685122954,34.95153474340859,36.190826109830134,-0.15371280702294854,-0.35279729566125567,0.19908448863830713,51.020408163265294,36.04059432038731,32.480405679612694,0.1039152563673797,6.428138265615546,34.37913609061436,27.505753424657513,23.726027397260378,30034500.0,-84991133.0
2014-03-28,35.69,36.095,35.67,35.829,55760600.0,36.095,32.58,34.3375,0.6628571428571414,34.48230323892077,34.98594514562786,36.18722585003083,-0.01944727128248047,-0.28612729078550064,0.26668001950302017,62.470820614113855,36.13070840925178,32.43419159074823,0.10782533974390843,8.474114441416901,33.36998074522698,36.4752155172414,23.329741379310466,31634805.0,-29230533.0
2014-03-31,35.83,35.98,35.74,35.78,19811700.0,36.095,32.58,34.3375,0.6271428571428557,34.6058934066426,35.01708455168167,36.18317385152306,0.08205931394189747,-0.21248996984002103,0.29454928378191847,68.51122489168964,36.26882199527533,32.37807800472467,0.11335527141212963,8.194738433625638,32.462387625018515,38.55239179954445,20.330296127562814,31194075.0,-49042233.0
2014-04-01,35.9,36.0,35.72,35.9,15495700.0,36.095,32.58,34.3375,0.614999999999999,34.72914165362902,35.05170868690984,36.18035620125915,0.1702247660243401,-0.1359470226671488,0.3061717886914889,70.45810493343767,36.36997245267134,32.33092754732866,0.11758346412762213,6.749925661611633,32.25263113376672,39.31358885017422,17.015098722415946,31051205.0,-33546533.0
2014-04-02,35.67,35.89,35.5999,35.84,12897300.0,36.095,32.58,34.3375,0.5632214285714271,34.83493768661673,35.08262207173691,36.1769695723909,0.23257405451030166,-0.06224280723165872,0.29481686174196037,82.96449976947909,36.5006809703385,32.2832190296615,0.12262933450057346,8.277945619335348,32.89432247012154,42.92780053518666,11.668843768626997,30594295.0,-46443833.0
2014-04-03,35.66,35.82,35.4,35.75,20324900.0,36.095,32.58,34.3375,0.5632214285714277,34.92208647836752,35.10879375519821,36.17272111893428,0.27159330840089524,0.004524415894852073,0.26706889250604315,81.0644129739607,36.5617412621815,32.25915873781851,0.12503708973183986,8.333333333333325,33.206066473661096,42.92780053518662,14.204005022130428,30511665.0,-66768733.0
2014-04-04,36.09,36.385,35.54,35.63,32788900.0,36.385,32.58,34.4825,0.5978642857142847,34.98950681376109,35.12923321577867,36.16732090879563,0.2894962189032029,0.06151877649652224,0.22797744240668064,78.71242709735311,36.64838462469373,32.23651537530627,0.1280939436476634,4.948453608247427,34.36819959467041,46.951649323186054,13.380963190404014,30961805.0,-99557633.0
2014-04-07,35.83,35.95,35.6,35.81,20673200.0,36.385,32.58,34.4825,0.5757214285714279,35.06764902197432,35.1559299524148,36.16376547686732,0.31458258788475035,0.11213153877416787,0.20245104911058248,76.72878862187349,36.80007959555916,32.22182040444084,0.13266105949324258,3.8271962887793665,35.764645193668365,44.53914963834192,13.895609235617496,30770845.0,-78884433.0
2014-04-08,36.46,36.8,36.31,36.38,36823500.0,36.8,32.58,34.69,0.5942928571428558,35.192634829405335,35.20393269937893,36.16591706416217,0.3761222491906935,0.164929680857473,0.21119256833322048,89.82515784361347,37.04995183938073,32.21994816061926,0.13945461676028034,4.6304285303422565,37.158694602510714,53.363541303590054,7.6922152377976465,30655870.0,-42060933.0
2014-04-09,36.73,36.97,36.37,36.82,24704500.0,36.97,32.58,34.775,0.6000071428571415,35.34762198850959,35.26730788763858,36.17242535208096,0.4551505052088487,0.22297384572774814,0.23217665948110056,92.84432480933162,37.354250946991634,32.216649053008375,0.1476939896992351,5.652797704447621,39.373534750534716,54.87910858204068,3.8094784585897905,30572205.0,-17356433.0
2014-04-10,37.1,37.4,36.59,36.68,38884500.0,37.4,32.58,34.989999999999995,0.5564357142857125,35.47451513246106,35.322707578319424,36.177475846090104,0.5007122384970444,0.2785215242816074,0.22219071421543696,87.41776315789481,37.52466949969725,32.41623050030275,0.14607873216943146,4.5014245014245,43.95051881248002,47.49618105030745,4.107777820567147,29641695.0,-56240933.0
2014-04-11,36.03,36.245,35.97,36.14,24866800.0,37.4,32.58,34.989999999999995,0.5600071428571413,35.53789464365524,35.35475826152258,36.17710295209916,0.4876257077285757,0.3203423609710011,0.1672833467575746,72.61513157894741,37.55853895872433,32.69336104127568,0.1385066572562065,0.8680119456306423,46.29410544865731,44.76983711942451,11.989642989247683,29505885.0,-81107733.0
2014-04-14,36.38,36.44,36.04,36.2,17662400.0,37.4,32.58,34.989999999999995,0.5564357142857129,35.60095229664046,35.38790499636484,36.17733078342156,0.476602064445828,0.3515943016659665,0.12500776277986148,70.85764294049014,37.55562913018246,33.009270869817534,0.12885608171668708,1.173840134153159,49.418193708970584,43.32421920129397,12.066597347916035,29318555.0,-63445333.0
2014-04-15,35.46,35.55,34.98,35.29,46258100.0,37.4,32.58,34.989999999999995,0.6107214285714281,35.571337792198506,35.384065584742686,36.16850162139747,0.3899413517377397,0.3592637116803212,0.03067764005741852,55.16674495068104,37.501682145378815,33.229217854621176,0.12080898986885902,-1.699164345403903,49.780463290031854,36.08144933977376,23.39153928024244,30222410.0,-109703433.0
2014-04-16,35.61,35.85,35.53,35.73,23561500.0,37.4,32.58,34.989999999999995,0.624292857142857,35.58644847865579,35.39763164024297,36.16413842118456,0.35270072096373895,0.35795111353700476,-0.005250392573265816,57.08183453237406,37.35118299223054,33.642717007769456,0.10447280638086048,-0.3069196428571619,51.09059854282335,38.729533987025306,22.883033374904265,30041085.0,-86141933.0
2014-04-17,35.72,36.0,35.5601,35.82,17621500.0,37.4,33.76,35.58,0.5846428571428574,35.60869148068857,35.41419510533148,36.160714158287206,0.32668369433494604,0.351697629696593,-0.025013935361646977,49.88185875557889,37.074564217710865,34.20133578228914,0.0806227191918088,0.1958041958042056,50.53220667869169,32.498472816127006,24.434941967012907,29560930.0,-68520433.0
2014-04-21,35.64,35.69,35.405,35.59,11066700.0,37.4,34.33,35.864999999999995,0.5971428571428576,35.60691133967061,35.42108941492633,36.15503541044355,0.28422951456213497,0.3382040066697014,-0.05397449210756644,47.61904761904765,36.918368339225594,34.521531660774414,0.06710078481216182,-0.11226494527083464,49.07072979052878,31.818181818181753,25.778708133971325,26943150.0,-79587133.0
2014-04-22,35.53,35.6,35.39,35.41,13713700.0,37.4,34.59,35.995000000000005,0.5921428571428576,35.5881578787496,35.42065453590961,36.14762212277745,0.2333696356567998,0.3172371324671211,-0.0838674968103213,43.9506172839506,36.82851422220899,34.70338577779102,0.05941764288151069,-1.117006422786948,46.96760578522638,32.08685162846797,26.17732207478894,25690105.0,-93300833.0
2014-04-23,34.95,34.98,34.71,34.93,20341900.0,37.4,34.71,36.055,0.620707142857143,35.525476176011544,35.401413181560216,36.13550647976474,0.15257207086593638,0.28430412014688416,-0.13173204928094778,39.821029082774025,36.80693942268119,34.74096057731881,0.05775092896821236,-3.9857064321055624,42.97077334936957,30.610248679501446,31.415781539488407,25017870.0,-113642733.0
2014-04-24,35.14,35.14,34.735,34.98,22643100.0,37.4,34.71,36.055,0.6182071428571427,35.47352606401044,35.38488717444021,36.12400890285166,0.09151902641877996,0.24574710140126335,-0.1542280749824834,41.30925507900673,36.79033763835788,34.77056236164212,0.056449130089637284,-4.997284084736564,39.76664653305779,32.58269881801062,29.233151162925108,24972570.0,-90999633.0
2014-04-25,34.5,34.73,34.27,34.7,23974300.0,37.4,34.27,35.835,0.6085642857142852,35.399856915057065,35.358028853873925,36.109839660037224,0.02030631038275743,0.20065894319756217,-0.18035263281480474,39.86928104575163,36.840484789889295,34.680415210110716,0.06040387019119107,-5.398037077426377,36.799088558162694,26.46744680101884,35.15416847615586,24993740.0,-114973933.0
2014-04-28,34.6,34.72,34.41,34.61,18633700.0,37.4,34.27,35.835,0.6057071428571424,35.32463244695639,35.32869438901613,36.09491588232541,-0.04289802623102901,0.15194754931184395,-0.19484557554287296,36.66666666666663,36.894691682491754,34.50430831750825,0.06695845501991643,-4.233536247924741,34.06025073750372,26.592294720456657,35.319991981037546,23137395.0,-133607633.0
2014-04-29,35.16,35.38,35.065,35.07,21193900.0,37.4,34.27,35.835,0.5899928571428573,35.300381737722454,35.3185495110155,36.08471771434208,-0.05523307028762048,0.11051142539195108,-0.16574449567957156,35.07972665148061,36.89088136946469,34.437118630535316,0.06880223023018647,-3.1215469613259716,30.030136885168663,25.00030266710264,36.260729548783885,23206505.0,-112413733.0
2014-04-30,34.86,34.96,34.725,34.93,15378600.0,37.4,34.27,35.835,0.5717785714285714,35.26510728651079,35.3033122752894,36.073227985841164,-0.07543593306372998,0.07332195370081487,-0.14875788676454485,26.894865525672387,36.879236731411424,34.35176326858857,0.07096554766387822,-1.020119013884957,25.781340750789088,23.673000287324143,41.66323127084657,23200650.0,-127792333.0
2014-05-01,34.9,35.17,34.85,34.99,11683800.0,37.4,34.27,35.835,0.5367785714285718,35.238906592557385,35.2910255193957,36.062449597922345,-0.08561839326650755,0.041533884307350395,-0.12715227757385794,28.927680798005042,36.86186894519859,34.2841310548014,0.07246332584817666,-2.071088720962766,22.142445406094655,22.289052415867282,44.37983206696024,23139975.0,-116108533.0
2014-05-02,34.91,35.12,34.79,35.0,14100200.0,37.4,34.27,35.835,0.5096357142857144,35.2161535837424,35.27961275392921,36.051877960132074,-0.09182267526849586,0.014862572392181146,-0.106685247660677,33.62068965517243,36.846144277084825,34.22485572291517,0.07376534885310893,-2.2892238972641032,19.7830156776953,23.476152433811418,38.894728727802686,22828740.0,-102008333.0
2014-05-05,34.6,34.75,34.52,34.7,12820300.0,37.4,34.27,35.835,0.51535,35.16699609957645,35.25688284201041,36.03842643814071,-0.11956879164876,-0.012023700416007083,-0.10754509123275291,29.83870967741936,36.850530099016844,34.12746990098315,0.07672969647027791,-2.500702444506886,18.22273185535996,20.51310482473785,42.20571317689769,21830310.0,-114828633.0
2014-05-06,34.71,34.96,34.6099,34.76,15716000.0,37.4,34.27,35.835,0.4532142857142851,35.12823456628345,35.237397240362945,36.02570577706469,-0.13515826981964096,-0.03665061429673386,-0.0985076555229071,40.76655052264803,36.82658935721956,34.046410642780444,0.07845522877369708,-1.835639649816434,17.272192355872395,26.635145784082177,31.286052009456128,21582450.0,-99112633.0
2014-05-07,34.42,34.69,34.42,34.61,15218600.0,37.4,34.27,35.835,0.437499999999999,35.07887889330408,35.21279342701538,36.01161915241728,-0.15779779522622306,-0.060880050482631703,-0.09691774474359136,28.29457364341083,36.71026745963534,33.98573254036466,0.07707748441978843,-0.9161179501860905,17.00790977629134,22.693877551020584,35.510204081632565,20502205.0,-114331233.0
2014-05-08,34.79,34.935,34.64,34.72,17206900.0,37.4,34.27,35.835,0.4292928571428562,35.044699951084645,35.1934681945834,35.99876722055244,-0.16496212088407702,-0.08169646456292078,-0.08326565632115625,28.84615384615371,36.44142176917994,34.044578230820065,0.06800906671849373,-0.7432818753573378,17.342864696836887,24.70840751401835,36.18908171245062,20127325.0,-97124333.0
2014-05-09,34.52,34.73,34.5,34.58,15322700.0,36.44,34.27,35.355000000000004,0.41607857142857035,35.00044281288611,35.16941061832523,35.984650133780775,-0.17986337750052428,-0.10132984715044148,-0.0785335303500828,29.880478087649223,36.16152538343144,34.11447461656856,0.05825746390980936,-0.34582132564843215,17.916473231840637,25.49312458155255,37.07919177353177,18949235.0,-112447033.0
2014-05-12,35.24,35.38,35.15,35.32,23108100.0,36.44,34.27,35.355000000000004,0.4582214285714277,35.030876830706475,35.17531608427326,35.9780366996138,-0.1304570870718038,-0.10715529513471395,-0.023301791937089866,48.534201954397446,36.01140173136205,34.18259826863795,0.05210711635536074,2.051430222479045,17.208520850810665,33.28085298748302,33.43517638072667,18861300.0,-89338933.0
2014-05-13,35.23,35.52,35.21,35.42,14033300.0,36.0,34.27,35.135000000000005,0.43036428571428537,35.067936180163,35.18491153194882,35.97248409563755,-0.08228455654136724,-0.10218114741604462,0.019896590874677378,59.10780669144989,35.829726703739894,34.286273296260106,0.04402571189114576,0.9980039920159722,18.66297125653177,37.758709399014485,24.313289405984868,18679845.0,-75305633.0
2014-05-14,35.85,35.94,35.75,35.82,21792000.0,36.0,34.27,35.135000000000005,0.4385785714285707,35.13956130586176,35.20981696206847,35.97096684095459,-0.011695997789125556,-0.0840841174906608,0.07238811970153525,63.815789473684305,35.92325785352163,34.24574214647838,0.04781358454711498,2.547953048955054,20.186869722424483,41.28597254116407,23.8579176234914,17456540.0,-53513633.0
2014-05-15,35.71,35.71,35.35,35.57,19380700.0,36.0,34.27,35.135000000000005,0.4214357142857139,35.18055546720826,35.223941787085394,35.9669771211441,0.023798696364778493,-0.06250755471957295,0.08630625108435144,64.45182724252489,35.892066319225314,34.26093368077468,0.046502149258068434,1.6576164618462341,21.24044903173485,42.965373468246526,23.72671649633051,17247500.0,-72894333.0
2014-05-16,35.66,36.02,35.595,35.9699,22689400.0,36.02,34.27,35.145,0.431435714285714,35.255731136997944,35.25319505033695,35.9670062045158,0.08323757416211919,-0.033358528943234524,0.1165961031053537,70.48103858549963,35.930498994396025,34.23749100560398,0.04825584967709769,2.771142857142861,22.665186920425604,47.10186917435167,23.176768596546353,17500895.0,-50204933.0
2014-05-19,35.63,35.79,35.61,35.76,13611200.0,36.02,34.27,35.145,0.4021428571428568,35.30375674299814,35.273069754245306,35.964946441286784,0.11211375962542292,-0.004264071229503038,0.11637783085492595,61.23851716724213,35.96345327557443,34.22153672442557,0.049637865621947413,3.0547550432276527,22.91655354979248,38.80994671403217,24.86500888099461,17628120.0,-63816133.0
2014-05-20,35.56,35.705,35.4,35.55,13361600.0,36.02,34.27,35.145,0.4032142857142854,35.32720848176022,35.283929763882746,35.960817620975476,0.11670776522060322,0.019930296060518216,0.096777469160085,59.87324033377919,35.983352681983995,34.215637318016,0.05036298567737212,2.2727272727272707,22.841708697473308,38.70682019486291,22.496014171833494,17610515.0,-77177733.0
2014-05-21,36.07,36.1,35.95,36.04,14428800.0,36.1,34.27,35.185,0.41964285714285715,35.39509338825925,35.31357957706381,35.96160550534388,0.15806537341943994,0.04755731153230256,0.11050806188713738,64.70670625805363,36.12885730621986,34.18113269378014,0.05540392232852583,4.131753828373297,22.633729456060955,40.340425531915095,21.61531914893617,17314860.0,-62748933.0
2014-05-22,36.35,36.41,36.27,36.35,12761000.0,36.41,34.27,35.34,0.42249999999999993,35.4860368750917,35.35422351521817,35.965470127181256,0.21339608783824815,0.08072506679349169,0.13267102104475648,67.44276189983978,36.3293174573888,34.1176725426112,0.06278891162780961,4.694700460829493,23.567440350605022,45.30853761623005,20.454775993237494,16820755.0,-49987933.0
2014-05-23,36.43,36.44,36.29,36.34,12148500.0,36.44,34.41,35.425,0.39892857142857147,35.567366696511534,35.39288141658217,35.96919679258244,0.2535167776212077,0.1152834089590349,0.13823336866217284,72.90630761495052,36.48840506994668,34.12258493005331,0.06700996940825707,5.089647194910363,24.56102164727691,48.522829006266925,16.82900626678606,16229465.0,-62136433.0
2014-05-27,36.33,36.35,36.01,36.15,14600100.0,36.44,34.42,35.43,0.3982071428571433,35.62285558255805,35.42257234142209,35.970995829472166,0.26690459123895494,0.14560764541501892,0.12129694582393602,68.73416356676903,36.57523245375139,34.18975754624862,0.06741963526039552,2.349943374858432,26.44548606905907,44.84385370141176,21.88200685214087,16027785.0,-76736533.0
2014-05-28,36.65,36.68,36.44,36.59,14548700.0,36.68,34.42,35.55,0.41177857142857227,35.71496457469538,35.46835381822907,35.977155074950055,0.30945168633845554,0.17837645359970625,0.1310752327387493,74.75123756187801,36.75645718495818,34.16053281504182,0.07321022423304657,3.3032185206098186,28.203520998252902,49.09018369789588,17.866745303474456,15695525.0,-62187833.0
2014-05-29,36.6,36.71,36.54,36.66,10608000.0,36.71,34.42,35.565,0.4007071428571436,35.804967948533914,35.51508504104362,35.983949551816224,0.3448438356461736,0.21166993000899972,0.13317390563717388,74.49618667609462,36.922789959118006,34.16720004088201,0.07752399228740917,2.345058626465657,29.962932851775303,46.61402164031439,18.360398581079863,15456995.0,-51579833.0
2014-05-30,36.97,37.05,36.76,36.85,20205500.0,37.05,34.42,35.735,0.41213571428571527,35.904494810578306,35.5674346472772,35.99256696921109,0.383799578429759,0.2460958596931516,0.1377037187366074,78.30565115467095,37.10618784618254,34.169802153817464,0.0823948062275972,3.5985380938993616,32.476492052343396,51.21405916913623,15.424877380890456,15883080.0,-31374333.0
2014-06-02,37.07,37.23,37.03,37.12,15580400.0,37.23,34.42,35.825,0.38213571428571463,36.02025720957085,35.62831956307026,36.00378520832342,0.43148513669689237,0.28317371509389977,0.1483114216029926,75.42516526357407,37.32037558519228,34.167614414807716,0.08820393944170385,3.197395600210151,35.83563101259456,46.44946634516515,16.635824968690997,15957090.0,-15793933.0
2014-06-03,37.07,37.52,37.07,37.45,24951700.0,37.52,34.42,35.97,0.3921357142857147,36.15642318961172,35.69975801157731,36.018175405255526,0.49025319361049924,0.32458961079721965,0.1656635828132796,76.92450527879451,37.55141698428006,34.21157301571994,0.0930798443197564,4.725950782997779,37.82438380691555,47.99723127925819,16.21158855352556,16563660.0,9157767.0
2014-06-04,37.02,37.1633,36.995,37.14,15660700.0,37.52,34.42,35.97,0.38749285714285825,36.25009717155346,35.75623808955467,36.02933783903408,0.5059802673335767,0.3608677421044911,0.14511252522908563,67.93575737811827,37.673116712006845,34.32787328799316,0.09292215076525165,4.472573839662464,38.72117004058753,40.830245718815036,17.788346328964604,16560895.0,-6502933.0
2014-06-05,37.35,37.51,37.24,37.44,16129700.0,37.52,34.5,36.010000000000005,0.38035000000000097,36.363421250453136,35.822267968395664,36.04337427844668,0.5364675157794778,0.3959876968394884,0.1404798189399894,75.06836827711926,37.79806227612611,34.48592772387388,0.09164227243826005,3.88457269700333,41.222075445528716,48.10794568912084,10.61052789723757,16606450.0,9626767.0
2014-06-06,37.28,37.35,37.19,37.24,21029500.0,37.52,34.5,36.010000000000005,0.3660642857142865,36.44690494088617,35.87786530296838,36.055281002044225,0.5382855307638295,0.42444726362435664,0.11383826713947282,67.99059463440884,37.8503436613935,34.685646338606496,0.08725867869969119,2.448418156808807,42.86852668705909,43.93646705301556,12.000234150910414,16797580.0,-11402733.0
2014-06-09,37.38,37.62,37.3701,37.61,16177100.0,37.62,35.15,36.385,0.3675000000000002,36.55767589889701,35.945792153832365,36.070750842819905,0.5630912629508344,0.4521760634896522,0.11091519946118222,75.06775067750675,37.89817043212916,34.94081956787083,0.0812024127258857,3.4947716015409913,45.646142522328155,49.01263362487841,11.953352769679471,16840300.0,4774367.0
2014-06-10,37.83,37.83,37.68,37.78,12270000.0,37.83,35.21,36.519999999999996,0.3575000000000002,36.67408771804968,36.01772187328992,36.0877582971202,0.5896702125224067,0.47967489329620316,0.10999531922620354,80.54794520547946,38.045144555356835,35.03984544464317,0.08224121288690509,4.508990318118955,49.05254709826637,54.57942057942048,8.091908091908252,16298395.0,17044367.0
2014-06-11,37.6,37.7,37.5,37.62,13081200.0,37.83,35.35,36.59,0.3382142857142857,36.764174602044946,36.0805563096315,36.10300448321851,0.5910107546366348,0.5019420655642896,0.08906868907234522,73.79518072289149,38.13106554079572,35.17392445920429,0.08068048523276329,2.8149767696091565,51.17622302961909,49.34952481520578,12.35480464625149,16250790.0,3963167.0
2014-06-12,37.74,37.78,37.4,37.52,12277300.0,37.83,35.35,36.59,0.33892857142857175,36.83615797327876,36.13700508180281,36.117103941096936,0.5773486636476477,0.5170233851809612,0.06032527846668645,68.81028938906755,38.210002957946,35.264987042054,0.0801637650006349,2.3458810692853493,52.01089744392648,42.71232876712322,14.43624868282421,15775055.0,-8314133.0
2014-06-13,37.83,38.14,37.81,38.09,16907500.0,38.14,35.4,36.769999999999996,0.3725000000000002,36.955571499633166,36.21359311781055,36.136734747653186,0.6055353597258204,0.5347257800899331,0.0708095796358873,73.84196185286103,38.34659514635195,35.38039485364805,0.08046443487531235,3.364993215739487,52.47248162987911,45.190795781399714,13.13518696069049,15651395.0,8593367.0
2014-06-16,38.09,38.09,37.89,38.02,14627600.0,38.14,35.4,36.769999999999996,0.3625000000000002,37.05694564252524,36.284432603386605,36.15547370538798,0.6151342200750918,0.5508074680869649,0.06432675198812687,76.33802816901417,38.47225922141884,35.459740778581164,0.08149430403175009,2.4245689655172598,55.06234048439313,46.43743842364522,7.980295566502621,15248305.0,-6034233.0
2014-06-17,37.8,38.04,37.79,37.99,13542400.0,38.14,35.4,36.769999999999996,0.34250000000000014,37.14580796228474,36.351317599332226,36.1737276983692,0.6132514557324953,0.563296265616071,0.04995519011642424,72.29299363057328,38.53730351958529,35.61769648041471,0.07874336293360086,1.4419225634178856,56.024750010945034,42.26694473409797,10.531803962461094,15244865.0,-19576633.0
2014-06-18,37.99,38.32,37.76,38.28,17690000.0,38.32,35.95,37.135000000000005,0.370357142857143,37.25382625159096,36.42695220327998,36.19468563171876,0.627921638019842,0.5762213400968252,0.05170029792301678,74.10714285714293,38.57993750338813,35.84806249661188,0.07340987281066934,3.0694668820678617,57.46811022265763,43.90935390549657,9.739633558341552,15461285.0,-1886633.0
2014-06-19,37.87,37.99,37.81,37.93,14319000.0,38.32,36.01,37.165,0.3760714285714286,37.31822375143944,36.48589525413175,36.211952441353404,0.6043393405182442,0.5818449401811091,0.022494400337135123,65.3409090909091,38.59144521358357,36.02555478641642,0.06877495549719628,1.3087606837606902,57.82020059107833,36.78442545109215,9.59164292497644,15455795.0,-16205633.0
2014-06-20,37.94,37.96,37.81,37.83,19667000.0,38.32,36.01,37.165,0.35964285714285743,37.36696434654044,36.5386052441658,36.228052417061335,0.57099891551821,0.5796757352485293,-0.008676819730319307,60.59701492537314,38.60181602915397,36.16318397084603,0.06523458993668013,1.584317937701396,58.397633916621444,34.88977159880836,10.029791459781713,15801095.0,-35872633.0
2014-06-23,37.4,37.45,37.27,37.36,16594200.0,38.32,36.01,37.165,0.3674999999999997,37.36630107544135,36.57081680321812,36.23931557709058,0.500877512278656,0.5639160906545547,-0.06303857837589877,48.710601719197655,38.550229718043894,36.31677028195611,0.059664723739104926,-0.6647168306301521,56.06091101586584,28.507288629737555,20.31098153547152,16023380.0,-52466833.0
2014-06-24,36.94,37.07,36.64,36.7,12854700.0,38.32,36.44,37.379999999999995,0.3864285714285707,37.30284383016122,36.575882810935056,36.243899501696646,0.38758151244962136,0.5286491750135681,-0.14106766256394676,44.27083333333335,38.46616351118365,36.455836488816345,0.05366453170943932,-2.858655373213337,53.56366214323409,27.110905730129364,29.574861367837553,15936110.0,-65321533.0
2014-06-25,36.62,36.84,36.62,36.77,10187000.0,38.32,36.54,37.43,0.37571428571428556,37.2520967987173,36.58349524972192,36.249134332525536,0.29998400247018253,0.482916140504891,-0.18293213803470848,40.72022160664825,38.445100534630214,36.4948994653698,0.05204699944650162,-2.2594364699627723,50.30569891735623,21.2927756653992,30.79847908745271,15718025.0,-55134533.0
2014-06-26,37.17,37.22,37.045,37.13,9801900.0,38.32,36.62,37.47,0.38999999999999957,37.24046853217279,36.60492680855636,36.25789916503772,0.256652802315692,0.4376634728670512,-0.18101067055135922,48.54111405835544,38.407122633144574,36.57987736685542,0.048734987832268366,-1.0394456289978704,46.39045664055721,27.472527472527375,28.75457875457892,15677720.0,-45332633.0
2014-06-27,37.12,37.215,36.96,37.21,6016300.0,38.32,36.62,37.47,0.3810714285714286,37.23756676720395,36.62865516900513,36.267372805186604,0.226160804447467,0.39536293918313437,-0.16920213473566736,44.252873563218415,38.385047516259114,36.63795248374088,0.04657491789233253,-2.3103176686794513,43.100781996487555,23.055295220243615,31.021555763823955,14968260.0,-39316333.0
2014-06-30,37.16,37.22,37.02,37.04,7748000.0,38.32,36.62,37.47,0.379642857142857,37.2187508846131,36.644786338848064,36.27506063797082,0.18613247786185383,0.3535168469188783,-0.16738436905702447,39.367816091953976,38.38928944855534,36.625710551444676,0.047019366716274394,-2.577590741714897,39.48155200976263,19.285042333019604,31.138287864534504,14576640.0,-47064333.0
2014-07-01,37.28,37.475,37.28,37.32,9964800.0,38.32,36.62,37.47,0.3907142857142856,37.22839365750709,36.67126530595206,36.285458044558176,0.17498626782625593,0.31781073110035385,-0.14282446327409792,45.833333333333364,38.386482919092494,36.6155170809075,0.04722449636503005,-1.763622005790999,35.704639088613526,23.400365630712873,26.96526508226707,13827295.0,-37099533.0
2014-07-02,38.07,38.07,37.93,38.02,11637200.0,38.32,36.62,37.47,0.41714285714285687,37.303784737744515,36.724156862581395,36.302717168492926,0.22009979252399603,0.2982685433850823,-0.07816875086108627,55.95238095238095,38.44232937096955,36.64767062903045,0.04780020620426428,-0.6792058516196353,33.269383965007925,32.10616438356154,23.544520547945343,13626120.0,-25462333.0
2014-07-03,38.22,38.45,38.15,38.43,11992400.0,38.45,36.62,37.535,0.40357142857142847,37.4110433341498,36.79105267189193,36.32388416184126,0.28564343959460103,0.29574352262698606,-0.010100083032385021,54.20792079207917,38.572994547226514,36.61600545277349,0.05205519675625481,1.3182177695755248,30.479579891261675,33.539823008849496,24.33628318584084,13419255.0,-13469933.0
2014-07-07,38.25,38.37,38.17,38.35,8103300.0,38.45,36.62,37.535,0.4078571428571424,37.50046777851649,36.8521878612295,36.34404451843985,0.32735833756051846,0.30206648561369254,0.025291851946825927,54.07407407407406,38.668915832485155,36.63108416751486,0.05412567503241163,1.3745704467354125,26.567572843222553,33.187390542907146,24.08056042031539,12772945.0,-21573233.0
2014-07-08,38.22,38.27,37.95,38.15,12520000.0,38.45,36.62,37.535,0.41857142857142804,37.562327990086345,36.90308245490678,36.362014224724035,0.3403559546271424,0.30972437941638253,0.030631575210759876,51.895734597156356,38.71979179937648,36.63420820062353,0.05535429038280508,2.1145610278372473,23.117112293611118,32.33788395904434,25.511945392491576,12590090.0,-34093233.0
2014-07-09,37.72,38.03,37.6967,37.97,10578100.0,38.45,36.62,37.535,0.4109499999999992,37.60115389579241,36.94492235863593,36.378014083184496,0.33230159814512916,0.3142398231621319,0.01806177498299727,46.22871046228708,38.73667843095678,36.636321569043226,0.05573234080940266,3.460490463215238,18.85083382076981,28.070846296907824,30.387777449463975,12505495.0,-44671333.0
2014-07-10,37.3,37.76,37.18,37.74,13699800.0,38.45,36.62,37.535,0.43380714285714206,37.61437733428837,36.97610187398354,36.391566181859275,0.3038567137430377,0.3121632012783131,-0.008306487535275409,47.61904761904765,38.742449873492475,36.642550126507544,0.05571134169887725,2.638020125101992,15.859205272780391,26.591803467637,37.29438690662427,12536425.0,-58371133.0
2014-07-11,37.77,37.94,37.659,37.9,8868000.0,38.45,36.62,37.535,0.44316428571428496,37.641579492927576,37.01233317304301,36.40657547358207,0.2908716138411904,0.3079048837908886,-0.01703326994969817,50.8641975308642,38.762059249565134,36.66094075043487,0.055715590711858866,2.073794775114446,12.73299304870471,28.931547475138174,36.506938736038094,12365960.0,-49503133.0
2014-07-14,38.3,38.42,38.26,38.4,20783800.0,38.45,36.62,37.535,0.4403071428571427,37.713810017410665,37.0667514799825,36.42641054349668,0.3172693661820105,0.309777780269113,0.007491585912897503,62.745098039215705,38.80972754992805,36.64427245007196,0.05739801998187211,3.198065036280573,12.515891228082385,36.90605583764579,27.983712668105206,12559775.0,-28719333.0
2014-07-15,38.37,38.49,38.15,38.4,15011500.0,38.49,36.62,37.555,0.4131642857142858,37.77916144432393,37.11903573566946,36.44604824953154,0.33433576056661707,0.3146893763286138,0.019646384238003245,74.85380116959062,38.863165586371686,36.628834413628304,0.05919385293126111,3.6717062634989084,14.401636553296461,39.33060180142797,20.83225282229492,12578970.0,-28719333.0
2014-07-16,38.46,38.57,38.4,38.52,9806500.0,38.57,36.62,37.595,0.409592857142857,37.849717497245464,37.17397551074125,36.4666845853571,0.3534694227133457,0.32244538560556024,0.03102403710778545,75.21613832853026,38.93812836002261,36.60687163997738,0.061718359124898606,3.2154340836012985,15.458970287235374,41.06865702875674,20.665120415743907,12392175.0,-18912833.0
2014-07-17,38.24,38.41,38.19,38.24,18780900.0,38.57,36.62,37.595,0.4010214285714291,37.88688725941256,37.21578039267297,36.484329514856036,0.3420958597489516,0.32637548043423853,0.015720379314713095,66.3716814159292,38.93259384529304,36.608406154706955,0.06153446977366162,0.5786428195686533,16.525438301479763,35.17802753682559,24.847265019681906,12446720.0,-37693733.0
2014-07-18,38.24,38.41,38.19,38.24,10583600.0,38.57,36.62,37.595,0.3985214285714288,37.920517044230415,37.25594586747011,36.50179887291717,0.3292864202782866,0.32695766840304813,0.002328751875238455,65.55891238670695,38.96519508675893,36.60680491324107,0.06241439087275343,-0.49440541243819247,16.919164162312263,35.39870593085155,23.479647984514212,12259950.0,-37693733.0
2014-07-21,37.88,38.25,37.84,38.21,14099000.0,38.57,36.62,37.595,0.4135214285714289,37.9480868495418,37.293359755020305,36.5187958990573,0.31310482046190913,0.32418709881482033,-0.011082278352911201,68.45425867507888,38.99932870376476,36.61067129623524,0.063183637284209,-0.3650586701434144,15.850055749241818,34.028293576080095,28.673587480351603,11981550.0,-51792733.0
2014-07-22,39.06,39.13,38.98,39.07,18549100.0,39.13,36.62,37.875,0.44816428571428596,38.05493572101401,37.3630319214901,36.54418101448957,0.36546277136974226,0.33244223332580475,0.03302053804393751,73.33333333333333,39.19082344154695,36.590176558453045,0.06863585550715619,2.4115334207077455,16.914063473077498,41.35919544809787,26.45713466044014,12079295.0,-33243633.0
2014-07-23,39.62,39.65,39.49,39.59,19624500.0,39.65,36.62,38.135,0.4360214285714287,38.20113231901268,37.45036400300029,36.57448767106181,0.44380062155257605,0.354713910971159,0.08908671058141704,71.98879551820728,39.41797162889224,36.65202837110777,0.07272100059903959,4.266526204898624,17.28474542270686,41.28237471946009,27.193945251707746,12417785.0,-13619133.0
2014-07-24,40.03,40.28,39.99,40.12,27133200.0,40.28,36.96,38.620000000000005,0.45459285714285713,38.38388162196385,37.555055610725766,36.60976640070299,0.5423980754388111,0.39225074386468944,0.1501473315741217,72.89972899728996,39.742887852732984,36.66211214726702,0.08064330097417623,6.306306306306286,17.938623475263682,43.52403249375428,26.082994202033166,13265095.0,13514067.0
2014-07-25,40.16,40.27,40.045,40.19,18073900.0,40.28,36.96,38.620000000000005,0.4520928571428574,38.55589289606253,37.65838676324633,36.645390615621366,0.6190496638062228,0.43761052785299615,0.1814391359532267,74.99999999999996,40.047742050623995,36.663257949376,0.08823986393732298,6.042216358839059,18.592501527820502,43.764713317428495,26.2272289194697,13678695.0,31587967.0
2014-07-28,40.64,41.08,40.6,41.05,26434700.0,41.08,37.02,39.05,0.48709285714285755,38.79342690596134,37.79139120390334,36.68921757466991,0.7406536186375945,0.49821914600991585,0.24243447262767864,83.41013824884794,40.53765339266131,36.55734660733869,0.10325719658402296,6.901041666666674,20.79464953083586,52.49805698532101,21.116536887950325,14699615.0,58022667.0
2014-07-29,41.23,41.3,40.95,40.95,17685700.0,41.3,37.18,39.239999999999995,0.4797142857142858,38.99881481967931,37.915258215514974,36.73161341969807,0.8195096673671571,0.5624772502813641,0.25703241708579305,84.97652582159637,40.87290832518443,36.61309167481557,0.10995061431404025,6.640625000000022,24.2547944629596,56.58129839189989,17.669743895175614,15196500.0,40336967.0
2014-07-30,41.07,41.18,40.53,40.71,18024700.0,41.3,37.18,39.239999999999995,0.46971428571428575,39.16178483685271,38.024855932553606,36.77119935582048,0.8528070312735991,0.6205432064798111,0.23226382479378804,84.77751756440283,41.104253683818555,36.72074631618145,0.11265036601701531,5.685358255451711,27.016697718980858,57.785888077858836,16.5754257907542,15599495.0,22312267.0
2014-07-31,40.81,40.905,40.36,40.47,56941300.0,41.3,37.18,39.239999999999995,0.4885714285714288,39.28637675715245,38.12074393519856,36.80800334232973,0.8500308117555875,0.6664407275349664,0.18359008422062106,79.54022988505747,41.289684013338906,36.7803159866611,0.11552114837140527,5.831589958158978,29.644147794545265,52.923976608187075,18.421052631578906,17864700.0,-34629033.0
2014-08-01,40.5,40.86,40.415,40.72,21808000.0,41.3,37.18,39.239999999999995,0.48321428571428576,39.42291230409032,38.22267554558293,36.84692868220704,0.8581117701189029,0.7047749360517538,0.15333683406714915,78.29268292682926,41.50514696667074,36.79385303332926,0.12034110099340936,6.485355648535562,31.71395298935048,46.41537324464144,18.625277161862495,18355480.0,-12821033.0
2014-08-04,41.03,41.13,40.8,41.07,16481000.0,41.3,37.18,39.239999999999995,0.48821428571428577,39.579777798938856,38.33433532810909,36.88894929233434,0.8825841817127369,0.7403367851839504,0.14224739652878648,80.0,41.757971382412414,36.813028617587584,0.12587195695166997,7.484951583355137,33.05782992306409,49.89027066569124,16.82516459400144,18774365.0,3659967.0
2014-08-05,40.66,40.795,40.3799,40.47,18463000.0,41.3,37.18,39.239999999999995,0.5253642857142857,39.664560865706584,38.41808688386952,36.92458163768425,0.8438365363037761,0.7610367354079156,0.08279980089586048,69.77687626774843,41.86734478958472,36.93565521041528,0.12516502110755792,3.583312004095207,33.26245464461325,45.27470734592322,21.347092493643817,19071515.0,-14803033.0
2014-08-06,40.24,40.39,40.14,40.21,19461200.0,41.3,37.18,39.239999999999995,0.5253642857142852,39.716507449925004,38.48835798646287,36.95727236765754,0.7831215829343208,0.7654537049131966,0.017667878021124128,70.06109979633402,41.90803126937329,37.11896873062671,0.12120066657589375,1.5660520333417471,34.53964003017648,45.27470734592326,21.75361313918228,19515670.0,-34264233.0
2014-08-07,40.11,40.175,39.72,39.86,22052300.0,41.3,37.659,39.4795,0.5446499999999997,39.73017340707501,38.542147869346685,36.9861552296709,0.6987081968706832,0.752104603304694,-0.05339640643401078,65.39923954372622,41.866626586274876,37.37237341372513,0.1134353833983202,-0.6480558325024921,34.84267218060334,43.6715584057914,26.491455849759305,19933295.0,-56316533.0
2014-08-08,40.22,40.57,40.09,40.49,20319100.0,41.3,37.84,39.57,0.5660785714285714,39.802537844496435,38.61853422741152,37.021019356738854,0.674866276771013,0.7366569379979578,-0.061790661226944876,69.45392491467578,41.874097149483646,37.62390285051636,0.10692581697570472,0.7464543418761016,36.95344931876271,47.00256148187407,21.072289308652277,20505850.0,-35997433.0
2014-08-11,40.82,41.12,40.81,41.04,17555200.0,41.3,37.84,39.57,0.5453642857142853,39.92039138311582,38.71349366947382,37.06100921388573,0.6923705698351341,0.7277996643653931,-0.035429094530259,67.74774774774775,41.98110425806521,37.78089574193479,0.10531853554651129,-0.024360535931788885,37.81652843412731,44.46569134654423,21.872667024662455,20344420.0,-18442233.0
2014-08-12,40.85,40.99,40.735,40.97,12737300.0,41.3,37.84,39.57,0.5257214285714282,40.02035410853336,38.80198411380818,37.09990464459334,0.6926104510695836,0.7207618217062313,-0.028151370636647632,63.52941176470585,42.041449802531275,37.97755019746873,0.10157336645203126,0.04884004884004867,38.09400784694505,39.06196926672194,23.708916998410427,20230710.0,-31179533.0
2014-08-13,41.39,41.58,41.31,41.47,15352500.0,41.58,37.84,39.71,0.5200071428571427,40.15841562200637,38.90661218777649,37.14338818046803,0.7247914355003431,0.7215677444650537,0.003223691035289411,63.31360946745563,42.16179530389845,38.15220469610154,0.09984786233525685,1.8668631785802026,38.00420022044335,38.94177277784638,23.969450969080167,20508010.0,-15827033.0
2014-08-14,41.03,41.1,40.96,41.02,12213300.0,41.58,37.84,39.71,0.5403642857142853,40.24047127705339,38.98949014119702,37.181961432403675,0.7058472901341233,0.7184236535988676,-0.012576363464744333,57.614678899082634,42.11835706247843,38.47364293752158,0.09044853397252453,1.3590313812700927,37.286607976104165,37.47471943530153,27.69295845395312,20179630.0,-28040333.0
2014-08-15,41.29,41.3,40.86,41.07,16492500.0,41.58,37.84,39.71,0.5082214285714279,40.319474012572115,39.07107876311086,37.220648383325035,0.6869497712274395,0.7121288771245821,-0.025179105897142562,50.215517241379345,42.01003901299002,38.86496098700998,0.0777762726672035,0.859528487229877,34.45659206092886,31.271521131115477,29.44442102008417,20475075.0,-11547833.0
2014-08-18,41.32,41.43,41.21,41.4,16742700.0,41.58,38.98,40.28,0.508935714285714,40.42238124947001,39.16240900769475,37.26223397155066,0.6906403216996679,0.7078311660395993,-0.017190844339931344,54.62012320328538,41.828346716749365,39.36565328325062,0.060661956142048494,0.8035062089116085,30.78089406935061,29.964491726431895,29.403096096896984,20607260.0,5194867.0
2014-08-19,41.37,41.44,41.32,41.43,10314200.0,41.58,39.49,40.535,0.47107857142857107,40.51834493999667,39.2513341446479,37.30370428029145,0.6880543960388863,0.7038758120394567,-0.01582141600057041,57.72532188841201,41.76988338093643,39.66011661906358,0.05181792366137413,2.3721275018532273,27.701211356320623,32.524146714985335,25.39764370517514,20195515.0,15509067.0
2014-08-20,41.17,41.3627,41.12,41.21,11131000.0,41.58,39.72,40.65,0.45429285714285683,40.58421685047318,39.32814457034798,37.342572894417906,0.6606374526175998,0.6952281401550854,-0.03459068753748562,57.97413793103451,41.72889363076574,39.86310636923426,0.04573456372025395,2.4869435463815037,25.063205334239637,33.725884813131835,26.80775459505364,19770840.0,4378067.0
2014-08-21,40.95,40.97,40.645,40.67,14615300.0,41.58,39.72,40.65,0.46286428571428523,40.592386674237645,39.38076635190296,37.375681621836634,0.5885513863745118,0.6738927893989707,-0.08534140302445892,49.4929006085193,41.70341088065909,39.94358911934091,0.04310805691129322,2.032112393376817,22.069060750499684,33.101341028687806,33.64145615036808,19144945.0,-10237233.0
2014-08-22,41.02,41.07,40.8,40.89,15072400.0,41.58,39.72,40.65,0.4621499999999991,40.62073080050072,39.43995198516167,37.410649963907915,0.5429164183906181,0.6476975151973002,-0.10478109680668213,48.125,41.686465801484935,40.03053419851506,0.04052844825360383,0.9878982464806008,18.88137583423792,30.525030525030495,33.69345141497046,18994870.0,4835167.0
2014-08-25,41.24,41.25,41.09,41.25,10006100.0,41.58,39.72,40.65,0.4385714285714276,40.68066120045304,39.51093426025337,37.44885245182923,0.5296933931224288,0.624096690782326,-0.09440329765989719,58.552631578947405,41.71090945164336,40.026090548356635,0.04122536680540576,0.5116959064327409,17.036848566156564,35.097719869706815,28.662866449511494,18173440.0,14841267.0
2014-08-26,41.15,41.37,41.15,41.31,7660000.0,41.58,39.72,40.65,0.4307142857142848,40.74059822898132,39.5814858578905,37.487271830417995,0.5180834058824217,0.6028940338023452,-0.08481062791992344,62.614678899082605,41.75132794151705,40.02167205848295,0.042303838260406214,0.8298755186722184,15.951371442228046,37.72802653399662,25.207296849088003,17672155.0,22501267.0
2014-08-27,41.04,41.05,40.94,41.02,7562400.0,41.58,39.72,40.65,0.4221428571428564,40.76720792145929,39.63789817718891,37.52242335449344,0.47994927450199043,0.5783050819422743,-0.09835580744028383,63.48837209302333,41.764617802790895,40.03938219720911,0.042179737068646694,-1.0851217747769315,16.125066541039455,38.494077834179286,22.165820642978083,17149040.0,14938867.0
2014-08-28,40.47,40.54,40.35,40.52,15588500.0,41.58,39.72,40.65,0.4192857142857136,40.743664309891734,39.67249040553444,37.55224998778206,0.4047165587537691,0.5435873773045733,-0.1388708185508042,50.35971223021584,41.762121558060244,40.046878441939754,0.041932870860675237,-1.2189176011701663,13.442086233274313,32.027257240204285,32.367972742759825,15081400.0,-649633.0
2014-08-29,40.73,40.84,40.45,40.47,15742400.0,41.58,39.72,40.65,0.4021428571428568,40.717601042283,39.703765291591914,37.58128232621209,0.3371727893356038,0.5023044597107794,-0.16513167037517562,42.234332425068104,41.768034125751534,40.01596587424847,0.04284623524168692,-1.4609203798393033,11.555762628721137,28.952042628774365,33.74777975133215,14778120.0,-16392033.0
2014-09-02,40.77,40.86,40.68,40.71,14530400.0,41.58,39.72,40.65,0.4082142857142855,40.716877133494144,39.74322547623537,37.61241384535426,0.2995567558674068,0.4617549189421049,-0.1621981630746981,46.614583333333364,41.74942831622564,39.998571683774365,0.042835460988679214,-1.6666666666666607,10.168412397588808,28.871391076115355,31.93350831146101,14680590.0,-1861633.0
2014-09-03,42.15,42.25,41.91,42.06,21300600.0,42.25,39.72,40.985,0.47464285714285687,40.844793596970895,39.8340793791281,37.656668433957705,0.37436406006334266,0.44427674716635246,-0.0699126871030098,56.289978678038416,41.954263392830036,39.952736607169975,0.048873155790349086,1.520637219406229,9.512752140687477,36.86982693754698,27.464258841233963,14822470.0,19438967.0
2014-09-04,42.42,42.56,42.09,42.19,13873400.0,42.56,39.72,41.14,0.4739285714285713,40.972908492497474,39.92646842308386,37.701776210734245,0.43907788460360564,0.44323697465380313,-0.004159090050197489,63.386727688787126,42.13220512544047,39.97279487455952,0.05260118752526528,2.3780635768017477,10.60791234783106,41.59758854559154,22.230595327807006,14543080.0,33312367.0
2014-09-05,42.25,42.54,42.14,42.52,13531500.0,42.56,40.09,41.325,0.4710714285714285,41.12025054083105,40.02817554374724,37.749718736000574,0.5111006487351091,0.45680970947006433,0.054290939265044746,65.59139784946237,42.301422559097425,40.06957744090257,0.05419006976229146,4.548807474797156,12.31365918601288,38.817285822592915,22.365428354814174,14117040.0,46843867.0
2014-09-08,42.39,42.49,42.16,42.29,8804500.0,42.56,40.35,41.455,0.471071428571429,41.23165525122809,40.11687454203166,37.79489566400057,0.5433566531260539,0.47411909820126225,0.06923755492479161,59.78021978021977,42.44433162535454,40.10666837464546,0.05663561315330122,3.423820004891165,13.992959142208274,36.84609552691429,22.36542835481415,13541310.0,38039367.0
2014-09-09,42.21,42.27,41.86,41.99,15416500.0,42.56,40.35,41.455,0.4932142857142863,41.30387856063494,40.19033044234415,37.836637995702056,0.5385047288953047,0.4869962243400707,0.051508504555233925,55.80912863070541,42.52818354138653,40.11781645861347,0.05832991512651704,1.7939393939393922,14.212372145008416,35.047067342505414,25.706010137581302,13434375.0,22622867.0
2014-09-10,41.03,41.35,40.96,41.25,22866100.0,42.56,40.35,41.455,0.5446428571428577,41.2987472691459,40.23188611127183,37.87060179673985,0.46953521869861703,0.48350402321178004,-0.013968804513163013,50.37453183520598,42.531374533521095,40.14262546647891,0.05778718985514633,-0.1452432824981864,13.476302436226023,31.737704918032783,32.459016393442425,13940815.0,-243233.0
2014-09-11,40.91,41.17,40.89,41.11,17574100.0,42.56,40.35,41.455,0.5300000000000006,41.28077133875105,40.26632195004548,37.90283461468274,0.39898035779011565,0.4665992901274472,-0.06761893233733157,54.45344129554653,42.51578340827558,40.122216591724424,0.05792896286335964,0.21940516821061795,13.975291841069165,32.61455525606468,27.8975741239891,14051895.0,-17817333.0
2014-09-12,40.95,41.05,40.72,40.95,24857400.0,42.56,40.35,41.455,0.529285714285715,41.24926930648905,40.29313285396527,37.93315466826799,0.3263920153941129,0.4385578351807804,-0.11216581978666751,50.61475409836068,42.51636766877232,40.11463233122768,0.05813158106629803,1.0612043435340501,13.748189789912391,31.309041835357583,30.229419703103805,14684100.0,-42674733.0
2014-09-15,40.65,40.67,40.295,40.37,15170500.0,42.56,40.295,41.4275,0.5503571428571438,41.16552937253771,40.296147251848986,37.95740188549915,0.2195334335693886,0.39475295485850204,-0.17521952128911344,41.37254901960785,42.550319299207366,40.01068070079264,0.06152150769527321,-0.24709661477637646,13.807754562787707,27.774172615184906,34.58792991563903,14618000.0,-57845233.0
2014-09-16,39.89,41.1201,39.89,40.63,40882900.0,42.56,39.89,41.225,0.6225071428571438,41.11452657515317,40.30923951648236,37.98399490156384,0.154051257683129,0.3466126154234275,-0.19256135774029848,43.58490566037739,42.54287581834114,39.94112418165887,0.06308500161685335,-0.19651191353475816,12.657815196074278,28.342761414097357,30.579109820885446,15825010.0,-16962333.0
2014-09-17,40.63,40.69,40.21,40.34,22206100.0,42.56,39.89,41.225,0.6303642857142862,41.040762139424295,40.31044580995364,38.0074377383642,0.07785808560491603,0.2928617094597252,-0.21500362385480914,43.58490566037739,42.54529814018193,39.82970185981807,0.06593253487985079,-4.089396100808362,10.757020915200497,27.989484538418836,27.81838166139749,16419605.0,-39168433.0
2014-09-18,40.3,40.38,40.2,40.28,17461100.0,42.56,39.89,41.225,0.595364285714286,40.968308602336265,40.309251856622126,38.03005029818148,0.012488983998281356,0.2367871643674364,-0.22429818036915505,47.530864197530846,42.55796339513965,39.72403660486036,0.06888327435597803,-4.527139132495838,11.697505686075491,29.63491739751174,22.495231011025567,16736110.0,-56629533.0
2014-09-19,40.25,40.285,39.71,39.865,27467700.0,42.56,39.71,41.135000000000005,0.6085785714285714,40.863231592589955,40.29183021518597,38.048308504169725,-0.07197386180747145,0.17503495913245484,-0.2470088209399263,44.21052631578952,42.61634706838326,39.58515293161673,0.0737503363507121,-6.24412041392286,11.458138878743336,25.470358329127567,27.75789016560833,17378730.0,-84097233.0
2014-09-22,39.53,39.57,39.02,39.12,28318820.0,42.56,39.02,40.790000000000006,0.6410785714285713,40.69720953615282,40.24587608910024,38.05897210114316,-0.19675844058055247,0.10067627918985338,-0.29743471977040586,36.1256544502618,42.767436224939736,39.25706377506027,0.08559326664300225,-7.495861905887924,12.340203257732195,23.956279038673692,34.03861795411743,18041051.0,-112416053.0
2014-09-23,39.17,39.41,39.0301,39.08,27872754.0,42.56,39.02,40.790000000000006,0.5582142857142856,40.54318958032874,40.20015545815514,38.06913158272383,-0.29547275796024763,0.021446471759833177,-0.3169192297200808,16.28959276018108,42.85444994185818,38.95305005814183,0.09538000510262143,-6.930221481305077,15.59257417874392,9.726167626359585,39.09149072296857,18934383.7,-140288807.0
2014-09-24,39.63,40.0,39.46,39.84,26835000.0,42.56,39.02,40.790000000000006,0.5882142857142857,40.476219144106956,40.186031714698075,38.086752163990255,-0.3088190435658831,-0.04460663130531008,-0.264212412260573,26.732673267326902,42.82673763951705,38.83376236048295,0.09779453417586467,-3.418181818181809,16.939739949086306,12.630236794171251,37.09775349119603,19893133.7,-113453807.0
2014-09-25,39.23,39.28,38.8601,39.0,22638715.0,42.56,38.8601,40.71005,0.6296357142857144,40.3356268446682,40.139520667062854,38.09583920713463,-0.3827647768060132,-0.11223826040545071,-0.27052651640056247,18.34532374100729,42.883468077707825,38.57503192229216,0.1057823592483452,-5.132571150571641,18.997138216301998,11.79933975427971,41.4627505700574,20646949.45,-136092522.0
2014-09-26,39.07,39.4,39.07,39.19,16690861.0,42.56,38.8601,40.71005,0.6324928571428566,40.22651952612837,40.10228456247216,38.10672637920295,-0.421180781175849,-0.17402676455953037,-0.24715401661631864,21.92028985507254,42.923638216237855,38.40186178376215,0.11120193377171253,-4.297924297924305,20.95122809115005,13.10122079300727,41.275452009621716,20702067.5,-119401661.0
2014-09-29,38.32,38.4,38.18,38.27,25085775.0,42.56,38.18,40.370000000000005,0.673921428571428,40.040184333163765,40.03043026590462,38.10835099234521,-0.519869322705766,-0.2431952761887775,-0.2766740465169885,19.706840390879563,43.05438204623384,38.05111795376615,0.12337669066753029,-5.201882586078755,23.929630485462067,12.295837793723313,44.99146784809588,21169236.25,-144487436.0
2014-09-30,38.06,38.36,38.01,38.28,26128385.0,42.56,38.01,40.285,0.6253499999999994,39.87254773000531,39.9617859417515,38.110058942670136,-0.590467247577287,-0.3126496704664794,-0.27781757711080757,22.550831792976027,43.129073440441694,37.7334265595583,0.13345238845901106,-5.783903519566824,27.44723462619908,13.25086522975706,40.14780294463672,21749135.5,-118359051.0
2014-10-01,38.01,38.04,37.44,37.46,27048059.0,42.56,37.44,40.0,0.659635714285714,39.64278127952861,39.8636766891338,38.10359069448437,-0.7044631460085071,-0.39101236557488495,-0.3134507804336222,20.032840722495962,43.09185888686953,37.31064111313047,0.14380691579836594,-7.139315815567682,30.830814423955285,12.562128447519742,43.47529480557449,22036508.45,-145407110.0
2014-10-02,37.41,37.625,36.72,37.47,39844311.0,42.54,36.72,39.629999999999995,0.6964214285714283,39.43584972909731,39.76980701505012,38.09728630946462,-0.7849503810072278,-0.46979996866135354,-0.31515041234587426,20.707070707070727,42.941643923774286,36.98885607622572,0.148949095715617,-6.97616683217478,34.953536075245076,11.89858357521616,46.81996738428082,23335054.0,-105562799.0
2014-10-03,38.26,38.275,37.97,38.08,30819005.0,42.49,36.72,39.605000000000004,0.707135714285714,39.306721183469,39.70354007328345,38.09711430638537,-0.7904039083594228,-0.5339207566009674,-0.2564831517584554,30.820770519263007,42.57619950444646,36.91030049555355,0.14256254858102713,-4.47761194029852,36.96997778200063,18.2840230709401,41.817594117112286,24199429.25,-74743794.0
2014-10-06,38.8,38.92,38.61,38.63,22011525.0,42.27,36.72,39.495000000000005,0.6792714285714284,39.242271546948146,39.66144046256645,38.10241665159547,-0.7417945191526343,-0.5754955091113008,-0.16629901004133352,34.02555910543133,42.16410235857749,36.956397641422505,0.13163983334673018,-1.2525562372188048,39.1804910019962,21.083513848871725,43.532987023912156,24859780.5,-52732269.0
2014-10-07,38.64,38.68,38.28,38.3,25796946.0,41.35,36.72,39.035,0.6735571428571429,39.152531399619754,39.60805064050503,38.10438265506218,-0.7215815273905903,-0.6047127127671588,-0.11686881462343157,33.80952380952378,41.769116435534485,36.98238356446551,0.1215655034143852,-1.9959058341862845,41.87777306196476,21.262380962480677,47.40185369785145,25378802.8,-78529215.0
2014-10-08,38.47,39.13,38.26,39.02,30047825.0,41.17,36.72,38.945,0.7228428571428575,39.13990936156073,39.58498983107346,38.11349327540982,-0.6400860890882427,-0.6117873880313756,-0.02829870105686716,40.948275862069,41.49202036282463,37.03647963717536,0.11347576295610566,-2.058232931726911,42.9704890888631,24.25937271487583,44.071029071720744,25737889.05,-48481390.0
2014-10-09,38.78,38.81,38.25,38.38,29182258.0,41.1201,36.72,38.92005,0.7367714285714294,39.067537041412095,39.537735327894104,38.116145083614704,-0.6199960894030525,-0.613429128305711,-0.0065669610973415615,39.66597077244261,41.2090716322443,37.046428367755695,0.10638596046255172,-1.5897435897435863,44.35618537773132,23.800752317059008,38.584364214526595,26318296.95,-77663648.0
2014-10-10,38.0,38.09,37.64,37.71,27888833.0,41.1201,36.72,38.92005,0.7292714285714297,38.938247799372846,39.46605943268257,38.11210383900163,-0.6506378721066497,-0.6208708770658987,-0.029766995040750976,40.08438818565405,40.9520750250825,36.9794249749175,0.10195235688174874,-3.776473590201579,44.738464896194124,24.045524887852864,38.197614057082305,26469868.6,-105552481.0
2014-10-13,38.34,38.59,38.015,38.049,24153368.0,41.1201,36.72,38.92005,0.7649928571428585,38.85355753276591,39.410488474538155,38.11147594010609,-0.6401875551695042,-0.6247342126866199,-0.015453342482884325,43.042245917127836,40.76034740750229,36.93905259249771,0.09836098644274158,-0.5774758296315796,41.42640949236915,27.59129403635889,36.41397211925404,26919012.0,-81399113.0
2014-10-14,38.08,38.33,37.8,38.11,22156369.0,40.69,36.72,38.705,0.7371357142857156,38.78274252964535,39.35948892651705,38.11146125413489,-0.6198383033792112,-0.6237550308251382,0.003916727445926971,37.10879284649774,40.4648667110863,36.9825332889137,0.08992770376210438,-0.44409613375131496,39.840862399621976,22.91688872954193,39.8734483861277,25982685.45,-59242744.0
2014-10-15,37.69,38.01,37.05,37.95,30654324.0,40.38,36.72,38.55,0.7428571428571443,38.70343371729817,39.30421485096736,38.10985467449176,-0.6095950057842074,-0.620923025816952,0.011328020032744579,41.29353233830849,40.200311933815634,37.00808806618438,0.08269110272020287,1.308061932728255,37.90974283948532,22.740384615384592,41.00961538461531,26405096.65,-89897068.0
2014-10-16,37.21,38.12,37.19,37.8,30121523.0,40.285,36.72,38.5025,0.7807142857142872,38.61739241088882,39.24522603328237,38.10677154340229,-0.6065884905085284,-0.6180561187552673,0.01146762824673897,38.397328881469136,39.904196244822494,37.05620375517751,0.07401189415972317,0.8807045636509248,36.26966281334775,21.54620311070448,39.02104300091484,27038117.8,-120018591.0
2014-10-17,38.35,38.609,38.14,38.24,26070643.0,40.0,36.72,38.36,0.7663571428571448,38.58145027651845,39.2058054045262,38.108097199686846,-0.5622205541471459,-0.606889005833643,0.044668451686497135,49.72776769509981,39.6671753618448,37.1307246381552,0.06605521045991095,0.42016806722691147,32.80289636592208,26.50759623450462,31.45679932892153,26968264.95,-93947948.0
2014-10-20,38.05,38.33,37.98,38.26,14661706.0,40.0,36.72,38.36,0.7663571428571448,38.55083596446907,39.16871499650557,38.109608670336726,-0.5194568370076311,-0.5894025720684407,0.06994573506080959,49.81884057971011,39.578741710973844,37.133158289026156,0.06376020987480921,-0.957804814910701,29.80439577884702,26.50759623450462,31.3635939975766,26285409.25,-79286242.0
2014-10-21,38.34,38.67,38.26,38.41,17297416.0,40.0,36.72,38.36,0.7356428571428592,38.537423015472015,39.13896146723084,38.11259763879109,-0.4680669522173275,-0.5651354480982181,0.09706849588089062,59.79381443298962,39.49749946816584,37.14740053183415,0.06132433955375219,0.2872062663185293,26.328744872309766,30.915622876007408,27.138557141469988,25756642.35,-61988826.0
2014-10-22,38.55,38.6,38.21,38.26,16679237.0,39.4,36.72,38.06,0.6988571428571448,38.51100177590325,39.10449239008454,38.114064328952374,-0.43443593761276134,-0.5389955460011268,0.10455960838836542,57.91583166332662,39.176429714341964,37.31047028565804,0.04879160820176846,-1.947719118400837,23.505514178589085,32.54292722812758,21.719133278822504,25248854.2,-78668063.0
2014-10-23,38.55,38.76,38.45,38.5,13798155.0,39.4,36.72,38.06,0.6770714285714305,38.50995398772199,39.08078680615966,38.1179044848832,-0.3839907160551945,-0.5079945800119403,0.12400386395674579,54.54545454545455,39.09090484878191,37.3459951512181,0.04565621310031706,0.31266284523188137,21.552023207600154,28.42071948517778,22.41797657980793,24806826.2,-64869908.0
2014-10-24,38.54,38.78,38.48,38.64,11277073.0,39.13,36.72,37.925,0.6385000000000021,38.52233932222466,39.06350104905536,38.123099465133116,-0.32892405282855464,-0.4721804745752632,0.14325642174670855,50.118764845605675,38.96340513581518,37.41849486418482,0.04045226085316959,2.4661893396976886,19.16578097322886,23.145765745609165,23.772234030652122,24536136.8,-53592835.0
2014-10-27,38.06,38.25,37.945,38.1,14337894.0,39.13,36.72,37.925,0.6595714285714307,38.48211652963184,39.02571669419044,38.12286961970891,-0.32510915653612216,-0.442766210967435,0.11765705443131286,47.73755656108603,38.9549838963811,37.409916103618905,0.040465391633124556,0.13403768824411522,16.870397046777505,22.406324453108116,25.232835174355543,23998742.75,-67930729.0
2014-10-28,39.0,39.36,38.99,39.27,21764417.0,39.36,36.72,38.04,0.6874285714285732,38.557153050619284,39.035296431673174,38.134283852348624,-0.22508199668836681,-0.3992293681116214,0.1741473714232546,52.56673511293634,39.14490759399121,37.31899240600878,0.04775888198175693,3.043820519548679,15.362755795262315,28.356192851205314,24.2103075644222,23780544.35,-46166312.0
2014-10-29,39.68,39.81,39.25,39.41,18557966.0,39.81,36.72,38.265,0.672428571428573,38.63837656960792,39.04999068925462,38.14697754536008,-0.13298001109040314,-0.34597949670737776,0.21299948561697463,61.78489702517157,39.30933774330478,37.34956225669522,0.05112975757829967,3.84716732542818,14.785876084550264,33.76885489696198,24.64414701508386,23356039.7,-27608346.0
2014-10-30,39.19,39.63,39.19,39.45,13813755.0,39.81,37.05,38.43,0.6510000000000018,38.71567403916907,39.065677328891695,38.15994294291869,-0.05611401085165113,-0.28800639953623247,0.23189238868458134,73.26203208556151,39.4422301017687,37.414669898231296,0.052761956403066086,4.365079365079372,15.195419818326636,34.880403774413,19.420671494404193,22054511.9,-13794591.0
2014-10-31,39.99,40.11,39.78,39.93,25934030.0,40.11,37.05,38.58,0.6352857142857157,38.831324130676784,39.09957233560183,38.17755545094935,0.0430387131057941,-0.22179737700782717,0.2648360901136213,74.23344498840505,39.72129406909683,37.320605930903184,0.06232162338139748,4.419456066945604,16.223695387295113,35.518326961996834,19.901056892286924,21810263.15,12139439.0
2014-11-03,39.57,39.65,39.31,39.55,19670740.0,40.11,37.05,38.58,0.6417142857142869,38.89976945156471,39.11723616557823,38.191211615616524,0.08991861121369737,-0.15945417936352227,0.24937279057721964,67.14285714285711,39.85238705039638,37.281512949603616,0.0666600314723556,3.3716675378985927,15.857263503425662,35.162511130899375,22.540071237755953,21693223.9,-7531301.0
2014-11-04,39.79,39.82,39.52,39.77,15493423.0,40.11,37.05,38.58,0.5874285714285722,38.982648551415686,39.14283474732026,38.20692095277457,0.1431730201448076,-0.0989287394618563,0.2421017596066639,71.36150234741778,40.02583818045045,37.25506181954955,0.0717066276635209,3.540744597761014,16.99696084463577,40.479085603112885,15.503404669260663,21178047.75,7962122.0
2014-11-05,39.51,39.59,39.29,39.46,12962660.0,40.11,37.05,38.58,0.5552857142857154,39.028110594138,39.15527260036652,38.21938940100567,0.15853561380713188,-0.04743586880805867,0.20597148261519055,68.77828054298644,40.086646981498966,37.238253018501034,0.07367339532279853,3.1364349189754392,17.52773566111757,41.407254952405474,19.359403138667346,20323789.5,-5000538.0
2014-11-06,39.43,39.49,39.21,39.35,10178296.0,40.11,37.05,38.58,0.5175000000000008,39.05876672802962,39.1629089689796,38.230639257712085,0.15999023147639235,-0.005950648751168465,0.16594088022756082,63.56968215158923,40.16048734542958,37.26141265457043,0.07489030082855501,2.207792207792214,18.81323506209944,37.68115942028985,21.877156659765333,19373591.4,-15178834.0
2014-11-07,39.05,39.31,39.03,39.28,12294655.0,40.11,37.05,38.58,0.5153571428571436,39.079836563455366,39.167500774117656,38.24108065813286,0.15372259310927205,0.025983999620919643,0.12773859348835243,62.31884057971016,40.179578729368664,37.39932127063134,0.07167560918593391,1.6563146997929712,20.067557336138062,37.83783783783783,22.245322245322168,18593882.5,-27473489.0
2014-11-10,39.59,39.63,39.28,39.3,15189984.0,40.11,37.05,38.58,0.5110714285714292,39.10080450979295,39.172696822191476,38.25161716899721,0.14865566740159863,0.050518333177055445,0.09813733422454318,61.097256857855356,40.214143821143466,37.48985617885653,0.07011962427383246,3.149606299212593,21.432002928265824,37.87561146051709,22.431865828092175,18145713.3,-12283505.0
2014-11-11,39.41,39.53,39.31,39.49,8409408.0,40.11,37.05,38.58,0.499642857142858,39.13787074695553,39.18514008406632,38.26393938622112,0.15814846728986964,0.0720443599996183,0.08610410729025135,65.18518518518519,40.26456791300173,37.57743208699827,0.06904077043250316,0.5602240896358524,21.94154804270558,38.74195854181553,22.230164403145064,17458365.25,-3874097.0
2014-11-12,39.58,39.76,39.41,39.45,14197954.0,40.11,37.19,38.65,0.4889285714285724,39.167597342483575,39.19552674743627,38.27574098436817,0.16059270119333036,0.0897540282383607,0.07083867295496965,62.337662337662344,40.27737097631917,37.714629023680835,0.06571807243405306,0.10149708195890117,23.116614702793672,40.61358655953244,22.71731190650105,16635546.75,-18072051.0
2014-11-13,39.8,39.8,39.53,39.68,12987642.0,40.11,37.945,39.0275,0.4925000000000002,39.216397595580375,39.2145256985172,38.289713710891874,0.1790251613605065,0.10760825486278987,0.07141690649771663,63.19796954314718,40.27408747898986,37.90591252101013,0.0605826287536386,0.5830164765525891,25.063228221375685,40.6091370558375,22.55257432922406,15778852.7,-5084409.0
2014-11-14,40.2,40.47,40.09,40.45,25581299.0,40.47,37.945,39.207499999999996,0.49928571428571444,39.33388353885844,39.26297567112437,38.31120909685315,0.25285087617683644,0.13665677912559918,0.11619409705123726,78.1774580335731,40.46063324274841,37.94036675725159,0.06429169233802678,1.3022789882294106,28.536980716392897,49.64234620886978,14.592274678111627,15754385.5,20496890.0
2014-11-17,39.28,39.3299,39.14,39.25,17179768.0,40.47,37.945,39.207499999999996,0.5028571428571433,39.32589463039573,39.26246682127636,38.32055029986954,0.21208354874031699,0.15174213304854275,0.06034141569177423,49.761904761904724,40.42979480821016,38.07020519178984,0.0601169329024286,-0.7585335018963302,28.616980304232282,33.52272727272723,27.982954545454607,15880288.6,3317122.0
2014-11-18,38.76,38.865,38.71,38.82,13195961.0,40.47,37.945,39.207499999999996,0.5014285714285717,39.277714189405664,39.24511518122631,38.325519948627054,0.14342443409643835,0.1500785932581219,-0.006654159161683548,43.429844097995606,40.40210296180413,38.13889703819588,0.05763119704633895,-2.3887352275584695,28.313257983429455,27.207977207977148,34.18803418803426,15675215.85,-9878839.0
2014-11-19,38.52,38.72,38.425,38.64,15247893.0,40.47,37.945,39.207499999999996,0.49821428571428583,39.21697950470036,39.2213851741194,38.328649103367084,0.07363823961365767,0.13479052252922905,-0.06115228291557137,41.252699784017274,40.360819402962484,38.218180597037524,0.0545346417217058,-2.07805372529144,27.4058197222376,27.383512544802812,37.63440860215063,15603648.65,-25126732.0
2014-11-20,38.37,38.5529,38.32,38.49,12716451.0,40.47,37.945,39.207499999999996,0.4739285714285718,39.14774336139556,39.1927034025853,38.33025458492562,0.006157452031843036,0.10906390842975185,-0.10290645639790881,33.25581395348844,40.3618790582774,38.2161209417226,0.05461472973490804,-2.185514612452344,27.6250941331584,21.55237377543329,41.145440844009066,15549563.45,-37843183.0
2014-11-21,40.0,40.2,39.81,39.91,42952171.0,40.47,37.945,39.207499999999996,0.5517857142857149,39.22033923173884,39.220832680915294,38.34597344477711,0.06649407199444113,0.10054994114268971,-0.03405586914824858,53.37078651685393,40.413916630340765,38.29108336965925,0.053944050840010596,1.6038696537678199,27.156152164941293,39.83300970873784,29.255663430420743,17133318.35,5108988.0
2014-11-24,40.15,40.17,39.97,40.02,17464239.0,40.47,38.32,39.394999999999996,0.5489285714285727,39.296497400144666,39.25217257578136,38.3626304254261,0.12178351416463329,0.10479665574707843,0.01698685841755486,52.390057361376684,40.371179735738764,38.52582026426124,0.046778951581873125,1.8320610687023065,24.864015458083134,37.82823682498365,29.40793754066363,17289635.6,22573227.0
2014-11-25,40.02,40.09,39.68,39.69,12083709.0,40.47,38.32,39.394999999999996,0.5439285714285725,39.33397383822613,39.269342278691894,38.37583808288455,0.13738882054681056,0.11131508870702486,0.026073731839785702,52.19047619047616,40.39418999072852,38.54481000927149,0.04685592625842824,0.5064573309698561,23.07466104545973,38.175968483256646,30.466185160866647,16805600.2,10489518.0
2014-11-26,40.65,40.98,40.64,40.93,23047652.0,40.98,38.32,39.65,0.6160714285714296,39.48597632982364,39.33446611090006,38.40125262932351,0.24696689454371068,0.13844544987436203,0.10852144466934865,62.382445141065794,40.676451625381716,38.41454837461828,0.05719748772334245,3.751584283903675,23.021578413935355,44.02434782608681,25.971014492753604,17030084.5,33537170.0
2014-11-28,40.8,40.8,40.44,40.6,14747975.0,40.98,38.32,39.65,0.6282142857142868,39.592073822221394,39.384094890864766,38.423130712613826,0.30367943805075015,0.17149224750963965,0.1321871905411105,59.93975903614457,40.82664597563611,38.37935402436389,0.06179562031341615,2.318548387096775,22.980526514150807,43.173393973848626,25.696418419556576,17076795.5,18789195.0
2014-12-01,39.53,39.59,39.34,39.5375,21391015.0,40.98,38.32,39.65,0.6932142857142866,39.58687631534317,39.39011077749752,38.43421896422961,0.25989377341323916,0.18917255269035957,0.07072122072287959,51.5457207940124,40.79749182759892,38.36925817240109,0.061344785663118136,-2.255871446229918,21.27369590453563,35.82792375064388,34.62132921174648,16849644.75,-2601820.0
2014-12-02,40.35,40.63,40.29,40.51,18472142.0,40.98,38.32,39.65,0.7548214285714293,39.67479285673906,39.43402800190938,38.454873501898966,0.3002053606811401,0.2113791142885157,0.08882624639262443,56.024808033077356,40.91391511428225,38.348834885717764,0.06472347296969844,3.210191082802538,20.388590560439585,42.745209368346224,31.79559971611068,16789714.85,15870322.0
2014-12-03,40.07,40.39,40.02,40.295,14686471.0,40.98,38.32,39.65,0.7648214285714288,39.73386020371629,39.46779160967764,38.47318321829798,0.31121637223654375,0.2313465658781213,0.07986980635842245,54.89004629629628,40.97317719044923,38.34207280955078,0.06634548541165662,3.7995878413189077,18.96297585011623,40.03829091758108,33.901470931589955,16749367.25,1183851.0
2014-12-04,41.41,41.65,41.28,41.51,23865315.0,41.65,38.32,39.985,0.8366071428571432,39.90301637479093,39.5478782132197,38.50340030070298,0.41321968474021986,0.26772118965054104,0.14549849508967883,59.50649350649349,41.30951068047096,38.21073931952905,0.07793666043408842,7.427536231884058,18.388396370949472,47.01899679829235,30.992529348986075,17294500.0,25049166.0
2014-12-05,41.76,42.0,41.55,41.98,18449460.0,42.0,38.32,40.16,0.8151785714285721,40.100824339096555,39.643255538191475,38.53799333253678,0.5259206311776836,0.3193610779559696,0.20655955322171404,58.2037533512064,41.716403483313606,38.06684651668639,0.09148679620414601,9.067290205248103,15.752274944435452,45.45104052573923,31.807228915662584,17708058.2,43498626.0
2014-12-08,42.09,42.32,41.67,41.68,20026715.0,42.32,38.32,40.32,0.7680357142857146,40.25122202108736,39.723127870027106,38.569257080471736,0.5842940720483156,0.3723476767744388,0.21194639527387682,64.42136498516322,41.977268242114306,38.045981757885684,0.09825360715113726,4.434978702079695,17.5754338201879,51.216926296210104,24.924436177633027,18094661.2,23471911.0
2014-12-09,40.23,40.35,39.96,40.29,33763192.0,42.32,38.32,40.32,0.8523214285714289,40.25491516193618,39.74535814963389,38.586378900566544,0.5124864365817317,0.4003754287358974,0.11211100784583428,57.83164624400639,42.00100594792227,38.121244052077735,0.09684605451905152,0.6746626686656487,17.930644397206798,46.15210559396599,33.1866750471401,19023321.6,-10291281.0
2014-12-10,40.46,40.47,39.85,39.9,21493507.0,42.32,38.32,40.32,0.8683928571428571,40.22111371794226,39.75142253592276,38.59944975727733,0.41927548074231424,0.40415543913718077,0.015120041605133472,56.56591974986972,42.00468607068535,38.15856392931465,0.09595724078978084,0.5291005291005346,18.30345307555546,46.28500925354713,30.228254164096157,19677526.55,-31784788.0
2014-12-11,40.06,40.45,39.98,40.06,18523560.0,42.32,38.32,40.32,0.8848214285714288,40.20576955432871,39.76352361294539,38.61398259551338,0.3542324186944228,0.3941708350486292,-0.03993841635420642,58.17282665278501,42.01221867844027,38.21203132155973,0.09473911833094213,-2.125580258978743,17.668941148659247,45.42563067608468,28.819374369323853,19893806.85,-13261228.0
2014-12-12,39.86,39.96,39.45,39.56,17569012.0,42.32,38.32,40.32,0.8062500000000001,40.14426769201169,39.75554229479067,38.623395704015735,0.2593498781304717,0.3672066436649977,-0.107856765534526,47.98503166378818,42.01271086773825,38.19953913226176,0.09507704210956523,-2.5615763546797954,16.681465153651445,35.26024363233656,36.32336655592457,20122875.35,-30830240.0
2014-12-15,39.79,39.84,39.01,39.45,22974786.0,42.32,38.32,40.32,0.8469642857142858,40.078146959439145,39.74356024401457,38.63162062238374,0.17328122238230037,0.3284215594084583,-0.15514033702615793,46.718480138169255,41.977135202308915,38.135114797691074,0.09591592807886039,-0.22130888397090542,16.256415452166696,33.565254058612595,38.2880033733923,19992549.7,-53805026.0
2014-12-16,39.0,40.0,38.83,39.36,30085640.0,42.32,38.32,40.32,0.90125,40.00975201092113,39.728518665817916,38.63886817837992,0.09669431292281416,0.2820761101113295,-0.18538179718851533,48.046181172291305,41.97352559406484,38.14972440593516,0.0954479801588098,-2.838805233275732,15.836338558536436,31.543491182880835,35.10996631662368,20637843.3,-83890666.0
2014-12-17,39.65,40.79,39.65,40.34,29763831.0,42.32,38.32,40.32,0.91125,40.041204200357214,39.75249832598192,38.65579486317216,0.11376503271469574,0.24841389463200275,-0.13464886191730702,46.395846059865626,41.96048096841482,38.31476903158518,0.09083028546979653,0.11167638664846269,14.46679190852275,30.41348226533408,34.72467176170874,21466236.8,-54126835.0
2014-12-18,40.61,40.72,40.19,40.53,20473606.0,42.32,38.32,40.32,0.9141071428571428,40.08775618127557,39.78298858770812,38.674443670503784,0.14099975582555402,0.22693106687071302,-0.085931311045159,49.56494717215662,41.91896514389605,38.54528485610394,0.0838553839199921,-2.360876897133213,12.962422564448898,30.31842156671221,33.05333072865786,21727522.45,-33653229.0
2014-12-19,39.99,40.46,39.95,40.26,16562800.0,42.32,38.83,40.575,0.8655357142857143,40.104160354487426,39.80169491760192,38.69022035039927,0.1391922054898913,0.20938329459454869,-0.07019108910465738,54.9810410203378,41.794961492159075,38.84628850784091,0.07313063684697758,-4.097189137684609,13.342548871853321,32.019806065607554,27.81101712399414,21919839.9,-50216029.0
2014-12-22,40.98,41.29,40.92,41.25,16284802.0,42.32,38.83,40.575,0.8610714285714286,40.21328793977434,39.85849119534302,38.71569079467391,0.21516415658884824,0.2105394669934086,0.004624689595439629,55.089408528198085,41.90456571892858,38.87068428107142,0.07511908506274288,-1.0316698656429923,12.597687977615603,30.443799253421766,27.95520530900033,20586471.45,-33931227.0
2014-12-23,40.91,40.91,40.54,40.66,18213472.0,42.32,38.83,40.575,0.8767857142857147,40.25583194551012,39.889922913172704,38.73503715492591,0.2251688002522556,0.21346533364517803,0.011703466607077578,52.38718116415954,41.9309038894131,38.908346110586905,0.07477946118565418,0.9183420203524362,12.19465843714937,29.898167006109915,28.350305498981633,20623933.1,-52144699.0
2014-12-24,40.35,40.44,40.215,40.33,5392924.0,42.32,38.83,40.575,0.8117857142857144,40.26289556974725,39.907180838146324,38.75090743199133,0.20411638374635288,0.21159554366541303,-0.0074791599190601465,41.272189349112445,41.92446889693667,38.978781103063326,0.0728200114055578,1.0776942355889663,12.33051404607727,21.205455345358523,33.47998240211167,20289393.85,-57537623.0
2014-12-26,41.67,41.92,41.5737,41.68,14472400.0,42.32,38.83,40.575,0.8903571428571431,40.39785789643799,39.97670315821902,38.78005263167301,0.2929885202873521,0.22787413898980086,0.06511438129755126,48.03664921465971,42.04887976733277,38.92937023266723,0.07704561495625156,4.043934098851709,11.326792256107753,28.39951865222622,30.52547131969508,19860631.25,-43065223.0
2014-12-29,41.67,41.785,41.56,41.59,11797172.0,42.32,38.83,40.575,0.86,40.511395239634375,40.03996970103396,38.80801230697975,0.3520992993973948,0.25271917107131964,0.09938012832607518,49.39434724091524,42.17418982679177,38.903060173208225,0.08069167747015453,5.1314459049545125,9.467840782954047,26.74418604651162,31.716777408637814,19713091.1,-54862395.0
2014-12-30,41.0,41.17,40.92,40.95,12876910.0,42.32,38.83,40.575,0.7850000000000001,40.553167121573956,40.07565716373851,38.82932561735806,0.3433445046899166,0.270844237795039,0.0725002668948776,54.94011976047906,42.18363801811554,39.034861981884454,0.07753839423853147,3.802281368821303,8.864578940777902,29.29936305732483,25.01091901728837,19287385.85,-67739305.0
2014-12-31,41.82,41.85,41.545,41.62,11848258.0,42.32,38.83,40.575,0.8050000000000003,40.65477025285263,40.13621962790563,38.857093521662954,0.38601987060638976,0.29387936435730916,0.0921405062490806,62.35632183908044,42.301433022395095,39.0280669776049,0.08049640154655308,5.741869918699183,8.493923421842787,33.54037267080745,24.389529724933375,18956191.65,-55891047.0
2015-01-02,42.12,42.15,41.63,41.68,15879076.0,42.32,38.83,40.575,0.8035714285714286,40.752411181152375,40.19676003465443,38.88518214333795,0.41984222429472595,0.31907193634479253,0.10077028794993342,61.80758017492708,42.421232551907835,39.046767448092154,0.08284148632139443,3.3217649975210595,8.288839493849244,36.26666666666665,24.432888888888822,19015821.9,-40011971.0
2015-01-05,41.97,41.99,41.415,41.53,19953539.0,42.32,38.83,40.575,0.8010714285714288,40.826467259137864,40.249043954864064,38.91149873892663,0.42959088061128625,0.3411757251980913,0.08841515541319495,65.1305683563748,42.42419164722643,39.04580835277357,0.08293563997674874,2.4673081667900387,9.988073285909625,36.37984841729824,21.70040124832814,18820233.1,-59965510.0
2015-01-06,41.5,41.61,40.82,41.02,23650590.0,42.32,38.83,40.575,0.7982142857142855,40.84489894874378,40.279277525261556,38.93247885097711,0.3916493335019098,0.351270446858855,0.04037888664305478,61.360347322720685,42.27899444590626,39.09500555409374,0.07825568097457464,1.8877297565822238,11.115923959462238,36.51006711409395,23.165100671140905,19080289.6,-83616100.0
2015-01-07,41.96,42.155,41.74,42.1,21729116.0,42.155,38.83,40.4925,0.7957142857142853,40.964432382196755,40.35067840662385,38.96399647435047,0.44361365604012093,0.3697390886951082,0.07387456734501274,67.34177215189875,42.36490389773297,39.05109610226704,0.08140433810223871,2.060606060606074,12.984421018800091,41.517055655296254,21.622082585278253,19165409.65,-61886984.0
2015-01-08,42.36,42.61,42.32,42.44,14266192.0,42.61,38.83,40.72,0.7299999999999994,41.10496263151135,40.43261258675625,38.99858357410818,0.5063935251963798,0.39706997599536253,0.10932354920101728,64.46280991735534,42.62973000921128,39.00126999078872,0.0888990706575335,4.377766847024112,14.517708292377838,41.97651663405091,23.568493150684912,18190559.65,-47620792.0
2015-01-09,42.585,42.63,42.16,42.28,17952876.0,42.63,38.83,40.730000000000004,0.7257142857142854,41.216870952319795,40.5050591519815,39.03123448381855,0.5370456332225544,0.42506510744080095,0.11198052578175344,62.10235131396959,42.80716739115673,39.06183260884327,0.0914957989547561,4.8351103396975015,16.002060647331025,42.2244094488189,25.282480314960637,18013528.1,-65573668.0
2015-01-12,42.33,42.37,41.85,41.9,11738805.0,42.63,38.83,40.730000000000004,0.721428571428571,41.28193086162267,40.55976271464889,39.05977941432782,0.52462724910378,0.44497753577339677,0.07964971333038323,61.17166212534062,42.89906396138577,39.15393603861424,0.09128558182568657,0.527831094049902,17.20193713735847,42.4752475247525,26.125742574257444,17674290.35,-77312473.0
2015-01-13,42.66,42.85,41.98,42.5,21635303.0,42.85,38.83,40.84,0.7157142857142854,41.39793744623003,40.635850451329325,39.09401046493153,0.556782335630615,0.46733849574484043,0.08944383988577453,58.9928057553957,43.02278179515776,39.324218204842246,0.08982873912384216,2.1880259677807157,18.31044714525684,39.3213572854292,26.334331337325363,17877604.9,-55677170.0
2015-01-14,42.08,42.3,41.79,42.05,17434619.0,42.85,38.83,40.84,0.7157142857142854,41.46003864182717,40.691307296375236,39.12342329612624,0.539732533500576,0.4818173032959876,0.05791523020458844,60.2055800293686,43.002047676850296,39.6049523231497,0.08224715468908428,2.6862026862026767,19.78797817621816,39.3213572854292,24.438123752494974,17600596.55,-73111789.0
2015-01-15,42.92,43.02,42.43,42.47,15123888.0,43.02,39.65,41.335,0.7532142857142864,41.55622543784363,40.76105995141935,39.15672256681155,0.5537279018203449,0.4961994230008591,0.05752847881948581,65.50724637681162,42.96715188401914,39.95084811598087,0.07275389584983405,2.042287361845263,20.855296398504816,44.19155998103373,20.13940256045517,16852508.95,-57987901.0
2015-01-16,41.78,42.25,41.73,42.22,22975622.0,43.02,39.95,41.485,0.6925000000000006,41.619442062810904,40.818273286657806,39.18720293928109,0.538439624557256,0.5046474633121385,0.033792161245117525,54.655172413793096,43.00062746007571,40.10537253992428,0.06967619474289294,1.2955854126679434,21.02149476205376,32.80041258380613,29.12532233109851,16513098.5,-80963523.0
2015-01-20,41.75,41.82,41.6,41.76,18603579.0,43.02,39.95,41.485,0.7207142857142864,41.63282853301939,40.85520374600456,39.21280291003452,0.48363040875788954,0.5004440524012888,-0.016813643643399212,51.37763371150725,42.981393904945016,40.247606095055,0.06569315526775564,0.5538165181796284,20.69404737523965,31.516352824578824,29.13776015857279,16419597.15,-99567102.0
2015-01-21,42.55,43.16,42.51,43.09,19692553.0,43.16,40.215,41.6875,0.7728571428571434,41.77160676796993,40.9428428147887,39.25138198555656,0.5412741239149881,0.5086100667040286,0.03266405721095944,65.59766763848398,43.118418901500334,40.393581098499666,0.06525619798353932,5.046318868844457,22.455127935777803,41.77449168207024,21.256931608133048,16576084.8,-79874549.0
2015-01-22,43.3,43.88,43.1,43.86,20525601.0,43.88,40.215,42.0475,0.7650000000000006,41.9705013614966,41.057241135777375,39.29723888122267,0.6416927141501461,0.5352265961932522,0.10646611795689387,66.09195402298852,43.518228499090576,40.25477150090942,0.07791190474690307,4.180522565320666,23.6799993485404,42.57703081232499,21.475256769374376,16788124.75,-59348948.0
2015-01-23,43.68,43.885,43.68,43.75,11296102.0,43.885,40.215,42.05,0.7417857142857146,42.13997742230645,41.16283952260964,39.34154496200652,0.7042805815520481,0.5690373932650113,0.13524318828703674,64.76462196861627,43.76622950418571,40.315770495814284,0.08207366638213709,3.0867106503298825,24.42541339513944,41.06884930187777,22.147327876745273,16442256.25,-70645050.0
2015-01-26,43.6,43.85,43.52,43.73,9732320.0,43.885,40.82,42.3525,0.7242857142857143,42.29140814399155,41.2635124825073,39.38521118129004,0.7436952288720349,0.6039689603864161,0.13972626848561875,65.98837209302322,43.89592885997172,40.52607114002828,0.07983363862366302,3.429517502365176,24.836467985439374,42.06114398422098,22.14003944773166,16659226.05,-80377370.0
2015-01-27,42.63,43.01,42.57,42.89,16362639.0,43.885,40.82,42.3525,0.7507142857142856,42.34841689218283,41.3272963067227,39.42008470187422,0.6990919442495525,0.6229935571590434,0.07609838709050909,62.96809986130372,43.963030294393164,40.57996970560683,0.08003171377373255,2.3627684964200535,24.97152371363789,40.580399619410166,24.738344433872452,16753738.0,-96740009.0
2015-01-28,42.6,42.62,42.06,42.11,16557985.0,43.885,40.82,42.3525,0.7289285714285713,42.325710521498756,41.35799056920416,39.44685002822373,0.5939572688986132,0.6171862995069574,-0.023229030608344137,50.0723589001447,43.96067230173873,40.63432769826127,0.07864163611271272,-0.9176470588235341,23.358770443939026,36.45271925526709,30.475257226849518,16991778.65,-113297994.0
2015-01-29,42.37,42.47,41.865,42.39,11986171.0,43.885,40.82,42.3525,0.7357142857142855,42.331833328975065,41.39846152727459,39.47613510256976,0.5271542352886343,0.5991798866632928,-0.07202565137465855,49.63503649635039,43.90698222069563,40.83201777930437,0.0725749522980271,0.8085612366230732,21.396218607275426,31.699029126213674,32.087378640776635,16947241.7,-101311823.0
2015-01-30,41.83,41.96,41.2,41.24,29188903.0,43.885,40.82,42.3525,0.7871428571428564,42.22784920240601,41.39224734973441,39.49368599707156,0.377070328781798,0.5547579750869939,-0.17768764630519585,43.367346938775526,43.93563456178179,40.765365438218204,0.07485789125426112,-2.89616199670355,20.15383200465123,29.62794918330318,34.57350272232297,17814273.95,-130500726.0
2015-02-02,41.71,42.0501,41.6,41.94,19250098.0,43.885,40.82,42.3525,0.8078642857142851,42.20043499265306,41.41372784582326,39.51802742993652,0.3110265806208048,0.5060116961937561,-0.19498511557295128,50.24509803921569,43.929632010301816,40.79736798969819,0.07393780071532399,-0.6631927996210374,18.602474940633794,29.664636033280072,30.94579181439594,17982825.05,-111250628.0
2015-02-03,42.37,42.89,42.37,42.79,22931578.0,43.885,40.82,42.3525,0.8078642857142851,42.256584040971816,41.4676993028498,39.55058437093218,0.3235447086357439,0.46951829868215367,-0.14597359004640975,51.72413793103448,43.95230987986102,40.900690120138975,0.07192720963836385,2.4664750957854364,17.402432028702524,32.84674759728036,30.94579181439594,18131727.0,-88319050.0
2015-02-04,43.56,43.77,43.12,43.15,24330165.0,43.885,41.2,42.542500000000004,0.8271499999999996,42.34167127516498,41.53367187920863,39.58639945181843,0.35838318832112037,0.44729127660994705,-0.08890808828882668,56.61057692307693,43.93801507765182,41.12798492234818,0.0660670574684042,0.1392434439545065,16.896200413063404,39.680140931425534,28.583518277044213,18165705.75,-63988885.0
2015-02-05,42.77,43.1,42.67,43.01,10307366.0,43.885,41.2,42.542500000000004,0.7921499999999989,42.40532162991117,41.591567099631824,39.620465128914766,0.37042606342138384,0.43191823397223444,-0.0614921705508506,53.35820895522388,43.983412808685266,41.17358719131473,0.06599165347230493,-1.9379844961240345,14.333205437350125,34.94107357012115,33.904112677072305,17594618.25,-74296251.0
2015-02-06,42.19,42.37,42.0,42.04,13684510.0,43.885,41.2,42.542500000000004,0.8114357142857129,42.370529093729154,41.60915270356783,39.64454010275641,0.2982610674068198,0.4051868006591515,-0.10692573325233173,48.97260273972603,43.98296702868033,41.13403297131966,0.06694159938345257,-3.908571428571428,14.045488776653215,34.1106152234576,32.83421800864425,17565534.15,-87980761.0
2015-02-09,41.97,42.1899,41.87,41.94,9099627.0,43.885,41.2,42.542500000000004,0.7899999999999991,42.329526322897806,41.622127107349485,39.667380499743906,0.2303453461144187,0.370218509750205,-0.13987316363578628,51.07142857142858,43.987907891807005,41.09509210819299,0.06799985387478137,-4.09329979419163,13.901565329562343,35.03616636528033,33.725135623869804,17122871.7,-97080388.0
2015-02-10,42.24,42.3,42.0,42.13,8972868.0,43.885,41.2,42.542500000000004,0.715714285714285,42.31052381595516,41.642043691374994,39.691884176363374,0.18966670013188747,0.33410814782654147,-0.144441447694654,43.38842975206611,43.9814787639147,41.12452123608529,0.06713880402860922,-1.7719748193051998,12.792026231144124,26.39820359281439,37.22554890219561,16984574.85,-88107520.0
2015-02-11,41.93,42.18,41.8,42.11,12236817.0,43.885,41.2,42.542500000000004,0.6864285714285708,42.29142630967372,41.66039491916421,39.71594503032991,0.15403908062840088,0.29809433438691335,-0.14405525375851247,36.55913978494625,43.9756077410686,41.09139225893139,0.06781044311277483,0.0,12.884693124541368,20.03225806451608,40.89490114464103,16514650.55,-100344337.0
2015-02-12,42.55,42.8,42.48,42.71,11386344.0,43.885,41.2,42.542500000000004,0.721071428571428,42.33129047065717,41.7015559027264,39.74573662206792,0.17223352026950778,0.27292217156343224,-0.10068865129392446,42.571428571428584,43.992134115608515,41.140865884391495,0.06698385423318853,0.7548950224109507,12.281153049531538,25.161961367013348,38.93016344725114,16212236.8,-88957993.0
2015-02-13,42.9,43.09,42.9,42.98,11988979.0,43.885,41.2,42.542500000000004,0.7246428571428568,42.393072330594585,41.75169096536458,39.77791834722148,0.2060641095009217,0.2595505591509301,-0.05348644965000843,44.827586206896555,44.02856901202961,41.15543098797039,0.06745722257840008,4.219204655674091,11.081975010598155,27.896500739280462,37.161163134549085,16055491.35,-76969014.0
2015-02-17,43.2,43.28,42.97,43.14,9907672.0,43.885,41.2,42.542500000000004,0.6639285714285715,42.46420829910939,41.80613445691891,39.81137189600535,0.24298478072780227,0.2562374034663046,-0.013252622738502307,51.90258751902587,44.083306013857325,41.19269398614267,0.0677942686738274,2.8612303290414864,9.594321554579148,32.491662183969865,30.33889187735341,15402093.85,-67061342.0
2015-02-18,43.11,43.24,42.92,43.1,6969843.0,43.885,41.2,42.542500000000004,0.6275000000000003,42.5247598896704,41.85687428213778,39.84409456370679,0.2659512920226206,0.2581801811775678,0.0077711108450527755,58.49056603773586,44.10237347605675,41.30762652394325,0.06544308516832922,0.7244683337228386,9.832757463905462,34.3779169038133,26.863972680705732,14820407.05,-74031185.0
2015-02-19,42.95,43.23,42.89,43.06,5326436.0,43.885,41.2,42.542500000000004,0.6085714285714288,42.57573513827322,41.90405568283826,39.876093622774384,0.27772333030747376,0.262088811003549,0.015634519303924732,55.992844364937405,44.09919676996553,41.30780323003448,0.06536685611088201,-0.208574739281564,10.91936724080948,35.44718309859153,25.762910798122064,14102101.2,-79357621.0
2015-02-20,43.02,43.36,42.89,43.33,14538391.0,43.885,41.2,42.542500000000004,0.5571428571428575,42.6475698870091,41.959975067825,39.91046085040847,0.30531996052715016,0.2707350409082693,0.03458491961888088,72.18683651804666,43.99838842451,41.35561157549,0.06192508491740271,0.7440130202278628,12.841767346572697,40.385897435897434,19.615384615384617,13802740.7,-64819230.0
2015-02-23,43.19,43.25,42.88,42.97,13024958.0,43.85,41.2,42.525000000000006,0.5314214285714287,42.67827751681776,41.99958388869461,39.940904026026296,0.2947438735422523,0.27553680743506587,0.01920706610718642,61.784897025171624,43.868996173412135,41.40700382658786,0.05774174086083481,2.2121788772597517,15.051033313580458,41.129585075068235,20.699202946276145,13889183.5,-77844188.0
2015-02-24,43.22,43.68,43.14,43.5,14411718.0,43.77,41.2,42.485,0.5142785714285714,42.756536800930355,42.05842373619678,39.97631791631459,0.32537806324306473,0.28550505859666564,0.03987300464639909,58.76543209876543,43.81821305271359,41.43478694728641,0.05591418731134802,3.71959942775395,16.7305688944549,36.80745565910641,21.389185960916116,14123153.4,-63432470.0
2015-02-25,43.3,43.4,43.19,43.24,10458919.0,43.77,41.2,42.485,0.46642142857142843,42.802580915127464,42.104760060267495,40.00879236490848,0.3249304561625834,0.2933901381098492,0.03154031805273422,51.13924050632916,43.86199490103831,41.42600509896169,0.05712385803575227,2.634702112508891,16.065991547735084,27.10761267400726,23.58382211059893,13827967.4,-73891389.0
2015-02-26,43.75,43.83,43.655,43.77,11653874.0,43.83,41.2,42.515,0.4742785714285712,42.89471606606771,42.17006358731583,40.04621731650143,0.3631560579523736,0.30734332207835413,0.05581273587401947,58.755760368663644,44.015950613568464,41.43804938643153,0.06033424361965348,3.9420565186416567,18.36844829328533,33.134535158662025,16.41590987816087,13582761.85,-62237515.0
2015-02-27,43.81,43.96,43.72,43.76,10249186.0,43.96,41.2,42.58,0.4192785714285715,42.97712405977555,42.23241403487207,40.08317037802878,0.388168639890786,0.3235083856408405,0.06466025424994548,75.44378698224843,44.152842217255795,41.4381577827442,0.06343387586338743,2.4584406462186736,23.19337799255525,39.69573587284283,7.155147447145635,13495912.6,-72486701.0
2015-03-02,43.61,43.9,43.54,43.85,11828465.0,43.96,41.6,42.78,0.4221428571428569,43.060255101701685,42.29584877860258,40.12065126978969,0.41052130505745055,0.34091096952416255,0.06961033553328799,78.3382789317507,44.14885946173958,41.70314053826042,0.05697523467080936,2.024197301070285,27.80217299235277,39.42639593908635,7.952622673434842,12627890.7,-60658236.0
2015-03-03,42.8,42.83,42.55,42.7,15854861.0,43.96,41.8,42.879999999999995,0.4892857142857144,43.02594509201581,42.311697846108366,40.14631643128432,0.3316178797030531,0.3390523515599407,-0.007434471856887559,56.58198614318706,44.10214993000309,41.82585006999691,0.05298156270380264,-1.0199350950394037,28.061773109695963,32.40875912408767,21.313868613138695,12458128.85,-76513097.0
2015-03-04,42.08,42.09,41.765,42.02,16799186.0,43.96,41.765,42.8625,0.5289285714285715,42.930140797538115,42.30025871488843,40.16496004888348,0.21177482132335967,0.3135968455126245,-0.10182202418926484,49.09819639278561,44.138091396450164,41.712908603549835,0.0564974850124129,-2.5058004640371223,25.9090032795095,29.97974341661047,27.616475354490134,12151509.25,-93312283.0
2015-03-05,41.81,41.9,41.59,41.7,14699415.0,43.96,41.59,42.775000000000006,0.5103571428571431,42.81298453110591,42.276719157441825,40.18023407824782,0.08994023346093627,0.2688655231022869,-0.17892528964135063,39.27813163481956,44.177316705644905,41.5286832943551,0.061807420980790326,-3.1583836507199203,25.533894197963328,22.393282015395492,31.070678796360962,11669971.75,-108011698.0
2015-03-06,41.53,41.57,41.1,41.26,21034973.0,43.96,41.1,42.53,0.5260714285714287,42.66508124242916,42.236847817934304,40.19097801776775,-0.041638890744224,0.20676464033298472,-0.24840353107720872,32.377049180327916,44.26571016071876,41.265289839281245,0.07015983260893749,-4.777290560812375,27.004264006816012,17.786829599456915,36.79565512559393,12206352.1,-129046671.0
2015-03-09,41.69,41.92,41.65,41.74,14518012.0,43.96,41.1,42.53,0.5510714285714288,42.57697826695971,42.21736358978002,40.20639117181981,-0.10596283260587569,0.14421914574521263,-0.25018197835108835,36.53846153846158,44.28681788103471,41.2141821189653,0.07187368012232395,-2.862462182918313,28.878461190889812,19.053791315618994,35.12637718729737,12248027.2,-114528659.0
2015-03-10,40.94,40.94,40.64,40.77,30339591.0,43.96,40.64,42.3,0.6067857142857146,42.40488509867784,42.16060423331806,40.211999219861404,-0.23253044708317105,0.0688692271795359,-0.301399674262707,30.99510603588911,44.43364592449894,40.95035407550106,0.08159120793117866,-6.27586206896551,31.059337458411346,17.304296645085408,43.20188346085924,13310025.4,-144868250.0
2015-03-11,40.86,40.98,40.72,40.87,16059637.0,43.96,40.64,42.3,0.601071428571429,42.25870556547042,42.10999230259971,40.218546491305574,-0.32106598039634804,-0.009117814335640878,-0.3119481660607072,32.31017770597735,44.53923724071055,40.71876275928946,0.08962148962962037,-5.481036077705836,32.88347020257037,17.944147355912108,43.256090314913735,13664363.85,-128808613.0
2015-03-12,41.52,41.565,41.19,41.28,23642566.0,43.96,40.64,42.3,0.6171428571428577,42.16549551161609,42.0774435848507,40.22910821776025,-0.3540660024463165,-0.078107451957776,-0.27595855048854045,33.807266982622494,44.57952488887631,40.59547511112369,0.09354974529504237,-5.688827964359156,32.54541666124785,22.743055555555575,42.12962962962952,14234651.3,-105166047.0
2015-03-13,41.53,41.58,41.265,41.49,10544198.0,43.96,40.64,42.3,0.6075000000000007,42.101162605747895,42.054406581523224,40.24165440464821,-0.35913364362567535,-0.13431269029135587,-0.22482095333431948,38.02588996763759,44.576601666287104,40.47639833371289,0.09641525478405724,-5.187385740402184,32.28600855017732,23.2804232804233,42.68077601410924,14192544.0,-94621849.0
2015-03-16,42.17,42.29,42.08,42.24,16845946.0,43.96,40.64,42.3,0.6139285714285718,42.11438521472429,42.06168475479682,40.261538440422854,-0.2991822668445394,-0.1672866056019926,-0.1318956612425468,40.156250000000036,44.53183586598326,40.44716413401675,0.09613367377743932,-3.671607753705819,32.05503434995252,26.294357184409584,42.23385689354268,14435392.35,-77775903.0
2015-03-17,41.96,42.51,41.92,42.42,14410433.0,43.96,40.64,42.3,0.6339285714285714,42.14349138475055,42.07573633304008,40.28301566987138,-0.23444335606907174,-0.18071795569540844,-0.0537254003736633,43.512658227848114,44.472809678814826,40.434190321185184,0.09513042169973362,-0.6557377049180357,32.90290237211044,27.943661971831034,40.901408450704174,14660530.4,-63365470.0
2015-03-18,42.59,43.39,42.33,43.16,24157116.0,43.96,40.64,42.3,0.6675000000000004,42.240301729060015,42.11825647684243,40.311642379623905,-0.12201892903907208,-0.16897815036414118,0.046959221325069106,45.32924961715157,44.48002766487988,40.432972335120134,0.09532239656494866,2.7129938124702324,31.2550535092935,31.353665061530283,38.84430176565001,15519894.05,-39208354.0
2015-03-19,43.23,43.31,42.92,43.15,14920228.0,43.96,40.64,42.3,0.678214285714286,42.32693965962573,42.15871700716234,40.33988474400576,-0.0333443046817834,-0.14185138122766963,0.10850707654588623,45.32924961715161,44.49056982738175,40.43143017261825,0.09559689255466189,3.477218225419665,27.21595254177884,29.489204844655113,38.23064770932063,15999583.65,-54128582.0
2015-03-20,43.25,43.53,43.17,43.34,17869119.0,43.96,40.64,42.3,0.6796428571428577,42.42342159680423,42.20504183041088,40.36973663710023,0.05166680334379947,-0.10314774431337581,0.15481454765717528,46.15384615384617,44.49197596183427,40.43102403816573,0.0956384471502076,5.0412021328162915,22.94568742515511,31.739358906988972,36.25853914871249,16166120.05,-36259463.0
2015-03-23,43.24,43.365,43.09,43.2,11829274.0,43.96,40.64,42.3,0.6064285714285715,42.49738144472764,42.24405979784574,40.3978984616067,0.106514061160496,-0.061215383218601455,0.16772944437909745,54.44839857651245,44.51815447878959,40.42784552121041,0.09630374491039442,3.4978437949209518,22.087181683164857,35.57126030624267,29.917550058892715,16106335.85,-48088737.0
2015-03-24,42.87,43.06,42.84,43.0,9433411.0,43.96,40.64,42.3,0.5653571428571428,42.5452498785631,42.273704511655716,40.423790019202656,0.1323173080406974,-0.022508844966741683,0.1548261530074391,59.53307392996104,44.45210736134503,40.44389263865497,0.09442646821263795,5.469708118714722,23.236884517177668,38.15540113708153,25.331648768161664,15857420.5,-57522148.0
2015-03-25,42.86,42.97,42.47,42.51,20655022.0,43.96,40.64,42.3,0.5725,42.541892747271376,42.282971001394706,40.4445483274693,0.11193731846774568,0.00438038772015579,0.10755693074758989,57.627118644067735,44.381167618235025,40.44183238176498,0.09288365741532469,4.012723268901386,23.199630643491265,37.67935121646916,27.44853399875237,16367225.65,-78177170.0
2015-03-26,42.5,42.575,42.31,42.47,13964290.0,43.96,40.64,42.3,0.5485714285714286,42.535045818959816,42.29030547192825,40.46470207545468,0.09150356802206261,0.021805023780537156,0.06969854424152545,62.32179226069246,44.21036440663575,40.482635593364265,0.08802920697747116,2.8827519379844846,22.391881483942832,39.32291666666671,24.3489583333333,16482746.45,-92141460.0
2015-03-27,43.1,43.27,43.0,43.1,18854656.0,43.9,40.64,42.269999999999996,0.5585714285714286,42.58885097905888,42.3220581985193,40.49092394535066,0.12470785393473705,0.04238558981137713,0.08232226412335991,63.438735177865595,44.093473684018186,40.533526315981824,0.08413266139734035,3.88045312123404,22.312789510717273,43.03069053708442,23.913043478260835,16913019.95,-73286804.0
2015-03-30,44.11,44.93,44.11,44.74,30505892.0,44.93,40.64,42.785,0.6107142857142855,42.793722314386606,42.41687944563619,40.533203309078516,0.28012764655652234,0.08993400116040619,0.19019364539611616,84.64223385689351,44.333477024339196,40.38252297566081,0.09327527382497718,5.918560606060597,24.310760629383708,58.7719298245614,10.058479532163739,17846891.3,-42780912.0
2015-03-31,44.12,44.78,44.06,44.4,18767346.0,44.93,40.64,42.785,0.6435714285714285,42.94670114158788,42.494648879140655,40.57167889804291,0.3715804453735174,0.14626329000302843,0.225317155370489,79.56448911222775,44.616777696474976,40.26922230352502,0.10243280147374025,4.667609618104662,26.294128842648927,55.327413984461714,10.09988901220862,17992515.55,-61548258.0
2015-04-01,45.06,45.25,44.96,45.2,22064000.0,45.25,40.64,42.945,0.6546428571428571,43.161301032865225,42.60074107995867,40.61773184433105,0.5028146274053711,0.21757355748349697,0.28524106992187415,80.81761006289302,45.088245107959,40.115754892041,0.1167196426439604,4.726598702502338,29.053277314967506,53.1369339879978,9.92907801418436,18255756.25,-39484258.0
2015-04-02,45.44,45.77,45.34,45.66,16494978.0,45.77,40.64,43.205,0.6728571428571429,43.39927236306853,42.7207120179995,40.667903666775516,0.6365985064627466,0.30137854727934693,0.3352199591833997,81.54311649016634,45.59531186472291,40.004688135277085,0.1306220497534071,5.816917728852844,32.02687725613731,57.059447983014856,9.660297239915035,18345534.4,-22989280.0
2015-04-06,45.8,46.47,45.8,46.22,14081903.0,46.47,40.64,43.555,0.673571428571429,43.66791309039534,42.8579389976858,40.72314840640959,0.778832616761683,0.3968693611758142,0.38196325558586885,80.99688473520243,46.1331126397602,39.96288736023979,0.14333361084186047,6.645131518227965,35.43660965808424,56.89289501590659,9.65005302226931,17997880.9,-8907377.0
2015-04-07,46.5,46.7,46.34,46.37,17823643.0,46.7,40.64,43.67,0.6657142857142867,43.925254700833875,42.9956668801295,40.77933598445527,0.8933598243547252,0.49616745381159644,0.3971923705431287,80.90766823161182,46.634405128473965,39.92459487152603,0.1550343755576643,7.337962962962941,39.166649654817995,57.67167381974241,9.763948497854026,18163162.45,8916266.0
2015-04-08,49.05,49.42,48.7,49.22,50991333.0,49.42,40.72,45.07,0.807857142857144,44.42951615789732,43.23975837502638,40.86332269107761,1.2002588066643298,0.6369857243821432,0.5632730822821866,85.64705882352936,47.77721184467211,39.62678815532789,0.18650001577374542,14.465116279069768,43.94731167572393,63.79310344827574,8.045977011494209,19195749.55,59907599.0
2015-04-09,50.09,51.24,50.03,51.12,50440874.0,51.24,41.19,46.215,0.9242857142857156,45.06670509524043,43.54878745835868,40.96537918171366,1.5785955158053042,0.8253076826667755,0.7532878331385288,88.35418671799802,49.25409678838322,39.17490321161678,0.22796127009841663,20.254057868736773,48.86096194661509,69.82225656877885,7.032457496135976,20914811.4,110348473.0
2015-04-10,50.23,50.92,50.07,50.79,34120426.0,51.24,41.265,46.2525,0.9721428571428581,45.61178080045563,43.83275657763873,41.06313660279113,1.8306986866045847,1.0263858834543373,0.8043128031502473,85.37511870845199,50.32340039407896,39.056599605921036,0.252110109379233,19.59029903461267,54.19233968312152,64.76855253490072,6.686260102865509,21438704.4,76228047.0
2015-04-13,51.83,52.01,51.26,51.34,29955373.0,52.01,41.92,46.965,1.0396428571428582,46.15732548612652,44.12715828047643,41.165393950027045,2.051227396642709,1.2313541860920116,0.8198732105506972,87.20292504570381,51.33620791089737,39.02879208910262,0.27239342271443034,19.11832946635732,59.61401604886236,68.05221573342483,5.702507729302628,22409263.15,106183420.0
2015-04-14,50.53,51.18,50.3849,50.99,20236209.0,52.01,41.92,46.965,1.082150000000001,46.61758020173352,44.39628932830088,41.26315122415613,2.1727102618105576,1.4196254012357208,0.7530848605748368,86.02344454463478,52.126906452297966,39.11309354770203,0.28526551741771017,13.969602145730885,63.4842491050483,65.37910640853846,9.604557065629885,22578776.3,85947211.0
2015-04-15,51.1,51.39,50.96,51.34,13862236.0,52.01,42.31,47.16,1.075007142857144,47.06733446823509,44.668591707583204,41.363418376154584,2.2710491417932275,1.5899101493472223,0.6811389924460052,90.31963470319633,52.8656018459295,39.26639815407051,0.2952112988290494,15.630630630630638,68.12100446438033,67.20885575511116,7.209918870970883,22551366.45,99809447.0
2015-04-16,51.86,52.56,51.71,52.23,20500407.0,52.56,42.31,47.435,1.1432214285714295,47.55901689983175,44.9651175229721,41.4715435664416,2.393211521930155,1.750570423863809,0.6426410980663462,91.35593220338981,53.702097316468226,39.33690268353179,0.3087994203062465,15.553097345132727,72.50168935989397,70.50877532786416,5.780032614604049,22368531.0,120309854.0
2015-04-17,49.62,50.22,49.47,50.03,42016876.0,52.56,42.31,47.435,1.283221428571429,47.79434862365729,45.16374036520849,41.55670233692477,2.2861511471436415,1.8576865685197754,0.4284645786238661,75.91623036649214,54.025599883194346,39.70140011680566,0.30565791642512163,9.57074025405169,74.31750844468372,58.947626230858674,17.618048327034053,23723363.4,78292978.0
2015-04-20,50.13,50.59,50.07,50.41,20385653.0,52.56,42.31,47.435,1.1925071428571437,48.04345827854707,45.3694760371611,41.64479485098522,2.2065323219161,1.9274557191990405,0.2790766027170597,73.41040462427745,54.34467504723369,40.089324952766304,0.3019113898483044,9.065339679792284,72.77775563763562,55.704967325742274,18.95825721319425,23849190.1,98678631.0
2015-04-21,51.74,51.82,51.39,51.5,18211451.0,52.56,42.31,47.435,1.2417928571428583,48.37265272820925,45.609888741586154,41.74285659376149,2.205958799906874,1.9831563353406072,0.22280246456626673,77.60497667185072,54.74138771514265,40.522612284857345,0.29851308847592595,11.063187405650222,71.7216656735793,60.569108029289396,17.918217324030323,24168298.95,116890082.0
2015-04-22,52.17,52.41,52.07,52.39,17977623.0,52.56,42.31,47.435,1.2460785714285723,48.75525723028456,45.87577545760239,41.848798319196696,2.2513674786756397,2.0367985640076136,0.21456891466802608,77.76061776061778,55.16296928203073,41.04003071796927,0.29360703021863055,6.440471353108501,70.73788342009911,61.04866122865441,17.85659010266491,24595509.55,134867705.0
2015-04-23,51.61,52.04,51.56,51.85,13631106.0,52.56,42.31,47.435,1.2646500000000007,49.049994636924126,46.11005877299053,41.94831276378181,2.218210546330077,2.0730809604721063,0.14512958585797087,73.7528779739064,55.30067341928887,41.83632658071113,0.27722385576202146,1.4280125195618165,69.0413590742364,57.215152696115744,20.474891415467823,24244313.75,121236599.0
2015-04-24,51.98,52.06,51.81,51.92,12633017.0,52.56,43.0,47.78,1.2246500000000005,49.32332848102659,46.33789960542227,42.047533532301394,2.172538185702301,2.0929724055181453,0.07956578018415561,72.72727272727275,55.2793530215165,42.802646978483494,0.25441377710554447,2.224847410907671,67.15232676982285,55.117788755971084,21.143650372409578,24177750.1,133869616.0
2015-04-27,52.68,52.85,52.42,52.711,22311360.0,52.85,44.06,48.455,1.2567928571428573,49.645963863785965,46.58782511109199,42.1536376762586,2.1750964423534427,2.109397212885205,0.0656992294682377,74.0535619452242,55.29646550086379,43.746634499136206,0.23322838242598593,2.6704324113751454,65.42266787083108,56.89083892674663,20.602895124210693,24350585.3,156180976.0
2015-04-28,52.64,52.77,52.38,52.71,14032462.0,52.85,44.06,48.455,1.066792857142857,49.937776829139686,46.827910400853085,42.258676107340605,2.1522335785632762,2.1179644860208193,0.034269092542456914,66.88927603561753,55.39800161389933,44.44209838610066,0.21946899547974555,3.3732104334183166,62.24328918614801,48.81118974764146,24.540177166540538,23526913.8,142148514.0
2015-04-29,52.07,52.225,51.68,51.98,23908176.0,52.85,44.96,48.905,0.9960785714285711,50.132274273983526,47.0299531302314,42.355405698312346,2.051560581820972,2.10468370518085,-0.05312312335987768,54.69329840646147,55.18592615106026,45.412173848939744,0.19431286082183488,1.2465913517724747,57.21006821642829,39.22524757800231,31.302034406350614,23783955.3,118240338.0
2015-04-30,51.57,51.66,51.27,51.33,23049172.0,52.85,45.34,49.095,0.9717928571428567,50.246343390747,47.19858241924193,42.44470514410028,1.897454267201546,2.063237817584989,-0.16578355038344306,52.84750052731491,54.87591556921641,46.33518443078359,0.16877064152909746,-1.7231476163124593,51.888454476358625,40.2055111686059,35.09786771137292,23833213.9,95191166.0
2015-05-01,51.5,51.96,51.42,51.8,15258324.0,52.85,45.8,49.325,0.9296499999999998,50.39431068686633,47.379030167506954,42.53779265510426,1.792585168656963,2.009107287799384,-0.21652211914242114,52.44628802382469,54.51676890070828,47.30833109929171,0.14158469378211394,3.5378772736358144,45.92197188669077,35.95823312921152,36.688922866516556,23771381.2,110449490.0
2015-05-04,51.64,52.37,51.58,52.21,26652863.0,52.85,46.34,49.595,0.9178571428571425,50.56723347859335,47.56847996485963,42.6340335242077,1.7227010012085628,1.95182603048122,-0.2291250292726572,56.44683999154513,54.098450670660846,48.32564932933915,0.11272349654664665,3.5707200952192153,41.55444775529135,39.610894941634285,30.350194552529185,24399929.2,137102353.0
2015-05-05,50.75,50.9,50.25,50.33,26758221.0,52.85,48.7,50.775000000000006,1.027142857142857,50.54463981396541,47.676774868198464,42.71061030506136,1.498345018151177,1.8611298280152115,-0.3627848098640345,45.40574963609895,53.25237124463503,49.56772875536497,0.07167163792429809,-2.2718446601941777,36.04291429821998,33.93602225312937,36.36995827538246,24846658.1,110344132.0
2015-05-06,50.36,50.45,49.23,49.31,27443009.0,52.85,49.23,51.04,1.0271428571428574,50.42705506977823,47.74082291258284,42.77627587416523,1.2241248602782804,1.7337288344678254,-0.5096039741895451,36.87286459269918,53.234653348717465,49.59444665128253,0.07080110002781186,-5.87898453903416,31.803988375494953,25.799721835883172,43.46314325452016,23669241.9,82901123.0
2015-05-07,49.0,49.32,48.88,49.29,20368033.0,52.85,48.88,50.865,0.8614285714285715,50.31876411075173,47.801574955226656,42.841089049546675,0.9937344247906452,1.5857299525323896,-0.5919955277417444,45.8622232162827,53.37476019550235,49.27133980449766,0.07995277737789726,-4.937319189971079,28.523650632079104,30.762852404643453,36.15257048092862,22165599.85,62533090.0
2015-05-08,50.39,50.72,50.27,50.51,19110818.0,52.85,48.88,50.865,0.9235714285714286,50.3369770525849,47.90778770208051,42.91739662119298,0.899226426334053,1.4484292472927223,-0.5492028209586692,50.5111429155592,53.379807956836565,49.23829204316343,0.08071706479993553,-2.7157164869029304,25.306451445860123,36.65893271461712,33.72003093580814,21415119.45,81643908.0
2015-05-11,50.75,50.79,50.03,50.07,17209746.0,52.85,48.88,50.865,0.8771428571428567,50.311550666624434,47.99258034121461,42.98856680406668,0.779834388496738,1.3147102755335256,-0.5348758870367876,42.17038983793254,53.388927803967086,49.10217219603292,0.08365127524115105,-5.0103393978486395,22.384957052817576,28.58306188925081,37.45928338762213,20777838.1,64434162.0
2015-05-12,49.38,49.86,49.34,49.79,17242185.0,52.85,48.88,50.865,0.8642857142857139,50.26187917456497,48.06306738665718,43.05624275626502,0.6550704341968867,1.1827823072661978,-0.5277118730693111,34.74536493780802,53.42411838415509,48.946981615844905,0.0874687635145112,-5.539745778789607,20.536962474335485,24.132231404958702,43.719008264462765,20628136.9,47191977.0
2015-05-13,49.4,49.665,49.16,49.21,14524911.0,52.85,48.88,50.865,0.8499999999999999,50.16170020555878,48.10804513620004,43.117474171625574,0.5035879009511675,1.0469434260031918,-0.5433555250520243,34.58304134548001,53.48322369326361,48.674876306736394,0.09413541141675925,-5.328972681800681,19.008212605257977,24.53781512605044,41.68067226890758,20661270.65,32667066.0
2015-05-14,49.45,49.73,49.4,49.66,15613967.0,52.85,48.88,50.865,0.8692857142857139,50.113919233600804,48.16890611125102,43.18257393111189,0.4150635469728883,0.9205674501971312,-0.5055039032242429,37.36300603891743,53.370381005411154,48.530718994588845,0.09498743410664476,-3.2534580167543403,17.624208169745256,24.36318816762529,40.75595727198031,20416948.65,48281033.0
2015-05-15,50.28,50.66,50.22,50.6,25626289.0,52.85,48.88,50.865,0.8742857142857139,50.16021263992454,48.264243126496076,43.25637916562819,0.4159625454574467,0.8196464692491943,-0.40368392379174756,38.38961610383898,53.366439807875786,48.591660192124216,0.09366160443852072,-2.316602316602312,15.922328217347216,25.36764705882352,40.52287581699349,19597419.3,73907322.0
2015-05-18,49.79,49.99,49.65,49.85,17328717.0,52.85,48.88,50.865,0.914285714285714,50.130668578979346,48.32642967055506,43.32198733313438,0.35209751526207356,0.7261366784517702,-0.37403916318969666,35.46747967479675,53.379326362926825,48.522773637073165,0.09531801063675156,-4.520206856923958,15.540899123421456,24.257812499999982,42.89062500000003,19444572.5,56578605.0
2015-05-19,50.53,50.6,50.33,50.53,16438527.0,52.85,48.88,50.865,0.894285714285714,50.168700142886074,48.41284419327839,43.39370885220767,0.35229331764163163,0.6513680062897426,-0.29907468864811093,42.59448416751789,53.32339765276691,48.4817023472331,0.09511695004540643,0.3973773097556199,15.641282760677326,29.67252396166132,38.25878594249202,19355926.3,73017132.0
2015-05-20,49.99,50.18,49.76,50.04,14639404.0,52.85,48.88,50.865,0.8985714285714289,50.156442986420736,48.47665422491453,43.45984110243447,0.30934366631345256,0.5829631382944847,-0.2736194719810321,43.30218068535826,53.12880995492884,48.441290045071156,0.0923011774106294,1.4804299330764437,16.174853205605,29.531001589825078,39.34817170111288,19189015.35,58377728.0
2015-05-21,49.76,49.91,49.65,49.84,11028780.0,52.85,48.88,50.865,0.8814285714285717,50.12630555914257,48.53011876511396,43.52332527056945,0.25621395468809993,0.5176133015732077,-0.2613993468851078,39.52991452991457,53.00832854502704,48.36077145497296,0.09169573548653542,1.1158449989856045,17.489440570485232,27.674230145867025,41.00486223662886,19058899.05,47348948.0
2015-05-22,51.13,51.58,50.98,51.34,28090403.0,52.85,48.88,50.865,0.9492857142857142,50.2418955058909,48.640310186089884,43.60110312857374,0.33132641475725677,0.48035592421001755,-0.14902950945276078,45.83732057416269,52.92832733876224,48.38277266123777,0.08973458342717558,1.6432389625816723,16.82643145175318,35.176824680210665,38.073739653875116,19831768.35,75439351.0
2015-05-26,52.06,52.08,51.4101,51.6,21120711.0,52.77,48.88,50.825,0.8621428571428567,50.37123879104415,48.756376453302046,43.68069414221978,0.4071401494011013,0.46571276924823435,-0.05857261984713302,57.19139297848247,52.709706889097845,48.49029311090216,0.08338762407501357,3.05572198921511,17.73821144906676,42.874896437448214,30.90306545153278,19772235.9,96560062.0
2015-05-27,51.26,51.63,51.13,51.55,16959991.0,52.37,48.88,50.625,0.8107142857142848,50.483501763325656,48.86593031787844,43.75899569304347,0.45790999677845434,0.46415221475427837,-0.006242217975824027,64.24936386768445,52.46278492727693,48.621215072723075,0.07600747605068761,3.5348463546897024,17.827997369078826,45.59471365638769,26.3444933920705,19918612.35,79600071.0
2015-05-28,49.61,49.85,49.34,49.68,31854922.0,52.37,48.88,50.625,0.937142857142856,50.40697778586607,48.89785461913811,43.81791115878433,0.3432948060139509,0.4399807330062129,-0.09668592699226197,52.00823892893924,52.25861820889889,48.59538179110111,0.07264434564415445,0.9550904287746409,17.80662109024732,39.44359756097564,33.76600609756104,20315949.65,47745149.0
2015-05-29,49.48,49.55,48.71,48.76,26243141.0,52.37,48.71,50.54,0.904285714285713,50.25012275864073,48.892448555642495,43.86708617212976,0.17619407471966042,0.38722340134890243,-0.211029326629242,40.70138150903294,52.22169115288583,48.37530884711418,0.07647111356743551,-1.8123238018526,18.547304563990654,29.81832543443921,39.969194312796304,20475648.1,21502008.0
2015-06-01,49.54,49.58,49.15,49.3,18701886.0,52.37,48.71,50.54,0.9085714285714275,50.15963487686542,48.90843096522514,43.92114501618817,0.08634371174299815,0.3270474634277216,-0.24070375168472347,45.95162986330177,52.008748728306,48.338251271694006,0.07315609747400514,-2.5691699604743157,18.42794325122171,29.913522012578646,37.89386792452837,20647826.2,40203894.0
2015-06-02,49.22,49.56,49.16,49.31,10837949.0,52.08,48.71,50.394999999999996,0.8849999999999996,50.0787172695449,48.92417877051043,43.97476546378829,0.015761875089005173,0.26479034575997834,-0.24902847067097317,47.40259740259742,51.62958219980679,48.4274178001932,0.06400680411392694,-1.0832497492477389,16.658639803099405,30.710250201775636,33.334140435835415,19857080.5,51041843.0
2015-06-03,49.46,49.79,49.355,49.65,12611645.0,52.08,48.71,50.394999999999996,0.8742857142857134,50.03788705339777,48.95264234813747,44.03123545917348,-0.01259440006828072,0.20931339659432655,-0.22190779666260727,52.44444444444444,51.59750343106677,48.391496568933235,0.0641271912337064,-1.741539679398385,14.885418759761881,32.96568627450981,32.272058823529434,19149751.7,63653488.0
2015-06-04,49.61,49.65,49.24,49.34,11922315.0,52.08,48.71,50.394999999999996,0.8664285714285705,49.97142161974084,48.96783284428895,44.0840589869429,-0.05939667376622282,0.1555713825222167,-0.2149680562884395,48.19413092550794,51.59636048571012,48.39563951428987,0.0640195409916844,-1.3988808952837606,13.171851300172435,32.728771640560616,33.512778235779045,18373717.0,51731173.0
2015-06-05,48.72,49.05,48.51,48.96,15388703.0,52.08,48.51,50.295,0.8542857142857139,49.87509575119409,48.967525673924676,44.13257581294347,-0.1257016269624316,0.09931678062528704,-0.22501840758771863,40.120481927710834,51.61688527119539,48.34211472880461,0.0655222749805577,-1.765650080256831,13.128984152241491,25.4180602006689,40.0928093645485,18124750.5,36342470.0
2015-06-08,49.34,49.54,49.3,49.41,18824885.0,52.08,48.51,50.295,0.8278571428571421,49.830800917747034,48.98487760828057,44.185087496396775,-0.14032001904536173,0.05138942069115729,-0.19170943973651902,47.24999999999997,51.56075342266095,48.28824657733905,0.06554911607170627,-3.7592520451889544,11.787158640683655,30.457290767903405,36.45470232959449,18110453.85,55167355.0
2015-06-09,48.4,48.76,48.36,48.73,27628509.0,52.08,48.36,50.22,0.8492857142857133,49.72596273510446,48.974882407955846,44.23031050638288,-0.20441910094457683,0.00022771636401046298,-0.20464681730858728,38.74999999999997,51.576323036729114,48.13867696327089,0.06894942733707517,-5.562015503875973,12.867782946177998,24.558452481076575,43.440706476030286,18631392.0,27538846.0
2015-06-10,47.87,48.39,47.85,48.27,27533926.0,52.08,47.85,49.965,0.8571428571428557,49.587299617475466,48.94723996058503,44.270506421742255,-0.28900477364687305,-0.05761878163816624,-0.2313859920087068,38.89585947302385,51.641508771912285,47.92149122808772,0.07472690746210074,-6.362754607177489,13.794610105513838,24.33333333333339,42.54250000000002,19145979.05,4920.0
2015-06-11,48.62,48.85,48.47,48.69,34152787.0,52.08,47.85,49.965,0.870714285714284,49.50184251104923,48.93715211899346,44.31448148222243,-0.31847782463987073,-0.10979059023850715,-0.20868723440136358,42.97924297924293,51.66307465191883,47.84792534808116,0.07667794120926674,-1.9927536231884146,13.785646988202666,27.72764561115676,40.97703035274819,20127372.85,34157707.0
2015-06-12,49.06,49.21,48.975,49.1,16774778.0,52.08,47.85,49.965,0.7835714285714275,49.46357179571121,48.94353831040548,44.36209858190181,-0.30523331673251164,-0.14887913553730805,-0.15635418119520358,34.22535211267602,51.657287280344676,47.79771271965532,0.07761449018529692,0.6972928630024633,16.460454205102554,18.869644484959007,45.534184138559716,20185413.4,50932485.0
2015-06-15,47.73,47.77,47.5,47.61,20337185.0,52.08,47.5,49.79,0.8449999999999994,49.28704114850062,48.89124269038958,44.394416008947566,-0.41023852202751243,-0.20115101283534895,-0.20908750919216348,26.05042016806719,51.678873001500236,47.477126998499756,0.08475021184800678,-3.4279918864097314,19.654662814140142,13.271344040574823,54.69230769230769,19920958.2,30595300.0
2015-06-16,46.73,47.06,46.64,46.99,19794207.0,52.08,46.64,49.36,0.8785714285714279,49.06827532483389,48.81668415351156,44.4202427153262,-0.5372911641016245,-0.26837904308860405,-0.2689121210130204,24.38202247191009,51.82707903407781,47.04292096592219,0.09677673850825567,-4.7049280064895616,22.284239595180875,12.764227642276435,57.317073170731724,20044232.7,10801093.0
2015-06-17,47.16,47.39,46.81,47.13,16086068.0,52.08,46.64,49.36,0.7621428571428568,48.883677674849714,48.750539676903266,44.44720547437768,-0.6195427649961402,-0.3386117874701113,-0.28093097752602897,32.217573221757306,51.80792413530292,46.72207586469708,0.10323451274953489,-5.0755287009063395,25.082248115245573,17.806935332708523,49.2970946579194,20026609.75,26887161.0
2015-06-18,46.85,47.3,46.81,47.22,16663135.0,52.08,46.64,49.36,0.7278571428571422,48.725232182006884,48.690518513103136,44.47479546965751,-0.6697450988594085,-0.40483844974797073,-0.26490664911143774,37.85488958990533,51.79546638226841,46.452533617731596,0.10876420414739865,-4.296716659910826,27.029508943972903,18.645731108930327,45.436702649656524,20127796.3,43550296.0
2015-06-19,46.72,46.99,46.68,46.79,22281582.0,52.08,46.64,49.36,0.7078571428571421,48.54092435514909,48.61598837533439,44.497832330655946,-0.7357469832382151,-0.47102015644601963,-0.26472682679219545,29.855537720706224,51.8136361499316,46.1293638500684,0.11607306902715243,-4.432189542483666,29.302409278344985,18.86982845610494,48.03229061553989,20690436.4,21268714.0
2015-06-22,47.44,47.65,47.24,47.4,18500678.0,52.08,46.64,49.36,0.7407142857142845,48.432264892753935,48.56830255669382,44.526709620898174,-0.7304123116462478,-0.5228985874860653,-0.20751372416018243,36.01756954611999,51.467684184685965,46.08131581531403,0.110434107358803,-4.068002428658158,31.194756585695583,24.39729990356797,45.90163934426235,20210950.15,39769392.0
2015-06-23,48.44,48.59,48.39,48.5,19015945.0,51.63,46.64,49.135000000000005,0.7914285714285708,48.438715855348796,48.565624025058774,44.56624484855093,-0.6301596508645488,-0.5443508001617621,-0.08580885070278677,42.424242424242415,50.96198159011142,46.27701840988858,0.09635975648089423,-0.47198850810588056,32.47595442381193,29.24187725631773,42.960288808664274,20105711.85,58785337.0
2015-06-24,48.59,48.77,48.28,48.36,16290927.0,49.85,46.64,48.245000000000005,0.7971428571428569,48.431219107220336,48.55756033780157,44.60399365602804,-0.5556009035186094,-0.5466008208331316,-0.009000082685477806,43.3962264150943,50.353757056616416,46.56624294338357,0.07815753432176735,0.18645121193288094,33.47634953178663,30.645161290322605,41.62186379928319,20072258.65,42494410.0
2015-06-25,47.9,47.91,47.53,47.56,14403588.0,49.79,46.64,48.215,0.7971428571428564,48.348245858913636,48.51844032455445,44.63340665447552,-0.554671960116309,-0.5482150486897671,-0.0064569114265419225,41.07142857142856,50.19687418538777,46.51112581461223,0.0762242703969794,-2.3208050934483415,32.97623574147872,30.645161290322626,41.801075268817236,19199691.95,28090822.0
2015-06-26,46.54,46.805,46.16,46.21,28083269.0,49.79,46.16,47.974999999999994,0.8557142857142855,48.14460339615996,48.4279132530033,44.64909415045089,-0.6553154151701577,-0.5696351219858453,-0.08568029318431236,31.693363844393602,50.29066314124995,46.16233685875005,0.08560285906088766,-5.885947046843176,34.80991835042476,24.457429048414024,50.37562604340572,19291698.35,7553.0
2015-06-29,45.44,45.67,44.98,45.0,25666514.0,49.79,44.98,47.385,0.8685714285714289,47.845117358430436,48.29348528229728,44.65258575094392,-0.8232233595551364,-0.6203527694997035,-0.20287059005543284,29.88133764832793,50.46408424395467,45.55891575604532,0.10216653276630287,-5.482041587901698,35.422102793083475,24.095394736842092,51.60361842105266,19639929.75,-25658961.0
2015-06-30,46.22,46.245,45.75,46.1,24952847.0,49.79,44.98,47.385,0.8946428571428575,47.67891570524658,48.20746625161896,44.666987882775324,-0.8576444172977276,-0.6678110990593084,-0.1898333182384192,39.051463168516634,50.36515278186046,45.33684721813954,0.10508255968988987,-1.894020004256225,35.218631249007416,27.9840319361277,46.027944111776485,20345674.65,-706114.0
2015-07-01,45.7,46.06,45.5,45.73,18253926.0,49.65,44.98,47.315,0.8960714285714292,47.493304685699286,48.11031071233979,44.67756511777259,-0.904354426443092,-0.7151197645360652,-0.18923466190702687,34.98985801217039,50.18974798913646,45.120252010863545,0.10637909932374172,-2.970507107999165,36.182696327398396,24.272618573136647,47.94738939816663,20627788.7,-18960040.0
2015-07-02,46.02,46.34,45.73,45.81,15883776.0,49.54,44.98,47.26,0.9025000000000009,47.332989953727925,48.02010244911078,44.688833126550975,-0.9242627877228671,-0.7569483691734256,-0.1673144185494415,32.73871983210914,50.01082803229914,44.94617196770087,0.10667262159921369,-2.98602287166454,35.65142932451549,23.466561139691283,47.605856747131,20825861.75,-3076264.0
2015-07-06,43.93,44.33,43.6,43.84,35975665.0,49.54,43.6,46.57,0.9460714285714295,47.00032424384907,47.856176862871145,44.68038702578927,-1.0864785945634594,-0.8228544142514324,-0.26362418031202706,31.16883116883119,50.13141099174668,44.31358900825332,0.12320021141390991,-6.3047659756358065,34.0448432793163,22.385805964514862,50.3586258965647,21855209.85,-39051929.0
2015-07-07,41.52,42.07,40.71,41.96,86345604.0,49.21,40.71,44.96,1.100357142857144,46.520293363482494,47.62495424079777,44.65331849816948,-1.3511607384463886,-0.9285156790904237,-0.42264505935596497,27.68411712511093,50.41376501086159,43.286234989138414,0.15213511252344022,-11.476793248945139,33.01563474093095,19.246997728010342,56.475170399221,25231245.8,-125397533.0
2015-07-08,39.67,40.17,38.88,38.95,100572563.0,49.21,38.88,44.045,1.2789285714285725,45.79931304315083,47.284759956844916,44.59656906037675,-1.783248905437901,-1.099462324359919,-0.683786581077982,21.074964639321095,51.26899948526666,41.45300051473335,0.2117296643845757,-19.690721649484534,33.94722346274982,14.716559620217792,58.81038815973187,28878448.5,-225970096.0
2015-07-09,41.35,41.47,40.795,40.9,50659252.0,49.21,38.88,44.045,1.4239285714285725,45.332711800945994,47.034377213439235,44.55978727868146,-1.945902040198341,-1.2687502675276034,-0.6771517726707375,30.250000000000014,51.38025561122856,40.60474438877144,0.2342884431691499,-15.425971877584788,34.21763530711983,19.739152244795548,52.821670428893874,30034714.8,-175310844.0
2015-07-10,42.8,42.83,42.155,42.76,52808334.0,49.21,38.88,44.045,1.523214285714287,45.087691629427326,46.86675457761809,44.5418789475503,-1.9027852421878748,-1.3955572624596577,-0.5072279797282171,38.43947217441194,51.11131706803742,40.28068293196259,0.23701492769771607,-10.092514718250644,33.42738806895924,24.83001172332938,48.76905041031648,30967492.15,-122502510.0
2015-07-13,43.16,43.21,42.8,42.91,28490827.0,48.77,38.88,43.825,1.4939285714285728,44.88029242662472,46.711587731436985,44.52564134608214,-1.835354300815716,-1.4835166701308695,-0.3518376306848465,36.77077195050088,50.68904467213702,40.083955327862974,0.2336617572245943,-7.141311404457918,33.73764929871927,23.978006215634693,49.725077695433846,31553294.6,-94011683.0
2015-07-14,42.41,42.78,42.34,42.72,17176495.0,48.77,38.88,43.825,1.4496428571428577,44.6745502907557,46.555054879223775,44.50767476552411,-1.7767647678225273,-1.5421662896692012,-0.23459847815332613,32.00498132004981,50.463778887395115,39.82022111260489,0.23577949082429275,-5.066666666666664,35.625520550333405,20.078837152007857,53.51071692535101,31395260.1,-111188178.0
2015-07-15,42.17,42.25,41.7,41.73,32861683.0,48.77,38.88,43.825,1.4875000000000003,44.39411692973135,46.365837040822846,44.48003621064327,-1.7895876149894292,-1.591650554733247,-0.1979370602561823,30.396215257244222,50.33445752821096,39.42354247178905,0.24311849765863572,-9.479392624728856,38.0690967585698,18.703481392557002,55.222088835534166,32048633.9,-144049861.0
2015-07-16,42.31,42.56,42.21,42.54,18382196.0,48.77,38.88,43.825,1.4875000000000007,44.217534364995025,46.21580421569254,44.4607323677513,-1.714624459749949,-1.6162453357365874,-0.09837912401336157,35.16548463356975,50.09241127595361,39.2065887240464,0.24380614680807647,-6.975727093811502,40.09522107196409,20.192076830732272,51.62064825930366,32163440.3,-125667665.0
2015-07-17,42.93,42.965,42.68,42.84,15003086.0,48.77,38.88,43.825,1.4178571428571434,44.08634061594788,46.08341973664578,44.44460567752492,-1.6124211391520618,-1.6154804964196823,0.0030593572676205216,39.38248267170764,49.78975554531672,39.07124445468328,0.2412421892761378,-6.483300589390961,40.05672766046542,23.2241813602015,47.25440806045332,32080437.85,-110664579.0
2015-07-20,42.57,42.75,42.35,42.57,12497547.0,48.77,38.88,43.825,1.3650000000000004,43.941927223952845,45.94563857050281,44.42595288471373,-1.535510604334327,-1.5994865180026112,0.06397591366828426,41.8620227729404,49.519579343994714,38.91942065600528,0.2397168373226616,-2.89689781021899,39.591986665711694,24.12349555206697,44.63631606488741,31591236.1,-123162126.0
2015-07-21,42.95,43.065,42.71,42.75,16987047.0,48.77,38.88,43.825,1.3114285714285718,43.828410345481146,45.82031941087525,44.409276736607126,-1.443395392105792,-1.5682682928232474,0.12487290071745538,38.04425410421129,49.10444632039389,38.86955367960611,0.23267994272825554,1.8827454718779668,40.168679281691524,23.69281045751634,46.459694989106666,31515554.55,-106175079.0
2015-07-22,42.35,42.49,42.25,42.31,16495845.0,48.77,38.88,43.825,1.3042857142857147,43.683799836387706,45.682659826135044,44.388388410869744,-1.389876118797332,-1.5325898580180644,0.14271373922073227,37.85511363636366,48.37741209324366,38.97758790675634,0.21520975757512043,8.626444159178437,40.222650298153475,23.822562979189488,47.86418400876224,31389549.55,-122670924.0
2015-07-23,42.63,42.68,42.2301,42.3,17193910.0,47.91,38.88,43.394999999999996,1.2928499999999998,43.552009375779356,45.55000649961995,44.36760842668199,-1.3329037409197966,-1.4926526345984108,0.15974889367861422,37.4732334047109,47.55614145559673,39.192858544403265,0.1928156615336999,3.4229828850855792,40.258162669968726,23.53604163558914,48.287559599776735,31434698.7,-139864834.0
2015-07-24,42.15,42.17,41.47,41.74,25724041.0,46.805,38.88,42.8425,1.194278571428571,43.37943705427656,45.40059448002701,44.34146306920257,-1.3177498409767736,-1.4576720758740835,0.13992223489730993,41.66666666666666,46.825682166654644,39.34131783334536,0.1737176490607608,-2.385406922357336,39.42160993747557,25.47862128362011,44.07980908976725,32000721.35,-165588875.0
2015-07-27,40.04,40.47,39.79,40.13,52248372.0,46.34,38.88,42.61,1.1099928571428568,43.06996685863117,45.19390450041811,44.299557964036374,-1.4192930835743809,-1.449996277414143,0.030703193839762166,42.57907542579076,46.43919498297711,39.11980501702289,0.17109573431092498,-6.478676299230934,37.21238018398172,27.41330381791388,39.640538227401684,33208976.5,-217837247.0
2015-07-28,40.5,40.8,40.155,40.79,26738090.0,46.34,38.88,42.61,0.9378499999999994,42.85282715780915,45.02120236314681,44.264636989269846,-1.4300259023209492,-1.4460022023955044,0.015976300074555194,59.21843687374748,46.17483678878773,38.963163211212276,0.16941139274062,-4.517790262172284,33.13695361674808,34.95837744384953,32.978925962878606,33262555.3,-191099157.0
2015-07-29,40.72,41.41,40.6,41.27,39144584.0,46.34,38.88,42.61,0.8157071428571422,42.70208171420828,44.87409638812145,44.23483960629204,-1.3838476161272837,-1.4335712851418603,0.04972366901457659,52.17391304347828,45.56584834445067,39.08915165554933,0.1530139197661412,-1.1023244668104337,30.253605666740192,34.150912004483416,37.91714463349064,33972142.15,-151954573.0
2015-07-30,40.53,40.73,40.36,40.64,17014673.0,46.34,38.88,42.61,0.7428499999999997,42.50569297952178,44.708053392508845,44.19907005797073,-1.3821541142248037,-1.423287850958449,0.04113373673364529,35.43956043956048,44.9672054631909,39.1787945368091,0.13758018031473393,-4.466384579219551,29.969752722489883,24.423311762613103,43.94369176626697,33910179.5,-168969246.0
2015-07-31,40.72,40.9,40.34,40.48,24221496.0,44.33,38.88,41.605000000000004,0.750707142857142,42.31276983861495,44.54224737711634,44.16206438575212,-1.377839785221731,-1.4141982378111055,0.036358452589374535,33.33333333333337,44.18801013567479,39.42498986432521,0.11393013697270939,-5.508870214752582,29.793412762684035,22.169573449794967,43.48376292828668,34327065.5,-193190742.0
2015-08-03,40.08,40.12,39.67,39.89,19596660.0,43.21,38.88,41.045,0.7678499999999993,42.082029853984956,44.35980630350394,44.1195562824113,-1.4058232620971367,-1.4125232426683119,0.006699980571175157,31.59947984395322,43.93495334161591,39.283046658384094,0.1118004922788775,-6.295513272257458,29.009786578951207,21.674620229025393,44.466460153117794,33508115.25,-212787402.0
2015-08-04,40.16,40.42,39.985,40.17,18230904.0,43.21,38.88,41.045,0.7328499999999997,41.899931772653055,44.19550017395476,44.08025721492462,-1.3893906783146477,-1.407896729797579,0.018506051482931385,38.825214899713515,43.92498036563997,39.114019634360034,0.11587231857994278,-6.035087719298238,27.074520554980353,25.633778106999127,40.35224514858825,30102380.25,-194556498.0
2015-08-05,40.65,40.82,40.29,40.44,15680077.0,43.21,39.67,41.44,0.7199928571428563,41.760890651448,44.048225657329084,44.0440357500995,-1.3391441733190916,-1.3941462185018816,0.05500204518278995,33.69565217391303,43.74303062602298,39.444969373977024,0.10333368399398841,-4.419758922240613,25.427108926688057,26.984394686455243,41.072828103453496,25857755.95,-178876421.0
2015-08-06,40.36,40.43,39.96,40.11,14786440.0,43.21,39.67,41.44,0.7239214285714272,41.60366297035772,43.89378543547304,44.00489111577016,-1.3108411375155171,-1.3774852023046087,0.06664406478909157,28.90262751159193,43.784746387145184,39.32425361285481,0.10734078798422247,-5.1773049645389975,25.260427572261612,22.841863264561095,44.10600992609706,24064115.35,-193662861.0
2015-08-07,40.69,40.75,40.37,40.53,13365205.0,43.21,39.67,41.44,0.7346357142857128,41.50140935413317,43.76187228114077,43.97031508476747,-1.2402237603188055,-1.350032913907448,0.10980915358864252,34.59214501510574,43.64224484647401,39.24375515352599,0.1061334771360186,-2.898897939626255,24.71632742636618,25.62008381219072,40.25415900981062,22091958.9,-180297656.0
2015-08-10,41.12,41.55,41.09,41.44,23333260.0,43.065,39.67,41.3675,0.7721357142857127,41.49556084421573,43.67081846619407,43.94513782024242,-1.0981705586938162,-1.2996604428647218,0.20148988417090563,41.08843537414963,43.45776772835016,39.28123227164984,0.10095687539613293,3.264390730127076,23.40185274790003,28.862431659867376,38.29915170353114,21834080.55,-156964396.0
2015-08-11,40.65,40.94,40.45,40.9,25276442.0,43.065,39.67,41.3675,0.8071357142857123,41.438840763814234,43.56215891850019,43.914837941434044,-1.0174374741307162,-1.2432158491179208,0.22577837498720466,40.536912751677825,43.275606064179975,39.28139393582001,0.09676253081773714,0.2696739396911063,22.158503344811212,27.61086381295414,38.23131178152032,22239077.9,-182240838.0
2015-08-12,39.78,40.14,39.65,40.01,43454289.0,43.065,39.65,41.3575,0.8642857142857123,41.30276069107002,43.42285856875508,43.87598383256405,-1.013587479397458,-1.1972901751738283,0.18370269577637033,36.25450180072028,43.254812192407535,39.130187807592456,0.10013046998397958,-3.053065180518544,21.640241541770347,24.214876033057905,42.31487603305801,22768708.2,-225695127.0
2015-08-13,40.41,40.64,40.25,40.31,21946503.0,43.065,39.65,41.3575,0.8499999999999984,41.20821205382526,43.30078568370586,43.84050140636939,-0.9750886233597456,-1.1528498648110117,0.17776124145126615,41.14002478314747,43.07661519336904,39.08538480663097,0.09715514195706207,-0.812007874015741,20.582853402363984,28.823529411764753,36.63865546218499,22946923.55,-203748624.0
2015-08-14,40.31,40.46,40.26,40.43,10136328.0,43.065,39.65,41.3575,0.7249999999999984,41.134096620127615,43.1882058529723,43.80656606899258,-0.9242409313261035,-1.10712807811403,0.1828871467879265,52.27963525835864,42.79330601667008,39.12769398332991,0.08949138885853854,-0.12351778656125578,20.157139782571893,33.79310344827593,26.403940886699633,22703585.65,-193612296.0
2015-08-17,39.83,40.19,39.74,40.17,14383366.0,43.065,39.65,41.3575,0.72642857142857,41.042277894401174,43.069844839130255,43.77038133198768,-0.8946110765267932,-1.0646246777965827,0.17001360126978948,44.983818770226556,42.538950997079056,39.142049002920956,0.08317483855873702,0.7019303083479533,20.062401005531346,30.481809242871265,31.465093411996158,22797876.6,-207995662.0
2015-08-18,39.3,39.53,39.22,39.33,19740761.0,42.68,39.22,40.95,0.7364285714285705,40.87920380922011,42.92318425720358,43.72619843316193,-0.9282103518090778,-1.0373418125990816,0.1091314607900038,35.1681957186544,42.24250215812906,39.09649784187094,0.07735537236155139,-2.091112770724435,21.10388845935571,24.15130940834146,36.08147429679932,22935562.3,-227736423.0
2015-08-19,38.91,38.95,38.11,38.45,42856547.0,42.68,38.11,40.394999999999996,0.7585714285714273,40.64785106548486,42.74776526672501,43.6736989462648,-1.0141561047874035,-1.032704671036746,0.018548566249342535,33.87334315169366,42.1462339844874,38.8067660155126,0.08250387185094565,-4.920870425321455,21.183079596010096,23.446327683615877,43.22033898305095,24253597.4,-270592970.0
2015-08-20,37.78,37.96,37.45,37.5,37234562.0,42.17,37.45,39.81,0.7899999999999991,40.34805572591487,42.54197055038286,43.61226910600346,-1.1457186621945041,-1.0553074692682978,-0.09041119292620636,30.343007915567284,42.162797512137665,38.310202487862334,0.09574876105713298,-6.507105459985041,21.62884168376167,20.976491862567837,47.4683544303798,25255630.0,-307827532.0
2015-08-21,37.24,37.5,36.43,36.56,53147132.0,41.55,36.43,38.989999999999995,0.808571428571428,39.98728851392298,42.30738346997569,43.54209727410293,-1.3107238719898646,-1.1063907498126113,-0.2043331221772533,29.003783102143743,42.385380701714396,37.569619298285616,0.12046179484531998,-9.795213422156424,22.12560671689047,20.494699646643124,49.46996466431099,26626784.55,-360974664.0
2015-08-24,33.42,35.69,32.8,34.23,59935668.0,41.55,32.8,37.175,1.0392857142857141,39.43897532212079,41.99062333389821,43.4494395897835,-1.6109333796986007,-1.2072992757898093,-0.4036341039087914,20.240480961923822,43.201171250404784,36.16382874959521,0.1773412083616096,-17.398648648648653,25.110139406496945,13.883161512027463,63.43642611683853,27011149.35,-420910332.0
2015-08-25,36.6,36.68,34.97,35.01,44696157.0,41.55,32.8,37.175,1.167857142857143,39.017168148585476,41.71687339923554,43.365465066502075,-1.7655598215820945,-1.3189513849482664,-0.4466084366338281,24.11820781696855,43.4391670779078,35.347832922092195,0.20539769646808745,-14.400977995110031,27.625232102445235,15.963302752293574,56.452599388379234,27909052.7,-376214175.0
2015-08-26,35.44,35.84,34.455,35.79,59175415.0,41.55,32.8,37.175,1.2325000000000006,38.70981880110114,41.48444699142238,43.290087304646335,-1.8043633322135264,-1.4160337744013185,-0.3883295578122079,30.255941499085935,43.36729063315997,34.87170936684004,0.21716998597425657,-10.5473631592102,29.398674448907876,15.126050420168058,54.56389452332658,28910594.25,-317038760.0
2015-08-27,36.63,37.66,36.55,37.47,57231555.0,41.55,32.8,37.175,1.3203571428571432,38.59174082004389,41.32701769764111,43.23217598818219,-1.6801853039935537,-1.4688640803197657,-0.21132122367378803,37.45901639344262,43.20647263502432,34.71552736497568,0.21793447986572834,-7.045398164227246,30.613566565572494,22.23424398160666,50.93318907222074,30921438.35,-259807205.0
2015-08-28,36.41,36.68,36.16,36.36,34281681.0,41.55,32.8,37.175,1.3410714285714296,38.3791940752778,41.13223268989048,43.16379612760327,-1.652294423718729,-1.5055501489995584,-0.1467442747191705,29.51612903225808,43.08903422132108,34.42096577867891,0.22366322907088548,-10.066782092505566,33.1473291216323,17.62982689747,52.223701731025294,31424447.6,-294088886.0
2015-08-31,36.09,36.34,35.735,35.91,33104711.0,41.55,32.8,37.175,1.3150000000000013,38.14403273477515,40.92743925107125,43.09161905170672,-1.647510464258751,-1.533942212051397,-0.113568252207354,29.731925264013,43.033712761996966,34.07828723800303,0.23227060701301844,-10.604929051531009,35.47247276461582,17.979359043997782,52.09125475285168,32099850.15,-327193597.0
2015-09-01,34.61,34.8,34.0,34.28,52583611.0,41.55,32.8,37.175,1.3621428571428582,37.77602961717752,40.66675535887238,43.0039412501972,-1.755015789875472,-1.5781569276162122,-0.17685886225925973,28.045977011494273,43.05583119203818,33.46716880796182,0.2506086375096731,-12.840071192473934,37.25422062984171,17.357105401153603,55.19140010487672,33817485.5,-379777208.0
2015-09-02,34.56,34.68,34.1,34.67,24583122.0,41.55,32.8,37.175,1.3585714285714292,37.48021727268442,40.431588482053854,42.921016461638025,-1.7881323180381372,-1.6201520057005974,-0.16798031233753985,28.53881278538813,42.90773232890066,33.03826767109934,0.2599074252179527,-9.83094928478544,40.53399816911088,14.773922187171367,55.336487907465795,34262637.75,-355194086.0
2015-09-03,34.92,35.52,34.77,34.87,25361941.0,41.55,32.8,37.175,1.4050000000000007,37.23162515147638,40.2134869729537,42.840906845104314,-1.7777463236580289,-1.6516708692920838,-0.12607545436594503,28.971255673222373,42.723804236731354,32.69819576326864,0.26585368920110075,-7.013333333333338,43.12156407987843,18.55617691916623,53.5078800203355,34791412.8,-329832145.0
2015-09-04,33.83,33.99,33.35,33.58,40894421.0,41.55,32.8,37.175,1.4642857142857149,36.883851327526244,39.95335022891631,42.74875851828736,-1.852255914116256,-1.6917878782569185,-0.16046803585933755,26.877192982456123,42.515142660867035,32.21185733913297,0.27575803449179187,-8.150984682713357,46.692146541718884,17.804878048780473,55.73170731707317,36167873.6,-370726566.0
2015-09-08,35.865,36.02,35.56,35.95,43644525.0,40.94,32.8,36.87,1.5707142857142864,36.79491310585708,39.79635610229214,42.68110917979694,-1.7004642153115483,-1.6935231456678446,-0.006941069643703779,39.290240811153375,41.89985133072282,32.27814866927718,0.25942200278911914,5.024832018697056,47.52768997992842,25.829922692132772,49.5907230559345,37183436.85,-327082041.0
2015-09-09,36.81,36.98,35.95,35.99,28563740.0,40.64,32.8,36.72,1.5571428571428574,36.71825471482307,39.64708723553559,42.61453097900294,-1.558969702398329,-1.6666124570139416,0.10764275461561246,41.76706827309236,41.325371202264265,32.36162879773573,0.24329236919751196,2.799200228506149,46.780248485038065,30.458715596330237,44.93119266055046,37347801.75,-298518301.0
2015-09-10,35.88,36.41,35.83,36.06,23118166.0,40.64,32.8,36.72,1.5271428571428574,36.65556378960182,39.50641714786752,42.54931176528152,-1.4247620959575045,-1.6182423848026541,0.19348028884514967,44.879089615931726,40.881714815707184,32.41028518429282,0.23116928536305098,0.7544006705783923,45.19069836070532,31.057062675397535,43.28811973807301,36330995.6,-275400135.0
2015-09-11,35.86,36.355,35.75,36.34,23290001.0,40.46,32.8,36.629999999999995,1.4939285714285713,36.62551009535403,39.38224392638252,42.48752756861206,-1.281040898934549,-1.5508020876290332,0.2697611886944842,49.17910447761194,40.316452666658414,32.5785473333416,0.21230277339507006,-3.015745930077385,43.03256450748622,31.747549605546233,39.756155868993574,36398170.5,-252110134.0
2015-09-14,35.92,36.01,35.63,35.98,18000064.0,40.19,32.8,36.495,1.2760714285714283,36.564032943415555,39.24882259593615,42.42277605051642,-1.1825580135298424,-1.4771532728091952,0.2945952592793528,57.65529308836395,39.61134720139887,32.83865279860113,0.18696188827599006,-1.045104510451056,39.60001546340374,37.167646235656285,26.896165687097678,36791357.3,-270110198.0
2015-09-15,36.03,36.57,35.95,36.45,14773309.0,39.53,32.8,36.165,1.145357142857142,36.553172663090265,39.13906484707591,42.363345443048594,-1.0544297356369299,-1.3926085653747422,0.3381788297378123,56.474820143884905,38.87729377953517,33.20070622046483,0.157512349373466,1.5037593984962516,36.51738485438866,38.72778297474274,29.965700031181807,36810854.45,-255336889.0
2015-09-16,37.16,37.65,37.09,37.54,30074512.0,38.95,32.8,35.875,1.1321428571428558,36.64715621898643,39.07635642170038,42.315351956053085,-0.855076472494197,-1.2851021467986332,0.43002567430443617,57.65529308836395,38.44276228907146,33.45623771092854,0.13870914972789383,9.509918319719946,34.325691937307134,45.99369085173502,27.06624605678236,37327542.0,-225262377.0
2015-09-17,36.76,37.94,36.66,37.11,28673100.0,37.96,32.8,35.379999999999995,1.0899999999999987,36.69123657908296,38.99924440516311,42.263557409226685,-0.7234455515419782,-1.1727708277473023,0.44932527620532414,48.23182711198428,38.15509068489096,33.60990931510904,0.126668469860849,7.037784828381888,32.04972744642061,35.845347313237255,30.930537352555774,36618369.65,-253935477.0
2015-09-18,36.68,36.92,36.185,36.29,32333996.0,37.94,32.8,35.37,1.0624999999999984,36.65302357155125,38.892999526529266,42.20411902704533,-0.6774846242826413,-1.0737135870543701,0.3962289627717288,49.646107178968656,37.97453681428276,33.66946318571725,0.12017959992645605,4.072268425580727,28.974625519944947,36.773109243697526,32.3025210084034,36373341.35,-286269473.0
2015-09-21,36.75,36.99,36.56,36.81,20131084.0,37.94,32.8,35.37,1.0678571428571415,36.66797370759399,38.81131327058694,42.15044620090558,-0.5922732468084249,-0.9774255190051812,0.3851522721967563,54.51807228915665,38.00788421531235,33.661115784687645,0.12130121616388416,9.618820726623012,26.33258108026359,37.05685618729101,29.297658862876307,34722538.95,-266138389.0
2015-09-22,36.08,36.23,35.87,36.17,19400309.0,37.94,33.35,35.644999999999996,0.9985714285714279,36.62054764020408,38.70773235801491,42.09093927353339,-0.5698167744647193,-0.8959037700970889,0.32608699563236954,60.53511705685618,37.972503623091896,33.890496376908104,0.11360525572780965,0.6119610570236356,24.382204443864048,39.628040057224624,23.85550786838348,32695771.0,-285538698.0
2015-09-23,35.92,35.965,35.55,35.66,16769061.0,37.94,33.35,35.644999999999996,1.0014285714285711,36.5290669125656,38.58821344201432,42.02694982802559,-0.5864127944294495,-0.8340055749635611,0.2475927805341116,55.44554455445541,37.96349888458941,33.9645011154106,0.11119446583191006,-0.9169213670464194,21.71399042925021,39.51497860199715,26.069900142653417,31299416.2,-302307759.0
2015-09-24,35.04,35.53,34.82,35.38,25845148.0,37.94,33.35,35.644999999999996,1.000714285714285,36.41963196851173,38.46240115017062,41.96081102376663,-0.6150687896219935,-0.7902182178952476,0.17514942827325408,52.780806979280285,37.95885448103085,33.92814551896915,0.1121401355477818,-1.8857459789240139,18.49730270644303,33.54746609564596,31.299072091363367,29632902.85,-328152907.0
2015-09-25,35.92,36.03,35.19,35.26,22034858.0,37.94,33.35,35.644999999999996,0.9521428571428571,36.30919082865347,38.336816791340404,41.894136287211744,-0.6400833865435445,-0.760191251624907,0.12010786508136251,60.49999999999997,37.73511073893146,33.93088926106855,0.1061653078967128,-2.9719317556411773,16.768551077772734,39.009752438109494,22.243060765191323,27873068.0,-350187765.0
2015-09-28,34.98,35.02,34.46,34.61,26895938.0,37.94,33.35,35.644999999999996,0.8349999999999993,36.14736313068647,38.19066711324862,41.821657319179785,-0.7042391717493857,-0.7490008356498028,0.04476166390041714,39.3312101910828,37.70565547181458,33.78534452818543,0.10967285234866336,-3.807670928293494,15.064487923074891,27.11719418306242,31.608212147134335,27503780.85,-377083703.0
2015-09-29,34.44,34.84,34.32,34.59,26927484.0,37.94,33.35,35.644999999999996,0.7985714285714286,35.99904283252586,38.04946448135652,41.749700529934216,-0.7480735997967045,-0.7488153884791832,0.0007417886824786502,38.81789137380195,37.70416345481502,33.65483654518498,0.1134916943799672,-5.102880658436215,15.613408238033456,19.767441860465123,34.30232558139535,27194919.5,-404011187.0
2015-09-30,35.35,35.54,35.035,35.46,29146201.0,37.94,33.35,35.644999999999996,0.8249999999999998,35.94770541990435,37.94791685463666,41.68711644505925,-0.704490047984244,-0.7399503203801954,0.0354602723959514,45.75070821529745,37.65746106759563,33.81953893240438,0.10738901003655019,-5.5407565263718705,15.306210310936063,25.19480519480517,32.16450216450213,26023049.0,-374864986.0
2015-10-01,35.75,35.845,35.33,35.71,22328591.0,37.94,33.35,35.644999999999996,0.8185714285714286,35.92506680848489,37.86015540935679,41.62764264958603,-0.6423719940230939,-0.7204346551087751,0.07806266108568127,45.51920341394025,37.64275296669543,33.93824703330457,0.10350528585492973,-3.772568040959301,14.944147410381772,28.054101221640455,31.719022687609055,25910322.45,-352536395.0
2015-10-02,35.93,37.0999,35.85,37.01,37439586.0,37.94,33.35,35.644999999999996,0.8671357142857141,36.02839377910538,37.82681598153888,41.58169595655532,-0.4826798207598202,-0.6728836882389841,0.19020386747916396,56.46173149309913,37.77295783883928,34.02204216116072,0.10448960728960409,1.9840176357123207,14.653120267904168,36.819907906984376,28.954110000906113,26514204.7,-315096809.0
2015-10-05,37.36,37.71,37.26,37.67,30755606.0,37.94,34.32,36.129999999999995,0.8728500000000002,36.18473722871439,37.820666335204024,41.5427736087289,-0.2994146728098457,-0.5981898851531565,0.29877521234331084,57.47549019607843,37.796692644079,34.40730735592099,0.09388358783884579,2.3363216517250818,14.63543775599319,36.988846062570026,28.76455617476411,26007263.95,-284341203.0
2015-10-06,37.16,37.35,37.02,37.11,21136290.0,37.94,34.32,36.129999999999995,0.8335642857142861,36.27285749264635,37.792797067156805,41.498666408642045,-0.19709109908482958,-0.5179701279394912,0.3208790288546616,47.182175622542594,37.91124617284251,34.4087538271575,0.09686096088730677,2.598838816698912,13.097673795598373,29.47754479472828,32.176796716338565,24881852.2,-305477493.0
2015-10-07,38.55,38.91,38.22,38.66,44171574.0,38.91,34.32,36.614999999999995,0.870707142857143,36.50020439810861,37.82680502530752,41.47042097174013,0.00896971906536237,-0.4125821585385205,0.42155187760388285,58.85714285714284,38.36751238386418,34.21948761613582,0.11429112011044287,8.4127874369041,14.009099731558178,41.017563720785176,27.276679874322085,25662243.9,-261305919.0
2015-10-08,38.23,38.91,38.18,38.84,22443407.0,38.91,34.32,36.614999999999995,0.8567785714285715,36.72304207447922,37.86653816156997,41.44424762873774,0.18467013534753107,-0.2931316997613102,0.4778018351088413,65.72133168927252,38.79340861188765,34.071591388112346,0.12960453506554048,9.77953646127756,15.457006362224101,41.68438252924153,24.093573101901587,25628505.95,-238862512.0
2015-10-09,38.85,38.99,38.42,38.66,17034858.0,38.99,34.32,36.655,0.847492857142857,36.90751425786215,37.89765431209664,41.41654367223289,0.3058636793253342,-0.17333262394398133,0.4791963032693155,61.904761904761855,39.10975195538208,33.987248044617914,0.14015633776390732,9.642654566080534,16.538570265858247,42.22538748746301,24.35755885005347,25315748.8,-255897370.0
2015-10-12,38.99,39.02,38.64,38.69,13102528.0,39.02,34.32,36.67,0.8074928571428569,37.07727480473242,37.92872669201442,41.38941388444948,0.3997234225634898,-0.058721414642487105,0.4584448372059769,67.59776536312845,39.400641889888334,33.967358110111675,0.1481104508716786,11.788500433400738,17.565816616892654,44.58243770400446,19.460587886668517,25070872.0,-242794842.0
2015-10-13,38.37,38.72,38.19,38.19,18004144.0,39.02,34.32,36.67,0.8010642857142852,37.18324863285314,37.938972704092286,41.35757892042511,0.4288189658690129,0.0387866614598129,0.3900323044092,67.69230769230768,39.566393955853535,33.97560604414647,0.15204340136811803,10.407632263659995,18.727989481726784,44.94021346601399,20.775932019010355,25232413.75,-260798986.0
2015-10-14,38.48,38.75,38.29,38.35,19676820.0,39.02,34.32,36.67,0.7810642857142857,37.294367810676654,37.955091421578864,41.327652762012924,0.45949132639762524,0.12292759444737537,0.33656373195024986,71.1237553342816,39.67641131487638,33.94658868512362,0.15565306031410728,8.150028200789627,22.196327645375536,46.36530741021866,14.632049675808597,24712529.15,-241122166.0
2015-10-15,39.28,39.63,39.02,39.62,26958575.0,39.63,34.32,36.975,0.8124928571428569,37.51585659061221,38.02038195406597,41.31066119224165,0.5795965510123793,0.21426138576037618,0.3653351652520031,76.65036674816623,40.06481140904113,33.80918859095887,0.16935925543715674,10.94931391767011,24.141827347256278,47.91250912095934,14.066057723584338,24626802.9,-214163591.0
2015-10-16,39.49,39.76,39.37,39.76,21399987.0,39.76,34.32,37.04,0.7832071428571429,37.729584534363426,38.08860226959279,41.29523172764224,0.6782590882346184,0.30706092625522463,0.3711981619793938,83.57235984354624,40.46401802707193,33.75698197292806,0.1807314925464187,7.430424209673059,28.811525101525245,50.88965699641582,7.934408886537929,24080102.45,-192763604.0
2015-10-19,39.5,39.5,39.2,39.38,12623952.0,39.76,34.32,37.04,0.7860642857142851,37.88676695966215,38.13924531784406,41.2761746955264,0.7175159582721662,0.389151932658613,0.3283640256135532,79.8256537982565,40.73784131196567,33.74015868803433,0.1879127426604189,4.539421290151324,32.0501323723906,50.70468609437617,8.17817517651221,23704745.85,-205387556.0
2015-10-20,39.33,39.51,39.23,39.43,14077958.0,39.76,34.32,37.04,0.7382071428571427,38.03374153493242,38.18986314851684,41.25780479805848,0.7440845492329586,0.46013845597348213,0.2839460932594765,77.53120665742021,40.993666377661356,33.810333622338646,0.19205745027866716,6.251684182161132,36.10448763683485,47.31540701893585,8.708357120049461,23438628.3,-191309598.0
2015-10-21,39.24,39.34,38.75,38.85,18476321.0,39.76,34.32,37.04,0.7499928571428569,38.11148043636742,38.21575086818285,41.23384654136138,0.7101529945813496,0.5101413636950557,0.20001163088629392,70.82228116710874,41.11051483735862,34.01248516264138,0.1889708790840951,0.491464045525114,39.50439516135005,43.667082543643296,13.142982314117171,23523991.3,-209785919.0
2015-10-22,39.2,39.81,39.2,39.7,23492755.0,39.81,34.32,37.065,0.7192857142857143,38.26276801385624,38.27395671648941,41.21858438672097,0.7432817994032348,0.5567694508366915,0.1865123485665433,68.9703808180536,41.29317242950495,34.26182757049504,0.18612520307087305,2.214212152420192,41.98727752052495,37.736842105263165,13.704071499503359,23406371.65,-186293164.0
2015-10-23,40.35,40.59,40.055,40.37,30023314.0,40.59,34.32,37.455,0.7328571428571428,38.46345677444136,38.35615449231335,41.210140760982455,0.8142142613075194,0.6082584129308571,0.20595584837666225,69.01408450704221,41.52094676444201,34.545053235557994,0.183416862432204,4.423176409725826,44.5518086979588,38.69395711500974,13.450292397660707,23805794.45,-156269850.0
2015-10-26,39.51,39.61,39.33,39.49,17161939.0,40.59,34.32,37.455,0.7607142857142856,38.561222795923136,38.400619022026554,41.19302493251497,0.7903099022717655,0.6446687107990389,0.14564119147272658,66.03773584905665,41.42267773636388,35.13132226363612,0.16436386009164142,2.067717756526255,46.815906320872806,37.27699530516431,17.51173708920183,23319094.5,-173431789.0
2015-10-27,39.15,39.27,38.99,39.18,17035349.0,40.59,35.035,37.8125,0.6678571428571429,38.62015395821617,38.43118298194708,41.17299483368398,0.7378456904657256,0.6633041067323763,0.07454158373334929,54.20711974110035,41.149092626470576,35.86390737352943,0.1372543662223559,2.5923016496465,45.69604322917875,25.775401069518754,23.58288770053466,22824487.75,-190467138.0
2015-10-28,39.07,39.25,38.35,38.76,28035180.0,40.59,35.33,37.96,0.6800000000000003,38.63347262886225,38.44407776696877,41.14898493484135,0.654828479615226,0.6616089813089462,-0.006780501693720242,49.37694704049839,40.89146941657525,36.451530583424756,0.11481165284901004,1.0691003911342811,44.326871271728585,25.315126050420194,29.46428571428562,22768936.7,-218502318.0
2015-10-29,38.31,38.49,38.255,38.38,17093353.0,40.59,35.85,38.22,0.6753571428571428,38.609332378494415,38.44156491336215,41.12143284593746,0.5520106821726429,0.6396893214816856,-0.08767863930904263,47.885196374622396,40.544164953891766,37.06583504610823,0.08963612698836573,-3.1297324583543507,43.188529738150216,24.643046007403477,30.671602326811126,22507174.8,-235595671.0
2015-10-30,38.47,38.47,38.24,38.27,14129202.0,40.59,37.02,38.80500000000001,0.6646428571428566,38.57701500911399,38.43483687754403,41.09306037980873,0.45638977896636845,0.6030294129786221,-0.14663963401225366,46.865671641791074,40.41393660930948,37.32206339069052,0.07954803999740036,-3.747484909456733,41.22898586275584,24.71789360558838,31.3272434175174,21341655.6,-249724873.0
2015-11-02,38.2,38.63,38.2,38.59,14607430.0,40.59,37.02,38.80500000000001,0.6574999999999994,38.57825167491266,38.44092170587564,41.0681543063778,0.401799159315118,0.5627833622459213,-0.1609842029308033,53.06748466257674,40.361457298707734,37.46654270129227,0.07439262469587975,-2.0060944641950185,38.6097594947606,26.72460619228683,26.778924497555582,20534246.8,-235117443.0
2015-11-03,38.26,38.83,38.24,38.63,19874756.0,40.59,38.18,39.385000000000005,0.6596428571428561,38.583180086825735,38.44833654093934,41.04389406452329,0.3576407062058493,0.5217548310379069,-0.16411412483205756,52.187500000000014,40.17433636758412,37.805663632415886,0.06075077545955968,-2.028911995942173,35.12507957199942,28.47861396859772,26.69193286410388,20471170.1,-215242687.0
2015-11-04,39.56,39.61,38.95,39.12,21260862.0,40.59,38.18,39.385000000000005,0.6382142857142844,38.63430579284233,38.474676284431915,41.02475084000068,0.35805626908370414,0.48901511864706637,-0.13095884956336223,45.551601423487526,40.18818374823203,37.83781625176797,0.06024575132555968,0.6949806949806847,31.317320445091358,28.315612758813646,27.588136541689916,19325634.5,-193981825.0
2015-11-05,39.33,39.54,39.16,39.31,16001618.0,40.59,38.19,39.39,0.6403571428571416,38.698657622095446,38.50743407719929,41.00768864258774,0.3694581343688128,0.4651037217914157,-0.09564558742260287,46.03174603174606,40.21590707672755,37.85709292327246,0.06042586178205232,-0.9823677581863977,26.196807458233557,26.77077523703294,27.495817066369142,19003545.05,-177980207.0
2015-11-06,38.74,39.035,38.49,38.95,19827882.0,40.59,38.19,39.39,0.6589285714285705,38.72259499141969,38.524789603583635,40.987214128731146,0.3454629218785854,0.44117556180884965,-0.09571263993026424,46.19469026548672,40.217982613861956,37.88401738613805,0.059767105265522216,-3.5174634629675405,21.790307362078263,26.016260162601647,32.140921409214016,19143196.25,-197808089.0
2015-11-09,38.62,38.69,38.02,38.17,29712221.0,40.59,38.02,39.30500000000001,0.7053571428571418,38.669966896998766,38.510876285796044,40.95918214735074,0.26050413235628156,0.40504127591833605,-0.1445371435620545,40.125391849529784,40.247689012405054,37.80231098759494,0.06266183279462169,-3.3426183844011192,18.14945000955284,24.202531645569664,34.78481012658221,19973680.9,-227520310.0
2015-11-10,38.06,38.06,37.76,37.91,19466692.0,40.59,37.76,39.175,0.6860714285714279,38.5975890972846,38.48731250988247,40.928842026481576,0.170231529370362,0.35807932660874126,-0.18784779723837924,42.244224422442194,40.27949932058287,37.742500679417134,0.06503290459526127,-3.2414497192445157,15.362943487233826,24.88287350338369,33.47214992191566,20046808.3,-246987002.0
2015-11-11,38.15,38.22,37.83,37.92,11782749.0,40.59,37.76,39.175,0.6453571428571421,38.53305680230511,38.46506496047532,40.89890329984992,0.0983628913686303,0.3061360395607191,-0.2077731481920888,32.950191570881216,40.318313875526925,37.66068612447309,0.06816265279251689,-2.1671826625386914,13.5569535608531,23.021582733812956,35.583840619811845,19652104.75,-235204253.0
2015-11-12,38.23,38.34,37.84,37.89,22009616.0,40.59,37.76,39.175,0.6174999999999992,38.47181329732367,38.44251339339785,40.868963963533005,0.03854144687873884,0.25261712102432304,-0.2140756741455842,22.92576419213981,40.283237965753955,37.52276203424606,0.07095791922237096,-1.2767066180302322,12.865229392130445,16.42567958357436,37.18912666281088,19404656.8,-257213869.0
2015-11-13,37.33,37.34,36.89,37.13,36818495.0,40.59,36.89,38.74,0.6146428571428564,38.344021554721415,38.39104227993127,40.83176034200532,-0.06939320560626072,0.1882150556982063,-0.257608261304467,23.542600896861032,40.30101695161133,37.241983048388676,0.07889903416743368,-2.9788345962895257,13.257256462249472,16.502033701336472,39.976757699012225,20175582.2,-294032364.0
2015-11-16,37.14,37.76,37.1,37.69,24098085.0,40.59,36.89,38.74,0.6260714285714276,38.28173378760509,38.36355042581632,40.80049904506994,-0.10849422159187583,0.12887320024018986,-0.2373674218320657,34.18259023354564,40.26105410192682,37.11294589807318,0.0813738000841016,-2.3322104172065483,14.761830464970242,20.992584141471752,35.36794067313184,20749288.85,-269934279.0
2015-11-17,37.68,37.785,37.41,37.52,21096002.0,40.59,36.89,38.74,0.5885714285714277,38.20918771259508,38.33047001696078,40.767857263526956,-0.15145377290149042,0.07280780561185381,-0.22426157851334422,36.098654708520215,40.20696832056216,36.97603167943783,0.08372145786311314,-2.8734144447320698,15.203467646669186,22.633495145631034,29.854368932038888,21100191.05,-291030281.0
2015-11-18,37.4,37.79,37.36,37.78,19409960.0,40.59,36.89,38.74,0.5832142857142851,38.16831269234793,38.30888295747212,40.738127340506786,-0.1626448313588682,0.025717278217709406,-0.18836210957657762,43.08755760368662,40.18792631414507,36.888073685854934,0.08562594395895322,-3.4253578732106216,15.342882341086488,22.841396203306758,29.57746478873241,21146873.0,-271620321.0
2015-11-19,37.86,38.05,37.74,37.83,15604901.0,40.59,36.89,38.74,0.5889285714285707,38.13609243593384,38.29010323364969,40.709190750053985,-0.16557064831141588,-0.012540307088115652,-0.15303034122330023,44.85981308411208,40.02776079242969,36.86123920757031,0.08236604936621317,-3.7649453065377814,14.934628268572407,25.773195876288607,29.108550636749563,20752480.3,-256015420.0
2015-11-20,38.3,38.59,38.2999,38.47,26153115.0,39.61,36.89,38.25,0.6124999999999997,38.16789315632109,38.29715800880068,40.68691024507832,-0.11492197899148238,-0.033016641468789,-0.08190533752269338,48.69565217391299,39.648851660192506,37.05014833980749,0.06776368193548842,-1.2323491655969243,15.080281835732064,29.21282798833815,27.98833819241982,20558970.35,-229862305.0
2015-11-23,38.19,38.26,37.96,38.05,16540341.0,39.61,36.89,38.25,0.6067857142857142,38.156665236671465,38.28746553786732,40.66067233219197,-0.10743459443607861,-0.047900232062246924,-0.05953436237383169,44.17670682730918,39.46557894474662,37.089421055253375,0.06207714426211855,-0.3143830233167555,15.464718838607315,27.133608004708655,32.253090052972325,20527890.45,-246402646.0
2015-11-24,37.52,38.21,37.5,38.06,21228684.0,39.61,36.89,38.25,0.5875000000000001,38.14745902365514,38.278545320696054,40.63479499555325,-0.09954636329510436,-0.05822945830881841,-0.04131690498628594,38.22222222222229,39.3336203077681,37.10937969223191,0.05819344127091267,0.39567396465314264,17.903795122632694,18.541033434650437,38.9045592705167,20737557.2,-225173962.0
2015-11-25,37.97,38.06,37.8,37.97,12736896.0,39.61,36.89,38.25,0.5760714285714289,38.13055816425941,38.266445504198174,40.60827962246317,-0.09941118091064283,-0.0664658028291833,-0.03294537808145953,34.77272727272725,39.26943251454378,37.094567485456224,0.05696047952143826,0.1318565400843852,20.34038764261215,18.908865468071888,39.67637941723494,19972643.0,-237910858.0
2015-11-27,37.0,37.1,36.81,36.93,20426996.0,39.61,36.81,38.21,0.6003571428571429,38.0162192914728,38.214035876582564,40.571679825224734,-0.18113534079847682,-0.089399710423042,-0.09173563037543482,30.11811023622046,39.326925670486965,36.89207432951303,0.06389092853419583,-2.5336500395882866,22.412650774012516,18.143961927424137,41.87864366448542,20139325.15,-258337854.0
2015-11-30,36.85,37.45,36.8,37.45,46572597.0,39.61,36.8,38.205,0.5803571428571433,37.96229364466587,38.18407368534403,40.54061833442648,-0.20161853910605743,-0.11184347615964509,-0.08977506294641234,42.531120331950234,39.31797610073922,36.81902389926078,0.06564356886870892,0.861836789657966,22.835251330632936,23.076923076923055,37.53723076923075,21761494.9,-211765257.0
2015-12-01,37.495,37.67,37.45,37.63,17602431.0,39.61,36.8,38.205,0.5667857142857144,37.93064663088817,38.16234530552662,40.51165695796453,-0.20101000741990305,-0.1296767824116967,-0.07133322500820635,47.04641350210977,39.259336041146994,36.781663958853,0.06516674116053162,-0.15919342000529912,22.799999147409018,26.40201638311277,35.15942028985501,21911244.95,-194162826.0
2015-12-02,37.7,37.71,37.19,37.31,19466414.0,39.61,36.8,38.205,0.5760714285714289,37.87153742794644,38.12891999942754,40.47979967480071,-0.22376959077212177,-0.14849534408378173,-0.07527424668834004,43.96039603960397,39.19725542752151,36.71174457247848,0.06548659197310021,-0.5597014925373123,22.866443976447645,23.992560446373233,37.81649101053936,21890827.85,-213629240.0
2015-12-03,37.43,37.4601,36.845,37.04,20279794.0,39.54,36.8,38.17,0.5842928571428574,37.79234338718964,38.08621725435195,40.44557281236489,-0.2605895539025198,-0.17091418604752937,-0.08967536785499045,41.96597353497163,39.029053529142885,36.67194647085712,0.062274132661015384,-1.9587083112758141,22.266292666547894,22.18799281182378,41.50193762912432,21841774.45,-233909034.0
2015-12-04,36.88,37.48,36.88,37.36,20272957.0,39.035,36.8,37.9175,0.5557214285714284,37.75116782650491,38.05773814633815,40.414870595326434,-0.26094035631064116,-0.18891942010015172,-0.07202093621048944,52.37113402061852,38.728275399702866,36.777724600297134,0.051666113935468244,-1.242400211472372,20.315522414299387,23.584529761828232,31.42504595056616,22055341.4,-213636077.0
2015-12-07,36.96,37.01,36.58,36.8,23032006.0,38.69,36.58,37.635,0.5642928571428573,37.660580414456824,38.00841508177587,40.378901733681396,-0.30291388690035603,-0.2117183134601926,-0.09119557344016344,40.82474226804125,38.53547871056868,36.755521289431314,0.0472820767724527,-4.341044970106578,20.77742370860405,17.909899874685166,34.74512980848344,22215547.6,-236668083.0
2015-12-08,35.89,36.27,35.76,36.24,28171967.0,38.59,35.76,37.175,0.6117928571428572,37.52528704165141,37.939065470725836,40.33771863185372,-0.3770194862296137,-0.24477854801407684,-0.13224093821553684,37.78625954198474,38.60295296010188,36.49504703989812,0.056137471575907816,-4.75689881734559,22.9302524147067,16.22748129035276,41.62123034173566,22138534.9,-264840050.0
2015-12-09,35.94,36.385,35.74,35.86,27165817.0,38.59,35.74,37.165000000000006,0.6271499999999998,37.36668827577985,37.85753349148169,40.29316421760642,-0.46109630067584817,-0.2880420985464311,-0.17305420212941708,32.08955223880599,38.72701428813092,36.165985711869084,0.06839166747925261,-5.780346820809257,24.872464459282543,17.139895900957843,40.032573660892304,22523491.15,-292005867.0
2015-12-10,35.61,35.82,35.37,35.52,28942780.0,38.59,35.37,36.980000000000004,0.6400071428571431,37.190813201896056,37.765865511423584,40.24567004628695,-0.5488362971716114,-0.3402009382714672,-0.20863535890014423,29.557522123893904,38.84743150127841,35.805568498721584,0.08149338948352575,-6.452462470371334,28.1143677900933,13.89381814935102,43.35777502483239,23381492.7,-320948647.0
2015-12-11,34.77,34.89,34.475,34.53,34884187.0,38.59,34.475,36.5325,0.6603642857142857,36.9374024207631,37.638968824701095,40.18879770751793,-0.6902982739455368,-0.41022040540628113,-0.28007786853925565,17.16666666666677,39.10116528796253,35.21583471203746,0.10456101769245442,-6.4987814784727815,33.268336653660285,7.624579506982022,51.70198267190192,24025221.25,-355832834.0
2015-12-14,34.9,35.09,34.51,35.04,31209324.0,38.59,34.475,36.5325,0.6653642857142863,36.75669742830947,37.53704847863439,40.137565889532674,-0.7525798993502306,-0.4786923041950711,-0.27388759515515954,25.28735632183914,39.21563096319757,34.89236903680242,0.11667463502982535,-6.43524699599467,37.37684361305445,9.714334789749945,47.66454466404012,23744762.7,-324623510.0
2015-12-15,35.57,35.86,35.56,35.64,34955319.0,38.59,34.475,36.5325,0.6732214285714291,36.65034529228,37.462654420648725,40.09281399013434,-0.7449363876376651,-0.5319411208835899,-0.2129952667540752,31.886227544910184,39.17954398520356,34.72345601479645,0.12059288446767008,-5.28833377624236,37.75645139406587,17.77063373332901,42.22766867195044,24287624.4,-289668191.0
2015-12-16,36.17,36.49,35.68,36.27,27147032.0,38.59,34.475,36.5325,0.715364285714286,36.614121931110475,37.41588365905466,40.05477603998375,-0.6802021674909184,-0.5615933302050556,-0.1186088372858628,38.22714681440446,39.12002431042019,34.6579756895798,0.12095878502644128,-2.7874564459930307,37.12819436902917,23.014248484787924,39.73999261115718,24590175.9,-262521159.0
2015-12-17,36.39,36.39,35.78,35.83,30273733.0,38.59,34.475,36.5325,0.6760785714285719,36.53944365195709,37.3536921430133,40.0127384674466,-0.656832597091153,-0.5806411835822751,-0.07619141350887793,41.69184290030212,39.02900119082627,34.55399880917373,0.12163141980219737,-3.2667386609071314,35.22790586797948,24.351565223822195,31.589734920920087,25133364.55,-292794892.0
2015-12-18,36.07,36.385,35.88,36.175,46168887.0,38.59,34.475,36.5325,0.6692928571428572,36.50473473272309,37.30746892171866,39.9745520150342,-0.6035164653296121,-0.5852162399317425,-0.018300225397869574,40.10861132660974,38.90660032534819,34.51089967465182,0.11974531006085386,-3.171841541755893,35.019074164910016,20.863171150788087,31.91001163274681,26661563.85,-246626005.0
2015-12-21,35.81,35.865,35.43,35.77,32514916.0,38.26,34.475,36.3675,0.7067928571428571,36.43475999627327,37.24717602282773,39.93271567657615,-0.5871745790169598,-0.585607907748786,-0.0015666712681737804,36.05697151424289,38.64408400559868,34.50341599440133,0.11321420448265075,-2.798913043478246,36.356499782591975,17.53292033430684,34.76468150902984,26979653.9,-279140921.0
2015-12-22,35.57,35.905,35.47,35.83,18334232.0,38.21,34.475,36.3425,0.7007214285714285,36.377163806152005,37.19160049252076,39.89189263501818,-0.5628933338544329,-0.5810649929699154,0.018171659115482575,38.45553822152882,38.435579853682334,34.489920146317665,0.10821070016289691,-1.1313465783664545,36.78451716103529,18.092578057308238,32.4155717067105,27069348.45,-260806689.0
2015-12-23,36.26,36.56,36.23,36.545,22386700.0,38.06,34.475,36.2675,0.7089285714285717,36.3931482055661,37.16624361046112,39.858590220739394,-0.48041779039257193,-0.5609355524544467,0.08051776206187478,46.389496717724306,38.21243837561259,34.56156162438741,0.10033464564886316,1.9102063580591189,35.168045369359824,24.482619647355115,28.564231738035335,27127249.25,-238419989.0
2015-12-24,36.38,36.555,36.34,36.46,6706961.0,37.71,34.475,36.0925,0.6814285714285718,36.39951504313123,37.1385477825999,39.82477340262258,-0.41710597952766904,-0.5321696378690912,0.11506365834142218,43.202416918429016,37.97937005678409,34.64362994321591,0.09186456394167627,2.646396396396389,34.72875627783648,25.262054507337478,29.71698113207554,26825752.5,-245126950.0
2015-12-28,35.74,35.97,35.68,35.87,17170248.0,37.71,34.475,36.0925,0.6814285714285718,36.34908503902349,37.08880081073324,39.78542242349201,-0.4098148914765005,-0.5076986885905731,0.09788379711407258,43.007518796992485,37.91091163471075,34.60608836528926,0.09114616626229684,3.880683463654777,33.44537494706517,25.262054507337478,33.4905660377359,26662915.1,-262297198.0
2015-12-29,36.11,36.14,35.88,35.99,12677141.0,37.71,34.475,36.0925,0.6264285714285721,36.3148864638784,37.045710582861346,39.74765702624333,-0.389859595807053,-0.4841308700338691,0.09427127422681614,47.987117552334944,37.74252449022453,34.62847550977548,0.0860579232136921,2.7111872146118765,30.60540407542809,29.418472063853997,27.08095781071841,24968142.3,-249620057.0
2015-12-30,35.56,35.67,35.38,35.41,13678924.0,37.71,34.475,36.0925,0.6239285714285724,36.228706800651885,36.981565069807964,39.70449625981305,-0.4160500667690812,-0.47051470938091156,0.05446464261183037,46.48985959438376,37.50969263332063,34.63930736667937,0.07956826197566881,-0.6453423120089896,28.29372312599533,28.219805380652545,32.91356611333718,24771966.95,-263298981.0
2015-12-31,35.29,35.56,35.23,35.29,13825568.0,37.48,34.475,35.9775,0.6125000000000013,36.139306152970754,36.915229184717454,39.66057092389451,-0.44140100479609856,-0.464691968463949,0.02329096366785044,48.142164781906274,37.32443768604619,34.622562313953814,0.07510738104694772,-2.7019575406672325,24.882790469020403,28.746355685131174,30.96209912536446,24489924.65,-277124549.0
2016-01-04,34.14,34.22,33.75,34.15,39067882.0,37.48,33.75,35.614999999999995,0.6478571428571439,35.9498484241164,36.806788824532454,39.60573937241298,-0.5471728108879645,-0.4811881369487521,-0.06598467393921242,47.00315457413248,37.31146096957611,34.34653903042388,0.0827520148246458,-4.688808261233602,20.54624318769583,27.177508269018734,35.72216097023158,25429329.05,-316192431.0
2016-01-05,33.99,34.05,33.785,33.96,25363440.0,37.01,33.75,35.379999999999995,0.6325000000000008,35.760339050391025,36.69515004709981,39.54956286124469,-0.6389635671036658,-0.5127432229797348,-0.1262203441239309,41.02990033222594,37.18147927995601,34.13652072004399,0.08539102498421208,-6.1230131306150515,17.087063695053896,25.5787690570299,36.589497459062734,25683853.2,-341555871.0
2016-01-06,33.19,33.445,33.07,33.22,26242963.0,36.56,33.07,34.815,0.6375000000000008,35.51840199797283,36.5588696530959,39.486582136257184,-0.762629104684585,-0.562720399320705,-0.19990870536388006,30.357142857142875,37.258008939649685,33.70199106035032,0.10022598306931682,-7.128878948839823,17.399544871274077,16.750700280112074,44.31372549019608,25844401.05,-367798834.0
2016-01-07,32.16,32.8,31.94,31.95,54659800.0,36.56,31.94,34.25,0.6682142857142862,35.17855418864208,36.378129666699984,39.41159126922975,-0.9521376699723803,-0.6406038534510401,-0.31153381652134016,18.235294117647072,37.60416111043776,32.926838889562234,0.13263167177200166,-10.828914317610938,20.56180192989952,9.246392303580988,54.3559593800107,27168792.7,-422458634.0
2016-01-08,32.26,32.3,31.6,31.62,48244422.0,36.56,31.6,34.08,0.6746428571428574,34.839644265914266,36.19153634643724,39.33406299789414,-1.116087256223814,-0.7357005340055949,-0.3803867222182191,18.53512705530646,37.8825487521613,32.2244512478387,0.16141319709365962,-13.476535777808184,24.815884768202668,9.15828480677609,57.43779777660139,28222722.95,-470703056.0
2016-01-11,31.68,31.8,31.11,31.45,40023219.0,36.56,31.11,33.835,0.6842857142857147,34.51682100249386,36.00559374461617,39.25561460985539,-1.245380097233074,-0.8376364466510907,-0.40774365058198325,13.737528779739108,38.09300218283841,31.60699781716159,0.18611203344840227,-13.74108612177729,28.640963175231672,9.02922755741129,61.743215031315266,28776744.9,-510726275.0
2016-01-12,31.58,31.755,31.17,31.4,30021377.0,36.56,31.11,33.835,0.6728571428571433,34.219980907018254,35.82498222521946,39.177449290354346,-1.336474145348781,-0.9374039863906288,-0.3990701589581521,14.529220779220793,38.2849021598373,31.1020978401627,0.20703602460618278,-12.461667131307497,31.478134407364195,9.182590233545664,58.01486199575372,28533604.4,-540747652.0
2016-01-13,31.52,31.62,30.665,30.82,33632528.0,36.56,30.665,33.6125,0.7100000000000003,33.89617320158794,35.628708412465755,39.094290590947836,-1.4388814577431503,-1.0376994806611333,-0.4011819770820171,12.5000000000001,38.462974052699025,30.502025947300982,0.23086922657574255,-14.3651014170603,34.86096669684169,8.299798792756565,60.06036217303827,28654764.6,-574380180.0
2016-01-14,30.79,31.36,30.5,31.26,36762126.0,36.56,30.5,33.53,0.7192857142857143,33.645109087151,35.457386513937685,39.0163374507394,-1.467617882465312,-1.123683161021969,-0.34393472144334303,8.743169398907185,38.4523399348745,30.074660065125496,0.24450741663137174,-11.719853148827998,41.06904535628223,1.6881827209533435,60.923535253227456,28745104.95,-537618054.0
2016-01-15,29.64,29.94,29.3,29.795,64109223.0,36.56,29.3,32.93,0.8439285714285718,33.27843203123186,35.23533214084209,38.924582849239506,-1.5902732820913386,-1.217001185235843,-0.37327209685549545,7.193320488118246,38.46315053150505,29.416349468494943,0.26655473487607034,-15.570983281382823,47.30952619056736,1.438848920863323,62.082099026661034,30593214.5,-601727277.0
2016-01-19,30.86,30.87,30.23,30.54,38807375.0,36.56,29.3,32.93,0.8650000000000002,33.01762898063835,35.0512014686522,38.84115416417245,-1.6088178455351851,-1.2953645172957116,-0.3134533282394736,16.435768261964753,38.34940117540342,29.00109882459657,0.2776015723953601,-10.571010248901903,51.43087102630649,9.083402146985971,55.1197357555739,31019896.6,-562919902.0
2016-01-20,29.37,29.81,28.81,29.46,49566094.0,36.56,28.81,32.685,0.9692857142857143,32.67880717295851,34.83193866595996,38.747809346618496,-1.6911668015605947,-1.3745249741486882,-0.3166418274119065,13.31460674157303,38.21784193143517,28.46115806856483,0.29264637630649337,-13.250883392226143,56.80611006926416,6.853352984524684,59.65364775239501,31189756.95,-612485996.0
2016-01-21,29.44,30.05,29.25,29.66,38496489.0,36.56,28.81,32.685,0.982857142857143,32.391301727914836,34.62911754180467,38.65738338297055,-1.720458242303458,-1.4437116277796422,-0.27674661452381577,16.25586854460093,38.03518575413539,28.03281424586461,0.3027902012553969,-10.716435881998787,61.493610546165776,8.502906976744198,55.19622093023258,31488835.6,-573989507.0
2016-01-22,30.58,30.74,30.38,30.73,35753800.0,36.56,28.81,32.685,1.036428571428571,32.23308251573247,34.47621097153782,38.578503946324076,-1.6384448896968244,-1.4826582801630788,-0.15578660953374568,25.923970432946135,37.69934722779839,27.8586527722016,0.30021338221412464,-3.8184663536776187,65.51579314048911,12.818745692625777,51.30944176430048,32359814.0,-538235707.0
2016-01-25,30.35,30.43,29.98,29.985,30113859.0,36.555,28.81,32.6825,0.9799999999999996,32.01897941899605,34.300085051085354,38.492996444370604,-1.6149478768033454,-1.5091161994911322,-0.10583167731221321,27.052341597796143,37.1853899734866,27.716610026513404,0.29178700030733096,-5.170777988614805,68.4577546790531,13.556851311953352,46.39212827988339,32746171.95,-568349566.0
2016-01-26,29.86,30.28,29.85,30.2,23553092.0,36.14,28.81,32.475,0.9846428571428566,31.845743283853565,34.13929740202318,38.41047906681468,-1.5609835746582732,-1.5194896745245605,-0.04149390013371268,29.34065934065933,36.57478807484087,27.701211925159132,0.2761085366134089,-3.974562798092207,71.15522549005541,13.49292709466812,47.11643090315561,33588478.5,-544796474.0
2016-01-27,29.9,30.35,29.645,29.78,36028770.0,36.14,28.81,32.475,0.971428571428571,31.649005828248463,33.968344562728156,38.32460365321454,-1.53441913765392,-1.5224755671504324,-0.0119435705034876,30.410022779043288,36.02075145373899,27.646248546261006,0.2630720124233271,-5.159235668789797,71.68691458086883,13.676470588235295,44.007352941176514,34531404.6,-580825244.0
2016-01-28,30.38,30.49,29.96,30.22,31031248.0,35.67,28.81,32.24,0.9307142857142853,31.51291003508194,33.821350658307445,38.24396083079449,-1.4610205714806668,-1.5101845680164794,0.049163996535812604,39.1194968553459,35.29913736674858,27.790862633251418,0.2380179024725682,-1.94678780012979,69.59577615613352,15.349194167306196,37.26016884113589,35449109.95,-549793996.0
2016-01-29,30.87,31.23,30.78,31.2,31307629.0,35.56,28.81,32.185,0.9528571428571428,31.48310907935985,33.71855259327578,38.17387166829903,-1.308688127083034,-1.4698852798297903,0.1611971527467564,47.55813953488371,34.6188791370343,28.050120862965695,0.20963341601329535,-0.19193857965451588,66.16505188177202,20.539730134932523,33.845577211394335,36330545.2,-518486367.0
2016-02-01,30.43,30.62,30.285,30.53,29167831.0,34.22,28.81,31.515,0.9689285714285713,31.392336786087483,33.5935113151081,38.09781324373884,-1.2278728144970508,-1.4214827867632425,0.1936099722661917,44.94505494505495,33.815141495111824,28.37785850488818,0.17485192835925725,2.4668568551770464,62.59606120497764,20.199041651308505,33.32104681164765,37097658.35,-547654198.0
2016-02-02,30.28,30.31,29.62,29.75,29698740.0,34.05,28.81,31.43,0.9921428571428572,31.235923758841057,33.4427853811823,38.01475042539318,-1.2127853437872709,-1.3797432981680482,0.16695795438077732,41.60732451678535,33.24419952752199,28.508800472478015,0.15336579777643117,-2.5867714472822545,59.60905469008081,19.72642188624909,37.329013678905696,36629201.25,-577352938.0
2016-02-03,29.87,30.25,29.31,30.23,39952664.0,33.445,28.81,31.127499999999998,0.9910714285714286,31.14012149609429,33.31679379760652,37.93729022215544,-1.1488531619629434,-1.3335652709270274,0.18471210896408397,46.96813977389517,32.57304624422525,28.806953755774746,0.12271399441024788,2.6137135098438513,56.27976430254141,19.747747747747734,35.96396396396398,37358662.45,-537400274.0
2016-02-04,30.14,30.41,29.77,29.95,40683369.0,32.8,28.81,30.805,0.9753571428571429,31.02677659170436,33.18476266828862,37.85781469755688,-1.1080076843289213,-1.2884537536074063,0.18044606927848506,43.155694879832794,32.01008775661397,29.042912243386024,0.09719999060579977,0.9777478084962876,51.302024263245976,21.237641889417784,35.33504210911756,38080682.75,-578083643.0
2016-02-05,30.225,30.235,29.59,29.73,24039526.0,32.3,28.81,30.555,0.8814285714285715,30.903274059161085,33.04928177933613,37.77694091947174,-1.0809292310905398,-1.246948849104033,0.1660196180134932,49.6096096096096,31.777893018492808,29.053106981507195,0.0895854428493897,-3.254149040026033,45.446860201248896,23.500810372771465,30.834683954619152,36549669.05,-602123169.0
2016-02-08,29.32,29.38,28.7,29.14,35694013.0,31.8,28.7,30.25,0.8782142857142858,30.735343196383837,32.895976611519025,37.69100120883023,-1.0944611639540263,-1.2164513120740317,0.12199014812000541,41.43206854345165,31.643699378009938,28.939300621990068,0.08927912965749038,-2.8180757045189186,43.24550600417873,16.022773485156556,38.186254575030524,35922148.6,-637817182.0
2016-02-09,28.63,29.13,28.56,28.87,33969018.0,31.755,28.56,30.1575,0.7960714285714288,30.5576914633949,32.73809517577318,37.603230052523465,-1.1141290752977362,-1.1959868647187726,0.08185778942103639,45.99184782608696,31.541349634943955,28.783650365056047,0.09142807359760988,-4.403973509933767,39.49144999478125,17.67608793180797,30.641543292956502,35619438.55,-671786200.0
2016-02-10,29.26,29.65,28.985,29.07,42768970.0,31.62,28.56,30.09,0.7946428571428571,30.416006562119193,32.59424830613502,37.518322290806815,-1.1008873639539445,-1.176966964565807,0.07607960061186247,45.99184782608696,31.37752306934804,28.714476930651966,0.08863230176050305,-2.3841504365345934,35.72444733212676,20.224719101123565,30.696629213483174,36256818.2,-629017230.0
2016-02-11,28.13,28.66,28.1,28.44,38735256.0,31.36,28.1,29.73,0.7867857142857143,30.227815460964983,32.431336607855215,37.427990725724165,-1.1282234890953724,-1.1672182694717201,0.03899478037634774,33.45375722543352,31.38652191162781,28.46747808837219,0.09753880520117687,-5.890138980807402,34.77703200072396,14.162505674080785,39.03767589650477,36511954.6,-667752486.0
2016-02-12,28.61,29.1,28.46,29.07,39418993.0,31.23,28.1,29.665,0.7803571428571429,30.117547321825462,32.29951948597854,37.34482663890104,-1.086527023162354,-1.151080020209847,0.06455299704749295,43.27700220426157,31.181412715217558,28.453587284782447,0.09148404227165627,-6.826923076923075,33.16498581189142,18.306636155606405,35.69794050343252,36644797.95,-628333493.0
2016-02-16,30.13,30.29,29.965,30.29,37917300.0,31.23,28.1,29.665,0.8367857142857142,30.133971386413513,32.220714800253894,37.27462935891197,-0.9441548401873447,-1.1096949842053465,0.16554014401800177,50.57618437900128,31.222312832282626,28.462187167717374,0.09249053488142654,-0.7861120209629924,29.797669405975377,27.23004694835679,32.1809645753308,35335201.8,-590416193.0
2016-02-17,30.35,30.82,30.32,30.76,36462572.0,31.23,28.1,29.665,0.8242857142857142,30.193593159136036,32.16343186691061,37.20980717623623,-0.7843572057745902,-1.0446274285191952,0.260270222744605,56.23409669211196,31.2599792224371,28.446520777562906,0.09424295327557948,3.394957983193292,26.19384066484546,32.23570190641247,30.892547660311976,35217961.65,-553953621.0
2016-02-18,30.91,30.97,30.4,30.47,25834940.0,31.23,28.1,29.665,0.8142857142857144,30.219917620170698,32.09702277409058,37.14274441826373,-0.6733549884338323,-0.9703729405021226,0.2970179520682903,51.621271076524,31.32349376857813,28.484006231421876,0.09495422939117173,0.7939133311280155,23.380511476627436,32.719298245614034,31.27192982456141,34031403.95,-579788561.0
2016-02-19,30.47,30.64,30.29,30.46,19641422.0,31.23,28.1,29.665,0.7671428571428572,30.242782608725868,32.03282580255762,37.076249448927776,-0.5795115989111999,-0.8922006721839382,0.3126890732727383,44.51038575667657,31.379565832639607,28.507934167360396,0.09590086963988179,1.7028380634390716,22.367060319213685,27.83985102420855,34.217877094972074,33088650.6,-599429983.0
2016-02-22,30.98,31.37,30.97,31.32,21172127.0,31.37,28.1,29.735,0.7667857142857145,30.345374741228166,32.00487184951614,37.0189733350081,-0.430779466391634,-0.7999164310254774,0.3691369646338434,55.699855699855696,31.49853953247905,28.44796046752095,0.10177671974037183,5.348133198789107,21.174787506387506,34.65300419189565,29.622729389846285,32359566.95,-578257856.0
2016-02-23,30.9,30.98,30.52,30.54,19199255.0,31.37,28.1,29.735,0.7589285714285717,30.363910480158818,31.947425894633156,36.95450593863986,-0.37156449685189585,-0.7142460441907611,0.34268154733886524,55.699855699855696,31.547240261849325,28.45475973815067,0.1030792481483502,4.804392587508577,19.777802266720432,35.01176470588233,27.905882352941163,31813836.75,-597457111.0
2016-02-24,29.95,30.56,29.77,30.45,28183393.0,31.37,28.1,29.735,0.7482142857142858,30.372109482048455,31.888703310529895,36.889784486514095,-0.32811613613726465,-0.6370200625800618,0.3089039264427972,51.68195718654433,31.570518405730947,28.456481594269054,0.10375453750685171,5.4728091444405935,18.01449360697274,35.513126491646766,32.50596658711215,32045351.8,-625640504.0
2016-02-25,29.99,30.38,29.81,30.35,20348595.0,31.37,28.1,29.735,0.7482142857142858,30.370003817091458,31.828362004234606,36.82471200406122,-0.29831339043620275,-0.56927872815129,0.27096533771508724,53.14465408805034,31.601886635555598,28.482113364444405,0.10384705649128528,4.4031647746818114,16.393516387475874,33.985680190930765,32.50596658711215,31261343.05,-645989099.0
2016-02-26,30.75,30.76,30.385,30.42,21068726.0,31.37,28.1,29.735,0.7314285714285715,30.374765358320843,31.7731321217156,36.76098352640887,-0.2659800325172945,-0.5086189890244909,0.24263895650719636,55.55555555555557,31.619238268250612,28.484761731749387,0.10430176149677975,6.962025316455689,16.142207451144195,38.47656250000001,31.49414062499997,30763216.95,-624920373.0
2016-02-29,30.37,30.65,30.28,30.28,17144656.0,31.37,28.1,29.735,0.6842857142857142,30.36574008609981,31.71457792086401,36.69649612813615,-0.24878460927578772,-0.4566521130747503,0.20786750379896257,59.89583333333335,31.48275889775573,28.52924110224427,0.09843090700231484,4.1623667010664,14.901189628394734,41.127348643006286,25.46972860125259,30055068.3,-642065029.0
2016-03-01,30.85,31.42,30.82,31.37,33924735.0,31.42,28.1,29.76,0.7242857142857141,30.461383887423636,31.701065061222284,36.64349616666216,-0.14552569238542645,-0.3944268289368855,0.24890113655145907,68.9969604863222,31.631435306040803,28.464564693959186,0.1053937237780091,3.5655331792670886,15.440165366350046,46.44970414201189,22.682445759368814,30292913.5,-608140294.0
2016-03-02,31.69,32.06,31.585,32.05,27626901.0,32.06,28.1,30.080000000000002,0.7178571428571429,30.612680660049957,31.714748784311606,36.59778973714314,-0.008721404880038364,-0.31728574412551613,0.30856433924547777,71.10481586402265,31.973159632389486,28.352840367610515,0.12002517205778505,4.193758127438207,16.50580814824713,48.059701492537364,22.885572139303456,30189321.55,-580513393.0
2016-03-03,31.76,32.12,31.69,32.08,24972958.0,32.12,28.1,30.11,0.6792857142857142,30.75242535909282,31.729072361397428,36.55283660543027,0.10095399307865804,-0.23363779668468132,0.33459178976333936,78.17337461300309,32.25883905478248,28.25216094521753,0.13242809107649678,5.283885789300946,17.102758785660807,51.41955835962146,14.879074658254462,29440336.25,-555540435.0
2016-03-04,32.39,33.1,32.3,32.99,42537745.0,33.1,28.1,30.6,0.7050000000000001,30.965527705845883,31.778520504087727,36.51738549492848,0.2583241311593589,-0.13524541111587327,0.3935695422752322,79.08011869436203,32.746441505984464,28.068558494015534,0.15383977676457883,8.305975049244907,18.992227601377902,55.015197568389084,14.336372847011134,29533055.05,-513002690.0
2016-03-07,32.33,32.79,32.33,32.61,24881334.0,33.1,28.1,30.6,0.6650000000000004,31.12214411481294,31.81112754314311,36.47850603726751,0.3483625683318827,-0.038523815226322075,0.3868863835582048,69.66101694915253,33.06306713501355,28.039932864986447,0.1644153075962588,4.118773946360155,21.965260315789926,45.542427497314755,15.1987110633727,29575145.45,-537884024.0
2016-03-08,32.11,32.17,31.82,31.86,24091791.0,33.1,28.1,30.6,0.6835714285714288,31.192416103878376,31.81304411007868,36.4325507533146,0.35510649981084796,0.04020224778111193,0.31490425202973604,58.89967637540451,33.1716720001465,28.2033279998535,0.1619012301521141,4.3222003929273,24.07592882000939,38.76698014629052,20.114942528735593,28995034.35,-561975815.0
2016-03-09,31.98,32.2,31.89,31.98,14383659.0,33.1,28.1,30.6,0.6671428571428576,31.2674240939852,31.819591399879517,36.38824676571943,0.36591605866404464,0.10534500995769848,0.2605710487063462,62.56239600665558,33.23581468259859,28.450185317401413,0.1551609559769534,5.024630541871922,26.070826439961003,38.436830835117824,20.61027837259096,28015766.4,-547592156.0
2016-03-10,32.1,32.215,31.375,31.73,29486831.0,33.1,28.1,30.6,0.7021428571428577,31.311478942177086,31.816078011648948,36.34189605163267,0.3502720827380408,0.15433042451376694,0.19594165822427384,60.15999999999999,33.246445353946996,28.705554646053002,0.14659383741909845,4.546952224052725,26.85698461077785,36.52085452695834,23.702950152594063,27351659.45,-577078987.0
2016-03-11,32.45,32.87,32.43,32.86,28791117.0,33.1,28.46,30.78,0.718571428571429,31.45895713816022,31.857016128839184,36.30725031977563,0.42416615193859997,0.20829756999873356,0.2158685819398664,61.80981595092023,33.28088402546195,29.11311597453805,0.13359515501246594,8.021038790269541,27.746102559441308,34.94035785288269,23.16103379721667,26854452.5,-548287870.0
2016-03-14,32.87,33.065,32.725,32.9,17724694.0,33.1,29.77,31.435000000000002,0.6857142857142858,31.596199315478295,31.897917457120002,36.27334733151916,0.48041744658931407,0.26272154531684966,0.2176959012724644,70.4152249134948,33.34969485598821,29.427305144011786,0.1249626363788147,8.652575957727858,29.277751755942397,38.645833333333336,19.583333333333318,25769737.55,-530563176.0
2016-03-15,32.49,32.74,32.36,32.7,15012890.0,33.1,29.77,31.435000000000002,0.6678571428571429,31.701323190194646,31.929371674487847,36.237791636678175,0.5030597150867173,0.3107891792708232,0.1922705358158941,69.10016977928697,33.482123625650985,29.535876374349005,0.1252419071154902,4.2397194772075375,32.00162195015993,39.679144385026746,15.989304812834234,24624517.05,-545576066.0
2016-03-16,32.34,33.14,32.27,33.07,28137682.0,33.14,29.77,31.455,0.6842857142857142,31.831673362557062,31.97410219705695,36.20627132188536,0.5445821794070511,0.3575477792980688,0.1870344001089823,72.07792207792208,33.68166693281577,29.56733306718423,0.13009957044796103,3.182527301092053,35.17514764632814,42.90187891440501,15.605427974947823,24208272.55,-517438384.0
2016-03-17,33.0,33.515,32.96,33.455,28887755.0,33.515,29.77,31.6425,0.694642857142857,31.986275899456388,32.032176620701776,36.178895487836755,0.6016202106619382,0.4063622655708427,0.19525794509109545,73.43629343629343,33.909857810702555,29.63764218929744,0.13445739396215786,4.286159600997497,37.79143892906593,42.21079691516707,15.372750642673536,24360913.3,-488550629.0
2016-03-18,33.69,33.88,33.62,33.68,25480783.0,33.88,29.77,31.825000000000003,0.698571428571429,32.147582956651014,32.09679714538014,36.15403085611699,0.6574007740592229,0.4565699672685188,0.20083080679070414,75.91463414634147,34.13826268612005,29.73123731387995,0.1380009354148725,2.0915428917853918,39.86635001303903,45.705521472392604,14.212678936605313,24652881.35,-463069846.0
2016-03-21,33.73,33.91,33.625,33.71,15135638.0,33.91,29.77,31.839999999999996,0.6375000000000001,32.296384579827105,32.16006000242405,36.12971214113075,0.6960049103498704,0.5044569558847891,0.19154795446508133,71.27272727272728,34.37357221269775,29.734927787302258,0.1447123057128304,3.3731984053971154,40.6751833760918,41.792717086834614,15.574229691876756,24351056.9,-447934208.0
2016-03-22,33.39,33.64,33.3,33.44,15094965.0,33.91,29.77,31.839999999999996,0.6175000000000003,32.40530033412929,32.210253727819186,36.10294883624388,0.696780174847099,0.5429215996772512,0.1538585751698478,63.654223968565816,34.48229108130907,29.916208918690927,0.1418070968304586,4.959196484620199,40.18462294796631,35.74320416425665,19.838056680161976,24145842.4,-463029173.0
2016-03-23,33.36,33.37,32.91,32.97,25832585.0,33.91,29.81,31.86,0.6246428571428577,32.4590812546884,32.240047699277255,36.071775215982754,0.6519541835005143,0.5647281164419038,0.08722606705861047,58.047016274864376,34.47613592518421,30.174364074815784,0.13307775965749455,3.0956848030018635,37.534526078895134,34.648370497427,24.07089765580334,24028302.0,-488861758.0
2016-03-24,32.48,32.74,32.35,32.74,17791281.0,33.91,30.28,32.095,0.5960714285714287,32.48583542090855,32.25965367185462,36.03862322378392,0.591056849157745,0.569993862985072,0.021062986172672993,47.42268041237113,34.38923065045599,30.500269349544006,0.11986411671879078,3.183107469271995,34.276492151060985,24.565608148591846,31.935290593169547,23900436.3,-506653039.0
2016-03-28,32.7,33.04,32.69,33.01,16103055.0,33.91,30.28,32.095,0.5739285714285715,32.5357558570125,32.289079018056405,36.00848766931841,0.5581480333717295,0.5676246970624036,-0.009476663690674125,54.219409282700425,34.28146464441445,30.867035355585546,0.10481988960080132,0.45648204503956347,31.15687537929722,29.247044181704883,33.16739265712506,23652152.75,-490549984.0
2016-03-29,32.77,33.37,32.635,33.34,18632800.0,33.91,30.82,32.364999999999995,0.5700000000000001,32.61235053729702,32.330291605583604,35.981935553205794,0.5523288981163432,0.5645655372731916,-0.012236639156848361,67.1296296296297,34.08052079407757,31.37397920592244,0.08269993929080911,1.3373860182370967,29.66982581373111,33.58395989974919,27.005012531328333,23726559.95,-471917184.0
2016-03-30,33.94,34.12,33.81,33.84,23327025.0,34.12,31.375,32.7475,0.6014285714285708,32.72926953374492,32.38949585634503,35.96062276163161,0.5813614400317348,0.5679247178249003,0.013436722206834562,69.78723404255325,34.13136775799941,31.570132242000582,0.0779658155749513,3.4862385321100975,29.11424376932019,40.3800475059381,25.593824228028545,23196674.45,-448590159.0
2016-03-31,33.89,34.0299,33.69,33.765,17008377.0,34.12,31.375,32.7475,0.565707142857142,32.82791053053112,32.443437195311894,35.938775768978566,0.591499625976482,0.5726396994552166,0.018859926521265336,72.48618784530389,34.22102366760207,31.65197633239794,0.07800001017728443,2.101602661022084,29.86418390879518,42.92983497266366,22.22250280937901,22665748.25,-465598536.0
2016-04-01,33.02,33.71,32.84,33.58,19320619.0,34.12,31.375,32.7475,0.5503499999999991,32.899538099051966,32.48800828569182,35.91530536331709,0.5779440779163636,0.5737005751474461,0.004243502768917495,60.0558659217877,34.26012071271018,31.762879287289817,0.0756476205389142,0.3736362277686478,28.59613177776311,35.626679126270226,33.874547365961966,22383131.3,-484919155.0
2016-04-04,33.58,33.68,33.13,33.17,14553937.0,34.12,31.375,32.7475,0.5653499999999992,32.925296375332735,32.51475305880194,35.887988892040305,0.5280308242747722,0.5645666249729113,-0.03653580069813911,53.417721518987385,34.27106155807089,31.76993844192912,0.07574455614366134,-1.5142517814726753,26.340828941064935,32.21771595345479,32.975779858242085,20983940.9,-499473092.0
2016-04-05,32.65,32.76,32.37,32.42,22556640.0,34.12,31.375,32.7475,0.5839214285714281,32.87717291101533,32.51103725257442,35.853481539880704,0.423078493652163,0.5362689987087617,-0.11319050505659867,46.88888888888887,34.2774770864586,31.7445229135414,0.07673061018803441,-3.826757638682876,23.886227779013797,31.193042116723042,36.758859435589486,20867706.2,-522029732.0
2016-04-06,32.57,33.04,32.47,33.03,17887901.0,34.12,31.375,32.7475,0.5660642857142852,32.89172787187101,32.531388732865615,35.8253871962003,0.3846904455159006,0.5059532880701895,-0.12126284255428887,49.57805907172996,34.21436910306651,31.92463089693349,0.06924018222631186,-1.2260765550239139,21.3094280856135,30.66284748072524,37.91845953892169,20557511.7,-504141831.0
2016-04-07,32.65,32.69,32.25,32.4,20313781.0,34.12,31.375,32.7475,0.582135714285714,32.84489664597854,32.52623623353755,35.79130374151175,0.2999739924688001,0.4647574289499116,-0.16478343648111154,39.41825476429289,34.16443472309639,32.016565276903606,0.0649089450504763,-1.7288444040036377,19.563138660752664,25.21503331329211,39.57103768144398,20854017.8,-524455612.0
2016-04-08,33.07,33.12,32.73,32.82,18606520.0,34.12,32.25,33.185,0.6032071428571422,32.84252553683773,32.53775638124196,35.76173853015342,0.2636864695120167,0.42454323706233266,-0.16085676755031597,41.69884169884172,34.020532920417814,32.26946707958218,0.05283046736568522,0.24434941967013124,17.28555292489361,25.103908868074136,38.188729292235614,20310002.25,-505849092.0
2016-04-11,33.4,33.58,33.18,33.21,18483809.0,34.12,32.25,33.185,0.6371357142857137,32.87752310475794,32.56411887609522,35.73634809701757,0.26336221113263747,0.39230703187639365,-0.12894482074375618,45.487364620938635,34.027981308137484,32.29701869186252,0.05219638496117497,0.6058770069675923,14.855923402630177,28.587764436821033,36.155113846567836,19794636.85,-487365283.0
2016-04-12,33.38,33.87,33.19,33.67,19348070.0,34.12,32.25,33.185,0.6564214285714277,32.952997094781,32.60748676330717,35.71578741943531,0.296802040480614,0.37320603359723775,-0.07640399311662377,52.00698080279235,34.08560874491355,32.31639125508645,0.053288078365925695,0.9898020395920692,12.886585630720337,30.903491876951872,31.556382550408628,19875805.65,-468017213.0
2016-04-13,34.9,35.03,34.76,34.99,37868707.0,35.03,32.25,33.64,0.7157071428571419,33.14699737146852,32.700918654942186,35.7085656540678,0.4249181228417882,0.38354845144614785,0.04136967139564035,65.34954407294833,34.476655957610106,32.154344042389894,0.06970665051463168,3.398345153664306,13.234745122553647,39.92055808940214,25.050150201099825,21018596.5,-430148506.0
2016-04-14,34.94,35.04,34.85,34.92,14575562.0,35.04,32.25,33.644999999999996,0.6849928571428562,33.315854764662,32.78794145278759,35.700719229649216,0.5148675534912357,0.40981227185516544,0.10505528163607025,66.97819314641742,34.765037795695534,32.05096220430447,0.08124028949326703,3.420701910262114,14.771907988867353,41.81482601486985,20.333892949874404,20340490.5,-444724068.0
2016-04-15,34.68,34.73,34.46,34.48,21139837.0,35.04,32.25,33.644999999999996,0.692849999999999,33.426725739456096,32.85429668993318,35.68857276965271,0.5443736025357708,0.4367245379912865,0.10764906454448431,61.15326251896809,34.89868071714917,32.019819282850825,0.08604082381698167,2.6801667659321016,15.940727386636244,38.247816987804065,24.123960040825235,19953094.6,-465863905.0
2016-04-18,34.43,34.89,34.36,34.7,18276434.0,35.04,32.25,33.644999999999996,0.6782071428571419,33.547989954745994,32.92667721189658,35.67873622468104,0.5788370471998832,0.46514703983300587,0.11369000736687729,60.4938271604938,35.05130389434053,31.96919610565947,0.09197507594485439,4.61260174856799,16.62285871161418,37.28317307185974,24.644809318686946,19592877.15,-447587471.0
2016-04-19,34.83,35.19,34.8,35.12,18448498.0,35.19,32.25,33.72,0.6574928571428563,33.69770519715114,33.01268987025358,35.67317666025635,0.6327461614273275,0.4986668641518702,0.1340792972754573,59.99999999999993,35.281060420574676,31.880439579425328,0.10126697114118498,8.328192473781604,16.00856681675778,33.56907733924331,25.421243033601737,19758520.15,-429138973.0
2016-04-20,34.58,35.0,34.45,34.72,27289686.0,35.19,32.25,33.72,0.6810714285714273,33.795066606946264,33.07964320867501,35.66369231537818,0.6358630325579213,0.5261060978330805,0.10975693472484083,57.10037174721187,35.41756659632621,31.871933403673797,0.1053844416336104,5.116560702391748,14.394590632151344,32.40692186680659,26.953329837440982,20368256.2,-456428659.0
2016-04-21,34.74,34.81,34.41,34.48,20198102.0,35.19,32.25,33.72,0.6435714285714279,33.860298358665666,33.13455916127599,35.65191428238934,0.6119134240983257,0.5432675630861296,0.06864586101219616,56.637168141592895,35.5006712245537,31.9398287754463,0.10559952696398744,6.419753086419755,16.17328148993776,34.295227524972326,19.53385127635968,20086532.05,-476626761.0
2016-04-22,34.39,34.71,34.225,34.35,24133751.0,35.19,32.25,33.72,0.638928571428571,33.906936610221315,33.182223507892616,35.638959911420294,0.5758057431217338,0.5497751990932505,0.02603054402848337,59.07692307692306,35.539661562170984,32.06183843782902,0.1028918921722733,4.6617915904936025,17.71456889009677,34.54443823365014,21.743991056456142,20403655.55,-500760512.0
2016-04-25,34.01,34.07,33.8,33.94,21698984.0,35.19,32.25,33.72,0.621071428571428,33.91008550448595,33.2119402330733,35.62205483767482,0.50824780796205,0.5414697208670104,-0.03322191290496035,62.33766233766228,35.54641225488339,32.14808774511661,0.10040179068511564,2.198133092442034,19.378750505826723,35.537665324899436,18.516388729154695,20683452.0,-522459496.0
2016-04-26,34.03,34.175,33.92,34.14,16571249.0,35.19,32.25,33.72,0.5949999999999994,33.93198212310634,33.248334733737096,35.6073080233696,0.4654802199256878,0.5262718206787459,-0.06079160075305812,59.652173913043455,35.573752063599606,32.2007479364004,0.09953608295743116,1.3959013959014,20.683050662155104,34.99399759903964,19.327731092436988,20580374.45,-505888247.0
2016-04-27,33.94,34.49,33.94,34.39,17150480.0,35.19,32.25,33.72,0.5785714285714282,33.97560287328669,33.29310592064937,35.59519550572413,0.4466112524336694,0.5103397070297306,-0.06372845459606125,68.52886405959029,35.615881125240676,32.213618874759334,0.10031806958569184,-1.7147756501857736,21.94503272770859,39.87654320987662,17.16049382716051,20271547.2,-488737767.0
2016-04-28,34.14,34.425,34.01,34.07,18527790.0,35.19,32.25,33.72,0.5567857142857139,33.984593075830816,33.323572355133706,35.580019431040306,0.4012112208950924,0.488514009802803,-0.0873027889077106,61.859582542694476,35.630947104595265,32.22905289540472,0.10026213407576025,-2.4341351660939314,22.872034488581345,35.92046183450938,17.831943553559995,20347517.85,-507265557.0
2016-04-29,33.67,33.78,33.3,33.53,22389401.0,35.19,32.25,33.72,0.5575,33.94129849718026,33.33166755689317,35.559621227746376,0.31799226489312815,0.4544096608208681,-0.13641739592773994,52.952029520295206,35.6307584870429,32.22424151295711,0.10040577626072623,-2.755220417633397,22.423255468373757,29.98078155028832,26.905829596412573,20500956.95,-529654958.0
2016-05-02,33.68,33.68,33.31,33.47,16295683.0,35.19,32.25,33.72,0.5353571428571426,33.89641292602024,33.33709235858364,35.53882897672403,0.24438205987855355,0.4124041406324052,-0.16802208075385167,48.00796812749002,35.62279915882778,32.26220084117221,0.0990085679503741,-3.5446685878962603,22.434649976220964,27.351567711807938,28.01867911941297,20588044.25,-545950641.0
2016-05-03,32.96,33.01,32.61,32.655,31468474.0,35.19,32.25,33.72,0.49964285714285694,33.77818312354212,33.31034363863918,35.51013416103523,0.1189110210793487,0.35370551672179396,-0.23479449564244526,24.14174972314511,35.592481636471575,32.31601836352843,0.09649641128704498,-7.018792710706146,24.49705374706578,12.723373838456054,40.02859185132245,21033635.95,-577419115.0
2016-05-04,32.44,32.57,32.13,32.25,28157119.0,35.19,32.13,33.66,0.5235714285714285,33.63264187368097,33.26876153516314,35.47769501515429,-0.013055303006396457,0.28035335277615586,-0.2934086557825523,22.474226804123745,35.67849304978951,32.15200695021049,0.10397936325337473,-7.114055299539168,26.149092982997637,12.005457025920911,44.74761255115964,21547096.85,-605576234.0
2016-05-05,32.54,32.6,32.2,32.3,32500578.0,35.19,32.13,33.66,0.519285714285714,33.50572359999707,33.23077088672537,35.44607615928211,-0.11231033979145622,0.20182061426263345,-0.31413095405408964,25.560538116591943,35.69205415664321,32.1284458433568,0.10508941435956409,-6.3225058004640395,28.253424058620567,12.517193947730457,39.75240715268228,22156436.7,-573075656.0
2016-05-06,31.96,32.29,31.94,32.11,22910139.0,35.19,31.94,33.565,0.5071428571428565,33.37279754285449,33.186819087245944,35.41288137162756,-0.2039510627450909,0.12066627886108859,-0.3246173416061795,20.767494356659057,35.77253118365949,31.97696881634051,0.11204694845922049,-6.521106259097531,31.191302506703103,10.563380281690154,44.366197183098684,22371617.65,-595985795.0
2016-05-09,31.97,32.03,31.62,31.62,31106029.0,35.19,31.62,33.405,0.5071428571428568,33.20586444353502,33.12537520147159,35.37514125847704,-0.3125134404125234,0.034030335006366194,-0.3465437754188896,11.111111111111114,35.928844631749634,31.661655368250358,0.12626594753698453,-6.835592221567466,35.707635480302955,6.3380281690141285,48.873239436619784,23002728.65,-627091824.0
2016-05-10,31.86,32.35,31.86,32.35,24519345.0,35.19,31.62,33.405,0.5114285714285715,33.124353544150736,33.09496833082565,35.3450403504325,-0.33577440934954694,-0.03993061386481644,-0.2958437954847305,25.465838509316782,35.95867115451741,31.49982884548259,0.13219512171289968,-5.243116578793206,39.366494901877296,10.75418994413412,43.575418994413525,23261292.4,-602572479.0
2016-05-11,31.93,32.14,31.81,31.81,23343067.0,35.19,31.62,33.405,0.5214285714285712,32.99917701613638,33.04457741589131,35.30986581958243,-0.393249249293369,-0.11059434095052696,-0.28265490834284207,23.976608187134516,35.873447948391046,31.26705205160896,0.13721660984896109,-7.502180866530972,41.730076337623686,10.547945205479499,42.87671232876718,22535010.4,-625915546.0
2016-05-12,32.06,32.125,31.67,31.75,21212200.0,35.19,31.62,33.405,0.519285714285714,32.88020777650434,32.99380967409165,35.274444269138826,-0.43858424640840354,-0.1761923220421023,-0.2623919243663012,24.308300395256907,35.75971502036145,31.063784979638548,0.140547263783636,-6.809509832697391,44.39515250723425,10.59147180192577,42.43466299862457,22866842.3,-647127746.0
2016-05-13,31.52,31.63,31.05,31.24,32725684.0,35.19,31.05,33.12,0.5299999999999994,32.72399751207536,32.92503282412727,35.234300545067796,-0.5097887684055635,-0.24291161131479455,-0.266877157090769,23.83720930232559,35.730705832356534,30.768794167643463,0.1492315480481228,-6.829704742022081,46.57272014579479,10.377358490566092,44.20485175202163,23446134.65,-679853430.0
2016-05-16,31.65,31.99,31.64,31.85,22117758.0,35.19,31.05,33.12,0.5653571428571426,32.64075965378247,32.8828746741615,35.20062591277857,-0.5111052597890264,-0.29655034100964095,-0.21455491877938548,29.443447037701986,35.564757241516034,30.64974275848397,0.14845734644321298,-4.840155363011645,48.254232529753885,12.95009475679098,41.44030322173093,23638200.85,-657735672.0
2016-05-17,31.785,31.92,31.55,31.655,23887491.0,35.0,31.05,33.025,0.5524999999999994,32.54687778199366,32.834722726155164,35.16534605294993,-0.5218676930975619,-0.34161381142722513,-0.18025388167033674,25.203989120580246,35.28007982095964,30.587920179040353,0.14247159901376358,-3.0623181748583694,50.06632100150621,9.179056237879788,43.56819650937304,23910150.5,-681623163.0
2016-05-18,31.5,31.8799,31.265,31.41,28817528.0,34.81,31.05,32.93,0.5667785714285708,32.43860370751807,32.778851246698096,35.12797942555739,-0.5438967483324859,-0.3820703988082773,-0.1618263495242086,25.55147058823529,35.05020780914513,30.486792190854878,0.13926226767445107,-2.6046511627906943,52.481817295407154,8.947812826878746,46.06233222850957,23986542.6,-710440691.0
2016-05-19,31.26,31.33,31.04,31.24,27337442.0,34.71,31.04,32.875,0.5382071428571421,32.32445097346873,32.71850413898444,35.089293063114035,-0.5685189796609009,-0.41936011497880205,-0.14915886468209888,27.416173570019723,34.8360434982355,30.3769565017645,0.13675454269765225,-3.2817337461300222,56.6244356132832,9.422819148230259,42.07089676040832,24343509.6,-737778133.0
2016-05-20,31.58,31.77,31.55,31.64,16973482.0,34.49,31.04,32.765,0.5496357142857138,32.25926516647171,32.67620985902427,35.05497173910295,-0.5494222209619544,-0.44537253617543254,-0.10404968478652182,33.086876155268044,34.58056368649209,30.3614363135079,0.12993524600363987,-1.46371846776705,59.878324183436824,14.944963547284607,41.196116908601866,23985496.15,-720804651.0
2016-05-23,31.61,31.78,31.53,31.57,15279906.0,34.49,31.04,32.765,0.5060642857142853,32.193620864902975,32.632829080239006,35.020295403390485,-0.5337831966711946,-0.46305466827458497,-0.07072852839660959,38.37084673097536,34.37925395125923,30.325746048740765,0.12529195278629054,-0.15812776723592714,58.810586269009,16.231704046634434,35.145167892277954,23664542.25,-736084557.0
2016-05-24,31.78,32.25,31.75,32.18,29071530.0,34.49,31.04,32.765,0.5171357142857139,32.19232363967412,32.61507107709238,34.9920337575856,-0.4667864318089556,-0.46380102098145914,-0.002985410827496482,49.28131416837782,34.09865120969185,30.410348790308134,0.11435001067707508,-0.52550231839259,55.457121551907925,22.375999668503738,27.762814403513904,24289556.3,-707013027.0
2016-05-25,32.53,32.82,32.48,32.77,25181231.0,34.425,31.04,32.7325,0.5342785714285713,32.24734043589564,32.62114672112798,34.96992396895291,-0.3619110584062426,-0.44342302846641585,0.08151197006017324,54.34380776340115,33.74484906839129,30.60215093160872,0.09767970959897337,3.0179188934297496,51.99225434792676,28.877391408976067,26.87201700557497,24691093.85,-681831796.0
2016-05-26,32.67,32.73,32.53,32.65,15589242.0,33.78,31.04,32.41,0.525707142857143,32.28568896581034,32.62227822226021,34.94684014836632,-0.285192050088952,-0.4117768327909231,0.1265847827019711,55.056179775280874,33.421025891407915,30.783974108592098,0.08214474831604444,2.8346456692913247,48.345645202596394,29.348224840011405,23.77749697686109,24544166.45,-697421038.0
2016-05-27,32.91,32.99,32.64,32.84,20918832.0,33.68,31.04,32.36,0.5157071428571433,32.33848049287602,32.630816331191184,34.92587656480049,-0.20667781793051176,-0.37075702981884084,0.16407921188832908,62.103174603174566,33.259219631522036,30.87678036847796,0.07429335359374072,5.121638924455851,44.67946444457891,33.51846978490012,19.806368509259112,24470638.0,-676502206.0
2016-05-31,33.265,33.73,33.12,33.65,63588022.0,33.73,31.04,32.385,0.5271357142857143,32.46338711260211,32.670784318203296,34.9131812755985,-0.07819313099235359,-0.3122442500535434,0.2340511190611898,62.69531249999993,33.314635266396685,30.83936473360333,0.07716652220573482,5.651491365777073,42.723019175249476,38.48290627244272,19.376956327321505,26835254.95,-612914184.0
2016-06-01,33.26,33.52,33.22,33.435,22795984.0,33.73,31.04,32.385,0.5192785714285711,32.55592167330668,32.700753560626694,34.89847300419951,0.006211602432038887,-0.24855307955642694,0.2547646819884658,66.94473409801876,33.47366285249685,30.758337147503152,0.08454744379728793,5.623124308955929,40.87190030991261,39.06518659128738,18.982379399991743,26401630.45,-635710168.0
2016-06-02,33.41,33.78,33.375,33.73,20820899.0,33.78,31.04,32.41,0.5157071428571428,32.667738656801276,32.74111616609231,34.8868464071428,0.09580264312143782,-0.179681935020854,0.2754845781422918,69.6819085487077,33.727800890539704,30.65219910946029,0.09554525570299514,7.386182744348924,39.64370475153361,42.93688278230998,17.174753112924034,26034819.45,-614889269.0
2016-06-03,33.69,33.89,33.47,33.77,23420302.0,33.89,31.04,32.465,0.49570714285714296,32.772715927582105,32.78146455173575,34.87573350756924,0.16809416909608643,-0.11012671419746592,0.2782208832935523,77.74122807017541,33.95615938377192,30.570840616228082,0.10492720156039599,8.098591549295797,40.047184197658844,46.25426879349842,8.933846309024638,25580805.65,-591468967.0
2016-06-06,33.99,34.33,33.94,34.2,26465107.0,34.33,31.04,32.685,0.48213571428571406,32.908647744002856,32.83709339284415,34.86900979107601,0.2571192202831014,-0.03667752730135245,0.29379674758445384,76.8264840182648,34.26632446896501,30.469675531034998,0.11729637104331475,8.091024020227566,41.183290814218516,48.74146283648642,9.185321264018746,25758554.05,-565003860.0
2016-06-07,34.6,34.7775,34.59,34.64,29459437.0,34.7775,31.04,32.90875,0.4969571428571426,33.0735384350502,32.90779561273262,34.866731086687196,0.35903777354605637,0.04246553286812932,0.31657224067792705,82.27027027027022,34.63479175176573,30.403208248234268,0.1301264953882796,9.724421919543879,41.89507816536285,53.71978037772735,7.617788254232923,25676224.45,-535544423.0
2016-06-08,34.66,34.81,34.64,34.74,15660834.0,34.81,31.04,32.925,0.4651785714285714,33.232249060283515,32.97964676517448,34.86547008084951,0.44277410133274486,0.12252724656105245,0.3202468547716924,87.16517857142853,34.972793762237096,30.304206237762905,0.14303927951573114,7.955251709136113,43.34702576898393,57.88867562380038,3.7619961612284225,25233298.9,-519883589.0
2016-06-09,34.39,34.58,34.37,34.54,17728283.0,34.81,31.04,32.925,0.4651785714285716,33.35679676882794,33.040837088108816,34.86223157258235,0.4873792116917457,0.1954976395871911,0.29188157210455457,86.58536585365847,35.22186910582703,30.328130894172965,0.14931314146923166,5.401281660054913,44.940756044599325,57.88867562380035,4.452975047984685,24952559.7,-537611872.0
2016-06-10,33.6,33.8,33.46,33.61,35795260.0,34.81,31.04,32.925,0.5044642857142857,33.3809113622729,33.06315720230063,34.84977155693477,0.44258402223863413,0.24491491611747973,0.1976691061211544,69.54365079365076,35.29211872212267,30.443881277877328,0.14750631143499285,2.9402756508422723,44.95937092248573,47.150442477876084,16.991150442477863,25681712.7,-573407132.0
2016-06-13,33.0,33.275,32.86,32.9,29851384.0,34.81,31.04,32.925,0.5401785714285714,33.33511028015167,33.05675888064178,34.83037084492547,0.345806206886607,0.2650931742713052,0.08071303261530183,61.70774647887322,35.25090983804938,30.651090161950624,0.13959575357648502,0.18270401948841108,44.49647765137329,44.03305785123965,23.537190082644642,25537997.7,-603258516.0
2016-06-14,32.83,33.06,32.58,32.99,28218887.0,34.81,31.04,32.925,0.5258928571428575,33.30224263442294,33.0541408853225,34.812058697214766,0.2732218078855979,0.26671890099416373,0.006502906891434179,57.84883720930233,35.24876443723038,30.767235562769613,0.13577099110702753,-1.96136701337295,44.89050343342568,38.8455008488964,27.97962648556877,25843054.15,-575039629.0
2016-06-15,33.18,33.46,33.02,33.04,27387323.0,34.81,31.04,32.925,0.5137500000000002,33.27726714543028,33.053586340800045,34.79442627236686,0.21722865416246862,0.25682085162782475,-0.03959219746535614,52.922077922077875,35.22565816223956,30.92884183776045,0.12990246542500083,-1.1813967399431857,45.580934547181286,37.40006951685779,28.64094542926662,26018045.75,-547652306.0
2016-06-16,32.45,33.05,32.24,32.945,33593967.0,34.81,31.04,32.925,0.5544642857142854,33.2456226553893,33.04932805292553,34.77602402090053,0.16330548638323705,0.23811777857890723,-0.07481229219567018,53.21001088139284,35.15633179857327,31.151668201426737,0.1207897568060123,-2.327305069670904,45.025687682337384,34.6537842190016,36.58615136876013,26256867.7,-581246273.0
2016-06-17,32.8,32.9,32.595,32.81,17527755.0,34.81,31.53,33.17,0.5544642857142854,33.20413478344746,33.03994263908532,34.75646159283187,0.10842772830682179,0.21217976852449016,-0.10375204021766837,49.66960352422906,35.03168256292563,31.43331743707437,0.10827849622662342,-2.8427598460171732,43.74465914188896,31.304347826086882,36.58615136876013,25766383.35,-598774028.0
2016-06-20,33.52,33.65,33.35,33.39,24452033.0,34.81,31.53,33.17,0.5508928571428571,33.221836232642936,33.05367037872903,34.74286496006737,0.11046449644288003,0.19183671410816816,-0.08137221766528813,46.98375870069608,34.95589022923429,31.684109770765726,0.09819269083038912,-2.3684210526315863,41.92713630563076,31.63695299837923,36.823338735818524,26140310.9,-574321995.0
2016-06-21,33.4,33.59,33.2,33.48,17153436.0,34.81,31.75,33.28,0.5480357142857143,33.246423258105516,33.07038918740633,34.73029913956919,0.117980887473216,0.17706554878117775,-0.05908466130796175,50.53763440860209,34.82914366834492,32.00185633165507,0.0846100563118867,-3.34872979214782,40.17940466603979,31.801889866405965,38.97034864776803,26233987.4,-557168559.0
2016-06-22,33.89,34.04,33.72,33.76,23886076.0,34.81,32.24,33.525000000000006,0.5591071428571429,33.295335328762135,33.09743274868451,34.720644421762536,0.14486146862264349,0.1706247327494709,-0.025763264126827418,50.35971223021584,34.78900213961695,32.19999786038306,0.07729640028165491,-2.820955670696612,37.57572974411374,33.599488981156114,38.19865857553499,25974714.7,-533282483.0
2016-06-23,34.25,34.605,34.19,34.58,21943241.0,34.81,32.24,33.525000000000006,0.5894642857142856,33.417684345070505,33.15557264089296,34.719244974779826,0.22968401546481232,0.1824365892925392,0.04724742617227312,58.18181818181814,34.918720557806274,32.25127944219371,0.0794235853986173,0.11580775911985697,32.8571415384353,37.382611329899966,36.23144501666165,25812815.2,-511339242.0
2016-06-24,32.73,33.39,32.42,32.48,56230384.0,34.81,32.24,33.525000000000006,0.70375,33.32838107411141,33.12907959615206,34.696963930254654,0.12600157762930309,0.171149586959892,-0.045148009330588906,37.009063444108705,34.93720453887115,32.21579546112884,0.08105100524897796,-3.362094614698019,30.01966565033178,26.84597817812734,48.31261101243337,27844872.3,-567569626.0
2016-06-27,32.61,32.64,31.96,32.38,36013232.0,34.81,31.96,33.385000000000005,0.7110714285714285,33.238059067053186,33.09970392571473,34.67390956278943,0.03535577502166376,0.14399082457224635,-0.10863504955058259,32.00636942675159,34.98055475128222,32.12644524871778,0.08506145417212634,-1.580547112461994,27.561603449510496,22.074334505273644,52.435961828227015,28599592.3,-603582858.0
2016-06-28,33.04,33.23,32.84,33.16,27207257.0,34.81,31.96,33.385000000000005,0.7596428571428565,33.23062487019098,33.102068477647485,34.65884578604526,0.02615629121201124,0.12042391790019934,-0.0942676266881881,38.64942528735626,34.96587013660696,32.09212986339303,0.08570909580404802,0.5153076689905944,23.498269523162882,25.905030559473346,49.083215796897065,26780554.05,-576375601.0
2016-06-29,33.73,33.82,33.67,33.76,28029402.0,34.81,31.96,33.385000000000005,0.7803571428571422,33.28104154922041,33.12786971381817,34.649902046880634,0.06651388889719101,0.10964191209959767,-0.04312802320240666,44.70108695652172,34.984992210112,32.105507789887994,0.08583881235715946,2.1791767554479424,18.757892359639264,30.61784897025167,45.30892448512586,27042224.95,-548346199.0
2016-06-30,34.04,34.435,33.88,34.22,36217717.0,34.81,31.96,33.385000000000005,0.7514285714285711,33.370466163580375,33.17069835249197,34.64562441457336,0.13407025302208098,0.11452758028409434,0.01954267273798664,54.4267053701016,35.03910171884865,32.10039828115135,0.08754022409154966,3.870086507816062,15.470758963234346,37.642585551330754,38.403041825095066,27812065.85,-512128482.0
2016-07-01,34.4,34.62,34.38,34.48,18797313.0,34.81,31.96,33.385000000000005,0.7264285714285711,33.476136052763195,33.22204351513934,34.64397641044825,0.20621190294303915,0.1328644448158833,0.07334745812715585,62.26708074534162,35.12829914044487,32.08220085955513,0.09064352388063583,5.0899116123132915,13.968043212988642,40.757128810226064,33.824975417895764,27580916.4,-493331169.0
2016-07-05,33.89,33.93,33.605,33.7,19008044.0,34.81,31.96,33.385000000000005,0.7546428571428565,33.49745642869051,33.2407869067025,34.63458361034429,0.19816092321794088,0.14592374049629483,0.05223718272164604,54.97896213183733,35.0784049178553,32.0820950821447,0.0892283361711305,0.9284216831386694,12.99224659151464,39.23331755797437,37.24562233790824,27208063.25,-512339213.0
2016-07-06,33.2,33.67,33.09,33.62,19984804.0,34.81,31.96,33.385000000000005,0.7646428571428565,33.5091272450057,33.255658008400445,34.624488251037384,0.18321316504906804,0.1533816254068495,0.029831539642218546,54.05027932960894,34.9425487727483,32.115951227251706,0.08430243878096279,0.4181600955794451,12.659364355418004,34.98365249883226,41.56936011209715,26734331.6,-532324017.0
2016-07-07,33.74,33.85,33.36,33.46,18078013.0,34.62,31.96,33.29,0.7417857142857142,33.50444845976706,33.263671419835724,34.61290130326587,0.15665052642617638,0.15403540561071488,0.0026151208154615024,53.56401384083046,34.758526031918926,32.17197396808107,0.07729068403307482,-0.8886255924170583,12.70543540006405,37.79489648531526,35.33943187289354,26855190.55,-550402030.0
2016-07-08,33.79,34.24,33.77,34.18,24660790.0,34.62,31.96,33.29,0.7724999999999999,33.56878670169401,33.29960587395981,34.608593827611486,0.1914900485714739,0.1615263342028667,0.029963714368607203,58.77080665813061,34.686432561631555,32.20806743836845,0.07409772472365,-1.1567379988432602,12.726703931311546,39.89828941285244,33.93435043920476,27201815.9,-525741240.0
2016-07-11,34.35,34.6,34.25,34.44,21573934.0,34.62,31.96,33.29,0.7425000000000003,33.65175939677077,33.344327212235896,34.60691627708799,0.2373444884451743,0.17668996505132822,0.06065452339384608,57.00934579439252,34.804132173802365,32.17336782619763,0.07855666000088804,6.034482758620685,12.425397820262173,37.75853775853765,35.30543530543524,26490749.6,-504167306.0
2016-07-12,35.01,35.2,34.91,35.14,27755436.0,35.2,31.96,33.58,0.768928571428572,33.79349659707832,33.414745752932525,34.61222059273886,0.32640600699642164,0.2066331734403469,0.11977283355607474,60.246913580246954,35.07671275448634,32.12478724551366,0.08785296485860222,8.523780111179736,12.594206231381607,42.03437064561067,32.69856014862976,26385952.2,-476411870.0
2016-07-13,35.06,35.07,34.82,34.99,16901572.0,35.2,31.96,33.58,0.7517857142857147,33.90744930211848,33.476520429288115,34.615979591816085,0.3804980114796379,0.24140614104820513,0.13909187043143278,57.71643663739025,35.27051121214577,32.13098878785423,0.09315882953024908,5.518697225572988,12.568852964283197,38.71733966745837,34.29928741092627,25820086.45,-493313442.0
2016-07-14,35.4,35.61,35.35,35.56,21607794.0,35.61,31.96,33.785,0.735714285714286,34.0648350828691,33.558225510492505,34.62537282970846,0.4640117128670056,0.28592725541196523,0.17808445745504037,56.3471502590674,35.56834115088523,32.08515884911476,0.1029712373127915,5.331753554502372,12.867448629864665,39.32038834951452,35.0485436893203,25531110.0,-471705648.0
2016-07-15,35.54,35.57,35.37,35.46,16609522.0,35.61,31.96,33.785,0.5957142857142864,34.19770793211966,33.6328049022379,34.63367757767156,0.5161775847475099,0.3319773212790742,0.18420026346843565,76.04895104895115,35.786745865399915,32.118254134600086,0.10804776469478916,3.6236119228521435,13.50740861783092,48.5611510791366,22.06235011990401,24681887.75,-488315170.0
2016-07-18,35.37,35.76,35.32,35.75,13150471.0,35.76,31.96,33.86,0.5785714285714292,34.34554527191779,33.71583216097367,34.64478526346588,0.5742998195855407,0.3804418209403675,0.19385799864517317,78.51099830795265,36.01754149013903,32.18145850986095,0.11249675157342716,3.683294663573089,14.231797844931462,52.345679012345556,17.03703703703696,24463023.55,-475164699.0
2016-07-19,35.31,35.34,35.04,35.08,20069687.0,35.76,31.96,33.86,0.5685714285714296,34.41549334125896,33.7693289389747,34.649115758356764,0.5598451623266101,0.41632248921761605,0.14352267310899403,66.55172413793106,36.11926171220768,32.248738287792314,0.11322617085231007,4.094955489614227,14.700895602164804,45.85427135678382,20.854271356783837,24243906.25,-495234386.0
2016-07-20,35.46,35.53,35.32,35.5,15869521.0,35.76,31.96,33.86,0.5535714285714296,34.518779689710485,33.83719839234824,34.65758226822386,0.5756445600601978,0.44818690338613243,0.1274576566740654,65.48042704626337,36.27561482171248,32.29438517828753,0.11612161713358474,5.591909577632359,15.631887504455634,41.93548387096757,21.41935483870959,24179710.5,-479364865.0
2016-07-21,35.5,35.61,35.33,35.47,12719260.0,35.76,31.96,33.86,0.5253571428571436,34.609372100214244,33.90122982794243,34.665666026749,0.5790697912183091,0.4743634809525678,0.10470631026574134,62.04238921001928,36.41240287928234,32.32859712071766,0.11881717631587202,6.007172743574407,17.28290791261889,36.91366417403107,22.569680489462872,23621369.7,-492084125.0
2016-07-22,35.55,35.69,35.485,35.66,9232440.0,35.76,31.96,33.86,0.5125000000000008,34.70943190019384,33.97020120723881,34.67555989712961,0.590310986100377,0.49755298198212966,0.09275800411824736,61.52343750000001,36.54532878536733,32.30367121463267,0.12321624339452016,4.3300175541252095,18.208163844443625,36.376306620208894,23.135888501742073,22985829.65,-482851685.0
2016-07-25,35.58,35.58,35.36,35.37,12890927.0,35.76,31.96,33.86,0.47142857142857203,34.77234314779443,34.02509527754317,34.682469748899464,0.5692570962091139,0.5118938048275266,0.057363291381587356,68.0345572354211,36.5189192965758,32.6190807034242,0.11281317345458647,2.7003484320557547,21.179584210631813,39.545454545454376,15.303030303030146,20818856.8,-495742612.0
2016-07-26,35.65,35.82,35.6,35.79,13396632.0,35.82,32.84,34.33,0.46000000000000085,34.86926284800448,34.094307227443444,34.693489950402956,0.579778896479958,0.5254708231580129,0.054308073321945094,71.83098591549299,36.46717534718309,33.01182465281691,0.09946460640959641,1.8497438816163836,25.59392570024341,44.254658385092995,7.6863354037266545,19688026.8,-482345980.0
2016-07-27,35.7,35.81,35.42,35.65,15743245.0,35.82,33.09,34.455,0.4528571428571436,34.94361876724215,34.155314787151546,34.70300746333427,0.5702472141111841,0.5344261013486471,0.035821112762536966,72.12121212121208,36.466779165272875,33.26122083472712,0.09194465151863689,1.8862532152043254,29.614195956265895,42.11356466876956,10.64668769716082,19114826.2,-498089225.0
2016-07-28,35.5,35.535,35.355,35.46,11246354.0,35.82,33.09,34.455,0.4182142857142865,34.992797932266704,34.2064789131456,34.7105397273807,0.5411241328922216,0.535765707657362,0.005358425234859632,64.47963800904978,36.484144772875055,33.41385522712494,0.08785056927952486,-0.2812148481439847,32.67960537754952,38.94107600341571,12.63877028181043,18275673.8,-509335579.0
2016-07-29,35.19,35.54,35.15,35.43,21214636.0,35.82,33.09,34.455,0.41607142857142926,35.03443622443178,34.25446013223793,34.71769853606348,0.5097470848387076,0.5305619830936311,-0.020814898254923553,61.81384248210024,36.51883202374303,33.500167976256975,0.08622414051860366,-0.08460236886632666,34.87060120551373,32.96137339055779,16.223175965665213,17525519.75,-530550215.0
2016-08-01,35.58,35.66,35.27,35.31,13899611.0,35.82,33.09,34.455,0.389642857142857,35.06068039353352,34.29585385254233,34.723592082968324,0.46978219437126967,0.5184060253491588,-0.04862383097788914,52.35457063711914,36.54459192623247,33.55740807376753,0.0852239266344737,-1.2307692307692242,35.46077876134437,26.397800183317894,17.323556370302484,17280634.65,-544449826.0
2016-08-02,35.19,35.36,34.94,35.2,20209240.0,35.82,33.09,34.455,0.39678571428571424,35.073948927482704,34.331310564207335,34.728332460252226,0.42434209848514115,0.4995932399763553,-0.07525114149121415,52.941176470588246,36.4778704391369,33.774129560863095,0.07697263788287324,0.3420752565564511,35.72246001159328,25.92259225922576,21.3321332133215,17340694.45,-564659066.0
2016-08-03,34.97,35.34,34.96,35.32,14587569.0,35.82,33.36,34.59,0.3796428571428575,35.097382362960545,34.3700826989443,34.734219699453696,0.39347772594204855,0.47837013716949395,-0.0848924112274454,46.15384615384612,36.36320429475155,34.05879570524845,0.06544570132921808,-0.5070422535211283,36.28852711315266,16.933207902163513,22.29539040451568,17070832.7,-550071497.0
2016-08-04,35.32,35.51,35.22,35.4,11143727.0,35.82,33.77,34.795,0.3860714285714287,35.126203090297636,34.41047161271119,34.74084437906112,0.3711939272152165,0.4569348951786385,-0.08574096796342201,49.03225806451609,36.11422838608442,34.50177161391558,0.04566831234192933,-0.1973498731322243,33.97270967455589,19.796484736354962,21.92414431082348,16724118.4,-538927770.0
2016-08-05,35.75,35.98,35.72,35.94,15792514.0,35.98,34.25,35.114999999999995,0.3960714285714287,35.203707557888336,34.470453118095065,34.752776275786886,0.39258190340114396,0.44406429682313964,-0.051482393421995676,52.83582089552236,36.054495893766536,34.737504106233466,0.0372073620616191,0.7851934941110583,30.802652247723138,24.346257889990746,21.370604147881135,16280704.6,-523135256.0
2016-08-08,36.16,36.265,36.13,36.14,8369976.0,36.265,34.82,35.542500000000004,0.3685714285714288,35.29287826666088,34.53592554483644,34.766579496923335,0.4208194129097578,0.4394153200404633,-0.018595907130705525,68.40277777777784,36.053120708649345,34.90887929135066,0.03224941284909352,2.176986146451809,30.178630674148597,31.68604651162771,17.53875968992263,15620506.7,-514765280.0
2016-08-09,36.39,36.64,36.385,36.48,15257659.0,36.64,34.82,35.730000000000004,0.3721428571428572,35.40593747935984,34.612163758764424,34.78362845715296,0.46526966209275145,0.44458618845092096,0.020683473641830485,67.5,36.25088428335812,34.845115716641885,0.03954564438832658,1.9279128248113953,30.263994216602104,34.932821497120784,17.370441458733364,14995617.85,-499507621.0
2016-08-10,36.48,36.49,36.21,36.27,13354406.0,36.64,34.94,35.79,0.3721428571428572,35.488229147992236,34.67717694469523,34.79841822374845,0.47804100077352984,0.45127715091544274,0.026763849858087108,63.42281879194646,36.33379892228586,34.890201077714146,0.04053683714960442,1.7391304347826209,30.213277759806598,33.39731285988473,20.72936660268724,14818259.55,-512862027.0
2016-08-11,36.785,37.09,36.76,37.04,20711897.0,37.09,34.94,36.015,0.41500000000000015,35.63601684818345,34.769836672354245,34.82072252002956,0.5440237760844084,0.46982647594923593,0.0741973001351725,69.38202247191026,36.64863672986585,34.723363270134136,0.05395038557786564,4.455724760293278,31.147641885352748,38.89845094664367,18.58864027538735,14773464.7,-492150130.0
2016-08-12,37.085,37.215,37.04,37.12,15700538.0,37.215,34.94,36.0775,0.40607142857142925,35.777348576927885,34.86199994010506,34.843600902914844,0.5959017478968107,0.4950415303387509,0.1008602175580598,76.11940298507477,36.91783739860078,34.620162601399215,0.06423648402811277,4.769968952864789,31.048747330342763,41.95250659630596,16.798592788038764,14728015.5,-476449592.0
2016-08-15,37.73,37.99,37.7,37.955,26370245.0,37.99,34.94,36.465,0.4360714285714294,35.9847439505538,34.98329406010094,34.87456009791072,0.6963656660074165,0.535306357472484,0.16105930853493244,78.75166002656057,37.38742517829462,34.37107482170538,0.08406949299634867,7.490795808552808,29.642039471443358,47.829647829647655,15.642915642915703,15389004.2,-450079347.0
2016-08-16,37.84,37.9,37.675,37.79,17991218.0,37.99,34.94,36.465,0.42821428571428655,36.1566730981201,35.093360959704825,34.903569450170316,0.7539785287321692,0.5790407917244211,0.17493773700774806,78.23218997361495,37.697434180895144,34.332065819104855,0.09344416834186794,7.357954545454537,29.45261030761808,48.7072560467054,13.344453711426352,15285080.75,-468070565.0
2016-08-17,37.48,37.58,37.15,37.53,23072045.0,37.99,34.94,36.465,0.4528571428571436,36.28746613639438,35.18891543187326,34.92970308748205,0.7697837228472082,0.6171893779489785,0.15259434489822965,76.81347150259083,37.90946785156218,34.323032148437825,0.09930254949293882,6.25707814269536,28.646863248821173,46.05678233438469,19.873817034700362,15645206.95,-491142610.0
2016-08-18,37.74,37.88,37.68,37.86,12335233.0,37.99,34.94,36.465,0.4500000000000008,36.437231266261584,35.293663846309606,34.95886027069119,0.7997190319362346,0.6536953087464298,0.14602372318980483,79.20673076923094,38.16129373728931,34.31020626271068,0.10627867436381569,6.949152542372894,29.833424766052293,51.11111111111101,16.746031746031825,15626005.6,-478807377.0
2016-08-19,37.59,37.7,37.4,37.65,13771988.0,37.99,34.94,36.465,0.45500000000000135,36.55273305042715,35.38606918567002,34.98563778043556,0.7973068777246581,0.6824176225420755,0.11488925518258264,77.52941176470597,38.339575519838895,34.33092448016111,0.11032402528337597,4.7579298831385675,31.193592751052766,48.665620094191404,20.957613814756737,15852983.0,-492579365.0
2016-08-22,37.45,37.5,37.24,37.31,17897141.0,37.99,34.94,36.465,0.45428571428571524,36.624853712291234,35.46151745289865,35.00876576271978,0.7592083879267051,0.6977757756190015,0.06143261230770358,73.54910714285727,38.42764067537471,34.43685932462528,0.10953979923692415,3.237410071942448,33.74037840552563,48.7421383647798,18.31761006289303,16103293.7,-510476506.0
2016-08-23,37.51,37.66,37.25,37.3,15723593.0,37.99,34.94,36.465,0.45642857142857196,36.68915335873969,35.53361480768694,35.031564113339485,0.7199094755445259,0.7022025156041064,0.017706959940419487,72.65446224256297,38.51505370345367,34.500446296546336,0.10996589510192577,2.247807017543857,36.145776121251295,51.01721439749599,18.23161189358369,16219641.75,-526200099.0
2016-08-24,37.11,37.245,37.02,37.12,19764797.0,37.99,34.94,36.465,0.4557142857142859,36.73018637219305,35.595825991699215,35.05234456992317,0.6665566584297764,0.6950733441692405,-0.028516685739464087,69.23937360178977,38.563810478935196,34.5986895210648,0.10839216696724134,2.3435346015991065,38.48098068339111,48.432601880877776,21.865203761755414,16420719.35,-545964896.0
2016-08-25,36.98,37.14,36.93,37.09,12871487.0,37.99,34.94,36.465,0.42928571428571466,36.7644543367461,35.65442105084826,35.072619748331896,0.6147667685714424,0.6790120290496809,-0.06424526047823853,64.52020202020216,38.58431042675961,34.7411895732404,0.10482358397881254,0.13498920086394417,39.99100443645812,43.594009983361104,24.708818635607287,16501976.0,-558836383.0
2016-08-26,37.24,37.67,36.675,36.93,34069434.0,37.99,34.94,36.465,0.47714285714285765,36.78022059038933,35.704443754736566,35.09110114387088,0.5544212221744971,0.6540938676746442,-0.0996726455001471,60.07653061224494,38.571820752811966,34.90367924718803,0.09984665652153266,-0.5118534482758563,40.20414589722385,42.88922155688621,22.230538922155656,17144715.9,-592905817.0
2016-08-29,37.03,37.3,37.0,37.21,12917818.0,37.99,34.94,36.465,0.46785714285714314,36.821151962733204,35.763485176119445,35.11218471457863,0.5231599397019693,0.6279070820801093,-0.10474714237813998,59.455958549222885,38.54844680489311,35.117053195106884,0.09316148291360887,-1.9628507443024579,39.61164855554879,38.015267175572525,22.671755725190817,17095626.25,-579987999.0
2016-08-30,37.48,37.61,37.34,37.45,12718664.0,37.99,34.96,36.475,0.47642857142857153,36.88104225199671,35.829623012350055,35.13544655821467,0.5118508444348677,0.604695834551061,-0.0928449901161933,65.16709511568126,38.49744191366498,35.393058086335024,0.08402660226497193,-0.8997089177030904,40.52941898721891,41.979010494752686,19.640179910045006,16721097.45,-567269335.0
2016-08-31,37.21,37.21,36.84,37.05,22296830.0,37.99,35.22,36.605000000000004,0.46142857142857147,36.897133466092264,35.87748093343437,35.15449684121751,0.46524855219499983,0.5768063780798488,-0.11155782588484897,50.142045454545425,38.382310409999356,35.68118959000065,0.07294067442123871,-1.2789768185451744,38.700586449231146,34.055727554179605,28.018575851393223,17106560.5,-589566165.0
2016-09-01,37.35,37.46,37.09,37.33,16027348.0,37.99,35.72,36.855000000000004,0.47821428571428576,36.93835885027395,35.934442465456556,35.17614363881734,0.4457709893039947,0.550599300324678,-0.10482831102068324,52.8225806451613,38.243140955255456,36.01335904474455,0.06005620815715549,-1.3998943475964087,36.532035315189,34.72740851381632,27.035100821508617,17350741.55,-573538817.0
2016-09-02,37.98,38.24,37.87,38.08,24376372.0,38.24,36.13,37.185,0.48107142857142854,37.04708657881929,36.018581976615124,35.205037731963436,0.48525983901270564,0.5375314080622835,-0.05227156904957786,51.71939477303989,38.27843073824094,36.192069261759045,0.05603189119132806,1.1420982735723673,33.807085961908676,34.595397178916194,26.87453600593916,17779934.45,-549162445.0
2016-09-06,38.65,38.75,38.44,38.66,22588907.0,38.75,36.21,37.480000000000004,0.5089285714285714,37.2006973808365,36.12216699714002,35.23941546597375,0.556936176089188,0.5414123616676645,0.015523814421523507,60.7407407407407,38.45495387121026,36.26754612878974,0.05854749887705894,3.6183328866255637,31.36576906897893,39.85964912280707,25.05263157894732,18490881.0,-526573538.0
2016-09-07,38.61,38.71,38.56,38.65,13427585.0,38.75,36.21,37.480000000000004,0.4739285714285713,37.338726201709214,36.22129770313453,35.273351630491426,0.6059482786295689,0.5543195450600454,0.051628733569523466,64.73684210526311,38.62421262277052,36.315287377229474,0.06162104752609899,3.6193029490616757,31.281745262233716,42.80331574981167,18.990203466465687,18399377.3,-540001123.0
2016-09-08,38.83,39.13,38.81,39.02,37204206.0,39.13,36.675,37.9025,0.48321428571428576,37.498847515832146,36.331050734384156,35.31063171377012,0.6669583500942124,0.5768473060668788,0.09011104402733361,65.10416666666667,38.81393957766616,36.40056042233384,0.06417324200339887,5.11853448275863,30.54182278621747,43.75461936437547,18.625277161862495,19591867.3,-502796917.0
2016-09-09,38.92,38.92,38.195,38.23,33444551.0,39.13,36.675,37.9025,0.5092857142857145,37.56848108575289,36.40551933303576,35.339680154429125,0.6441376556565999,0.590305375984823,0.05383227967177684,56.56108597285064,38.87302427709667,36.46047572290333,0.06404981991261088,3.07360474521432,29.83967995647723,41.51472650771388,22.37026647966337,20228500.0,-536241468.0
2016-09-12,37.5,38.39,37.47,38.28,29013420.0,39.13,36.675,37.9025,0.5457142857142863,37.63624479187167,36.479028378799065,35.368937068315404,0.6229061981267705,0.5968255404132126,0.026080657713557942,61.74334140435827,38.93188438400986,36.51761561599014,0.06399694545410438,3.6555645816409355,27.715088179555433,38.74345549738217,28.272251308900543,20894144.1,-507228048.0
2016-09-13,37.49,37.605,36.91,37.26,40524733.0,39.13,36.675,37.9025,0.6142857142857154,37.60041195455056,36.50965471688538,35.38775361489933,0.5178056978042349,0.5810215718914171,-0.06321587408718221,49.61089494163426,38.909180052332786,36.47081994766721,0.0646951473777017,0.13437248051597628,24.43684836483809,32.558139534883715,31.627906976744196,21601868.5,-547752781.0
2016-09-14,37.45,37.68,37.25,37.26,24486401.0,39.13,36.675,37.9025,0.6250000000000016,37.567991768402884,36.53908002210556,35.406382932164014,0.4295610813372477,0.5507294737805832,-0.12116839244333555,51.41129032258064,38.89648994745799,36.43051005254201,0.06547399723647497,-0.5073431241655713,22.249955473297508,32.857142857142854,28.45714285714289,21926627.65,-547752781.0
2016-09-15,37.61,38.07,37.48,37.95,25548533.0,39.13,36.675,37.9025,0.6678571428571445,37.60437350474547,36.594410217317105,35.43169255472955,0.41057101337778334,0.5226977817000232,-0.11212676832223989,57.65124555160137,38.92221393685288,36.44678606314712,0.0656882239038797,2.429149797570873,21.36566894044126,34.919786096256686,25.668449197860966,22050452.05,-522204248.0
2016-09-16,37.68,37.81,37.44,37.73,21740929.0,39.13,36.675,37.9025,0.6332142857142874,37.616337932864944,36.63894314997134,35.454561285528264,0.37346402550780056,0.49285103046157874,-0.11938700495377819,57.042253521126696,38.91319612762119,36.44280387237882,0.0655659072998135,1.0715242432359995,19.506836451923615,30.851663846587694,27.52397067117877,22520736.85,-543945177.0
2016-09-19,37.98,38.1,37.75,37.81,16969490.0,39.13,36.675,37.9025,0.6332142857142878,37.63478193925876,36.68486694801168,35.47799848666729,0.34651736520502396,0.4635842974102678,-0.11706693220524383,55.4744525547445,38.922504410789095,36.44949558921089,0.06562141966720281,-0.7090336134453645,18.465512466650996,34.12295544275234,27.523970671178756,22680611.95,-526975687.0
2016-09-20,38.11,38.17,37.89,37.89,13309674.0,39.13,36.675,37.9025,0.6303571428571451,37.65908842123412,36.7321270676975,35.501998501725325,0.3278381599512201,0.43643506991845826,-0.10859690996723814,54.13533834586462,38.94153984851949,36.4884601514805,0.06504254797929172,-1.9917227108121938,16.3476431417129,31.558073654390867,27.648725212464548,22451238.6,-513666013.0
2016-09-21,38.35,38.86,38.13,38.82,29226052.0,39.13,36.675,37.9025,0.6560714285714307,37.76965142873563,36.81400443759171,35.535013442006665,0.38365544176146926,0.4258791442870605,-0.04222370252559121,65.12820512820508,39.09517790197748,36.48682209802253,0.06902055526328887,0.43984476067271405,17.677750139092158,37.83342406096886,21.12139357648338,23126361.55,-484439961.0
2016-09-22,38.93,39.07,38.85,38.96,19453797.0,39.13,36.675,37.9025,0.6446428571428591,37.883017959332236,36.89816112631361,35.56909291024541,0.4341828797408809,0.42753989137782455,0.0066429883630563236,64.27320490367771,39.24614033721914,36.51985966278087,0.0719658072074089,-0.15376729882112805,18.77484286105481,38.060941828254755,21.49584487534625,23110811.55,-464986164.0
2016-09-23,38.39,38.54,38.28,38.31,16589545.0,39.13,36.675,37.9025,0.6282142857142874,37.92368291558631,36.953527356654256,35.59636561760615,0.41697009890149417,0.4254259328825585,-0.008455833981064309,52.04991087344032,39.26630102473176,36.621698975268245,0.0696975028848702,0.20925974365681999,18.07819791381008,30.187606594655986,28.538942581011923,23296714.45,-481575709.0
2016-09-26,37.74,37.81,37.52,37.52,21302684.0,39.13,36.84,37.985,0.6367857142857157,37.88523692362571,36.9757419701188,35.615506258226986,0.33571256292874097,0.407483258891795,-0.07177069596305402,40.20618556701041,39.22497954543343,36.72202045456656,0.06591331035766698,-1.9853709508881878,17.93282737508773,24.060572069545692,36.6797532249018,22658376.95,-502878393.0
2016-09-27,37.9,38.025,37.73,38.0,17987349.0,39.13,36.84,37.985,0.6621428571428584,37.89616674042326,37.01590895168277,35.639232564115275,0.3065140653668479,0.38728942018680557,-0.08077535481995768,44.833068362480155,39.21177305696784,36.81422694303215,0.06307174161301896,1.986044015029531,16.33474344195202,25.458468176914728,35.27508090614884,22911853.5,-484891044.0
2016-09-28,38.16,38.34,37.77,38.32,16664699.0,39.13,36.84,37.985,0.6685714285714296,37.9365318127639,37.06704977710697,35.6659068669599,0.3056717773583415,0.37096589162111276,-0.06529411426277126,44.39102564102564,39.232170469408175,36.880829530591825,0.061785527802513354,2.8448738593666256,14.769506337266904,24.09188034188033,34.93589743589742,23109155.25,-468226345.0
2016-09-29,38.27,38.43,37.77,37.92,21940290.0,39.13,36.91,38.019999999999996,0.6567857142857149,37.934957354405434,37.10049880545572,35.68833565435334,0.2696195941339141,0.350696632123673,-0.0810770379897589,47.3504273504274,39.17929801747861,37.020701982521395,0.05665606390963814,-0.07905138339920903,13.071858540497264,25.502990755845534,28.87438825448612,23091328.25,-490166635.0
2016-09-30,37.83,38.19,37.75,38.01,19192902.0,39.13,36.91,38.019999999999996,0.6225000000000003,37.942104273033486,37.13616551896726,35.71143679212097,0.24548048084829333,0.3296534018685971,-0.08417292102030377,47.707979626485546,39.15228338523152,37.11571661476848,0.05340553759015681,0.7421150278293265,12.612697140197909,26.907630522088326,22.375215146299507,23249605.95,-470973733.0
2016-10-03,37.83,38.07,37.73,38.05,13187501.0,39.13,36.91,38.019999999999996,0.5489285714285715,37.952380056554105,37.17200216528227,35.73470607777151,0.2269614549880714,0.30911501249249196,-0.08215355750442055,58.04480651731159,39.1512066103161,37.1137933896839,0.05342983598327419,0.6347527109230144,14.287758411160288,30.513988288874412,18.347430058555673,22690162.4,-457786232.0
2016-10-04,38.21,38.24,37.66,37.74,17799326.0,39.13,36.91,38.019999999999996,0.5596428571428577,37.93215338450133,37.19427659017317,35.75465925112702,0.18513644663617868,0.2843192993212293,-0.09918285268505062,54.597701149425326,39.087852243616794,37.08514775638321,0.05258305402789929,-0.39588281868566666,15.686123060756458,31.142310146777223,17.996171027441,22450683.35,-475585558.0
2016-10-05,38.42,38.69,38.33,38.66,23221786.0,39.13,36.91,38.019999999999996,0.5696428571428572,38.00147210978692,37.25175593957814,35.78356811429989,0.2236480617834289,0.2721850518136692,-0.04853699003024031,56.51376146788986,39.08954623203887,37.084453767961136,0.05264506167662808,-0.41215868109223397,16.586697419975547,31.34796238244505,17.6802507836991,22940393.4,-452363772.0
2016-10-06,38.58,38.86,38.515,38.8,12108434.0,39.07,36.91,37.989999999999995,0.5578571428571425,38.077522385045306,37.31247139292802,35.8135823619188,0.2624403749411499,0.27023611643916534,-0.007795741498015429,59.96275605214156,39.03951112303772,37.11248887696228,0.05060989195491749,-0.4106776180698213,18.477964186403728,34.18693982074259,17.541613316261273,21685604.8,-440255338.0
2016-10-07,38.62,38.74,38.24,38.49,18520099.0,39.07,36.91,37.989999999999995,0.5714285714285704,38.116805967421946,37.358648985362215,35.84021338319324,0.2651130946522855,0.2692115120817894,-0.004098417429503898,56.0714285714286,39.0681489322804,37.109851067719596,0.05141373794430952,0.4698512137822908,19.017706078625817,29.75,20.562500000000078,20939382.2,-458775437.0
2016-10-10,38.73,39.165,38.68,39.04,20312583.0,39.165,36.91,38.037499999999994,0.5939285714285703,38.20472920861986,37.42458431926958,35.87205205599729,0.30806051784873034,0.2769813132351776,0.031079204613552736,59.47281713344319,39.19253865795001,37.06146134204998,0.05589417777165865,4.051172707889106,20.32363278830161,32.89236319903785,19.78352375225504,20504340.35,-438462854.0
2016-10-11,38.14,38.19,37.73,37.88,26878242.0,39.165,37.25,38.207499999999996,0.6182142857142848,38.17380261732273,37.44244375772959,35.892031637529655,0.24566251017815688,0.2707175526237735,-0.025055042445616627,42.53968253968252,39.1509350431962,37.1650649568038,0.05204334835139147,-0.3157894736842026,19.145508825945655,23.627960716348902,29.982668977469785,19822015.8,-465341096.0
2016-10-12,37.71,37.89,37.61,37.83,16034054.0,39.165,37.44,38.302499999999995,0.620357142857142,38.14105951091104,37.4576420417402,35.91131490481792,0.1899870054769579,0.2545714431944104,-0.06458443771745248,40.90177133655389,39.100491247226735,37.27250875277327,0.04786986224067315,-1.278705636743216,18.54027352968048,21.128382268278596,31.260794473229787,19399398.45,-481375150.0
2016-10-13,37.05,37.38,36.81,37.23,26440791.0,39.165,36.81,37.9875,0.6446428571428561,38.05429193844332,37.44871490284843,35.9244361495461,0.09633825386801931,0.22292480532913217,-0.12658655146111286,41.233766233766154,39.155864034622425,37.14513596537758,0.052705156400174265,-1.8196202531645667,19.998444966121344,20.332409972299132,32.63157894736848,19444011.35,-507815941.0
2016-10-14,37.67,37.78,37.48,37.59,20872328.0,39.165,36.81,37.9875,0.6274999999999993,38.01007365859157,37.45425549489359,35.94100892417749,0.050586801708675466,0.18845720460504084,-0.13787040289636537,50.6108202443281,39.1630411764776,37.12395882352241,0.05345818692451376,-1.1049723756905938,18.59527342688983,25.441092771770002,24.87194080819584,19400581.3,-486943613.0
2016-10-17,37.29,37.4,37.19,37.25,13330809.0,39.165,36.81,37.9875,0.62,37.93768569110666,37.446245475485995,35.95403371100159,-0.012957348008292513,0.14817429408237417,-0.1611316420906667,43.29159212880142,39.2021554191679,37.02884458083211,0.057019082481819576,-2.1024967148488782,18.16376970358962,23.271889400921612,28.513824884792644,19218647.25,-500274422.0
2016-10-18,37.98,38.0,37.79,37.86,15693686.0,39.165,36.81,37.9875,0.6328571428571428,37.93028705385841,37.462471143113994,35.9729985496981,-0.013934019746564275,0.11575263131658649,-0.12968665106315075,46.08843537414965,39.20204798656107,37.02595201343894,0.05709440030230704,0.31796502384737746,17.105587177280107,26.015801354401724,27.93453724604968,19337847.85,-484580736.0
2016-10-19,37.835,38.01,37.7,37.9,9950899.0,39.165,36.81,37.9875,0.6078571428571428,37.92740257253856,37.47962913750168,35.992172693482196,-0.011349542963195347,0.09033219646063012,-0.10168173942382547,49.81884057971012,39.107060304215466,37.02893969578453,0.05458969760509972,-1.9658561821003562,17.18574258672422,26.0282021151586,30.141010575793164,18374090.2,-474629837.0
2016-10-20,37.77,37.97,37.71,37.85,8927109.0,39.165,36.81,37.9875,0.5949999999999999,37.92003089896346,37.49415348505064,36.01065853732815,-0.013183932458126435,0.06962897067687882,-0.08281290313500525,48.540145985401494,38.96600599590003,37.05899400409998,0.05016802346070495,-2.448453608247414,17.024030637683843,26.59063625450176,30.552220888355286,17847755.8,-483556946.0
2016-10-21,37.65,37.89,37.61,37.83,9429032.0,39.165,36.81,37.9875,0.5907142857142854,37.911456527633604,37.50732393661728,36.028761437454236,-0.0160663295557697,0.052489910630349114,-0.0685562401861188,47.98534798534799,38.934611710332234,37.04238828966777,0.04981042738366781,-1.7147310989867548,15.85052643942478,26.783555018137818,31.741233373639595,17489730.15,-492985978.0
2016-10-24,38.23,38.3,38.025,38.11,9859674.0,39.165,36.81,37.9875,0.5828571428571421,37.93036542976374,37.530958292044055,36.049470278872604,0.004194656530756902,0.04283085981043067,-0.03863620327967377,53.406998158379345,38.93906574427125,37.096934255728755,0.04845419244943164,-2.382172131147542,14.178612863686697,30.085784313725423,32.16911764705878,16917579.65,-483126304.0
2016-10-25,38.11,38.15,37.92,37.97,10771195.0,39.165,36.81,37.9875,0.5314285714285708,37.93414015073862,37.548175613924684,36.06858002734153,0.008852754957167974,0.03603523883977813,-0.02718248388261016,42.580645161290356,38.93778685743963,37.09521314256037,0.04846773676901516,0.23759239704328472,13.281060876545038,26.948924731182768,36.693548387096676,16556771.95,-493897499.0
2016-10-26,37.59,37.76,37.45,37.59,13053835.0,39.165,36.81,37.9875,0.5439285714285705,37.901364898287326,37.54981578592764,36.08371853453217,-0.01791201413846011,0.025245788244130485,-0.04315780238259059,37.62781186094076,38.90847356338318,37.051526436616825,0.04889276268473821,-0.6344171292624767,12.91906163221716,24.09717662508203,42.02232435981607,16376228.75,-506951334.0
2016-10-27,37.41,37.45,37.18,37.26,14736947.0,39.165,36.81,37.9875,0.5332142857142854,37.84028252702187,37.5384504609893,36.0954228277209,-0.06500222338274853,0.007196185918754684,-0.0721984093015032,37.47454175152749,38.929780159604334,36.96421984039567,0.051797515461266055,0.08058017727639033,13.545983331833144,24.581379772270527,42.79973208305419,16016061.6,-521688281.0
2016-10-28,36.96,37.15,36.65,36.85,24366190.0,39.165,36.65,37.9075,0.5285714285714285,37.74596990540074,37.51145240369561,36.10293105829084,-0.13386204859256878,-0.021015460983510013,-0.11284658760905877,27.04402515723278,38.98636334720822,36.79163665279177,0.05792516810727245,-1.9686086725192897,14.988620516623984,19.05405405405401,50.337837837837775,16274726.0,-546054471.0
2016-10-31,36.87,37.05,36.84,36.86,11429493.0,39.165,36.65,37.9075,0.4499999999999993,37.6615918191721,37.485905250609505,36.11046408258646,-0.18548883986986198,-0.05391013676078041,-0.13157870310908157,35.911602209944746,39.015567806709086,36.643432193290906,0.06270597320657637,-1.0469798657718132,16.471694743719326,22.38095238095236,44.04761904761898,16186825.6,-534624978.0
2016-11-01,37.47,37.51,36.785,37.1,24502702.0,39.165,36.65,37.9075,0.4817857142857136,37.608106884012855,37.47077171136992,36.12031021111794,-0.20467804853588945,-0.08406371911580222,-0.12061432942008722,40.41994750656174,39.02745720935669,36.56754279064331,0.06508140534991419,-2.0073956682514438,16.329366669268104,27.724240177909564,39.36249073387692,16521994.4,-510122276.0
2016-11-02,36.82,36.91,36.34,36.62,24420346.0,39.165,36.34,37.7525,0.4632142857142852,37.51400146648782,37.43740811484561,36.12528224881826,-0.25567041374675625,-0.11838505804199304,-0.13728535570476322,41.73441734417348,38.962098843985395,36.4289011560146,0.06720159403564878,-3.377308707124016,15.407223331935556,28.835774865073237,35.46646106399371,16581922.4,-534542622.0
2016-11-03,36.76,36.81,36.45,36.56,15621461.0,39.165,36.34,37.7525,0.44964285714285623,37.42314418396517,37.40299995347912,36.12960779858126,-0.29749439886926865,-0.15420692620744816,-0.1432874726618205,34.80825958702063,38.83492907783386,36.33207092216614,0.06659460017475019,-3.408190224570673,16.898987146214587,23.351866560762538,36.53693407466234,16757573.75,-550164083.0
2016-11-04,36.32,36.41,36.14,36.24,19377721.0,39.165,36.14,37.6525,0.4510714285714274,37.310463785492296,37.35739211216621,36.13070622844613,-0.35239929434850836,-0.1938453998356602,-0.15855389451284815,35.01483679525225,38.78240583465367,36.159594165346334,0.06999577458053798,-4.203013481363982,17.777921607464183,23.27790973871738,36.73792557403007,16800454.85,-569541804.0
2016-11-07,37.14,37.51,37.12,37.36,24788356.0,38.3,36.14,37.22,0.48821428571428427,37.31518152020732,37.35749438227734,36.14293800726756,-0.3020552746316909,-0.21548737479486635,-0.08656789983682456,43.556701030927826,38.47069931739941,36.30330068260059,0.05797198584531561,-1.9679874048806112,18.106637521954134,28.822238478419965,33.94294074615947,17024243.5,-544753448.0
2016-11-08,37.14,37.9,37.09,37.63,23078022.0,38.3,36.14,37.22,0.52392857142857,37.34516423256853,37.36818087708999,36.15773464401117,-0.23763126745034668,-0.21991615332596243,-0.017715114124384257,46.715328467153334,38.43986823384678,36.309131766153214,0.05701043405780857,-0.8954437713984631,17.785928113132496,32.17450579413778,30.402181322426763,16834232.5,-521675426.0
2016-11-09,36.6,37.13,36.56,36.74,48909435.0,38.3,36.14,37.22,0.581785714285713,37.28752954375248,37.343546332890384,36.16352832914539,-0.2554457203145333,-0.2270220667236766,-0.028423653590856662,38.7878787878788,38.39869316646298,36.241306833537024,0.05780777955321416,-2.2612396914072908,17.848765748186516,28.974831184775994,33.88581952117869,18478001.55,-570584861.0
2016-11-10,36.745,36.8,36.02,36.39,46039525.0,38.3,36.02,37.16,0.6174999999999982,37.20205053958558,37.306152359051545,36.165781778606636,-0.29441207830995353,-0.24050006904093202,-0.05391200926902151,36.36363636363639,38.4340841346205,36.12191586537951,0.06202500856379056,-2.3349436392914535,18.32282569739362,27.29901677270106,37.01561596298444,19457938.25,-616624386.0
2016-11-11,35.74,36.09,35.5346,35.98,28500278.0,38.3,35.5346,36.9173,0.64502857142857,37.08566477391076,37.25414638418678,36.16393320369513,-0.35429270547662384,-0.2632585963280704,-0.09103410914855342,30.314232902033268,38.479470112142366,35.91552988785763,0.06892775655043311,-2.3609226594301314,20.283408771136074,21.5937278525869,40.81103827073008,19839335.75,-645124664.0
2016-11-14,35.74,35.98,35.48,35.76,26510203.0,38.3,35.48,36.89,0.6643142857142844,36.959410985919256,37.19555240833632,36.15991396783747,-0.41472006060177335,-0.293550889182811,-0.12116917141896233,29.872495446265944,38.556363361580345,35.68963663841965,0.0772223883619507,-2.9842647856755278,21.344736517306597,20.966840135908203,39.08434045847503,20498305.45,-671634867.0
2016-11-15,35.97,36.4,35.93,36.26,24991004.0,38.3,35.48,36.89,0.6728857142857133,36.89280041583171,37.15886407859764,36.16090984875451,-0.41745123557900854,-0.31833095846205056,-0.09912027711695798,38.14616755793223,38.48175823652302,35.60424176347696,0.07768043822168988,-2.264150943396237,20.434230462324077,25.158167381427628,33.5972994777293,20963171.35,-646643863.0
2016-11-16,35.77,35.94,35.66,35.83,19616167.0,38.3,35.48,36.89,0.6864571428571418,36.79158132860964,37.10675176178989,36.157617213443515,-0.44913576029816227,-0.34449191882927294,-0.10464384146888933,37.47810858143608,38.41600333737107,35.46299666262892,0.07994170670263961,-2.157291097760783,19.528899767438023,24.66078415050371,32.9330725047866,21446434.75,-666260030.0
2016-11-17,35.86,36.11,35.84,35.97,14095023.0,38.3,35.48,36.89,0.6628857142857133,36.71333548778967,37.06217326132754,36.155750375498805,-0.457673370715753,-0.36712820920656897,-0.09054516150918401,41.911764705882334,38.31730483546182,35.373695164538184,0.07989061543264808,-1.6137855579868798,16.439827157176637,27.369509934916707,28.393172708073028,21704830.45,-652165007.0
2016-11-18,35.97,36.02,35.79,35.94,13194426.0,38.3,35.48,36.89,0.6643142857142854,36.63968448895256,37.01816646676567,36.15360360559335,-0.4615398931715191,-0.38601054599955903,-0.07552934717196008,41.57509157509157,38.19916253813116,35.30283746186883,0.07880942222694155,-0.8278145695364336,14.308300883035766,27.31065330523427,28.869726033289005,21893100.15,-665359433.0
2016-11-21,36.22,36.33,36.155,36.24,11379132.0,38.15,35.48,36.815,0.640385714285714,36.60161929952851,36.987650134735645,36.15446327120934,-0.4353778820679608,-0.3958840132132394,-0.03949386885472139,42.21014492753625,37.971471480906565,35.34352851909343,0.07168909395930255,-2.997858672376863,13.484353853280842,26.658040912842722,29.94846855689663,21969073.05,-653980301.0
2016-11-22,36.89,36.93,36.73,36.88,15085145.0,37.9,35.48,36.69,0.6353857142857139,36.62813174719246,36.98342856082444,36.16168254214258,-0.35886487756155105,-0.38848018608290175,0.02961530852135069,52.288732394366235,37.76995014100134,35.43604985899865,0.06376254083006005,-1.9930906191868214,13.772110536762233,33.61287856645012,25.18155451132066,22184770.55,-638895156.0
2016-11-23,36.64,36.81,36.6,36.74,12015139.0,37.9,35.48,36.69,0.6296714285714283,36.63878586650747,36.973882342752894,36.16743694470833,-0.3059972543435734,-0.3719835997350361,0.0659863453914627,51.5625,37.63429258999111,35.48670741000888,0.058740585604196593,0.0,13.025771183886594,33.91791637361893,26.884769834607763,22132835.75,-650910295.0
2016-11-25,37.17,37.23,37.065,37.09,8110130.0,37.9,35.48,36.69,0.6346714285714279,36.6817586411258,36.97843597637043,36.17661667660178,-0.2331693757044917,-0.34422075492892723,0.11105137922443553,57.34024179620034,37.60496773579992,35.49903226420008,0.0576147809039132,1.9236053860950841,13.186673504807812,38.37756319355347,23.1840997591556,21801494.9,-642800165.0
2016-11-28,37.39,37.47,37.22,37.23,15895196.0,37.9,35.48,36.69,0.5710999999999993,36.73397210387573,36.98830123219904,36.18709810270525,-0.16228520439803873,-0.30783364482274955,0.14554844042471082,48.648648648648624,37.65971532212771,35.4822846778723,0.05953981691108826,3.4741523068371416,13.363142010994311,31.893338669735105,25.764814768492034,21377945.2,-626904969.0
2016-11-29,37.35,37.59,37.25,37.46,16068855.0,37.9,35.48,36.69,0.5389571428571429,36.803117617792324,37.006799223093196,36.1997637932256,-0.08655219036138107,-0.2635773539304759,0.1770251635690948,48.21802935010481,37.75439133816389,35.44760866183612,0.06302512708198602,4.753914988814323,13.522919183512045,30.217085906645124,27.301402178811056,21609913.3,-610836114.0
2016-11-30,37.53,37.73,37.47,37.59,16379885.0,37.9,35.48,36.69,0.4818142857142855,36.8780587970502,37.029669841795425,36.21359698931291,-0.01586048773594939,-0.2140339806915706,0.1981734929556212,60.59850374064837,37.842579766448736,35.40842023355127,0.06646078641649855,3.667953667953694,14.574286724199181,35.87630088653002,22.682124114211298,21203772.45,-594456229.0
2016-12-01,37.6,37.76,37.47,37.59,14747744.0,37.9,35.48,36.69,0.44681428571428583,36.94586272114066,37.05164357348972,36.22729254165806,0.03970549566273718,-0.16328608542070905,0.20299158108344623,66.3934426229508,37.965207513186606,35.38279248681339,0.07041541763574227,4.912084845101883,16.52671149534569,39.16616043738202,15.826326054289236,20720142.35,-594456229.0
2016-12-02,37.24,37.5,37.23,37.31,12232243.0,37.9,35.48,36.69,0.4114285714285718,36.980542461984406,37.061775198058754,36.23806575019878,0.06045143142338105,-0.11853858205189104,0.1789900134752721,68.83852691218134,38.03199870962058,35.39100129037942,0.071939240271881,3.725326661106476,18.14022688796204,42.53472222222211,12.927083333333417,20550681.45,-606688472.0
2016-12-05,37.1,37.28,37.07,37.26,11648882.0,37.9,35.48,36.69,0.39285714285714335,37.00715746560494,37.06954871970351,36.2482342501968,0.07202786050738297,-0.08042529354003625,0.15245315404741921,72.32142857142848,38.08511105394007,35.43988894605994,0.07195435859585529,3.6727879799666185,19.4484233170179,44.54545454545441,15.454545454545462,20164239.5,-618337354.0
2016-12-06,37.26,37.295,37.09,37.26,13160240.0,37.9,35.48,36.69,0.36178571428571465,37.0312377069759,37.0770173973622,36.25830157109037,0.08027688203464578,-0.048284858425099844,0.1285617404597456,67.4825174825174,38.07132727375695,35.443672726243065,0.07148621499051579,2.8145695364238277,21.3709177455151,40.37512339585375,16.781836130306033,19582833.7,-618337354.0
2016-12-07,37.37,37.82,37.34,37.69,16420217.0,37.82,35.48,36.65,0.3589285714285718,37.0939769729782,37.10105593079898,36.27254732660191,0.12012694867812002,-0.014602497004455874,0.1347294456825759,82.51748251748235,38.08296142118806,35.43803857881193,0.07195013240777827,2.196312364425146,24.85745057002702,51.144278606964974,11.542288557213883,19249943.45,-601917137.0
2016-12-08,37.485,37.765,37.4,37.69,17728774.0,37.82,35.48,36.65,0.3650000000000005,37.1507410707898,37.12415177665,36.28665133330239,0.14997954278707226,0.018313910953849752,0.1316656318332225,81.61764705882337,38.194075109988944,35.42192489001107,0.07531379645669076,2.58573761567773,29.08874176367596,46.966731898238514,11.350293542074317,17690910.4,-601917137.0
2016-12-09,37.38,37.5041,37.28,37.47,12202913.0,37.82,35.48,36.65,0.3778571428571428,37.181146683095534,37.13771445207549,36.29842594690137,0.15410930121674227,0.04547298900642826,0.108636312210314,76.28865979381436,38.263572049710945,35.460427950289045,0.07604427593244806,1.02453491507144,32.988879589611905,45.368620037807034,12.28733459357262,15999079.8,-614120050.0
2016-12-12,36.68,36.82,36.43,36.61,28687973.0,37.82,35.48,36.65,0.4242857142857141,37.12675176089596,37.117019767680375,36.301526186235684,0.08698464698110797,0.0537753206013642,0.03320932637974377,55.33141210374635,38.238796289026276,35.54820371097373,0.07292863453054182,-1.6653236637120483,33.747574768768956,35.185185185185134,25.252525252525142,16008464.55,-642808023.0
2016-12-13,36.9,37.11,36.84,37.01,23956437.0,37.82,35.66,36.739999999999995,0.4107142857142857,37.11563254557253,37.11282291404585,36.30857567691991,0.06531165979386344,0.05608258843986406,0.009229071353999384,52.012383900928725,38.19120976271222,35.72079023728779,0.06684758971275118,-1.2012813667912514,33.3330205685971,30.956521739130334,26.08695652173901,15880776.25,-618851586.0
2016-12-14,36.67,36.91,36.06,36.2,32818482.0,37.82,35.66,36.739999999999995,0.4585714285714282,37.02842944599419,37.077025937024445,36.30749532192568,-0.017028277857612295,0.04146041518036879,-0.058488693037981085,43.07692307692309,38.19559660219811,35.71040339780188,0.06725281315173938,-3.6977919659483938,33.17927728935538,27.725856697819246,33.48909657320873,16272150.15,-651670068.0
2016-12-15,35.87,36.03,35.8,35.88,26737233.0,37.82,35.79,36.805,0.4521428571428575,36.91905521304236,37.030083743415645,36.3032416371304,-0.10687263609899844,0.011793804924495345,-0.11866644102349379,34.36692506459946,38.18874945186736,35.72225054813264,0.06674240380280924,-4.549082202713494,33.40580484362677,21.484992101105817,38.072669826224356,16628203.45,-678407301.0
2016-12-16,35.75,35.81,35.4,35.5,30509521.0,37.82,35.4,36.61,0.4592857142857153,36.78390709751452,36.97008045936013,36.2952491830296,-0.20635898359753213,-0.03183675277991015,-0.17452223081762197,28.953771289537784,38.25869117494954,35.605308825050464,0.07184507608304656,-4.851246314660951,35.71819607820843,17.418351477449377,43.70139968895795,17448928.35,-708916822.0
2016-12-19,35.38,35.47,35.29,35.36,20622686.0,37.82,35.29,36.555,0.4485714285714292,36.64829689775124,36.906940049189146,36.285943221009404,-0.29312054948842814,-0.08409351212161376,-0.20902703736681438,23.88059701492537,38.34162653798483,35.46437346201518,0.0779679992404316,-5.0993022007514766,38.85465803626357,15.923566878980758,46.49681528662416,17820341.35,-729539508.0
2016-12-20,35.27,35.3501,35.2,35.23,14651580.0,37.82,35.2,36.510000000000005,0.44071428571428634,36.513221002727306,36.841177694318986,36.27543632328792,-0.36812610054838046,-0.14090002980696711,-0.22722607074141335,20.646766169154162,38.451129347121565,35.25387065287845,0.08675825776387266,-5.448201825013421,41.213508749544694,13.93841166936788,48.78444084278758,17983963.75,-744191088.0
2016-12-21,35.31,35.33,35.11,35.11,19888043.0,37.82,35.11,36.465,0.43571428571428633,36.37958090722947,36.77328837297314,36.26383994196167,-0.43226861376574277,-0.19917374659872225,-0.23309486716702052,20.04830917874392,38.542117277525875,34.98588272247413,0.09673143714100056,-6.845317060228173,42.30771973413385,13.606557377049134,50.8196721311475,18224108.65,-764079131.0
2016-12-22,34.11,34.13,33.94,34.06,22585492.0,37.82,33.94,35.879999999999995,0.4935714285714288,36.15866843987428,36.66688490736635,36.241911186320266,-0.5613572652748928,-0.27161045033395637,-0.28974681494093646,16.904276985743365,38.780642498859095,34.47935750114091,0.11742519786290428,-9.63120191032103,43.19770446107959,12.011577424023125,58.321273516642535,18752626.3,-786664623.0
2016-12-23,33.96,34.05,33.91,33.97,14396346.0,37.82,33.91,35.864999999999995,0.48714285714285765,35.95022382655292,36.561124714920616,36.21930510486435,-0.6632773510410388,-0.34994383047537286,-0.31333352056566594,16.767676767676747,38.916918013576485,34.03108198642352,0.1339539405371761,-9.34080597811583,44.37056261068194,12.170087976539552,57.184750733137854,19066937.1,-801060969.0
2016-12-27,34.02,34.105,34.01,34.05,11928481.0,37.82,33.91,35.864999999999995,0.48214285714285765,35.76925012878598,36.462649235904124,36.197719979442816,-0.7291887874556409,-0.4257928218714265,-0.3033959655842144,18.091451292246475,38.956606369338516,33.67339363066148,0.1454829337374924,-6.992624965856331,45.95941596412617,12.888888888888836,57.77777777777779,18868601.35,-789132488.0
2016-12-28,34.47,34.505,34.3,34.36,16054669.0,37.82,33.91,35.864999999999995,0.47464285714285787,35.63503583080636,36.38019240312357,36.17943420850309,-0.7477896132795507,-0.4901921801530513,-0.2575974331264994,16.089613034623213,38.88131547137409,33.438684528625906,0.15051523624856697,-7.160226965684946,46.29855125943554,11.211437170805167,58.69074492099322,18867892.05,-773077819.0
2016-12-29,34.67,34.9399,34.63,34.81,17278574.0,37.82,33.91,35.864999999999995,0.4899928571428579,35.55646098977718,36.31861623045206,36.16580799747321,-0.7179436550130518,-0.5357424751250515,-0.18220117988800033,23.134328358209004,38.71866292615678,33.32333707384322,0.14978278927052446,-3.839779005524868,45.76087298435002,17.199959183078494,56.85214070175949,18912826.5,-755799245.0
2016-12-30,35.0,35.035,34.635,34.71,12115750.0,37.82,33.91,35.864999999999995,0.4892785714285723,35.475845657417445,36.25553324102257,36.15132234575706,-0.6943555833795969,-0.5674650967759606,-0.12689048660363633,23.664122137404604,38.52910224459616,33.22489775540383,0.14784414776018984,-3.2608695652173947,45.20214776735753,18.61341041475053,55.18328734726057,18781226.8,-767914995.0
2017-01-03,35.1,35.34,35.04,35.15,19776329.0,37.82,33.91,35.864999999999995,0.45999285714285826,35.444812737663405,36.212178996276585,36.14135893933162,-0.6328623012351002,-0.5805445376677886,-0.05231776356731166,34.854771784232355,38.35037376726387,33.187626232736115,0.14433580850814265,-0.9859154929577452,46.16635782185904,24.534542461839493,45.497600894423826,19158431.1,-748138666.0
2017-01-04,35.25,35.67,35.22,35.51,42559865.0,37.82,33.91,35.864999999999995,0.4614214285714299,35.45102104836213,36.184642565050055,36.135076760830806,-0.5487537491135157,-0.574186379956934,0.02543263084341829,34.30962343096235,38.16692932858099,33.19607067141901,0.13931193075296674,0.4242081447963786,47.613116637955834,25.07778758185111,45.356739268409704,20703980.25,-705578801.0
2017-01-05,35.89,36.11,35.87,36.02,24724245.0,37.82,33.91,35.864999999999995,0.43642142857143035,35.50520951994669,36.17818599387162,36.13393171843448,-0.4359193706807858,-0.5465329781017044,0.11061360742091864,47.99107142857144,37.99873008334119,33.24026991665882,0.1335914363391504,2.242407039455019,47.09333156304029,33.71577276223823,35.1887919605885,21282180.5,-680854556.0
2017-01-06,35.9,35.9,35.68,35.75,17907169.0,37.765,33.91,35.8375,0.4321357142857159,35.528522898999384,36.16139438626882,36.13011150233066,-0.3640870870576336,-0.5100437998928903,0.14595671283525669,48.53273137697514,37.69555872229172,33.34944127770828,0.12234829881296197,1.8228424950156752,45.13844819886156,34.050149589249315,34.380733565843904,21356528.1,-698761725.0
2017-01-09,35.84,35.92,35.75,35.8,9544338.0,37.5041,33.91,35.707049999999995,0.40999285714285855,35.554377860999445,36.14722205739553,36.12682681076518,-0.29967048778527783,-0.4679691374713678,0.16829864968608998,53.658536585365816,37.35458519830227,33.50141480169773,0.10876059604280626,5.108631826189058,42.82671629479573,36.23756511437479,29.268802592379554,20947306.3,-689217387.0
2017-01-10,36.09,36.515,36.07,36.27,30402475.0,37.11,33.91,35.51,0.4460642857142873,35.62253235042807,36.15203687867414,36.12825141961329,-0.20829371641480066,-0.4160340532600544,0.20774033684525373,60.27088036117382,37.09078354934572,33.64521645065428,0.09742046761737845,6.770680011775099,41.18750432530322,42.83495332191059,25.14051465996245,21857284.4,-658814912.0
2017-01-11,36.41,36.64,36.23,36.53,22706714.0,37.11,33.91,35.51,0.4639214285714307,35.70895784086349,36.16685896186339,36.1322489179256,-0.11358777056710068,-0.35554479672146366,0.241957026154363,64.2543859649123,37.07497263812796,33.65302736187205,0.09676352438230718,7.283406754772415,39.42218760671547,43.110748433386064,22.787109886218374,21558221.45,-636108198.0
2017-01-12,36.4,36.49,36.24,36.49,12241872.0,36.91,33.91,35.41,0.4689214285714307,35.7833428084003,36.179531159437374,36.135808630185046,-0.041284391107318186,-0.2926927155986346,0.2514083244913164,65.40178571428571,36.95698733781381,33.719012662186195,0.09162869080388285,6.199068684516895,37.70009739695013,42.65106856159259,21.17320903593344,20972493.2,-648350070.0
2017-01-13,36.54,36.69,36.52,36.57,11254321.0,36.69,33.91,35.3,0.399635714285716,35.8582625409336,36.19484366298885,36.14012894232251,0.022215799536191128,-0.22971101257166945,0.2519268121078606,85.7549857549856,37.02466981339349,33.68833018660651,0.09436283644554694,5.056018385521388,39.16379613463092,53.620261309406544,3.9321524960231264,19894285.15,-637095749.0
2017-01-17,36.39,36.42,36.27,36.4,11490507.0,36.69,33.91,35.3,0.4103500000000011,35.909856584654214,36.20288900953831,36.14271472399095,0.058152236085533104,-0.17213836284022896,0.23029059892576206,83.84401114206118,37.10048995156716,33.66451004843284,0.09710958533552813,4.868913857677892,39.84334913976532,52.22023011714724,7.658967083848223,19131948.85,-648586256.0
2017-01-18,36.72,36.74,36.54,36.58,16500254.0,36.74,33.91,35.325,0.4249928571428586,35.9736797670681,36.21767767583093,36.147065821264675,0.10000383468019436,-0.1177099233361443,0.21771375801633866,84.28184281842809,37.23600022301561,33.636999776984396,0.10156196142483631,4.068278805120906,40.75237060489404,54.874871846585485,7.395082270290193,18431485.5,-632086002.0
2017-01-19,36.54,36.56,36.26,36.43,15784013.0,36.74,33.91,35.325,0.4153500000000011,36.01713883687113,36.226004041484615,36.14988108672473,0.11968809187339247,-0.07023032029423695,0.18991841216762942,79.32011331444752,37.342758966912704,33.637241033087285,0.10441019819175598,2.590819487468332,40.17452336734613,49.26997884744341,12.381984212970075,18189551.85,-647870015.0
2017-01-20,36.38,36.47,36.14,36.29,19101918.0,36.74,33.91,35.325,0.39750000000000085,36.043125614311975,36.22851368691659,36.151275304767275,0.12257817267292381,-0.031668621700804804,0.15424679437372862,72.98136645962724,37.424859103177596,33.6611408968224,0.10589196765481793,0.7495835646862847,39.82303012783133,43.66756513926309,15.094339622641408,18412068.75,-666971933.0
2017-01-23,36.34,36.52,36.29,36.47,16244587.0,36.74,33.91,35.325,0.3853571428571441,36.08378031771083,36.23798373841006,36.15444669476959,0.13780455309793638,0.0022260132589434337,0.13557853983899296,76.6666666666666,37.524991695522296,33.6970083044777,0.10749440877943887,2.0139860139860133,39.705321599385115,44.207599629286335,15.569972196478101,18229895.95,-650727346.0
2017-01-24,36.46,36.73,36.45,36.62,11148189.0,36.74,33.91,35.325,0.3603571428571435,36.13484885888123,36.25296476827633,36.15907906596591,0.16012944313920485,0.03380669923499571,0.12632274390420914,74.41860465116272,37.55621475717277,33.92178524282723,0.10169365439283531,2.290502793296101,40.8762071309034,45.391476709613244,16.650148662041524,17658030.8,-639579157.0
2017-01-25,36.62,36.8,36.61,36.78,12805242.0,36.8,34.01,35.405,0.3367857142857145,36.196291824702065,36.273632816579216,36.165257383717496,0.1885591496599801,0.0647571893199926,0.12380196033998751,72.59786476868325,37.54937519231149,34.20962480768851,0.09308241153368843,1.4061207609594728,41.78136469111323,43.054082714740034,17.815482502651022,17578475.6,-626773915.0
2017-01-26,36.91,37.02,36.795,36.85,19169415.0,37.02,34.3,35.66,0.31107142857142883,36.25854974615901,36.29623545122317,36.172070743083495,0.2142683596160353,0.09465942337920114,0.11960893623683416,67.5105485232067,37.502604496443624,34.53639550355638,0.08235008794922878,0.8759923350670773,44.24322228854203,41.56142365097591,19.288174512055008,17940522.3,-607604500.0
2017-01-27,36.83,36.93,36.67,36.82,11190654.0,37.02,34.63,35.825,0.30535714285714277,36.312021198905775,36.31677523744971,36.17851780036625,0.22957593596774473,0.12164272589690986,0.10793321007083487,75.11737089201876,37.442894676931815,34.84210532306818,0.07195930978387308,0.9043573581803077,47.06862178369177,42.339181286549774,18.128654970760206,17697321.55,-618795154.0
2017-01-30,36.62,36.685,36.45,36.68,8761454.0,37.02,34.635,35.8275,0.31964285714285673,36.34706679900999,36.331019345785016,36.183507672999426,0.22778471019238822,0.14287112275600555,0.08491358743638266,69.81981981981983,37.39411825593942,35.077881744060576,0.06392086631744237,0.30079299972654017,48.34772771920169,40.000000000000036,22.23463687150835,17271465.55,-627556608.0
2017-01-31,36.62,36.75,36.57,36.69,13731155.0,37.02,35.04,36.03,0.28142857142857075,36.37972710386618,36.34509701849933,36.1885473976462,0.22458321181918706,0.15921354056864187,0.06536967125054519,61.931818181818045,37.258642674131735,35.411357325868266,0.05084038387955054,0.7967032967032939,47.32780191258279,31.97969543147211,25.25380710659898,17352235.8,-613825453.0
2017-02-01,36.88,36.92,36.59,36.67,11752843.0,37.02,35.22,36.120000000000005,0.27571428571428463,36.407372141593214,36.35783831189151,36.193337970803945,0.21792012093626312,0.17095485664216614,0.046965264294096976,54.605263157894775,37.15718750289546,35.66481249710453,0.04098692718659013,0.24603608529252252,46.087597582171234,33.80829015544054,25.77720207253889,16951061.5,-625578296.0
2017-02-02,36.57,36.715,36.53,36.68,10052154.0,37.02,35.68,36.35,0.2682142857142849,36.43333669953672,36.370472103582046,36.198180379054655,0.21101405120250405,0.17896669555423372,0.032047355648270326,56.375838926174445,37.091363921485964,35.84763607851403,0.03410323264568847,0.6862475981334049,44.440573941195076,34.753661784287715,28.09587217043949,15325675.95,-615526142.0
2017-02-03,36.63,36.71,36.515,36.63,16406428.0,37.02,35.68,36.35,0.26785714285714235,36.452066537676075,36.380649668147456,36.20247709170088,0.19920999028628472,0.18301535450064393,0.016194635785640787,52.05479452054803,37.08794915641592,35.91205084358408,0.032216392132379,0.9368972168641632,38.388701918023,29.46666666666683,28.533333333333395,14909785.1,-631932570.0
2017-02-06,36.87,36.93,36.74,36.79,17276921.0,37.02,35.75,36.385000000000005,0.26785714285714235,36.48425067694502,36.396702622337756,36.20832309078843,0.20045512785578268,0.18650330917167168,0.013951818684110995,63.44827586206909,37.03530441535197,36.068695584648026,0.02644475899277597,0.8774335069920536,34.754738981734484,35.33333333333348,21.866666666666717,14878272.7,-614655649.0
2017-02-07,36.94,36.9752,36.69,36.77,15372260.0,37.02,36.07,36.545,0.26394285714285665,36.51146489818835,36.41134173518726,36.213911915755716,0.19755083247170546,0.18871281383167846,0.008838018640027007,57.36434108527159,36.9390713016779,36.261928698322095,0.01850091128142524,0.4096122337520658,29.822716618133153,27.1974453344881,23.544057155228572,15169668.8,-630027909.0
2017-02-08,37.2,37.43,37.14,37.31,23489417.0,37.43,36.14,36.785,0.28822857142857067,36.587515860265654,36.44658323576815,36.22481826485268,0.2361010189090038,0.19819045484714354,0.037910564061860275,76.19047619047649,37.084039471883706,36.2209605281163,0.02354761459020272,1.441000543773785,28.579914629141403,36.17664551942915,14.621332275971573,14824015.9,-606538492.0
2017-02-09,37.64,37.87,37.625,37.81,21950088.0,37.87,36.14,37.004999999999995,0.30465714285714185,36.703942921192734,36.50005055985568,36.240591217441214,0.30349958641505026,0.2192522811607249,0.08424730525432536,87.25490196078466,37.38574230526934,36.047257694730654,0.03645458065280421,2.6051560379918515,29.416256137657623,44.54187376910825,11.019412923192522,14786184.6,-584588404.0
2017-02-10,37.79,38.05,37.755,38.01,14297488.0,38.05,36.14,37.095,0.3092999999999983,36.82832930965057,36.55926426339075,36.25819727497911,0.3688004631059414,0.2491619175497682,0.11963854555617318,87.37864077669936,37.66714579297129,35.917854207028704,0.04754478727845584,3.2319391634980876,30.45125721016862,46.87543300540404,10.854002124613379,14888965.4,-570290916.0
2017-02-13,38.19,38.43,38.16,38.25,27954584.0,38.43,36.14,37.285,0.31929999999999886,36.96372651825528,36.62556762561072,36.27801620756639,0.43490456349788076,0.2863104467393907,0.14859411675849005,87.90697674418638,37.959133728219456,35.793866271780544,0.058716728985638865,4.280261723009815,31.770220892014038,49.21032615990361,10.51407095879396,15723978.55,-542336332.0
2017-02-14,38.12,38.3,37.9,38.24,16624524.0,38.43,36.14,37.285,0.33429999999999893,37.08527637365954,36.68887869911618,36.297538434356774,0.48094162718389555,0.3252366828282917,0.15570494435560384,86.50000000000041,38.18507456993618,35.75192543006382,0.06581682080345039,4.224584355410199,32.304796907051745,45.506602281953974,15.597624033161111,15980679.4,-558960856.0
2017-02-15,38.57,38.85,38.54,38.82,19608604.0,38.85,36.14,37.495000000000005,0.3607285714285702,37.25048814759673,36.772452083464565,36.32263755441293,0.5577975417278225,0.3717488546081979,0.18604868711962458,89.24302788844656,38.535545305861774,35.62545469413823,0.07848034982601493,5.8631033542405175,33.563749170491164,48.70698190170707,14.454873074333818,16136096.9,-539352252.0
2017-02-16,38.81,38.83,38.64,38.74,10092907.0,38.85,36.14,37.495000000000005,0.3557285714285702,37.39234641925418,36.84961082528948,36.34669091208046,0.6052738560659137,0.4184538548997411,0.1868200011661726,87.50000000000041,38.79339788406188,35.59860211593813,0.08589084224442826,5.616139585605251,35.026660734787264,49.391590699168916,12.14810650174704,15851541.6,-549445159.0
2017-02-17,38.24,38.49,38.24,38.46,10636033.0,38.85,36.29,37.57,0.3650142857142846,37.49402771265854,36.912763341944796,36.36771886320404,0.6132365085408722,0.4574103856279673,0.15582612291290487,82.96296296296329,38.93718555002754,35.67181444997245,0.08753290085794184,4.995904995904987,36.67445434544855,48.13510234433112,15.361433994755705,15428247.35,-560081192.0
2017-02-21,38.64,38.83,38.615,38.82,11980721.0,38.85,36.45,37.650000000000006,0.378585714285713,37.62031078764344,36.98755693637833,36.392119670535344,0.641204552405398,0.4941692189834535,0.14703533342194447,84.91803278688556,39.13793890211607,35.70606109788394,0.09170749303169605,5.517803751019312,39.791849340985166,51.59805290366418,14.810761858043211,15215054.05,-548100471.0
2017-02-22,38.955,39.03,38.9,39.03,11006080.0,39.03,36.45,37.74,0.37001428571428463,37.75456690310597,37.06765274279487,36.41836723600265,0.6725617998501932,0.5298477351568015,0.14271406469339165,86.41975308641996,39.35695511612361,35.7280448838764,0.09666138995131404,6.146314930649988,42.81284186300284,53.37245666190512,15.153855063511177,15207948.6,-537094391.0
2017-02-23,39.11,39.15,38.85,38.96,16339165.0,39.15,36.45,37.8,0.37822857142856997,37.86937005519111,37.14186243915586,36.44365711425139,0.6838808763399911,0.5606543633934394,0.12322651294655163,84.54545454545475,39.53374138504742,35.76925861495258,0.09998227879619256,4.4224068614312495,46.32986681136441,54.47952862970256,13.691645263635069,15384644.75,-553433556.0
2017-02-24,38.44,38.58,38.38,38.54,15526626.0,39.15,36.45,37.8,0.40572857142856983,37.93323957374434,37.19669136311053,36.464516247442916,0.6514513108964977,0.5788137528940511,0.07263755800244653,76.02179836512266,39.61847765066936,35.853522349330646,0.09977091640181036,1.9307061623908828,49.21067877415181,50.78694412168603,20.77391641139404,15202505.3,-568960182.0
2017-02-27,38.22,38.35,38.18,38.3,11431805.0,39.15,36.45,37.8,0.4100142857142843,37.96816913814964,37.239958368478746,36.48277976736886,0.5994742859946527,0.5829458595141714,0.01652842648048125,70.13333333333334,39.65688642685219,35.963113573147815,0.09769301385094879,0.7629571165482796,49.79790141438077,46.42346956552052,24.040974182084376,15214562.85,-580391987.0
2017-02-28,38.16,38.33,38.09,38.2,16582082.0,39.15,36.515,37.832499999999996,0.40678571428571225,37.99024826784967,37.277607059910956,36.49986653585275,0.5439427219149238,0.5751452319943219,-0.031202510079398116,68.66840731070499,39.66078716292716,36.11121283707285,0.09369092345072873,-0.13071895424835445,51.46032657245813,46.79192273924518,24.934152765583878,15605594.25,-596974069.0
2017-03-01,38.37,38.68,38.34,38.6,14116177.0,39.15,36.515,37.832499999999996,0.39392857142856946,38.048319861387796,37.32946560658112,36.52076338624228,0.5261451406910282,0.5653452137336632,-0.03920007304263495,67.479674796748,39.68961407236681,36.273385927633186,0.08994452943495183,0.9414225941422494,50.47531285410264,46.41885766092502,25.74796010879423,15624845.35,-582857892.0
2017-03-02,37.91,37.98,37.77,37.77,20424691.0,39.15,36.515,37.832499999999996,0.4132142857142839,38.02181320792229,37.346741465146565,36.533193601304546,0.43999438456756934,0.5402750479004444,-0.10028066333287511,49.50248756218906,39.63406755890644,36.43893244109357,0.08400181714439728,-2.7047913446676897,46.39165654077778,36.64649956784812,34.399308556611984,16058437.75,-603282583.0
2017-03-03,37.88,37.96,37.77,37.87,13350152.0,39.15,36.515,37.832499999999996,0.4057142857142842,38.007354807167786,37.36726140768984,36.54649515751047,0.3754603803732053,0.5073121143949967,-0.1318517340217914,48.2142857142857,39.56425209365883,36.62774790634116,0.07708169328322309,-2.2457408363448783,42.02560460304226,34.154929577465005,35.03521126760567,16223337.65,-589932431.0
2017-03-06,37.84,37.86,37.69,37.84,6366808.0,39.15,36.69,37.92,0.3885714285714269,37.99141625410419,37.38580017601573,36.559365852460616,0.31822763770955476,0.4694952190579083,-0.15126758134835355,44.47439353099731,39.46099062452785,36.85200937547215,0.06837580095280495,-1.6120644825793007,38.401191505669,28.67647058823546,38.05147058823547,15721356.65,-596299239.0
2017-03-07,38.05,38.08,37.89,37.96,12533776.0,39.15,36.69,37.92,0.37714285714285517,37.988424229903785,37.40831781617197,36.573302510645085,0.2793332935974675,0.4314628339658202,-0.1521295403683527,46.33507853403138,39.35618129008918,37.073818709910825,0.059724259588600226,-2.2153529108706826,34.96463263077086,33.71212121212141,34.28030303030326,15484199.4,-583765463.0
2017-03-08,38.17,38.2,37.87,37.91,13544694.0,39.15,37.14,38.144999999999996,0.3571428571428556,37.98095525562724,37.42799162730248,36.58660298317598,0.24168862748574327,0.39350799266980485,-0.15181936518406158,36.17021276595733,39.20399503048554,37.340004969514474,0.0487037536833994,-2.8695874967973434,32.13090811307505,27.000000000000146,36.2000000000002,15392821.1,-597310157.0
2017-03-09,37.47,37.57,37.22,37.47,17461620.0,39.15,37.22,38.185,0.39285714285714135,37.932292850329404,37.42963901446709,36.595393003243885,0.17434094175735027,0.349674582487314,-0.1753336407299637,32.60273972602728,39.1794033109774,37.3805966890226,0.046990768598610136,-3.8244353182751545,29.889080373648994,24.545454545454664,44.72727272727291,15091431.25,-614771777.0
2017-03-10,37.61,37.695,37.515,37.65,8777865.0,39.15,37.22,38.185,0.3732142857142843,37.9054078169647,37.43828062174289,36.60588660520166,0.1339478439159265,0.3065292347730365,-0.17258139085711,38.59154929577456,39.19162463738845,37.35237536261156,0.04805730755583428,-2.3092890503373154,27.384359389233214,28.22966507177047,39.42583732057436,14432820.1,-605993912.0
2017-03-13,38.24,38.37,38.21,38.26,14386474.0,39.15,37.22,38.185,0.3982142857142844,37.939178501063296,37.47050491108631,36.6223454449509,0.14943532744283772,0.27511045330699674,-0.12567512586415902,42.631578947368354,39.1958893384956,37.373110661504406,0.04761140088002172,-0.10443864229764399,23.88898477578504,32.46636771300463,36.95067264574007,14437269.4,-591607438.0
2017-03-14,38.21,38.25,38.05,38.14,10282868.0,39.15,37.22,38.185,0.3982142857142844,37.95830435810489,37.49675962045547,36.63744648529965,0.1502937794660042,0.25014711853879823,-0.09985333907279403,38.00539083557944,39.19259094843385,37.365409051566154,0.04773327142474201,-0.15706806282722585,21.042894545254974,28.87892376681623,39.82062780269082,13553683.6,-601890306.0
2017-03-15,38.24,38.97,38.19,38.79,30616907.0,39.15,37.22,38.185,0.43607142857142733,38.03751346685681,37.547474929457216,36.65886492823199,0.201105458065733,0.2403387864441852,-0.0392333283784522,48.01864801864799,39.247837793840745,37.365162206159255,0.04914767957608996,0.4922279792745954,16.78533483227401,36.19983619983632,36.363636363636566,14253302.75,-571273399.0
2017-03-16,39.32,39.4,39.24,39.34,25060159.0,39.4,37.22,38.31,0.43821428571428456,38.161559803346634,37.61777003026282,36.68554288914511,0.2824980215491024,0.24877063346516864,0.033727388083933774,59.049773755656204,39.358475787139845,37.30652421286015,0.053530335205887916,4.156738151972461,15.237676663562542,43.03178484107592,28.52485737571331,14525880.5,-546213240.0
2017-03-17,39.26,39.26,39.075,39.14,14698752.0,39.4,37.22,38.31,0.43142857142857033,38.25474458398029,37.67746532319369,36.70996534795959,0.327093357365996,0.26443517824533413,0.06265817912066185,59.589041095890494,39.4263984564402,37.2786015435598,0.05600148394186546,3.3535780301029883,14.485941918522963,43.7086092715233,28.39403973509947,14756172.75,-560911992.0
2017-03-20,39.52,39.68,39.47,39.6191,19981380.0,39.68,37.22,38.45,0.45285714285714207,38.38468319502979,37.75360785953903,36.738911961412725,0.39652396682519964,0.29085293596130724,0.1056710308638924,64.90933159631027,39.6247140263451,37.196195973654895,0.06322544350724843,4.701638477801273,14.497064557365869,48.26498422712945,25.63091482649858,15223440.1,-540930612.0
2017-03-21,39.81,39.85,39.075,39.17,27086497.0,39.85,37.22,38.535,0.47392857142857076,38.45947527169362,37.80915264936103,36.76310189214494,0.41057673529808625,0.31479769582866307,0.09577903946942318,55.92737406929829,39.67666592854215,37.17924407145786,0.06498971535394715,3.1875658587987354,13.493101826162262,40.844009042954106,30.444611906556236,15978728.9,-568017109.0
2017-03-22,38.96,39.45,38.96,39.29,20418543.0,39.85,37.22,38.535,0.44964285714285673,38.53857286486566,37.86722509448413,36.78824515689972,0.42648045150563973,0.3371342469640584,0.08934620454158132,68.54472695329656,39.72107494253318,37.16083505746683,0.06660188034002672,3.6402004748087746,15.180288161831092,43.050039714058826,24.861000794281274,16449352.05,-547598566.0
2017-03-23,39.06,39.37,39.035,39.24,11176299.0,39.85,37.22,38.535,0.45999999999999985,38.605375449164164,37.921059404504355,36.812640727477834,0.43009184794738786,0.35572576716072435,0.07436608078666351,66.92110073612972,39.764756412793325,37.14515358720667,0.06812133379395852,4.723779023218588,17.002528240399023,42.080745341614936,24.301242236024926,16191208.75,-558774865.0
2017-03-24,39.16,39.31,39.13,39.25,10557227.0,39.85,37.22,38.535,0.45999999999999985,38.666768263529484,37.97317472197477,36.83689305854771,0.42881767880120947,0.3703441494888214,0.058473529312388084,67.5016136239511,39.847593062211374,37.133316937788635,0.07051816156558134,4.249667994687911,18.08480277591877,42.080745341614936,23.059006211180122,15942738.8,-548217638.0
2017-03-27,38.77,39.1,38.69,39.06,14420073.0,39.85,37.22,38.535,0.4828571428571432,38.7042189050981,38.01579532111302,36.859013525626835,0.40777589182000185,0.3778304979550575,0.029945393864944325,63.420526084622544,39.905552716178086,37.1513572838219,0.0714847099982645,2.0909566126503076,18.93920473285481,36.83431952662722,28.476331360946787,16092152.2,-562637711.0
2017-03-28,38.99,39.34,38.95,39.23,13558761.0,39.85,37.22,38.535,0.48714285714285716,38.75429329508876,38.06341119087329,36.88260543084448,0.40020439613022063,0.3823052775900902,0.017899118540130432,65.64648428239538,39.982143422621796,37.1777665773782,0.07268999783031359,2.857891976927096,18.978331795623582,38.269794721407614,28.225806451612968,15940986.15,-549078950.0
2017-03-29,39.01,39.15,38.94,39.09,11737815.0,39.85,37.22,38.535,0.4585714285714287,38.78626536222316,38.10366957554493,36.904569555910705,0.37854348758546763,0.3815529195891657,-0.003009432003698076,70.67275789903542,40.02511962352473,37.18379037647527,0.0736010713543154,0.773395204949745,19.32719704497702,40.65420560747662,20.015576323987702,15822068.05,-560816765.0
2017-03-30,38.71,38.87,38.66,38.8,17012515.0,39.85,37.22,38.535,0.4732142857142862,38.78757342296381,38.130976651013754,36.9234295603295,0.3341249012602532,0.3720673159233832,-0.03794241466313003,64.27436572166229,40.02291440489834,37.28899559510166,0.07072438928999884,-1.3726487036095691,19.767715019676956,37.509433962264104,23.62264150943412,15651459.25,-577829280.0
2017-03-31,38.52,38.61,38.46,38.49,14144356.0,39.85,37.22,38.535,0.4460714285714289,38.75923309696726,38.145055998032824,36.93901732589836,0.2707869786264183,0.35181124846399026,-0.08102426983757194,53.08459846574761,40.00615263249767,37.36775736750233,0.06819857662603167,-1.6607051609606516,19.396200229557504,28.98318654923941,28.262610088070556,15691169.45,-591973636.0
2017-04-03,38.66,38.76,38.47,38.72,19490049.0,39.85,37.22,38.535,0.4517857142857145,38.7554966115418,38.16760282163938,36.956738546536194,0.23642493692041455,0.32873398615527516,-0.09230904923486061,57.555625032567356,39.98846972269635,37.47344027730365,0.06493590063536256,-2.269359980413499,18.969845323363412,30.988142292490117,25.375494071146292,16347331.5,-572483587.0
2017-04-04,38.73,38.96,38.69,38.82,9468906.0,39.85,37.22,38.535,0.4117857142857148,38.76163979139496,38.193187024712344,36.97527846149603,0.2147860160747328,0.3059443921391667,-0.09115837606443389,50.456176631591774,39.97815449121409,37.56975550878591,0.062113833433504045,-0.8935409752361512,19.3407728646142,24.978317432784095,27.840416305290578,16194088.0,-563014681.0
2017-04-05,38.99,39.11,38.795,38.9,18791312.0,39.85,37.22,38.535,0.3907142857142861,38.77481695411925,38.22090518060598,36.9944299195906,0.20176650810646635,0.28510881533262666,-0.08334230722616032,42.193598750975674,39.95746716641964,37.689442833580365,0.05841892054273054,-0.9926189870196,19.042250295354677,21.20658135283368,29.34186471663624,16456418.9,-544223369.0
2017-04-06,38.77,38.78,38.62,38.72,12316602.0,39.85,37.515,38.682500000000005,0.39178571428571474,38.76959629182218,38.24047752646457,37.011599771136964,0.17490773111587288,0.26306859848927594,-0.08816086737340306,42.49517546994488,39.8273044870375,37.94460551296249,0.04841591196808751,-1.3251783893985847,18.696281889684794,21.148587055606242,29.44393801276221,16199168.0,-556539971.0
2017-04-07,38.67,38.88,38.67,38.74,12322208.0,39.85,38.05,38.95,0.3682142857142863,38.766777597362925,38.260066643073806,37.02879778336446,0.15346672086835866,0.2411482229650925,-0.08768150209673384,31.20858449831114,39.68645805764055,38.19445194235945,0.03831506630523707,-1.2993630573248316,18.763321814615,16.29485935984485,31.328806983511274,16376385.15,-544217763.0
2017-04-10,38.51,38.59,38.435,38.51,11114030.0,39.85,38.05,38.95,0.3346428571428578,38.74232258809027,38.26986795118856,37.04353611387825,0.11657172171867103,0.2162329227158082,-0.09966120099713718,34.43396226415072,39.65821645499652,38.24769354500347,0.036210934702978204,-1.4080901177675464,19.635439512998108,17.929562433297797,31.056563500533823,16212762.95,-555331793.0
2017-04-11,38.33,38.375,38.105,38.32,12959684.0,39.85,38.105,38.9775,0.3285714285714292,38.70210138922453,38.27183391388705,37.05623724707349,0.07118023552767738,0.18722238527818205,-0.11604214975050467,27.85388127853868,39.626981532045825,38.29692846795418,0.03413722602193969,-2.319653326535809,20.084304038188936,18.26086956521743,36.30434782608724,16346603.75,-568291477.0
2017-04-12,38.46,38.47,38.25,38.36,10996872.0,39.85,38.105,38.9775,0.32035714285714334,38.669520304536476,38.27529140746011,37.069210010784204,0.03799681773669761,0.15737727176988517,-0.11938045403318756,29.81651376146769,39.65485908284668,38.22605091715332,0.03669212816576885,-1.8674852903555972,20.186543000918885,20.84726867335565,37.23522853957667,15365602.0,-557294605.0
2017-04-13,38.5,38.61,38.25,38.26,9644217.0,39.85,38.105,38.9775,0.3332142857142862,38.6305183707711,38.27469174442246,37.081058667393314,0.003588193339361112,0.12661945608378036,-0.12303126274441925,28.193832599118792,39.63609848993968,38.13681151006032,0.03855550679225859,-1.3917525773195827,19.64899613382281,23.043944265809245,35.79849946409461,14594804.9,-566938822.0
2017-04-17,38.29,38.49,38.24,38.46,9882734.0,39.85,38.105,38.9775,0.31107142857142883,38.61427852593576,38.28195873483727,37.09477947667298,-0.00745660575643825,0.09980424371573665,-0.1072608494721749,36.842105263157826,39.615246862284046,38.08966313771597,0.03926608304592539,-0.0779423226812237,19.24400669185216,24.68427095292771,28.473019517795823,14354004.0,-557056088.0
2017-04-18,37.77,37.88,37.665,37.8,21900256.0,39.85,37.665,38.7575,0.34000000000000036,38.53672819013235,38.26305839229463,37.10179659630808,-0.06867453546675506,0.06610848787923831,-0.13478302334599337,24.187725631768984,39.57173128602317,37.95126871397682,0.041805982019435514,-2.3760330578512456,20.806606061237353,17.54201680672269,38.13025210084055,14449947.8,-578956344.0
2017-04-19,37.78,37.825,37.51,37.58,16345903.0,39.45,37.51,38.480000000000004,0.3417857142857151,38.44561121964355,38.23627178867523,37.10655483913089,-0.1334045426703696,0.026205881769316732,-0.15961042443968634,23.508771929824547,39.62466363929591,37.739336360704094,0.04873913651289531,-3.194229778464719,21.251782880417846,17.450365726227773,40.96133751306172,13912918.1,-595302247.0
2017-04-20,38.01,38.125,37.92,38.08,17474464.0,39.37,37.51,38.44,0.3500000000000004,38.41079110348702,38.230143483236986,37.116240860632075,-0.14271261620402242,-0.0075778178253511005,-0.13513479837867132,38.23529411764709,39.55513522686886,37.68786477313113,0.04834795266205951,-2.107969151670952,21.012105666199535,23.163265306122383,34.28571428571438,13765714.15,-577827783.0
2017-04-21,37.87,38.01,37.815,37.96,12352056.0,39.34,37.51,38.425,0.34464285714285786,38.36785861744064,38.21954962114926,37.12463647395912,-0.15795156138048583,-0.03765256653637805,-0.12029899484410778,40.766550522648075,39.48809969346756,37.626900306532434,0.04827074854269926,-1.9628099173553681,22.10391826536512,23.52331606217608,32.84974093264273,13824502.0,-590179839.0
2017-04-24,38.25,38.31,38.15,38.17,16190889.0,39.34,37.51,38.425,0.3489285714285723,38.34901493958915,38.21760649875125,37.13503810108391,-0.1513387513463087,-0.06038980349836418,-0.09094894784794452,40.35087719298253,39.38915824465417,37.61784175534582,0.046004038316214045,-1.4713474445018027,22.139278080279382,26.305015353121814,32.44626407369521,14106185.1,-573988950.0
2017-04-25,38.69,38.77,38.64,38.68,19602546.0,39.34,37.51,38.425,0.3725000000000008,38.38053732629495,38.2357395772316,37.15041085629701,-0.10374935600504642,-0.06906171399970064,-0.034687642005345784,47.852760736196316,39.335517347839556,37.63348265216045,0.04422649886783258,0.4414437808361482,21.843509227403903,29.62607861936718,30.39309683605008,14365308.75,-554386404.0
2017-04-26,38.68,38.84,38.66,38.7,12783889.0,39.15,37.51,38.33,0.36285714285714427,38.41096234283829,38.25394586832056,37.16582965374679,-0.06368644676611268,-0.06798666055298305,0.004300213786870372,46.87500000000007,39.24161107432035,37.674388925679644,0.040751525004958905,0.991649269311079,20.974965918816746,28.83858267716531,31.20078740157498,14326565.15,-541602515.0
2017-04-27,38.54,38.57,38.4,38.54,10982917.0,39.11,37.51,38.31,0.36428571428571593,38.42325164352036,38.26516367740603,37.17950299052543,-0.044335888852231164,-0.06325650621283267,0.018920617360601508,47.16981132075473,39.157265726393724,37.70373427360628,0.03782234040117731,0.4692387904066786,20.27087153051184,28.72549019607837,32.74509803921571,14288820.25,-552585432.0
2017-04-28,38.5,38.55,38.43,38.53,9083995.0,39.11,37.51,38.31,0.35785714285714426,38.43341815366128,38.27554941554697,37.192940771714234,-0.029467663833067093,-0.05649873773687956,0.027031073903812465,46.687697160883275,39.124645465802686,37.70935453419732,0.03684022520252413,0.7056978567694827,18.733814051071374,27.245508982035858,33.33333333333338,13892394.25,-561669427.0
2017-05-01,38.67,38.77,38.54,38.6,8406026.0,39.11,37.51,38.31,0.35321428571428726,38.44928309140782,38.28827296787846,37.20694136105041,-0.011898910170387467,-0.047578772223581145,0.03567986205319368,51.49501661129573,39.13423250445844,37.71076749554156,0.03704769364088433,0.3640145605824152,17.17449275080732,32.05257836198182,29.01921132457034,13605477.75,-553263401.0
2017-05-02,38.44,38.53,38.34,38.47,14208101.0,39.11,37.51,38.31,0.3428571428571442,38.45125613032136,38.29539951815774,37.21950910870165,-0.008368987384294257,-0.03973681525572377,0.03136782787142951,52.5423728813559,39.10838912393377,37.71161087606624,0.036364963495639946,1.772486772486781,15.50455362446543,33.02083333333337,27.187499999999886,13341380.35,-567471502.0
2017-05-03,38.36,38.43,38.205,38.29,13641411.0,39.11,37.51,38.31,0.34607142857143003,38.43589840362409,38.29518777234763,37.23016075936134,-0.01986697964721884,-0.035762848134022786,0.015895868486803945,48.86731391585761,39.056131125942606,37.710868874057404,0.035047930800609695,1.8893028206492746,13.611090298210073,30.753353973168274,29.721362229102144,13550005.6,-581112913.0
2017-05-04,37.99,37.99,37.62,37.75,31288027.0,38.88,37.51,38.195,0.3682142857142873,38.37057474613608,38.27380785970655,37.23533328911894,-0.07172589689427156,-0.042955457886072544,-0.028770439008199013,42.77620396600571,39.0092553656903,37.6427446343097,0.035654926978568084,-0.8665966386554591,13.491392145724998,26.188166828322068,39.28225024248297,14174841.35,-612400940.0
2017-05-05,37.52,37.77,37.51,37.77,17211386.0,38.88,37.51,38.195,0.3689285714285734,38.313377151265975,38.25405068873767,37.240653355893876,-0.10994327198077514,-0.056353020705013065,-0.05359025127576207,39.70149253731349,38.97831275691751,37.57868724308249,0.03656427273364994,-0.5005268703898835,14.575301321993953,26.137463697967117,41.14230396902219,14419580.55,-595189554.0
2017-05-08,37.78,37.845,37.61,37.65,10631517.0,38.84,37.51,38.175,0.32892857142857324,38.25019837495493,38.23036242643423,37.24472645683026,-0.14820539466130356,-0.07472349549627116,-0.0734818991650324,47.33096085409257,38.94202067116348,37.505979328836524,0.03756910167242986,-1.3623264343725516,12.233911936050877,30.94462540716605,33.65906623235604,14335046.0,-605821071.0
2017-05-09,38.28,38.46,38.26,38.3,26547539.0,38.84,37.51,38.175,0.36428571428571593,38.25494138686398,38.23309331167211,37.255226691090655,-0.1246420389875098,-0.0847072041945189,-0.03993483479299091,61.11111111111106,38.91995966846339,37.507040331536615,0.03697435034547415,-0.9824198552223384,10.700115175281429,39.99999999999994,27.352941176470523,15106721.45,-579273532.0
2017-05-10,38.63,38.75,38.54,38.68,14479991.0,38.84,37.51,38.175,0.3575000000000017,38.2954231595436,38.25061906415556,37.269403539935524,-0.07444690802955733,-0.08265514496152658,0.008208236931969246,59.6153846153846,38.96712790938094,37.49587209061905,0.038482817016384126,-0.05167958656331351,10.641513575405881,40.55944055944053,27.8721278721278,15182736.8,-564793541.0
2017-05-11,38.6,38.66,38.42,38.65,12279693.0,38.84,37.51,38.175,0.35714285714285865,38.32919238244421,38.26628106163965,37.28314081814512,-0.03666500305646281,-0.07345711658051383,0.036792113524051026,61.38613861386129,39.00340276430443,37.48859723569556,0.03960690081600363,0.2854177477944919,10.747166301612626,40.599999999999994,28.199999999999807,15246877.85,-577073234.0
2017-05-12,38.84,39.07,38.83,39.06,21065844.0,39.07,37.51,38.29,0.3621428571428587,38.39879310792572,38.29740729451653,37.30082100900935,0.026060592042753683,-0.053553574855860334,0.07961416689861402,63.77708978328166,39.1264610263717,37.4455389736283,0.04390435283767951,1.3755515182974243,11.469339059413786,42.209072978303716,27.81065088757377,15817959.2,-556007390.0
2017-05-15,39.29,39.65,39.27,39.57,25140722.0,39.65,37.51,38.58,0.3614285714285726,38.5103366214566,38.34731289081,37.32339990444209,0.11559135068695525,-0.019724589747297214,0.13531594043425246,63.77708978328166,39.358415356415186,37.32458464358481,0.05304515245440006,2.5129533678756477,13.032396750214758,44.66403162055331,27.865612648221184,16580858.6,-530866668.0
2017-05-16,39.41,39.51,39.29,39.48,18317100.0,39.65,37.51,38.58,0.3685714285714293,38.60268551465121,38.39173199313118,37.34485861186058,0.17723976443171097,0.01966828108850442,0.15757148334320656,61.81818181818166,39.52802294403028,37.322977055969716,0.05738496279971809,2.6254224070704435,14.298985352868925,42.441860465116285,27.325581395348713,16401700.8,-549183768.0
2017-05-17,39.19,39.27,38.82,38.92,24698490.0,39.65,37.51,38.58,0.3942857142857145,38.63290594182729,38.41244838555741,37.360531660498786,0.1788476126427625,0.051504147399356034,0.12734346524340645,55.13513513513516,39.54018165112945,37.444818348870534,0.05443562518046159,1.645338208409508,14.900524992949803,39.67391304347833,29.34782608695646,16819330.15,-573882258.0
2017-05-18,38.72,39.17,38.66,39.04,16276680.0,39.65,37.51,38.58,0.42214285714285793,38.671676804510405,38.43705825279046,37.37724278825502,0.1876418229204475,0.07873168250357433,0.10891014041687318,56.69291338582673,39.59653977198219,37.48446022801782,0.05480156053928646,3.417218543046352,14.920384459068062,37.05583756345179,30.118443316412822,16759440.95,-557605578.0
2017-05-19,39.19,39.49,39.18,39.44,17488355.0,39.65,37.51,38.58,0.437142857142858,38.74485044217608,38.476389301700635,37.39776773563557,0.22430233726426962,0.1078458134557134,0.11645652380855623,60.144927536231826,39.70608455564083,37.52291544435917,0.05653754706863114,4.421498543817837,15.460657681460493,37.418300653594684,29.084967320261402,17016255.9,-540117223.0
2017-05-22,39.58,39.7,39.54,39.63,11968950.0,39.7,37.51,38.605000000000004,0.4371428571428585,38.82915040006407,38.52162893692806,37.41997900194765,0.2656255056275043,0.1394017518900716,0.12622375373743272,63.809523809523824,39.8470802325833,37.5279197674167,0.05994598940656812,5.2589641434263035,16.379260416672192,40.84967320261425,25.816993464052295,16805158.95,-528148273.0
2017-05-23,39.65,39.67,39.53,39.58,10345256.0,39.7,37.51,38.605000000000004,0.42821428571428705,38.90065988577226,38.56313368449951,37.44147174819693,0.29098553205878375,0.16971850792381404,0.1212670241349697,65.84766584766578,39.9587887957308,37.506211204269206,0.06332092148613155,3.3420365535248076,18.144672250559147,41.70141784820671,24.270225187656276,16342294.45,-538493529.0
2017-05-24,39.58,39.68,39.555,39.59,10371206.0,39.7,37.51,38.605000000000004,0.3892857142857155,38.96631132522252,38.603402951774044,37.462850138762136,0.30833614499430695,0.19744203533791263,0.11089410965639432,75.98870056497165,40.06153309150312,37.49246690849688,0.06625231923579035,2.3526370217166637,20.181865826214278,46.05504587155945,15.96330275229348,16221660.3,-528122323.0
2017-05-25,40.16,40.29,40.125,40.24,16892298.0,40.29,37.51,38.9,0.42071428571428626,39.08761500853466,38.66758322817506,37.49048347071475,0.37026797968744063,0.23200722420781825,0.13826075547962238,79.61630695443633,40.29670664524271,37.427293354757296,0.0738359654800425,4.113842173350601,22.933478968690004,52.9711375212223,12.903225806451562,16517129.35,-511230025.0
2017-05-26,40.09,40.27,40.09,40.23,8001853.0,40.29,37.51,38.9,0.41678571428571487,39.19641357915041,38.72885447412898,37.51774234165291,0.41377277348192365,0.2683603340626393,0.14541243941928433,81.77339901477818,40.49578696167051,37.39821303832948,0.0795330557768514,2.995391705069106,26.818626777813673,52.18508997429301,13.624678663238962,16463022.25,-519231878.0
2017-05-30,40.14,40.38,40.12,40.35,7431240.0,40.38,37.51,38.945,0.3775000000000008,39.306278952564654,38.79242880847686,37.545924009895174,0.45271501621569143,0.3052312704932498,0.14748374572244166,79.0368271954673,40.69448700058598,37.37451299941401,0.08505229991858411,1.9711902956785377,29.214808599566563,48.06054872280026,15.042573320718883,16414282.95,-511800638.0
2017-05-31,40.23,40.28,40.06,40.14,12266652.0,40.38,37.51,38.945,0.3660714285714291,39.38568095708231,38.8452747375562,37.57173571128925,0.4613140381157592,0.3364478240177517,0.12486621409800752,71.72619047619035,40.82574828664405,37.410251713355954,0.08731265845104799,1.6717325227963542,31.099622188601057,43.90243902439018,16.68292682926807,16317210.5,-524067290.0
2017-06-01,40.3,40.52,40.19,40.5,12789104.0,40.52,37.51,39.015,0.374642857142858,39.49180658021733,38.910165924318704,37.60087266938588,0.49151197221848264,0.36746065365789793,0.12405131856058471,75.06775067750667,40.99562999551878,37.46137000448121,0.09009419149438731,4.059609455292912,33.699289962687445,47.47378455672062,14.013346043851108,16274595.15,-511278186.0
2017-06-02,40.4,40.56,40.34,40.52,8567277.0,40.56,37.51,39.035,0.3603571428571435,39.589729763053775,38.97329667238464,37.62991871247657,0.5111654878577312,0.3962016204978646,0.11496386735986658,72.12121212121201,41.07958007880674,37.654419921193266,0.08700587186256194,3.7909836065573854,35.69557590954196,42.02180376610493,14.568880079286245,15138557.65,-502710909.0
2017-06-05,40.3,40.4,40.28,40.29,8676194.0,40.56,37.61,39.085,0.3353571428571439,39.65642216657246,39.02493209699701,37.65638718299919,0.5023907153487883,0.4174394394680494,0.08495127588073892,61.920529801324385,41.076827475987955,37.90917252401205,0.08020801033033462,2.155172413793105,36.32022009824219,32.80085197018092,16.932907348242644,14711798.05,-511387103.0
2017-06-06,40.4,40.62,40.39,40.55,9516820.0,40.62,38.26,39.44,0.33892857142857225,39.74152481737509,39.084738681428504,37.68517935033253,0.5105313840059011,0.4360578283756198,0.07447355563028135,66.77115987460806,41.030878125930144,38.24512187406985,0.07027993975125617,2.321473631087545,37.4703924959684,37.091675447839705,16.75447839831386,14656063.2,-501870283.0
2017-06-07,40.48,40.53,40.29,40.42,12541320.0,40.62,38.42,39.519999999999996,0.3103571428571438,39.8061415014346,39.137101870392094,37.712391496100366,0.5007210089195198,0.44899046448439983,0.05173054443511993,77.17391304347807,41.02643846677465,38.46156153322535,0.06453494699952948,2.1222839818090034,40.76594737083101,40.50632911392389,9.781357882623611,13955752.25,-514411603.0
2017-06-08,40.57,40.7001,40.51,40.6,14290491.0,40.7001,38.42,39.560050000000004,0.2939357142857147,39.88174707272655,39.19447042449437,37.741123919024744,0.5016875696476362,0.4595298855170471,0.04215768413058907,77.65957446808494,41.073599781559444,38.60640021844055,0.061927699877482346,2.5511492801212343,45.44650867006684,46.90286991810632,6.439697698719184,13946277.25,-500121112.0
2017-06-09,40.41,40.5,40.05,40.24,18812808.0,40.7001,38.66,39.680049999999994,0.3010785714285719,39.91586639913354,39.23547158431812,37.76598835764141,0.46800966059248594,0.4612258405321349,0.0067838200603510534,64.38848920863305,41.02887583210252,38.81012416789748,0.05558064765853891,0.0,47.2588976521702,38.19838200754414,17.200066427842593,14272933.0,-518933920.0
2017-06-12,39.86,39.945,39.7,39.88,19774428.0,40.7001,38.66,39.680049999999994,0.3210785714285715,39.91245055159701,39.26074720846251,37.78702329935643,0.40757244226616507,0.4504951608789409,-0.042922718612775856,54.237288135593204,40.99415422295984,38.92684577704015,0.05173379827378769,-0.8699975142927974,46.58645502557008,31.147249226935873,23.91492958999774,14208362.2,-538708348.0
2017-06-13,40.1,40.19,40.08,40.11,13999497.0,40.7001,38.66,39.680049999999994,0.3332214285714282,39.93126478477825,39.2940512395032,37.81013749538273,0.37392422343766896,0.43518097339068657,-0.06125674995301761,58.4664536741214,41.006309935278274,38.96869006472172,0.050956420645365534,-0.5947955390334658,46.22808816031097,35.26398147949656,22.82909262395215,13651300.95,-524708851.0
2017-06-14,40.17,40.22,39.83,39.93,16006180.0,40.7001,38.66,39.680049999999994,0.3521499999999997,39.931144329085086,39.318990406581506,37.831230654632655,0.32894143975793355,0.413933066664136,-0.08499162690620243,55.15151515151509,41.00111845381112,39.018881546188894,0.04954353680635398,-0.5231689088191382,43.53735741642428,33.16565586904922,26.672886959696395,13535754.95,-540715031.0
2017-06-15,39.39,39.51,39.37,39.47,19571316.0,40.7001,38.66,39.680049999999994,0.3421500000000002,39.88722582155317,39.324912351421446,37.84753681727313,0.25325474098027456,0.38179740152736374,-0.12854266054708918,37.62057877813503,40.92654147082879,39.148458529171215,0.044410438755106404,-2.5432098765432176,41.105674853435644,21.400388300870425,37.055593828938655,13279396.25,-560286347.0
2017-06-16,39.57,39.61,39.41,39.58,15349414.0,40.7001,39.18,39.94005,0.34357857142857184,39.85796621950049,39.334915788620606,37.864775256902256,0.1998448802173769,0.3454068972653664,-0.1455620170479895,39.87538940809971,40.85311570923579,39.2758842907642,0.039367305681378376,-2.3198420533070196,38.453387645185614,23.39036610465468,36.173884118833136,13233032.95,-544936933.0
2017-06-19,40.06,40.2,40.01,40.14,22352483.0,40.7001,39.37,40.03505,0.3692928571428575,39.88482657954806,39.36648771847862,37.88741430907238,0.2003944778508071,0.31640441338245456,-0.11600993553164746,47.123287671232866,40.83151883784422,39.36748116215578,0.03651012296134478,-0.37230081906179935,35.00402523525084,31.04582116400067,33.65505502794904,13476239.35,-522584450.0
2017-06-20,39.65,39.66,39.49,39.52,14856245.0,40.7001,39.37,40.03505,0.39500714285714317,39.850081191019676,39.37250780795005,37.90365894281296,0.1490826870752784,0.28294006812101935,-0.13385738104574096,42.364532019704455,40.84234273038274,39.34565726961726,0.037329412399996924,-2.5400739827373453,32.91164981211678,29.02479159508868,39.78228241803935,13620604.1,-537440695.0
2017-06-21,39.62,39.68,39.43,39.48,15594572.0,40.7001,39.37,40.03505,0.3857214285714287,39.814835363303516,39.37672318803044,37.91934392845661,0.10399131040413323,0.24715031657764214,-0.1431590061735089,36.36363636363634,40.85297575051819,39.32502424948181,0.03811398391170605,-2.3255813953488524,30.787907733653295,25.279161497009273,41.85107683191047,13883069.9,-553035267.0
2017-06-22,39.88,39.92,39.74,39.74,12203657.0,40.7001,39.37,40.03505,0.40143571428571484,39.80770818584604,39.390969337519444,37.93745990926799,0.08821896332099755,0.21536404592631322,-0.12714508260531568,40.201005025125625,40.84258522161089,39.35041477838911,0.037214481144782735,-2.118226600985218,28.620440717480438,27.848258927777064,40.21280760128814,13974692.45,-540831610.0
2017-06-23,39.72,39.86,39.66,39.77,11980403.0,40.7001,39.37,40.03505,0.39857857142857206,39.80411693005118,39.4058332850677,37.95569413902652,0.07724952941459406,0.1877411426239694,-0.11049161320937534,43.12169312169318,40.82958790842127,39.31641209157872,0.03776048254042742,-1.1679920477137173,27.669491628828105,28.04788444651527,40.85948280496761,13729097.7,-528851207.0
2017-06-26,40.19,40.29,40.11,40.23,14790359.0,40.7001,39.37,40.03505,0.41215000000000046,39.84467722242726,39.43815354839838,37.97832404809093,0.10447006376810464,0.17108692685279647,-0.06661686308469184,45.97989949748743,40.829587908421274,39.31641209157873,0.037760482540427416,0.877632898696068,25.861056443853364,30.76376492608447,39.51404655031973,14068523.0,-514060848.0
2017-06-27,40.02,40.13,39.83,39.83,13550870.0,40.7001,39.37,40.03505,0.4221500000000005,39.843279391719896,39.453520075912174,37.99674868442834,0.09269731930127278,0.15540900534249175,-0.06271168604121896,43.058823529411725,40.79923456588793,39.29476543411208,0.037567586380399254,-0.6980802792321161,22.652027375776754,30.03502478807465,41.62366119016595,14374504.5,-527611718.0
2017-06-28,39.88,40.105,39.845,40.03,10066687.0,40.7001,39.37,40.03505,0.4217857142857149,39.86106230679419,39.47612713175876,38.01698004080219,0.09837169535374102,0.1440015433447416,-0.04562984799100059,43.32552693208431,40.79247901015643,39.29052098984357,0.0375100338477044,0.2504382669672012,18.736162820305765,27.180355630821367,41.65961049957658,14264506.25,-517545031.0
2017-06-29,39.89,39.91,39.365,39.62,20701856.0,40.7001,39.365,40.03255,0.4300000000000002,39.83810399186141,39.48176920502312,38.03293048815739,0.06898983390933466,0.12899920145766022,-0.06000936754832556,42.82407407407403,40.738420480150175,39.25657951984983,0.03704833952872919,0.3800354699772024,17.558710703249417,26.66112956810636,41.19601328903647,14660143.85,-538246887.0
2017-06-30,39.83,39.9,39.6601,39.71,14919892.0,40.7001,39.365,40.03255,0.4114285714285718,39.82590361168413,39.49071943227712,38.049617746981696,0.05236313524025604,0.1136719882141794,-0.061308852973923356,47.90123456790122,40.66550769784518,39.24849230215482,0.035463508163534704,0.3284487114704415,17.624525136403488,27.864583333333375,36.97916666666668,14977774.6,-523326995.0
2017-07-03,40.16,40.25,40.07,40.12,9279890.0,40.7001,39.365,40.03255,0.4278571428571435,39.85391279152374,39.51539710159958,38.070218565419694,0.07144634129449656,0.10522685883024284,-0.03378051753574628,50.11820330969264,40.644148883009365,39.25285111699064,0.03482728427897728,-0.04982561036372957,16.876838407658614,28.547579298831476,35.559265442404,15007959.4,-514047105.0
2017-07-05,39.85,39.99,39.67,39.96,13577140.0,40.7001,39.365,40.03255,0.43214285714285744,39.86401633518815,39.53283250937999,38.089022360788654,0.07281983502595324,0.09874545406938492,-0.025925619043431686,50.35629453681711,40.5547059896479,39.283294010352094,0.031849795317913925,1.1133603238866252,17.122212310584047,28.264462809917468,37.68595041322313,15210975.4,-527624245.0
2017-07-06,39.68,39.73,39.45,39.5,14945020.0,40.7001,39.365,40.03255,0.42857142857142855,39.829348112789276,39.531544959992544,38.103061939288274,0.036370921738331674,0.08627054760317428,-0.0498996258648426,50.35629453681711,40.48889814606536,39.257101853934635,0.030892992554629052,0.050658561296867965,15.837841854426852,28.50000000000013,33.99999999999999,15331160.4,-542569265.0
2017-07-07,39.49,39.57,39.32,39.48,9304312.0,40.5,39.32,39.91,0.43214285714285694,39.7960768639522,39.52952358901245,38.116762815514264,0.005804155809421729,0.07017726924442377,-0.06437311343500204,48.78640776699027,40.35307147992575,39.28092852007425,0.026926763941319147,-0.6542526421741468,15.363062263735063,26.611570247934,35.86776859504137,15081851.45,-551873577.0
2017-07-10,39.38,39.595,39.35,39.55,6867841.0,40.29,39.32,39.805,0.40535714285714214,39.77264097214723,39.53032658552176,38.13102388202656,-0.012626263716761343,0.053616562652186756,-0.0662428263689481,41.87327823691457,40.29210769226021,39.2728923077398,0.02561969168655583,-0.5531807895398644,17.574452235760795,18.41409691629962,38.23788546255516,14484603.1,-545005736.0
2017-07-11,40.32,40.38,40.16,40.3,19776216.0,40.38,39.32,39.85,0.4182142857142855,39.82286564146654,39.560509856677776,38.15260573394669,0.03290689777944067,0.04947462967763754,-0.016567731898196873,60.3723404255318,40.36226838249311,39.244731617506886,0.02807634416536804,0.17399950285856836,16.82717605612478,31.25533731853128,28.181041844577397,14484692.5,-525229520.0
2017-07-12,40.94,41.19,40.87,41.15,26412285.0,41.19,39.32,40.254999999999995,0.46392857142857125,39.9492593898983,39.622842803474725,38.18243055251439,0.13601228758097506,0.06678216125830505,0.06923012632267,68.27133479212253,40.669598791373744,39.041401208626255,0.04085251929463912,3.3140848606578066,16.83692459060953,40.646651270207876,24.480369515011606,15105331.9,-498817235.0
2017-07-13,41.05,41.27,41.05,41.25,11607769.0,41.27,39.32,40.295,0.4482142857142856,40.073139448003225,39.68665288961297,38.21295363159385,0.22322007403424493,0.09806974381349302,0.1251503302207519,67.12018140589566,40.94748399495596,38.89551600504403,0.051400072389863355,3.0477142143392477,17.101244344615832,39.52191235059768,25.33864541832675,14885411.35,-487209466.0
2017-07-14,41.52,41.92,41.5,41.89,19829721.0,41.92,39.32,40.620000000000005,0.4817857142857141,40.24617378628863,39.773058658647756,38.24954115764764,0.3400555753975283,0.14646691013030008,0.1935886652672282,71.11553784860554,41.37060708192674,38.714392918073266,0.06633487329346262,5.729429581019696,18.267051398901426,46.40474425500376,22.386953298739787,14898331.6,-467379745.0
2017-07-17,41.61,41.73,41.59,41.72,13113971.0,41.92,39.32,40.620000000000005,0.46607142857142847,40.386538187594475,39.8494092994851,38.28407308642727,0.41415683059214814,0.2000048942226697,0.21415193636947844,65.7505285412262,41.65384423552555,38.64515576447446,0.07493713423706615,5.061697305464619,19.396697513827807,41.379310344827644,23.141762452107255,14786559.45,-480493716.0
2017-07-18,41.49,41.67,41.42,41.66,11065325.0,41.92,39.32,40.620000000000005,0.45892857142857124,40.507820264966426,39.92041285636804,38.31766439900014,0.4627073088148066,0.2525453771410971,0.2101619316737095,70.84282460136666,41.874454692815746,38.57654530718425,0.08198554115254003,3.8384845463609096,20.506363646464006,42.02334630350201,21.789883268482477,14222201.55,-491559041.0
2017-07-19,42.11,42.22,42.08,42.17,9423967.0,42.22,39.32,40.769999999999996,0.47928571428571437,40.66612309687439,40.00863196003988,38.355996096522524,0.5361561756979185,0.3092675368524614,0.22688863884545712,72.76595744680844,42.184571133374,38.53142886662601,0.09051841683799969,5.530530530530542,21.84577335392515,48.43517138599105,20.8643815201192,13950587.65,-482135074.0
2017-07-20,42.17,42.19,42.04,42.08,9289265.0,42.22,39.32,40.769999999999996,0.4425,40.80077804002921,40.089862079254004,38.393050861731254,0.580412055156792,0.3634964405133275,0.21691561464346443,78.08219178082182,42.418591401075595,38.557408598924404,0.095366103589982,6.531645569620248,24.201092685785163,52.46166263115416,15.496368038740933,13635322.3,-491424339.0
2017-07-21,42.0,42.05,41.91,42.04,5963343.0,42.22,39.32,40.769999999999996,0.4346428571428572,40.91879917907404,40.166338076146005,38.429338912858306,0.6052801994034098,0.411853192291344,0.19342700711206584,76.9053117782909,42.61814371957408,38.58785628042591,0.09926082898180352,6.484295845997989,26.752046996775,53.4100246507806,17.912900575184935,13323306.6,-497387682.0
2017-07-24,42.14,42.2,42.07,42.19,9355972.0,42.22,39.32,40.769999999999996,0.40750000000000036,41.03986592392413,40.245697367277536,38.4667584261632,0.6298318201162516,0.4554489178563255,0.1743829022599261,75.42997542997534,42.81763345708947,38.63036654291054,0.10282061963900732,6.675094816687732,29.352439508852306,53.461875547765146,19.106047326906264,13192085.05,-488031710.0
2017-07-25,42.25,42.28,42.1,42.1,8493107.0,42.28,39.32,40.8,0.3882142857142864,41.14083107402659,40.31841511758038,38.50291008361432,0.6347103626107398,0.4913012068072084,0.14340915580353136,76.74999999999991,42.983999723665946,38.65100027633406,0.1061554344908896,4.466501240694809,32.89448459913973,57.58969641214347,12.695492180312854,12877222.45,-496524817.0
2017-07-26,42.27,42.57,42.215,42.52,15950951.0,42.57,39.32,40.945,0.38535714285714356,41.27218049554787,40.40475177963605,38.54288112755845,0.6648036894926221,0.5260017033442912,0.13880198614833095,88.13131313131302,43.19308620281201,38.710913797187985,0.1094494140853689,3.329283110571102,37.682732854740166,63.39202965708981,8.711770157553383,12997226.5,-480573866.0
2017-07-27,42.67,42.68,42.08,42.37,12416417.0,42.68,39.32,41.0,0.4103571428571437,41.37673473406712,40.481820337297385,38.580961912358866,0.668839159961415,0.554569194667716,0.11426996529369893,85.33007334963311,43.35136165776935,38.78663834223065,0.11114766163136915,2.715151515151515,42.0252286606506,59.53002610966048,8.268059181897433,13114713.0,-492990283.0
2017-07-28,42.29,42.43,42.19,42.42,10639193.0,42.68,39.32,41.0,0.41000000000000114,41.476093330822636,40.55782738289357,38.6191612963155,0.6683673586482328,0.5773288274638194,0.09103853118441341,85.25798525798513,43.46041733137458,38.95758266862541,0.10926823419032654,1.2652184292193835,44.91522669152169,59.14634146341452,8.275261324041937,12611579.85,-482351090.0
2017-07-31,42.62,42.65,42.47,42.54,9103648.0,42.68,39.32,41.0,0.3671428571428577,41.57741777550619,40.63555964238794,38.65817461675017,0.6699536412815164,0.5958537902273588,0.0740998510541575,82.55813953488357,43.56058668560961,39.140413314390386,0.10689528231144052,1.9654841802492884,49.635459507899284,55.058365758754746,9.241245136186922,12320767.65,-473247442.0
2017-08-01,43.18,43.18,43.03,43.03,13283820.0,43.18,39.32,41.25,0.3492857142857148,41.715758939743694,40.72945926425508,38.70167536683226,0.7026499750679207,0.6172130271954712,0.08543694787244949,80.51948051948037,43.74775861097936,39.24424138902063,0.10852894789759812,3.2885261641862895,52.762055671245925,52.14723926380369,9.713701431493002,12520964.15,-459963622.0
2017-08-02,43.11,43.14,42.8,42.92,15039257.0,43.18,39.32,41.25,0.3578571428571432,41.83044856453001,40.81536282251958,38.74364874626677,0.711484424899794,0.6360673067363358,0.0754171181634582,77.02265372168273,43.85948996600943,39.42851003399057,0.10640140073044994,1.778515532368985,55.17085776508733,49.301397205588756,14.071856287425385,12594070.0,-475002879.0
2017-08-03,42.84,42.88,42.71,42.85,9678295.0,43.18,39.32,41.25,0.3250000000000003,41.927548701241435,40.895152515754106,38.78450796272183,0.7047138722051116,0.649796619830091,0.05491725237502065,69.04761904761894,43.84342700863889,39.779572991361114,0.09719464781884832,1.8298479087452524,55.476796881025095,39.99999999999997,17.472527472527652,12330733.75,-484681174.0
2017-08-04,42.76,42.88,42.68,42.84,6915059.0,43.18,39.35,41.265,0.31785714285714356,42.01444882493273,40.971421044548066,38.82486111732162,0.6905806600117828,0.6579534278664294,0.032627232145353346,73.72881355932199,43.736824221954535,40.22217577804547,0.08372297059062321,1.9029495718363654,56.14480503772922,40.8988764044943,18.53932584269681,12211271.1,-491596233.0
2017-08-07,42.93,43.0,42.88,43.0,5443053.0,43.18,40.16,41.67,0.30785714285714355,42.1083108416058,41.050973160448144,38.86640478779603,0.6844012982077601,0.6632430019346955,0.021158296273064536,77.23577235772356,43.544666507106356,40.759333492893646,0.0660783121610531,1.9198862289642182,57.417018420474065,45.01160092807409,15.197215777262338,12140031.7,-486153180.0
2017-08-08,43.25,43.5,43.2,43.31,9746720.0,43.5,40.87,42.185,0.3035714285714291,42.222757428119536,41.13956244827371,38.9106196655294,0.6964898176125018,0.6698923650702568,0.026597452542244993,75.22123893805306,43.48756273430003,41.11743726569996,0.056028023606171394,2.8741092636579646,58.041416731671255,44.47058823529405,15.411764705882518,11638556.9,-476406460.0
2017-08-09,42.95,42.99,42.8,42.97,7973767.0,43.5,41.05,42.275,0.32928571428571524,42.29392338734625,41.21134431304729,38.95101150965349,0.6709011668029632,0.6700941254167981,0.0008070413861650527,67.72908366533862,43.48146816904652,41.305531830953484,0.05132712180152707,1.058325493885226,56.30757263454978,40.997830802602934,22.01735357917596,10716631.0,-484380227.0
2017-08-10,42.39,42.42,41.69,41.74,27962094.0,43.5,41.42,42.46,0.40857142857142953,42.241168779027554,41.232075908614064,38.97876263891067,0.5450878230997276,0.645092864953384,-0.10000504185365644,45.94594594594599,43.41588407723308,41.42011592276692,0.047050029573911134,-1.486901109275418,52.945652452353116,33.041958041957976,34.877622377622494,11534347.25,-512342321.0
2017-08-11,41.8,41.94,41.65,41.81,14618564.0,43.5,41.42,42.46,0.4178571428571435,42.20010508578684,41.254739598472334,39.00693415494141,0.44588833361030566,0.6052519586847683,-0.15936362507446267,44.751381215469685,43.42139162928486,41.40660837071514,0.047502788196579465,-1.438000942951434,50.122193478591846,29.74358974358961,34.78632478632492,11273789.4,-497723757.0
2017-08-14,42.16,42.32,42.07,42.18,12472162.0,43.5,41.42,42.46,0.4414285714285719,42.1981903157119,41.291024320100874,39.038506949419606,0.39260225684667915,0.5627220183171505,-0.17011976147047136,51.025641025640994,43.39759411441461,41.476405885585386,0.045271537310112006,-0.8462623413258097,45.56850446693219,33.00970873786403,32.9288025889969,11241698.95,-485251595.0
2017-08-15,42.06,42.095,41.93,42.08,7722959.0,43.5,41.65,42.575,0.42571428571428627,42.186934095167906,41.32196454284202,39.0687705618632,0.3384025983356125,0.5178581343208429,-0.17945553598523045,43.8547486033519,43.36387788186851,41.5521221181315,0.042671717078925316,-2.207762026493154,40.925115174025144,29.36241610738251,36.493288590604166,11074580.65,-492974554.0
2017-08-16,42.62,42.78,42.57,42.72,14537794.0,43.5,41.65,42.575,0.43285714285714355,42.237702276580485,41.37678946273057,39.105101203038686,0.3431361696065949,0.48291374137799337,-0.1397775717713985,54.299754299754326,43.387952214810575,41.583047785189414,0.04248283366374788,-0.4659832246039164,36.15490514151781,40.181518151815155,33.66336633663371,11330272.0,-478436760.0
2017-08-17,42.29,42.39,41.88,41.92,18729021.0,43.5,41.65,42.575,0.475714285714286,42.207444916906155,41.39809183674114,39.13311014629203,0.27911676054988277,0.4421543452123713,-0.16303758466248852,44.813278008298745,43.39774882219613,41.557251177803884,0.04332876568518023,-2.170361726954495,31.173428245995154,36.561561561561575,40.99099099099103,11802259.8,-497165781.0
2017-08-18,41.98,42.2,41.805,42.01,17464529.0,43.5,41.65,42.575,0.4875000000000007,42.18864063910557,41.42208823530031,39.16173591598067,0.23295777327695788,0.40031503082528863,-0.16735725754833075,44.467640918580365,43.39934403693467,41.55265596306533,0.043476035263898316,-1.9374416433240116,26.92323644781079,32.45421245421245,41.098901098901145,12377319.1,-479701252.0
2017-08-21,42.44,42.57,42.32,42.48,12946920.0,43.5,41.65,42.575,0.4817857142857151,42.216389149666945,41.463574971170885,39.19475346905549,0.2316314126126784,0.3665783071827666,-0.13494689457008824,44.234800838574365,43.403988973813966,41.57701102618604,0.042997327582116565,-1.2093023255814073,23.12588340803355,30.4670126019273,41.586360266864375,12556866.5,-466754332.0
2017-08-22,42.94,43.27,42.94,43.13,16046478.0,43.5,41.65,42.575,0.5139285714285725,42.303399706841525,41.52892497230144,39.23391015095544,0.2798044187861066,0.34922352950343466,-0.06941911071732804,51.977401129943516,43.47863676047296,41.605363239527044,0.044033508554978965,-0.41560840452551373,19.39635194468227,38.29047949965249,35.78874218207085,12934535.05,-450707854.0
2017-08-23,43.06,43.41,43.05,43.35,11180462.0,43.5,41.65,42.575,0.5246428571428581,42.40307592523757,41.600339679270014,39.27486626885638,0.3319080057449284,0.3457604247517334,-0.013852419006805006,54.57875457875459,43.58718321696476,41.57981678303524,0.04713953606278298,0.8843379101698856,17.1409145959172,39.41456773315168,33.83253914227368,12696010.6,-439527392.0
2017-08-24,43.48,43.66,43.41,43.51,9634118.0,43.66,41.65,42.655,0.5325000000000004,42.50849726569114,41.67522831929864,39.317006902997115,0.38171100970703264,0.3529505417427933,0.028760467964239367,55.97147950089123,43.71976827064305,41.56123172935694,0.05062174555378363,4.240536655486338,15.33400610473247,42.18645204560689,32.93091884641185,12556895.65,-429893274.0
2017-08-25,44.29,44.365,44.18,44.21,12501062.0,44.365,41.65,43.0075,0.5821428571428581,42.67054514514913,41.77463113030654,39.36569340147476,0.472220930079537,0.37680461941014204,0.09541631066939499,59.83739837398375,44.01041111819447,41.44958888180554,0.059930312108329734,5.7402535278641365,13.269440763360047,45.766871165644154,30.122699386503083,12649989.1,-417392212.0
2017-08-28,44.34,44.38,44.19,44.23,7999113.0,44.38,41.65,43.015,0.5600000000000013,42.81906465513492,41.87092010558864,39.414094462156605,0.5393472673505357,0.4093131489982208,0.13003411835231493,57.849829351535796,44.255150072570075,41.373849927429916,0.06729729753098038,4.86012328117591,10.793235515466277,41.39030612244895,31.313775510204078,12594762.35,-409393099.0
2017-08-29,43.95,44.295,43.885,44.27,9511922.0,44.38,41.65,43.015,0.552857142857144,42.9572489736935,41.96500167007536,39.46241193019485,0.5889836026215391,0.4452472397228845,0.14373636289865466,61.690647482014434,44.45621716323108,41.29678283676892,0.07368685238912134,5.2043726235741605,9.76959206950202,41.92506459948318,30.49095607235135,12406167.45,-399881177.0
2017-08-30,44.27,44.33,44.19,44.27,6990377.0,44.38,41.65,43.015,0.47142857142857253,43.08227288096079,42.055393761444954,39.51024862740684,0.6211604054393192,0.48042987286617145,0.14073053257314772,79.21478060046192,44.64245006744281,41.245549932557196,0.07910069241071191,3.6282771535580682,12.777424878659314,49.6969696969696,18.939393939393895,12003723.45,-399881177.0
2017-08-31,44.19,44.3,44.15,44.24,8921004.0,44.38,41.65,43.015,0.4614285714285725,43.19253260658357,42.141064594329464,39.55731083011921,0.6368982377844219,0.5117235458498216,0.1251746919346003,78.32167832167832,44.80685938806323,41.22014061193677,0.08338588527151848,5.534351145038174,15.420124342550801,50.77399380804943,19.349845201238345,11965858.9,-408802181.0
2017-09-01,44.17,44.32,44.15,44.26,8502725.0,44.38,41.65,43.015,0.4371428571428585,43.29419616786132,42.22416010043419,39.6041037571827,0.6435657903307686,0.538091994746011,0.10547379558475756,76.39593908629442,44.95951550871254,41.209484491287455,0.08703898194072317,5.355867650559398,18.271928788564566,47.712418300653475,20.424836601307124,12045242.2,-400299456.0
2017-09-05,43.8,43.93,43.43,43.65,12807952.0,44.38,41.65,43.015,0.4785714285714298,43.328082247112626,42.28007539061324,39.64436143124058,0.592794604544217,0.5490325167056522,0.04376208783856472,67.64044943820227,45.008310879290654,41.225689120709355,0.08772924272517335,2.754237288135597,19.13759614166067,43.58208955223872,27.3134328358208,12413487.15,-413107408.0
2017-09-06,43.78,43.91,43.71,43.83,8349823.0,44.38,41.65,43.015,0.447142857142858,43.375883937863804,42.34085674784409,39.68600957620337,0.5606200902722023,0.5513500314189622,0.00927005885324006,63.90977443609023,45.059609945771044,41.22639005422896,0.08884917348218914,1.6230002318571746,19.218759283699118,35.70287539936095,29.233226837060617,12343642.3,-404757585.0
2017-09-07,43.95,44.01,43.85,43.97,7032634.0,44.38,41.65,43.015,0.40000000000000113,43.432466419972016,42.40474471851687,39.728636346589404,0.5401913957254934,0.5491183042802684,-0.00892690855477507,80.78078078078076,45.14250034084773,41.24349965915226,0.09026927237504849,1.4302191464821146,21.267114238236385,41.69642857142847,20.35714285714281,12296585.65,-397724951.0
2017-09-08,44.05,44.05,43.73,43.79,8018856.0,44.38,41.65,43.015,0.3946428571428581,43.466517237117536,42.459068455045625,39.76904792523031,0.5036710065994399,0.5400288447441027,-0.03635783814466287,76.0233918128655,45.13584865118353,41.455151348816464,0.08501339174664954,0.6435302229372608,22.76121898806822,42.26244343891394,21.447963800904972,11299423.75,-405743807.0
2017-09-11,44.29,44.57,44.29,44.53,10591278.0,44.57,41.805,43.1875,0.4103571428571437,43.56780130977301,42.54028145680854,39.81642058269071,0.528349664616357,0.5376930087185536,-0.009343344102196616,77.7777777777778,45.210621900506176,41.65237809949381,0.08192772068688318,0.7238181406921562,24.189093599412395,43.25500435161012,20.6266318537859,11098059.45,-395152529.0
2017-09-12,44.46,44.49,44.35,44.39,8050569.0,44.57,41.805,43.1875,0.36678571428571466,43.64610594693748,42.61281943889448,39.861928835599265,0.5304956255741473,0.5362535320896724,-0.005757906515525102,69.81132075471695,45.267555288204484,41.81644471179552,0.0792593490516964,0.3617454216595206,25.390872849972137,34.761441090555046,23.0769230769231,10876979.8,-403203098.0
2017-09-13,44.17,44.21,44.0,44.08,12223654.0,44.57,41.805,43.1875,0.3689285714285719,43.68742919008629,42.67035593148686,39.903899692956486,0.5014020550929459,0.5292832366903272,-0.027881181597381288,61.1620795107033,45.237739063228645,42.04626093677135,0.07312859462117452,-0.42918454935623185,25.09360868232853,31.848983543078567,29.719264278799645,11102014.55,-415426752.0
2017-09-14,43.85,44.02,43.82,44.01,8464690.0,44.57,41.805,43.1875,0.3653571428571435,43.71815021960188,42.72289099299718,39.944756412429555,0.4673099180482012,0.516888572961902,-0.04957865491370084,57.86163522012577,45.2487099659147,42.1642900340853,0.07057119494421657,-0.5873051728032652,24.948463003478206,27.272727272727426,33.528836754643216,10798359.35,-423891442.0
2017-09-15,44.06,44.46,44.0,44.34,15142031.0,44.57,41.805,43.1875,0.3371428571428576,43.777374008211225,42.786307032487485,39.98849017947006,0.4615988714399464,0.5058306326575109,-0.04423176121756456,52.31316725978652,45.142544525969626,42.512455474030375,0.060010017727208965,0.22603978300181904,24.944748753891595,23.940677966101717,36.33474576271189,10619009.85,-408749411.0
2017-09-18,44.81,44.89,44.72,44.82,10424771.0,44.89,42.32,43.605000000000004,0.3628571428571427,43.87667172171492,42.86605969788013,40.036564904052454,0.49015461701536367,0.5026954295290815,-0.012540812513717858,59.021406727828776,45.044184292581335,42.89181570741867,0.04895307007738951,1.2652507907817467,24.327254097003987,30.413385826771698,33.75984251968512,10267021.95,-398324640.0
2017-09-19,44.75,44.89,44.685,44.88,10578954.0,44.89,42.94,43.915,0.3482142857142852,43.97222679583731,42.945037748943655,40.084758288091734,0.5117278693378111,0.5045019174908275,0.007225951846983603,59.2705167173252,44.98605872508668,43.18994127491332,0.0407393723955125,2.8178694158075723,23.438326091371174,31.692307692307775,29.641025641025692,10148623.65,-387745686.0
2017-09-20,45.0,45.11,44.47,44.96,14036356.0,45.11,43.05,44.08,0.3839285714285709,44.066300434328994,43.02405587643606,40.13326815587192,0.5291800998543934,0.5094375539635407,0.01974254589085267,60.237388724035554,45.038642167035356,43.32035783296464,0.03889324990257284,2.578142824549401,20.878612942931948,32.18604651162803,26.883720930232602,10048117.55,-373709330.0
2017-09-21,45.18,45.19,44.97,45.07,9855689.0,45.19,43.41,44.3,0.3896428571428565,44.1618908691548,43.10428897932092,40.18238986576374,0.5455978861582196,0.5166696204024765,0.028928265755743032,62.02898550724634,45.119357500757275,43.41164249924273,0.038578915894196236,2.501705708437574,18.577529985159014,33.180568285976264,25.75618698441803,9981878.9,-363853641.0
2017-09-22,44.62,44.6475,44.47,44.58,9637030.0,45.19,43.43,44.31,0.4203571428571422,44.20171078637816,43.16215999973971,40.22614718053226,0.5131548653289286,0.515966669387767,-0.0028118040588384074,54.08163265306122,45.10492620520036,43.53307379479965,0.03546678423251221,1.8040648549897176,15.939269435663181,30.416312659303347,32.37043330501281,9982024.5,-373490671.0
2017-09-25,43.65,43.7,43.2,43.39,22702385.0,45.19,43.2,44.195,0.4596428571428563,44.124404997199285,43.1710949017107,40.25762830311403,0.3869598505444003,0.4901653056190937,-0.10320545507469342,47.111111111111136,45.16670337246523,43.38929662753478,0.0401419834891017,-2.560071861666291,15.419135177756925,27.816627816627857,38.15073815073819,10492090.65,-396193056.0
2017-09-26,43.89,43.97,43.69,43.74,13819123.0,45.19,43.2,44.195,0.48249999999999915,44.08779499746602,43.19340490556519,40.29227876775967,0.31159954151898006,0.45445215279907103,-0.14285261128009097,49.036402569593186,45.174215396920104,43.3327846030799,0.04161096396534066,-1.464293759855817,15.332386327354326,30.49592894152478,36.34344929681721,10783091.15,-382373933.0
2017-09-27,43.96,44.035,43.63,43.9,13425887.0,45.19,43.2,44.195,0.49857142857142733,44.06990975961211,43.22111451711165,40.32817649146355,0.2617691051997042,0.41591554327919766,-0.15414643807949346,49.25373134328358,45.169091171037344,43.300908828962655,0.042233126304389954,-0.4083484573502716,13.56165240428871,29.01146131805153,35.171919770773705,10978789.4,-368948046.0
2017-09-28,43.37,43.605,43.35,43.53,11649476.0,45.19,43.2,44.195,0.5149999999999986,44.018489782506194,43.233227673303354,40.360035431847,0.19022937184186617,0.37077830899173136,-0.1805489371498652,47.33606557377051,45.18346489163843,43.21253510836157,0.04459318935872344,-1.0906612133605886,12.13629973971192,28.085991678224648,36.26907073509018,11211744.35,-380597522.0
2017-09-29,43.69,44.18,43.65,44.04,14519506.0,45.19,43.2,44.195,0.5057142857142841,44.02053837464846,43.26486580376205,40.3966519947142,0.1726956277940772,0.33116177275220054,-0.15846614495812333,44.731182795698906,45.17572678942441,43.200273210575595,0.04470565716594582,-0.6765899864682123,10.420068157369665,29.378531073446297,36.935028248587614,11491669.45,-366078016.0
2017-10-02,44.22,44.42,44.16,44.18,14422174.0,45.19,43.2,44.195,0.5199999999999986,44.03572519611051,43.3007534193008,40.43429724849814,0.16815841376468654,0.2985611009546978,-0.13040268719001125,47.741935483870954,45.171146872247874,43.196853127752135,0.04468345429331294,-1.4279339580544392,9.404046016727467,31.86813186813186,35.9203296703297,11787641.9,-351655842.0
2017-10-03,45.23,45.53,45.16,45.53,20039942.0,45.53,43.2,44.365,0.5885714285714272,44.178037082195225,43.388174853838024,40.485000758463336,0.2703795889409193,0.2929247985519421,-0.0225452096110228,62.74165202108966,45.39988938380493,43.156110616195065,0.050674799394956144,1.4483065953654117,10.618147540186742,41.62621359223302,27.487864077669887,12149241.4,-331615900.0
2017-10-04,45.55,45.73,45.54,45.64,9561913.0,45.73,43.2,44.465,0.5842857142857127,44.31727164579568,43.476481722314965,40.53629428325475,0.3561610841480487,0.3055720556711634,0.05058902847688529,64.2233856893543,45.62246675857045,43.11453324142955,0.05652509138557532,1.5124555160142439,11.814199802142761,44.376528117359385,25.488997555012215,12209845.9,-322053987.0
2017-10-05,45.75,46.42,45.75,46.37,15722010.0,46.42,43.2,44.81,0.6071428571428557,44.51276958429133,43.589953027322224,40.59434110630694,0.47754361077301866,0.33996636669153446,0.1375772440814842,66.55791190864599,46.012225006278314,42.96477499372169,0.06849972493018698,2.8844020412691407,12.49490082844504,45.64705882352947,24.529411764705873,12644314.7,-306331977.0
2017-10-06,45.75,45.895,45.66,45.82,13133307.0,46.42,43.2,44.81,0.6185714285714273,44.63726771912072,43.67740584978018,40.64633771221434,0.523327144615692,0.37663852227636596,0.146688622339326,58.06451612903227,46.186522536811665,42.99347746318834,0.07160899469888593,2.781516375056081,13.741468167036913,39.83833718244807,25.115473441108566,12900037.25,-319465284.0
2017-10-09,45.65,45.7,45.55,45.63,8151626.0,46.42,43.2,44.81,0.6232142857142848,44.731813650633036,43.753978169396646,40.6959263916948,0.5380768974027887,0.40892619730165053,0.12915070010113822,55.924170616113756,46.30725591798118,42.98274408201881,0.07446549078199953,5.1624798340631495,15.006336022293778,39.54154727793697,25.78796561604588,12778054.65,-327616910.0
2017-10-10,45.84,46.03,45.8,46.03,11875524.0,46.42,43.2,44.81,0.6060714285714275,44.855450445810845,43.84323392745952,40.74900175098142,0.5754098729778363,0.4422229324368877,0.1331869405409486,58.04511278195491,46.494747302737956,42.95925269726204,0.0790460930864113,5.235482395976221,15.9756898960888,41.95639363582795,26.517383618149726,12969302.4,-315741386.0
2017-10-11,45.58,45.885,45.57,45.85,11028520.0,46.42,43.2,44.81,0.6224999999999993,44.950169450971714,43.9219306361866,40.7997579524642,0.5837430034371707,0.47052694663694433,0.11321605680022634,55.80357142857145,46.62362755722035,43.00737244277965,0.08069206222045285,4.441913439635536,16.27435581522087,39.93115318416525,28.45668387837062,12909545.7,-326769906.0
2017-10-12,45.88,45.965,45.795,45.87,9086259.0,46.42,43.2,44.81,0.5917857142857136,45.03777236040298,43.99832551319889,40.85020812209142,0.5852149090285295,0.4934645391152614,0.09175036991326807,60.320000000000036,46.73344152754803,43.083558472451976,0.08127376899909938,5.3756030323914405,18.089180219357594,42.96922148461082,23.898611949305966,12940624.15,-317683647.0
2017-10-13,46.15,46.34,46.12,46.23,10270211.0,46.42,43.2,44.81,0.5267857142857143,45.151317849888414,44.08584215974011,40.9037383895333,0.6084169443604637,0.5164550201643019,0.09196192419616178,76.19926199262,46.898369426570994,43.107630573429006,0.08423302564589001,4.972752043596729,21.929466310021194,53.35593220338987,9.627118644067806,12697033.15,-307413436.0
2017-10-16,46.3,46.39,46.245,46.3,9567155.0,46.42,43.2,44.81,0.49678571428571466,45.26071614989904,44.17267187896599,40.957432534911085,0.6252456963229704,0.5382131553960356,0.0870325409269348,74.90272373540861,47.05600666205129,43.09799333794871,0.08780560649782773,4.798551380715255,26.155251223907914,53.41480948957585,10.208483105679372,12654152.35,-297846281.0
2017-10-17,46.17,46.23,45.99,46.02,8632664.0,46.42,43.2,44.81,0.4900000000000005,45.333028897527704,44.245116119006546,41.00780634053386,0.6089691265349302,0.5523643496238145,0.05660477691111565,70.15209125475297,47.154353278128234,43.11364672187177,0.08952688785076587,1.076213485613886,29.625367940692133,53.206997084548135,14.067055393585937,12556837.85,-306478945.0
2017-10-18,46.41,46.6,46.32,46.47,9757546.0,46.6,43.2,44.900000000000006,0.4921428571428577,45.44131185966792,44.3323664672808,41.06215652620019,0.6251744450595709,0.5669263687109658,0.05824807634860507,77.52808988764056,47.31359600541958,43.10540399458043,0.09308202945927638,1.8185801928133127,33.78011959363446,58.345428156748994,9.941944847605145,12342897.35,-296721399.0
2017-10-19,45.555,45.61,45.385,45.56,14566893.0,46.6,43.2,44.900000000000006,0.5232142857142864,45.4526154920805,44.38050895875998,41.106911187631034,0.5581538319941544,0.5651718613676036,-0.007018029373449197,63.24041811846699,47.34266283397585,43.12533716602414,0.09323353380093985,-1.7468190640500203,35.53986874843012,47.030716723549524,22.116040955631338,12578457.55,-311288292.0
2017-10-20,46.06,46.14,45.92,46.14,20456149.0,46.6,43.2,44.900000000000006,0.5375000000000004,45.51808068331093,44.449508607436066,41.15699167332625,0.5455518835013748,0.5612478657943578,-0.01569598229298297,65.8576051779936,47.43416969409827,43.18983030590172,0.09366921319289705,0.698384984722833,37.93401789745144,49.63455149501665,21.528239202657755,13119413.5,-290832143.0
2017-10-23,45.82,45.865,45.575,45.61,8990832.0,46.6,43.35,44.975,0.4814285714285716,45.52683490394798,44.495018073811124,41.20130021389017,0.48718224427197043,0.5464347414898804,-0.05925249721790993,50.74626865671641,47.3446451285352,43.50135487146479,0.08461110576294846,-0.04383081306158498,37.4999139075968,38.94658753709208,29.154302670623082,12433835.85,-299822975.0
2017-10-24,45.64,45.9,45.59,45.63,6841032.0,46.6,43.35,44.975,0.4892857142857144,45.53666015119103,44.539527168955786,41.24536687842858,0.4374945526332965,0.5246467037185636,-0.08715215108526708,49.905123339658466,47.269021143410136,43.76597885658986,0.07696034023881529,-0.8689984792526584,36.367936760672386,35.9124087591242,28.68613138686126,12084931.3,-292981943.0
2017-10-25,45.94,46.02,45.32,45.7,16762100.0,46.6,43.35,44.975,0.4835714285714288,45.55221632726808,44.58503590742811,41.2896915861059,0.3991638021741295,0.4995501234096768,-0.1003863212355473,42.73318872017356,47.18545170362431,44.029548296375694,0.06919702696373657,-0.32715376226826187,35.04781407245679,26.14475627769575,33.01329394386999,12251741.95,-276219843.0
2017-10-26,45.85,45.99,45.67,45.67,13029941.0,46.6,43.65,45.125,0.4557142857142859,45.563433819909214,44.62758351890152,41.33327674445311,0.36219054979530085,0.47207820868680167,-0.10988765889150082,48.166259168704165,46.95301311533864,44.47598688466136,0.054184694805308645,-0.4360148245040274,34.11294817207363,27.742946708463982,33.62068965517234,12320765.2,-289249784.0
2017-10-27,46.16,46.535,46.04,46.49,18430092.0,46.6,44.16,45.379999999999995,0.49821428571428533,45.651678218013096,44.70061945933675,41.38458742361278,0.3945084797002636,0.4565642628894941,-0.062055783189230496,59.11016949152545,46.84051172862985,44.83348827137016,0.043786099815862546,0.5624053644819549,33.06895888851993,33.189964157706086,29.175627240143342,12516294.5,-270819692.0
2017-10-30,45.86,45.95,45.62,45.77,10827068.0,46.6,45.16,45.879999999999995,0.5317857142857143,45.66294695915471,44.742555951127464,41.42822336964648,0.35789707458648934,0.43683082522889316,-0.07893375064240382,47.42063492063493,46.551588887291366,45.28141111270863,0.027662774265955252,-1.144708423326124,32.21454841706988,26.66218938885157,32.97515110812624,12336539.2,-281646760.0
2017-10-31,45.82,45.94,45.715,45.93,9119660.0,46.6,45.32,45.96,0.5149999999999996,45.68838058209236,44.789122384416586,41.47301716696343,0.3378978589037729,0.41704423196386914,-0.07914637306009625,50.79681274900397,46.544976094780175,45.32802390521983,0.026492052933078165,-0.19556714471969938,31.42327620986564,27.531206657420267,30.859916782246927,11790525.1,-272527100.0
2017-11-01,46.42,46.49,46.2,46.23,11074968.0,46.6,45.32,45.96,0.5428571428571425,45.73996338379784,44.84562738894927,41.52035032948121,0.342309893808725,0.4020973643328403,-0.059787470524115316,53.39622641509434,46.57114982922722,45.360850170772785,0.026330323683906177,-0.5164622336991664,29.737181518355776,32.30263157894737,29.276315789473724,11866177.85,-261452132.0
2017-11-02,46.28,46.47,46.19,46.45,10012923.0,46.6,45.32,45.96,0.5292857142857136,45.80758591867424,44.90854396193165,41.56940156998389,0.35941550641164355,0.39356099274860096,-0.03414548633695741,52.13178294573649,46.5873287105476,45.352671289452395,0.026857894737768263,1.9534679543459221,25.03451197765535,28.0701754385965,30.161943319838187,11580723.5,-251439209.0
2017-11-03,46.35,46.435,46.05,46.28,7551383.0,46.6,45.32,45.96,0.5464285714285708,45.85257773594336,44.96232655165982,41.6162731961532,0.35516018287933093,0.385880830774747,-0.030720647895416064,49.80988593155897,46.62098256766209,45.365017432337915,0.027307745424829315,0.30342436064152434,20.743255160570804,26.535947712418345,31.045751633987056,11301627.3,-258990592.0
2017-11-06,46.19,46.495,46.14,46.45,6753967.0,46.6,45.32,45.96,0.5496428571428567,45.90947509442495,45.02066668688885,41.66436998027108,0.3613400840106564,0.3809726814219289,-0.01963259741127249,54.174757281553404,46.66922561265409,45.39877438734591,0.027598106297696892,1.8417013812760397,16.63845092863802,27.16049382716047,27.550357374918953,11231744.35,-252236625.0
2017-11-07,46.88,46.92,46.64,46.72,8287914.0,46.92,45.32,46.120000000000005,0.5417857142857139,45.986667942574954,45.087307208971644,41.714674756586795,0.38360251271456747,0.38149864768045666,0.002103865034110808,52.515090543259554,46.7738860458704,45.3631139541296,0.03062335634415698,2.3887793118562373,11.61731707783127,28.279499011206298,27.949901120633,11052363.85,-243948711.0
2017-11-08,46.71,46.83,46.61,46.79,6795414.0,46.92,45.32,46.120000000000005,0.4799999999999994,46.06317575756781,45.15407947528648,41.765175505277476,0.4022570934630494,0.38565033683697525,0.016606756626074137,64.89104116222757,46.882187337647345,45.34881266235265,0.0332507437910181,2.3851203501094043,11.020672941400738,31.91964285714284,18.08035714285732,10840708.55,-237153297.0
2017-11-09,46.87,46.995,46.44,46.84,17161453.0,46.995,45.32,46.1575,0.4782142857142852,46.13715901875183,45.2201940056674,41.81567127139412,0.41627698329774887,0.39177566612913,0.024501317168618864,59.722222222222236,46.986023178072145,45.34197682192786,0.03561316948583933,2.5618567987738095,8.747163537639183,24.122479462285238,20.687079910381083,11244468.25,-219991844.0
2017-11-10,47.0,47.14,46.89,47.12,11132193.0,47.14,45.32,46.230000000000004,0.45928571428571374,46.230762921727845,45.294696201523585,41.86845066172851,0.4448535125608615,0.40239123541547633,0.04246227714538514,72.53731343283579,47.13525494973961,45.28174505026039,0.04011188200177934,1.3551301355130052,9.55682073385094,27.371695178849148,16.17418351477472,11287567.35,-208859651.0
2017-11-13,46.85,47.0,46.7823,46.96,5657827.0,47.14,45.32,46.230000000000004,0.4612642857142854,46.30021407203948,45.360002232836386,41.91911284419887,0.4494094427520636,0.4117948768827938,0.03761456586926981,69.054441260745,47.22710748033281,45.25589251966719,0.04262869847789582,2.599956303255402,10.193223318388243,26.71229694782976,17.772581569289613,11092100.95,-214517478.0
2017-11-14,46.65,46.7,46.28,46.42,11236016.0,47.14,45.32,46.230000000000004,0.45983571428571374,46.31162225565477,45.40157077272516,41.96389779102277,0.4047805055200797,0.410392002610251,-0.00561149709017128,59.09090909090909,47.244412428515446,45.27858757148455,0.042493755218289415,1.0668408447637834,10.15755361979718,26.795284030010773,21.436227224008753,11222268.55,-225753494.0
2017-11-15,45.94,46.07,45.76,45.85,15793052.0,47.14,45.32,46.230000000000004,0.48412142857142826,46.2676582313067,45.41915623261829,42.00256547469419,0.31973184523267406,0.39225997113473565,-0.07252812590206159,51.99999999999999,47.22476725202325,45.23623274797675,0.04301347603955177,-0.8219770711659025,9.818199487339635,25.451111734069116,28.033108576656,11524043.85,-241546546.0
2017-11-16,46.59,46.91,46.53,46.71,14690622.0,47.14,45.32,46.230000000000004,0.4980499999999997,46.3097860188013,45.46977755682934,42.04940561922459,0.3180586003324919,0.3774196969742869,-0.05936109664179501,52.422907488986766,47.25153734258266,45.32446265741735,0.041632273703018245,0.5597416576964331,9.577088264525363,28.97012634990756,27.249128744962693,11530230.3,-226855924.0
2017-11-17,46.555,46.63,46.47,46.49,16068016.0,47.14,45.32,46.230000000000004,0.45304999999999956,46.32694925510594,45.509786280090935,42.09359063793878,0.29557319648952785,0.3610503968773351,-0.06547720038780724,58.910891089108915,47.270431958345,45.34056804165502,0.04167677525758239,0.45375972342265314,9.78405687037035,31.84763586485259,24.27988080785809,11310823.65,-242923940.0
2017-11-20,46.6,47.08,46.6,46.97,15238376.0,47.14,45.32,46.230000000000004,0.47912142857142825,46.38819218319109,45.56704956322463,42.142112124128445,0.31287866987194235,0.35141605147625654,-0.03853738160431419,61.926605504587165,47.323630738939514,45.423369261060486,0.04097731415310527,1.1194833153928885,11.033435967588249,36.82335226679786,22.958689267558395,11623200.85,-227685564.0
2017-11-21,48.13,48.325,48.11,48.23,15622232.0,48.325,45.32,46.822500000000005,0.5359071428571427,46.5636024514586,45.671478992117784,42.202688122893335,0.42338434081403875,0.365809709343813,0.057574631470225734,68.79699248120303,47.703838110272585,45.30316188972742,0.05162355995882385,3.2320205479452024,13.149378532521224,42.18481346715183,20.52594399349586,12062260.85,-212063332.0
2017-11-22,48.26,48.36,48.1,48.32,11919562.0,48.36,45.62,46.989999999999995,0.534478571428571,46.730878408462544,45.775342561054345,42.26355689778992,0.5123174523405893,0.3951112579431683,0.11720619439742103,68.01541425818883,48.02277382405345,45.24622617594655,0.05953848863195485,3.269929472109423,15.414695204046597,42.765311986315076,20.44716479345703,11820133.95,-200143770.0
2017-11-24,47.97,48.11,47.86,47.94,8620290.0,48.36,45.62,46.989999999999995,0.5387642857142849,46.84603284575183,45.86023108807182,42.32003891870743,0.5458426257321563,0.4252575315009659,0.12058509423119035,65.37037037037035,48.17489357107803,45.32110642892198,0.06104618683486033,2.3484201537147698,17.17706426853561,42.42512628103995,21.610298699404883,11599651.4,-208764060.0
2017-11-27,47.46,47.48,47.135,47.17,16618835.0,48.36,45.62,46.989999999999995,0.5709071428571423,46.876886860442134,45.9115945748141,42.368297237924274,0.5044638570135049,0.44109879660347373,0.0633650604100312,56.00000000000001,48.2154000800543,45.348599919945705,0.06127998290172707,0.10611205432937698,18.146573212255575,39.2858483366072,29.464386252455533,11509088.55,-225382895.0
2017-11-28,47.3,47.61,47.13,47.56,17991495.0,48.36,45.715,47.0375,0.5716214285714278,46.94194525468574,45.9762379248214,42.419955971875275,0.49740682902010747,0.45236040308680053,0.04504642593330693,56.862745098039255,48.261725653786904,45.48127434621309,0.05932072384228824,1.27768313458263,18.777781101669802,35.550501705674364,29.427568195734118,11867309.9,-207391400.0
2017-11-29,47.04,47.05,46.45,46.63,19229711.0,48.36,45.76,47.06,0.6351928571428564,46.91223618281091,46.00187565325977,42.46184695722975,0.4120213304039666,0.4442925885502338,-0.03227125814626719,48.853868194842434,48.230596911711984,45.58240308828802,0.05645686255474116,0.4523912106850547,16.996100480703515,31.99253320138993,33.79176178213606,12372812.45,-226621111.0
2017-11-30,46.41,46.47,46.16,46.17,16466816.0,48.36,45.76,47.06,0.6291214285714284,46.8415470225432,46.00846876489665,42.49874400243145,0.30373330350637673,0.4161807315414624,-0.11244742803508567,45.466847090663045,48.2343054545729,45.57269454542709,0.05674653083769458,0.6979280261723009,16.783489808293904,32.301281832941626,35.48031835780073,12642404.85,-243087927.0
2017-12-01,45.93,46.03,45.39,45.81,19688324.0,48.36,45.39,46.875,0.663407142857143,46.74330444896766,46.000685676077175,42.53169182330278,0.18671295988567493,0.3702871772103049,-0.18357421732462997,41.23159303882198,48.27690722700234,45.46609277299767,0.059968519334876645,-1.9267822736030782,16.24102566569986,29.07070641816591,41.93718574028026,13126174.9,-262776251.0
2017-12-04,46.31,46.42,45.825,45.85,11230944.0,48.36,45.39,46.875,0.682857142857143,46.65822783478027,45.99477643387807,42.56470981511071,0.09609345465708685,0.31544843269966133,-0.21935497804257448,42.448979591836725,48.30576169247899,45.394238307521015,0.06214564322215525,-1.3766401376640203,15.529816850368316,32.322175732217524,39.61610878661096,13310152.95,-251545307.0
2017-12-05,45.9,46.24,45.8301,45.88,13160673.0,48.36,45.39,46.875,0.6635642857142859,46.58411089813453,45.9902753972554,42.59769777714941,0.026393347088742303,0.25763741557747755,-0.23124406848873524,46.05263157894738,48.33154043167368,45.31145956832632,0.06450201004554232,-2.320630189482642,14.954653451675544,33.26192962249319,35.36098343362156,13630488.25,-238384634.0
2017-12-06,44.65,44.93,44.51,44.86,20420863.0,48.36,44.51,46.435,0.7142785714285717,46.41990986021696,45.94595087187284,42.62020824702853,-0.10988329954843579,0.1841332725522949,-0.2940165721007307,43.20987654320986,48.47539227819143,44.98160772180858,0.07476774466081404,-6.987352270371138,15.600454169305122,30.900309003089983,40.85140851408524,14237135.7,-258805497.0
2017-12-07,44.56,44.91,44.48,44.79,11554404.0,48.36,44.48,46.42,0.6692785714285721,46.26468034972011,45.90061946513273,42.64179821471979,-0.22098456629210972,0.10310970478341397,-0.3240942710755237,35.230769230769226,48.57781863940209,44.679181360597916,0.08361060893668407,-7.305463576158944,17.47479347942709,24.013063106329824,43.91829155060362,14475085.2,-270359901.0
2017-12-08,45.53,45.6,45.39,45.54,17972696.0,48.36,44.48,46.42,0.7099928571428578,46.19566317355629,45.8864775253236,42.67063604342905,-0.2456823158343937,0.03335130065985244,-0.27903361649424613,43.24324324324323,48.56901109118539,44.55798890881461,0.08614090827302029,-5.006257822277849,17.65036581826655,29.577762351733945,40.796185072284494,14515647.35,-252387205.0
2017-12-11,45.89,46.02,45.78,45.93,9184760.0,48.36,44.48,46.42,0.7021357142857154,46.17036191893188,45.8881842890364,42.70306752558398,-0.23112149492497025,-0.019543258457112106,-0.21157823646785814,42.50720461095102,48.51060383419195,44.49739616580806,0.08629811776156641,-2.6287894848420645,17.16811719754517,29.60355649599697,41.25270857282377,14418275.7,-243202445.0
2017-12-12,45.46,45.53,45.33,45.45,13611842.0,48.36,44.48,46.42,0.6482071428571439,46.10175602189075,45.87100059142713,42.73040018702096,-0.25537017945547547,-0.06670864265678478,-0.1886615367986907,27.435064935065,48.47607391744319,44.38092608255681,0.08820331983342938,-4.436501261564341,17.988997362671665,18.34730961222717,49.643522242669405,14815976.45,-256814287.0
2017-12-13,46.2,46.61,46.18,46.44,19507720.0,48.36,44.48,46.42,0.712492857142858,46.13396973409163,45.89331429372411,42.76731162794613,-0.19248387611663986,-0.0918636893487558,-0.10062018676788406,36.685552407931986,48.47707597379103,44.38192402620898,0.08820150868697817,-0.40746300664809,17.24422680088622,27.168192162327486,45.16436255000057,15229561.65,-237306567.0
2017-12-14,46.16,46.29,46.0,46.01,14408506.0,48.36,44.48,46.42,0.7110642857142864,46.12216309274957,45.897890203774146,42.79957718388697,-0.17532242619456895,-0.10855543671791844,-0.06676698947665051,36.42756680731363,48.47677618738764,44.39822381261236,0.0878288532926037,-0.34654537578514555,16.654559643602937,27.222774713960014,44.652382243920144,15160334.35,-251715073.0
2017-12-15,45.6,45.83,45.46,45.75,19573720.0,48.36,44.48,46.42,0.6928500000000005,46.08671898867818,45.89209058793987,42.82893462484332,-0.18061961014514338,-0.12296827140336343,-0.05765133874177995,39.24242424242422,48.44688183136362,44.33211816863638,0.08870032362338982,-0.1309757694826552,17.222671423687505,27.938432354972793,43.91900947432453,15404489.25,-271288793.0
2017-12-18,45.85,46.15,45.83,45.98,10465337.0,48.36,44.48,46.42,0.6871357142857148,46.07655527547073,45.8955380158638,42.86028850917324,-0.16436390400789946,-0.13124739792427065,-0.033116506083628816,37.73291925465833,48.42876607570773,44.29923392429227,0.08906764195098484,0.28353326063248474,17.906419125964995,30.14584351188685,44.284244118961794,15124355.3,-260823456.0
2017-12-19,46.09,46.12,45.81,45.88,12220197.0,48.36,44.48,46.42,0.6299928571428575,46.0578357254259,45.89492868190836,42.89033538967898,-0.1577320669601079,-0.1365443317314381,-0.02118773522866979,43.31550802139036,48.364434753740426,44.254565246259574,0.08874787046892867,0.0,18.48038775411739,32.88019138538991,40.81792310570418,14973446.35,-273043653.0
2017-12-20,45.89,45.96,45.71,45.76,8882925.0,48.36,44.48,46.42,0.6142785714285713,46.02947041824248,45.88963736104921,42.918889266398594,-0.16031131637326723,-0.14129772865980392,-0.019013587713463315,46.11005692599616,48.042237280664835,44.329762719335164,0.08038095010023971,2.006241640659834,18.722798346685266,33.72132234095752,39.65278666031001,14636481.0,-281926578.0
2017-12-21,45.49,45.79,45.46,45.71,14701631.0,48.11,44.48,46.295,0.582135714285714,45.99904466412415,45.88259275865512,42.946661512504086,-0.16449379022832744,-0.14593694097350862,-0.01855684925481882,48.991935483870954,47.62485756216332,44.48614243783668,0.06815071216959184,2.054029917392275,17.440740759895395,35.58325869029076,35.46178480717561,14775584.45,-296628209.0
2017-12-22,45.75,45.99,45.67,45.98,6126972.0,47.61,44.48,46.045,0.5614214285714283,45.99723088658852,45.88641265047257,42.97684398501649,-0.14435762256231044,-0.145621077291269,0.0012634547289585574,51.25240847784197,47.25210215389376,44.66289784610623,0.05633910260104501,0.9661835748792313,16.946230799388456,34.478810162979286,36.77018791587685,14650918.55,-290501237.0
2017-12-26,45.95,46.04,45.91,45.98,6279226.0,47.61,44.48,46.045,0.5414285714285713,45.99558984977056,45.8900827426109,43.00672613441931,-0.12693632171215086,-0.14188412617544538,0.014947804463294523,50.968992248061966,47.06062135756951,44.73537864243048,0.050661090137675426,0.10886131069016702,16.892215841075068,36.41160949868082,38.127968337730934,14133938.1,-290501237.0
2017-12-27,45.82,45.86,45.64,45.69,6717655.0,47.05,44.48,45.765,0.46785714285714214,45.966486054554316,45.88223636054773,43.0334253768629,-0.13497448974450776,-0.14050219888925786,0.0055277091447500926,59.3679458239278,46.66616240795749,44.942837592042515,0.037623482756388084,0.5280528052805211,17.33015896581001,42.13740458015282,28.091603053435104,13570246.1,-297218892.0
2017-12-28,46.2,46.22,45.93,46.07,8987806.0,46.61,44.48,45.545,0.47499999999999937,45.976344525549145,45.88959964052625,43.06364004972994,-0.1094206386046821,-0.13428588683234272,0.02486524822766062,63.50210970464142,46.55786924354669,44.99513075645331,0.03413844411637814,-0.7967269595176463,17.135161343101963,46.91729323308284,27.21804511278192,13058150.85,-288231086.0
2017-12-29,46.33,46.36,46.13,46.17,7854252.0,46.61,44.48,45.545,0.437857142857142,45.994787904068275,45.90059573305464,43.094549103961484,-0.08017564824037748,-0.12346383911394967,0.04328819087357219,57.70171149144261,46.55786924354669,44.99513075645331,0.03413844411637814,0.3477504890241345,17.235907011841125,41.924959216965824,29.526916802610092,12627522.65,-280376834.0
2018-01-02,47.58,47.78,47.43,47.77,14290869.0,47.78,44.48,46.129999999999995,0.5185714285714275,46.16385572272844,45.9739057043074,43.14107100342456,0.07128610373439415,-0.08451385054428091,0.15579995427867505,67.35849056603783,47.060461302298854,44.68853869770114,0.05170459851546532,4.415300546448098,18.39827953947079,49.173553719008375,24.93112947658401,12357649.9,-266085965.0
2018-01-03,47.85,48.18,47.81,48.18,13556338.0,48.18,44.48,46.33,0.5049999999999985,46.35586946342097,46.06041920609927,43.19120960040541,0.22184689398545743,-0.023241701638333244,0.24508859562379068,76.09942638623332,47.562066014232684,44.419933985767315,0.06832058508111084,4.784688995215314,18.608140748778204,56.15275813295631,19.236209335219186,12473919.6,-252529627.0
2018-01-04,48.35,48.5,48.25,48.34,11832265.0,48.5,44.48,46.489999999999995,0.4449999999999988,46.5448342764285,46.14981453135028,43.242441345675005,0.3500429901196469,0.05141523671326278,0.29862775340638414,71.59090909090921,48.001748868228574,44.22625113177142,0.08187313476291701,5.361813426329554,19.722543205308803,51.52487961476741,21.829855537720643,12407499.2,-240697362.0
2018-01-05,48.35,48.55,48.27,48.54,8112470.0,48.55,44.48,46.515,0.43357142857142705,46.73485005962579,46.24354729482674,43.2951533720862,0.46244684902683986,0.1336215591759782,0.3288252898508617,80.3357314148682,48.37863350677111,44.21736649322888,0.08988005990630761,6.075174825174834,21.336615424264266,53.706754530477916,19.439868204283307,11792079.55,-232584892.0
2018-01-08,48.46,48.77,48.46,48.71,7095118.0,48.77,45.33,47.05,0.4164285714285703,46.92295957775667,46.34027093032373,43.349032443010714,0.5588037544495492,0.21865799823069243,0.3401457562188568,86.27450980392166,48.710601476424785,44.277398523575215,0.09535000113669656,6.563115292058641,24.67181254055382,59.69125214408256,10.977701543739197,11569115.25,-225489774.0
2018-01-09,48.69,48.7,48.47,48.57,13166555.0,48.77,45.33,47.05,0.4049999999999991,47.07982057035127,46.42771128599731,43.400982368950906,0.616760831296979,0.29827856484394977,0.31848226645302924,82.45614035087728,48.99760521605521,44.2933947839448,0.10085025205240407,5.632883862548943,28.05183002046261,55.73192239858926,11.287477954144531,11328808.2,-238656329.0
2018-01-10,48.61,48.72,48.46,48.62,13534421.0,48.77,45.33,47.05,0.40142857142857075,47.226504325555915,46.51368339242879,43.45291289264294,0.6591287880145131,0.37044860947806246,0.28868017853645067,84.77157360406086,49.2637916685297,44.296208331470304,0.106190323579722,5.741626794258381,32.094531272137985,56.58362989323853,11.032028469750863,11546291.25,-225121908.0
2018-01-11,48.59,48.96,48.57,48.96,8336277.0,48.96,45.46,47.21,0.41142857142857076,47.39159915169345,46.60961737703943,43.50770977928331,0.7119341240409014,0.43874571239063026,0.27318841165027113,88.46153846153852,49.53767757961335,44.37332242038665,0.1099840308212393,7.156927117531198,36.77454522676827,59.375000000000135,9.027777777777724,11282513.0,-216785631.0
2018-01-12,49.27,49.81,49.12,49.79,17121020.0,49.81,45.46,47.635000000000005,0.4485714285714281,47.620018280103594,46.73433826421435,43.5702201297382,0.8114034428759282,0.5132772584876899,0.29812618438823835,91.29554655870446,49.98394647570848,44.26205352429153,0.12142463237520842,8.074668981983946,43.05559846743517,67.99363057324852,4.299363057324782,11163178.0,-199664611.0
2018-01-16,50.14,50.36,49.67,49.8,16052709.0,50.36,45.46,47.91,0.47499999999999937,47.827635586760394,46.854560293068694,43.632207989143794,0.8808862032979476,0.5867990474497414,0.2940871558482062,90.81196581196582,50.35909171085634,44.26590828914366,0.1287859111590527,7.8622482131254,49.179958554219034,69.47368421052637,4.060150375939795,11245388.15,-183611902.0
2018-01-17,50.36,50.84,50.33,50.72,16127882.0,50.84,45.46,48.150000000000006,0.5399999999999997,48.10309886421179,47.00614616392875,43.70273328278416,0.998675987636588,0.6691744354871108,0.3295015521494773,92.32142857142858,50.87040541646892,44.25159458353108,0.13916466922347806,6.175423906217281,55.433316407585174,66.7989417989419,3.5714285714285205,11073096.25,-167484020.0
2018-01-18,50.9,51.14,50.8,51.07,13353156.0,51.14,45.46,48.3,0.5457142857142857,48.385660877144,47.16551298102958,43.77603941927387,1.1075007361909428,0.7568396956278772,0.3506610405630656,97.52650176678445,51.38557725112152,44.24542274887848,0.14932719520329257,5.99833955998339,61.14760212187088,70.02617801047121,0.0,11217487.2,-154130864.0
2018-01-19,51.52,51.93,51.45,51.92,17866173.0,51.93,45.46,48.695,0.5692857142857142,48.722264603130284,47.35196345236175,43.85707385291294,1.247947468121673,0.8550612501266364,0.39288621799503654,97.71615008156606,52.0058787718936,44.2291212281064,0.16162014950459186,7.4058750517169925,66.39245868518584,72.52195734002512,0.0,11499786.0,-136264691.0
2018-01-22,51.81,52.21,51.77,52.21,12913723.0,52.21,45.46,48.835,0.5799999999999998,49.054429879022635,47.542474689524035,43.94018754591878,1.3668963610232794,0.9574282723059651,0.4094680887173143,97.78481012658227,52.567652576162736,44.31234742383726,0.17042331032876706,7.560774618871036,72.29591595850613,72.90640394088675,0.0,11701325.9,-123350968.0
2018-01-23,52.77,53.04,52.64,53.03,21382762.0,53.04,45.64,49.34,0.524285714285714,49.43305560483,47.757671760523095,44.03063344098427,1.5099258769886603,1.0679277932425042,0.4419980837461561,97.47292418772562,53.20370945164441,44.40829054835559,0.18021183672681268,8.868815438308353,77.10207634087467,72.61580381471391,0.0,12035382.45,-101968206.0
2018-01-24,53.41,53.69,53.07,53.35,21686425.0,53.69,45.64,49.665,0.5421428571428569,49.806097928179526,47.97697875030651,44.12336345649686,1.630305972095563,1.180403429013116,0.44990254308244704,97.43119266055045,53.80415486948617,44.544845130513835,0.18829494431000485,9.841465925468395,80.74721169332709,73.51778656126483,0.0,12813355.1,-80281781.0
2018-01-25,52.62,52.98,52.32,52.64,19170758.0,53.69,45.64,49.665,0.5928571428571426,50.075993363590996,48.15984232872586,44.208106108671025,1.6494036993491719,1.2742034830803273,0.3752002162688446,85.83333333333331,54.127756885092204,44.88724311490781,0.18664876574628878,8.268202385849444,83.21579718619375,63.373493975903614,9.036144578313255,13457931.7,-99452539.0
2018-01-26,53.69,54.0,53.58,54.0,22540076.0,54.0,45.93,49.965,0.6700000000000002,50.449708281344236,48.38886811975622,44.30553788868425,1.7540597113074199,1.370174728725746,0.3838849825816739,88.12849162011172,54.5921286237686,45.2538713762314,0.1870532068893536,10.294117647058831,85.47745302951148,66.41791044776122,7.995735607675904,14249052.75,-76912463.0
2018-01-29,52.93,53.08,52.77,52.85,21337733.0,54.0,46.13,50.065,0.7357142857142855,50.678307492644784,48.56381446800108,44.39055741217993,1.724327986074627,1.4410053801955223,0.28332260587910474,75.42997542997543,54.7335926751734,45.7904073248266,0.17793134674996608,6.1458124121309465,84.7526414237313,58.349514563106794,15.145631067961121,14866549.1,-98250196.0
2018-01-30,52.22,52.35,51.8,51.98,22685837.0,54.0,47.43,50.715,0.7935714285714285,50.80227820763099,48.697782528079465,44.46607425384978,1.611981728572303,1.4752006498708785,0.13678107870142453,69.22209695603154,54.6434701590379,46.461529840962086,0.16185035988478944,4.377510040160648,82.92647178417569,54.09540954095409,22.772277227722785,15608128.35,-120936033.0
2018-01-31,52.94,53.02,52.26,52.67,20032589.0,54.0,47.81,50.905,0.8492857142857149,50.980156473570894,48.85355576227243,44.547705355801526,1.560633729348858,1.4922872657664745,0.06834646358238339,71.29337539432177,54.77208173900524,46.82291826099476,0.15648729717034257,3.8446372239747673,81.32445259038055,56.01345668629099,21.278385197645076,15895214.35,-100903444.0
2018-02-01,52.06,52.32,51.78,51.91,20077780.0,54.0,48.25,51.125,0.8850000000000006,51.06871299989748,48.97341632061469,44.620962018927884,1.4419920350359163,1.4822282196203629,-0.040236184584446555,64.85397784491435,54.78781747307299,47.18018252692701,0.1492161255716691,1.6448012531818934,78.6499616464611,51.81598062953993,24.29378531073443,16221286.45,-120981224.0
2018-02-02,52.03,52.07,51.03,51.07,31571726.0,54.0,48.27,51.135000000000005,0.8985714285714289,51.06883557133581,49.05563528843372,44.68513155107786,1.2655976359584145,1.4389021028879734,-0.17330446692955892,56.43863179074447,54.714995645762144,47.526004354237855,0.14062834462738605,-1.6371340523882894,73.74239441542402,44.2766295707472,29.888712241653387,17208259.5,-152552950.0
2018-02-05,51.66,52.01,49.63,49.88,59647110.0,54.0,48.46,51.230000000000004,1.0192857142857146,50.955613135970495,49.08796331633828,44.73682178440047,1.0180453559295088,1.3547307534962805,-0.3366853975667716,50.35971223021585,54.62604237784635,47.74895762215365,0.13435086213807484,-4.462746600268142,67.48655087005571,35.17869656622286,36.159775753328624,19784991.5,-212200060.0
2018-02-06,48.86,51.41,48.8,50.77,75745442.0,54.0,48.46,51.230000000000004,1.1314285714285712,50.93793569444949,49.153925539226975,44.796853408436284,0.8834896339019664,1.2604825295774178,-0.37699289567545136,50.225428313796236,54.534477253478755,48.046522746521234,0.12649427295420249,-4.2617386385065075,62.05230489696261,28.66161616161616,37.81565656565659,23217507.7,-136454618.0
2018-02-07,48.6,49.28,48.02,48.06,52692935.0,54.0,48.02,51.010000000000005,1.2978571428571424,50.6638465806924,49.11102649847298,44.82932252875035,0.551817890046749,1.1187496016712841,-0.5669317116245352,38.810408921933096,54.60559874873276,47.92440125126724,0.13032668482328136,-9.915651358950328,56.5508127469691,23.335167859108438,37.259218492019805,25193826.7,-189147553.0
2018-02-08,47.99,48.0,46.05,46.05,56718859.0,54.0,46.05,50.025,1.3800000000000001,50.22443262062646,48.99098624363091,44.8414685732404,0.12533070736762397,0.9200658228105522,-0.7947351154429282,29.91101984941821,55.05348205524193,47.21951794475807,0.15319711185716392,-12.518996960486328,52.50768606233298,17.857142857142872,45.23809523809524,27353048.6,-245866412.0
2018-02-09,45.92,46.48,44.6,46.12,50911758.0,54.0,44.6,49.3,1.4828571428571427,49.833534275804894,48.87839854780225,44.8541902789793,-0.2046558968096619,0.6951214788865094,-0.8997773756961713,28.839471855455187,55.416999769424606,46.5720002305754,0.17345006890643516,-14.592592592592602,49.11803678945017,15.269749518304444,49.084778420038525,29481822.65,-194954654.0
2018-02-12,46.37,47.04,46.0,46.69,29448093.0,54.0,44.6,49.3,1.4978571428571428,49.534150059061574,48.79257899690804,44.872457042372545,-0.4153900636515857,0.4730191703788904,-0.8884092340304761,27.581329561527596,55.640822076703934,46.03817792329607,0.18888156164808595,-11.655629139072854,45.95313446488397,13.829279923700552,48.59322842155459,30098176.3,-165506561.0
2018-02-13,46.27,46.82,46.16,46.69,18771707.0,54.0,44.6,49.3,1.4978571428571432,49.26327862486524,48.71012491859792,44.89054204692606,-0.5757613902240166,0.26326305825830904,-0.8390244484823257,25.90448625180899,55.81706064438957,45.550939355610424,0.2025515209687307,-10.176991150442472,43.36930350484722,10.729613733905612,48.59322842155457,30234126.2,-165506561.0
2018-02-14,46.75,48.15,46.75,48.11,33366334.0,54.0,44.6,49.3,1.528571428571429,49.15344256535426,48.68659060806467,44.922576454419335,-0.5815707043166753,0.09429630574331216,-0.6758670100599875,34.411562284927754,55.813839292642406,45.29316070735759,0.20810979626108603,-8.657679893677617,41.22402373011729,16.728971962616846,44.11214953271026,31096048.8,-132140227.0
2018-02-15,49.14,49.67,48.63,49.36,30227996.0,54.0,44.6,49.3,1.5428571428571434,49.17311470198719,48.71299881951312,44.96672992253457,-0.4797794751377964,-0.020518850432909557,-0.4592606247048868,33.911234396671304,55.74854064218026,45.18745935781975,0.20926292471190677,-4.912348295126179,38.44794814161058,18.888888888888907,43.70370370370368,31939790.8,-101912231.0
2018-02-16,49.28,49.95,49.16,49.37,22746848.0,54.0,44.6,49.3,1.5114285714285727,49.19186568275031,48.73876357168908,45.010543555146164,-0.3937632189419489,-0.09516772413471743,-0.29859549480723147,36.897590361445786,55.596507990864644,45.08449200913535,0.20881826723471741,-3.3287644409633943,36.59700265695842,20.604914933837442,40.7844990548204,32183824.55,-79165383.0
2018-02-20,48.3,48.64,48.24,48.37,26476819.0,54.0,44.6,49.3,1.5171428571428578,49.113592760583614,48.72430225515225,45.04397098245814,-0.40165631486894426,-0.1564654422815628,-0.24519087258738145,36.5398956002983,55.39750501850047,44.89949498149953,0.20933846549749122,-3.0272654370489316,36.01576273706668,20.527306967984956,40.39548022598864,32861979.35,-105642202.0
2018-02-21,49.54,50.18,49.01,49.08,24299626.0,54.0,44.6,49.3,1.5721428571428575,49.11039345005184,48.738251186322756,45.08413047517,-0.3466249078046886,-0.19449733538618796,-0.1521275724185006,36.634400595681306,55.03825507622317,44.86374492377683,0.2036898190716171,-3.328737443372076,34.53845072812653,23.761926397092243,38.98228078146292,33007822.55,-81342576.0
2018-02-22,48.97,49.39,48.75,48.78,19719231.0,54.0,44.6,49.3,1.5542857142857147,49.07892740718976,48.739888394702255,45.120905296312586,-0.32349061557138725,-0.22029599142322784,-0.10319462414815941,37.9336931380108,54.57190745159763,44.873092548402376,0.1950588748191514,1.4981273408239737,33.60062595766953,24.034926470588243,38.41911764705878,32909462.85,-101061807.0
2018-02-23,49.53,49.75,49.25,49.7,12658829.0,54.0,44.6,49.3,1.5492857142857146,49.13807717793359,48.77753983020413,45.166468427692564,-0.22828864170687524,-0.22189452147995734,-0.006394120226917904,44.750957854406145,54.22672722911635,44.92427277088365,0.18764217119812615,7.926167209554835,33.308000576619705,25.77224527431997,35.08529276164127,32583866.4,-88402978.0
2018-02-26,49.85,50.36,49.63,50.34,14402221.0,53.08,44.6,48.84,1.431428571428572,49.25254601813039,48.83881277803926,45.21794635378518,-0.10004448962833834,-0.19752451510963354,0.0974800254812952,51.84000000000001,53.575160321906615,45.20983967809338,0.16936418775751855,9.150043365134453,33.21552447645603,30.938123752495013,30.988023952095766,32176973.65,-74000757.0
2018-02-27,49.1,49.29,48.2,48.2,33989090.0,53.02,44.6,48.81,1.3978571428571434,49.15230354021321,48.813761296547526,45.24761852936941,-0.1691404446707523,-0.1918477010218573,0.022707256351105015,40.654545454545456,53.039397674358725,45.28060232564128,0.15782740741898782,3.2340972370957566,32.566847373769185,31.681144609095558,34.79816044966778,32809541.5,-107989847.0
2018-02-28,48.1,48.11,47.2,47.22,28171029.0,53.02,44.6,48.81,1.2728571428571434,48.968274631621476,48.751260853545666,45.26724421564435,-0.2995245639242654,-0.21338307360233894,-0.08614149032192647,46.50582362728784,52.65420747435199,45.189792525648016,0.15257787802428305,1.1351467123581038,31.37359813514376,34.792368125701465,39.450056116722735,33083801.1,-136160876.0
2018-03-01,47.96,48.24,46.76,47.26,40822841.0,52.32,44.6,48.46,1.2350000000000005,48.80558180956229,48.69278003575956,45.28707263140908,-0.3950730953744639,-0.24972107795676393,-0.14535201741769996,56.01990049751244,52.00492260353866,45.29807739646134,0.1378548494306922,-1.7667844522968212,28.70121810427317,35.85887796414112,31.810294968189652,34123313.7,-95338035.0
2018-03-02,46.42,47.39,46.15,47.26,25770033.0,52.07,44.6,48.335,1.1892857142857152,48.65838354198493,48.63659258337683,45.306703749504514,-0.4654307984152197,-0.2928630220484551,-0.17256777636676462,55.71142284569138,51.450524889873655,45.38747511012634,0.12522046675369827,-4.25445705024311,25.960901578681895,37.237237237237224,27.98798798798795,34407926.35,-95338035.0
2018-03-05,46.43,47.39,46.43,47.25,27696319.0,52.01,44.6,48.305,1.1835714285714296,48.524251776081606,48.582216403636565,45.32604003060398,-0.5160480210435523,-0.3375000218474746,-0.17854799919607772,52.972399150743115,51.02883897205762,45.42716102794238,0.11614991175489836,-4.294105732226039,22.662558410876386,34.03741701870848,28.123114061556986,34214156.0,-123034354.0
2018-03-06,48.0,48.06,47.4,47.62,18763828.0,51.41,44.6,48.004999999999995,1.1942857142857153,48.43813255931193,48.54448242702337,45.34886550293628,-0.5203088305552868,-0.374061783589037,-0.14624704696624974,54.749744637385085,50.81577961454538,45.41422038545463,0.1122635192578354,-1.550547860243956,19.177890868503976,37.73923444976075,27.870813397129147,32169991.9,-104270526.0
2018-03-07,47.25,47.56,46.89,47.5,21611797.0,50.36,44.6,47.480000000000004,1.1421428571428578,48.34878660128222,48.503522331845986,45.37026982629015,-0.5272902758359308,-0.4047074820384158,-0.12258279379751502,46.4075382803298,50.355096209197754,45.54790379080224,0.10025113747005863,-3.2192339038304763,16.096765203555016,31.14446529080676,32.33270794246398,29463309.65,-125882323.0
2018-03-08,47.89,47.93,47.47,47.68,17840378.0,50.36,44.6,47.480000000000004,1.063571428571429,48.285092639255346,48.471227338440265,45.39325221607831,-0.512392088795572,-0.42624440338984704,-0.08614768540572493,38.679245283018865,50.338491424936876,45.52650857506312,0.10039081729252089,-2.255022550225505,14.32847366603271,25.72196104768299,34.72128945601069,27720681.8,-108041945.0
2018-03-09,48.33,49.05,48.24,49.01,21871973.0,50.36,44.6,47.480000000000004,1.105,48.35413143551674,48.49235567810928,45.42923975621684,-0.38878362785175113,-0.4187522482822279,0.029968620430476767,47.94050343249428,50.35973786893468,45.80126213106532,0.09480924154011207,-1.388329979879288,12.343463754897641,30.18745959922427,33.41952165481574,25978337.5,-86169972.0
2018-03-12,49.12,49.29,48.84,49.12,17269798.0,50.36,46.0,48.18,1.0564285714285713,48.42707129880086,48.51696918092852,45.46596373874205,-0.27873388064104887,-0.3907485747539921,0.11201469411294324,54.77707006369427,50.35617735335226,46.10482264664774,0.08814660239277052,-2.4235200635677523,10.528691221558402,33.19810682893846,28.73563218390805,24296239.5,-68900174.0
2018-03-13,49.39,49.44,48.32,48.43,25050531.0,50.36,46.15,48.254999999999995,1.0071428571428567,48.42735022272459,48.513558624813676,45.49545663686402,-0.2443788492863206,-0.36147462966045785,0.11709578037413726,45.84929757343551,50.31635098573817,46.31864901426184,0.08273817915820006,0.4771784232365128,10.024493577606965,23.90070921985815,33.82978723404259,24076361.4,-93950705.0
2018-03-14,49.07,49.17,48.35,48.71,22768174.0,50.36,46.15,48.254999999999995,1.0199999999999996,48.45426924913178,48.52126220815432,45.52744214296488,-0.1923413876917479,-0.32764798126671585,0.13530659357496794,49.55185659411011,50.269784333709794,46.56721566629021,0.07647012334995061,3.155442609063952,9.412733875014585,23.599439775910355,31.582633053221336,24276184.75,-71182531.0
2018-03-15,49.14,49.35,48.76,49.01,21360960.0,50.36,46.15,48.254999999999995,0.9964285714285711,48.5071959873097,48.540428396069835,45.56209445995031,-0.125447748121168,-0.2872079346376063,0.1617601865164383,45.20166898470094,50.3269238436495,46.60007615635049,0.07690009362301554,3.7029200169276244,9.54415007785937,22.867383512544794,32.3297491039427,23675916.05,-49821571.0
2018-03-16,48.9,49.24,48.88,49.19,19484389.0,50.36,46.15,48.254999999999995,0.9699999999999999,48.572224940899254,48.56590179230239,45.59819302253787,-0.0572496231228925,-0.24121627233466356,0.18396664921177106,41.45616641901927,50.30268988057133,46.60731011942867,0.07626415769564877,4.083791790097324,11.482782825623945,18.998527245949916,33.210603829160576,23138735.7,-30337182.0
2018-03-19,48.84,48.91,48.3,48.57,23984777.0,50.36,46.15,48.254999999999995,0.8807142857142856,48.57201304176599,48.56606250632975,45.627763241219085,-0.05262431580945304,-0.20349788102962146,0.15087356522016843,53.55086372360843,50.21326231914307,46.61673768085693,0.07428533797967864,2.7936507936507926,12.384139347656888,20.924574209245733,29.683698296837076,23200632.15,-54321959.0
2018-03-20,49.1,49.42,49.03,49.23,20328979.0,50.36,46.15,48.254999999999995,0.87,48.63467846635971,48.59209927078741,45.66360639304775,0.004248780414009445,-0.1619485487408953,0.16619732915490473,70.55214723926387,50.29249519803346,46.62350480196654,0.07571485401929334,3.380932381352375,12.47018508410191,25.369458128078843,21.839080459770205,22893240.15,-33992980.0
2018-03-21,48.67,49.28,48.57,49.0,23878202.0,50.36,46.15,48.254999999999995,0.8149999999999997,48.66947099337307,48.60809537781535,45.69680433938559,0.030411476538780846,-0.12347654368496007,0.15388802022374093,67.1259842519686,50.2831257618492,46.62487423815079,0.07549947421675014,3.157894736842115,12.550386030853971,27.081507449605645,23.488168273444415,22872168.95,-57871182.0
2018-03-22,47.59,47.91,47.09,47.12,43079018.0,50.36,46.15,48.254999999999995,0.8628571428571422,48.521902327337536,48.5497386963324,45.71096549023747,-0.09940876412174049,-0.11866298777231615,0.019254223650575664,48.99425287356321,50.28645404814497,46.45554595185502,0.07919844734014071,-1.1744966442953086,12.032331175283305,25.57947019867554,29.387417218543106,24040158.3,-100950200.0
2018-03-23,46.91,47.02,45.94,45.97,45993049.0,50.36,45.94,48.15,0.8785714285714279,48.278864010448245,48.448572472946815,45.713542948046054,-0.2917248072133489,-0.15327535166052272,-0.1384494555528262,42.098765432098745,50.27359423838905,46.09540576161095,0.08671229289041296,-6.2028157518873694,12.828971129419177,25.12195121951224,38.211382113821244,25706869.3,-146943249.0
2018-03-26,47.3,47.82,46.7,47.74,37099831.0,49.44,45.94,47.69,0.9528571428571421,48.2275436285008,48.42078531714498,45.733706699806795,-0.2978786893254295,-0.1821960191935041,-0.1156826701319254,50.631578947368446,49.88660520268682,46.222394797313186,0.0762511399634506,-2.809446254071657,13.08938882374754,24.137931034482772,35.23238380809605,26841749.8,-109843418.0
2018-03-27,47.83,47.97,46.8,47.06,29273528.0,49.44,45.94,47.69,0.9842857142857139,48.116348997215006,48.36742118706087,45.74690364806742,-0.353550492241439,-0.21646691380309108,-0.1370835784383479,47.81312127236582,49.88076564077189,46.1142343592281,0.0784734888597071,-2.8288251084038762,13.730434514054336,24.455732946298976,30.406386066763524,26605971.7,-139116946.0
2018-03-28,46.61,46.91,46.17,46.65,27992153.0,49.44,45.94,47.69,1.0149999999999995,47.97669671176596,48.3000713365879,45.75588968141999,-0.42584548891647955,-0.2583426288257688,-0.16750286009071075,44.99514091350825,49.9179149477881,46.02008505221189,0.08125726814351371,-4.229111065489633,14.32934654263389,21.11189303307531,33.919774806474386,26597027.9,-167109099.0
2018-03-29,46.73,47.47,46.7,47.24,25106545.0,49.44,45.94,47.69,0.9757142857142854,47.9065351201692,48.258499911623666,45.77065694827153,-0.43056840096767246,-0.29278778325414956,-0.1377806177135229,40.73298429319373,49.918466610846664,46.01753338915333,0.08132365789053819,-3.611507855539675,16.30799428070513,17.862371888726248,35.285505124451014,25811213.1,-142002554.0
2018-04-02,46.82,47.14,45.72,46.21,30455090.0,49.44,45.72,47.58,1.0521428571428575,47.74496034681975,48.178166581756074,45.775028520925545,-0.5115271679483229,-0.33653566019298425,-0.17499150775533862,36.103151862464195,49.99824591017323,45.83275408982676,0.08693411986406226,-6.058141898759906,19.00761998251424,14.935505770536334,39.37542430414127,26045465.95,-172457644.0
2018-04-03,46.9,47.01,46.49,46.93,25914075.0,49.44,45.72,47.58,1.0292857142857146,47.667345075694065,48.1292188726676,45.786520774448675,-0.5116911344665169,-0.3715667550476908,-0.1401243794188261,42.857142857142854,50.00852297160661,45.7904770283934,0.08806033347348537,-3.3765698991146786,20.720295224601244,15.267175572519099,36.64122137404585,25956353.75,-146543569.0
2018-04-04,45.51,46.95,45.46,46.89,29037979.0,49.44,45.46,47.45,1.0771428571428576,47.59331221134225,48.08062205413162,45.797500667240236,-0.5091792434540849,-0.39908925272896967,-0.11008999072511527,41.130604288499015,50.017174405299734,45.708825594700265,0.09001418236632616,-4.753199268738562,23.13666073410292,14.588859416445635,41.84350132625999,26470061.3,-175581548.0
2018-04-05,47.05,47.31,46.86,46.99,18442226.0,49.44,45.46,47.45,1.063571428571429,47.53585390550013,48.037852561812734,45.809366332242824,-0.49343141723689143,-0.417957685630554,-0.07547373160633741,39.960238568588494,50.0216329726307,45.6533670273693,0.09131467876167022,-4.102040816326524,25.142484927992207,15.98388179986569,42.377434519812,26311582.75,-157139322.0
2018-04-06,46.33,46.84,45.64,45.97,32534012.0,49.44,45.46,47.45,1.134285714285715,47.38672496211917,47.95676030448674,45.810964677195635,-0.5568377480668758,-0.4457336981178184,-0.11110404994905743,35.229357798165154,50.090515948658975,45.413484051341015,0.09794420961044481,-2.4405772495755484,26.910075695026478,14.987405541561719,47.41813602015116,27046264.45,-189673334.0
2018-04-09,46.62,47.1,46.27,46.53,27123247.0,49.44,45.46,47.45,1.1514285714285724,47.30513210858401,47.90080891999707,45.81811925752205,-0.5554969787961568,-0.4676863542534861,-0.08781062454267069,40.59040590405905,49.94858613286102,45.30741386713898,0.09744629767619958,1.218185773330438,28.884001143925847,16.377171215880885,43.11414392059552,27308828.15,-162550087.0
2018-04-10,47.76,48.11,47.58,48.0,28388473.0,49.44,45.46,47.45,1.2035714285714292,47.37131000300458,47.90469876627169,45.83982951366611,-0.4308511113755529,-0.46031930567789947,0.029468194302346595,44.72103004291847,49.79290166611515,45.351098333884856,0.09337011965505534,0.5446166736489344,31.046993837017236,18.635014836795204,41.24629080118694,27864761.9,-134161614.0
2018-04-11,47.84,48.3,47.81,48.06,20761329.0,49.42,45.46,47.44,1.187857142857143,47.43689952652795,47.91078901073163,45.86192076228635,-0.32349778377962934,-0.4329550012982455,0.10945721751861615,45.90592334494775,49.750342470941405,45.356657529058594,0.09239456489812128,2.124946876328093,32.83795861071807,20.024052916416064,39.025856885147334,27650301.8,-113400285.0
2018-04-12,47.99,48.36,47.88,48.24,15856291.0,49.42,45.46,47.44,1.0857142857142859,47.513385285906246,47.9236992456049,45.88558324226361,-0.22134349254316987,-0.3906326995472304,0.16928920700406053,55.725971370143164,49.68439819415399,45.37560180584601,0.09065424759747491,3.4083601286173604,33.72067314231385,22.302631578947324,32.9605263157895,27304707.65,-97543994.0
2018-04-13,48.06,48.07,47.43,47.6,20740717.0,49.42,45.46,47.44,1.0592857142857146,47.52163430629613,47.911005157541965,45.90264211547492,-0.18983977727194912,-0.3504741150921742,0.16063433782022507,58.791801510248106,49.49920560311896,45.41979439688105,0.08595562966819933,0.7620660457239525,33.097853819696255,22.859069453809795,29.062710721510456,27273695.5,-118284711.0
2018-04-16,46.76,47.03,46.61,47.01,19320701.0,49.42,45.46,47.44,0.9978571428571433,47.47290722950602,47.87567162195209,45.913660601888104,-0.21005949006775637,-0.32239119008729067,0.1123317000195343,45.48825710754016,49.22732234249524,45.47367765750475,0.0792736018625039,1.7312270071413005,34.11318851378742,18.539727988546854,36.721546170365066,27265511.1,-137605412.0
2018-04-17,46.7,47.15,46.65,47.03,20758372.0,49.42,45.46,47.44,0.9500000000000003,47.43072558860069,47.84250802893436,45.924768456595686,-0.22191186345401093,-0.30229532476063475,0.08038346130662383,49.79811574697173,49.064039759850345,45.48296024014965,0.07575236696459314,0.21308331557639004,35.72557888244752,19.24812030075184,38.57142857142858,27104190.85,-116847040.0
2018-04-18,46.65,47.13,46.59,46.92,25368553.0,49.28,45.46,47.370000000000005,0.9250000000000002,47.382085056353006,47.80633124348596,45.9346712580226,-0.23744392962894523,-0.28932504573429685,0.05188111610535162,51.89340813464238,48.69757752237234,45.61842247762766,0.06529443667553078,0.0639795265515053,36.069595336122305,19.76833976833973,35.21235521235523,27356169.55,-142215593.0
2018-04-19,47.46,47.46,46.9,47.08,30350249.0,48.36,45.46,46.91,0.9064285714285718,47.353315050986055,47.77784766531004,45.94606756391292,-0.23414348085285752,-0.27828873275800897,0.04414525190515145,48.8059701492537,48.33418998913155,45.78981001086844,0.05406442518939078,0.19153011278993937,36.039836644271006,18.360914105594876,35.93380614657211,27679771.9,-111865344.0
2018-04-20,46.67,46.74,46.24,46.42,22290829.0,48.36,45.46,46.91,0.8578571428571428,47.264427903273095,47.72459873725867,45.95078330954563,-0.28153893003565855,-0.2789387722135389,-0.002600157822119642,51.65876777251185,48.33059987404278,45.72340012595722,0.05544048627566213,0.9788992821405218,34.90208930789354,19.400499583680194,35.30391340549538,26640362.45,-134156173.0
2018-04-23,46.42,46.66,46.23,46.39,12030044.0,48.36,45.46,46.91,0.8314285714285715,47.181149055342324,47.672261531875975,45.95515362487353,-0.31785685825538934,-0.28672238942190903,-0.03113446883348031,45.21276595744683,48.29207818337163,45.803921816628375,0.05288548645517885,-0.3008811519449872,34.045150787804666,20.017182130584114,36.51202749140893,24942212.2,-146186217.0
2018-04-24,47.45,47.62,46.72,46.97,38221141.0,48.36,45.46,46.91,0.8128571428571425,47.161039621500194,47.64472186395927,45.96525159875539,-0.2964209688747843,-0.2886621053124841,-0.007758863562300211,50.6472491909385,48.21031507407703,45.80868492592296,0.05108818745474999,-2.1458333333333357,30.672232688378838,28.910369068541243,28.295254833040424,24998277.7,-107965076.0
2018-04-25,46.65,46.73,46.35,46.58,26896475.0,48.36,45.46,46.91,0.8249999999999993,47.10570251469065,47.602968065372636,45.97136849827026,-0.30735956301960954,-0.2924015968539092,-0.014957966165700332,46.83153013910353,48.201160530880685,45.76983946911932,0.05174619960969589,-3.0794839783603867,28.164968654749973,25.36796536796533,31.082251082251076,24879425.05,-134861551.0
2018-04-26,46.38,46.88,46.28,46.79,22187571.0,48.36,45.46,46.91,0.7714285714285707,47.07563560852964,47.57108696476979,45.97951408535215,-0.2956748768023658,-0.29305625284360054,-0.002618623958765276,57.243816254416956,48.20162103787662,45.783378962123365,0.05146017078796097,-3.0058043117744626,25.383526765558525,28.518518518518533,21.944444444444443,24589195.95,-112673980.0
2018-04-27,46.71,46.95,46.54,46.87,13885974.0,48.36,45.46,46.91,0.7199999999999994,47.056051264860145,47.54359335830823,45.98837464171681,-0.2767689274663212,-0.2897987877681447,0.013029860301823515,53.281853281853245,48.17848984615852,45.76951015384149,0.05128325653163521,-1.533613445378157,22.87947554889079,28.670634920634946,23.511904761904752,24028167.4,-98788006.0
2018-04-30,47.52,47.55,46.9,46.93,21743872.0,48.36,45.46,46.91,0.6557142857142851,47.04404638249251,47.51953087366869,45.997744048266895,-0.254016187360115,-0.2826422676865388,0.028626080326423775,35.80901856763926,48.16015788390991,45.8598421160901,0.048932477511589245,-0.1701765581791026,20.34432431062429,27.015250544662294,25.816993464052278,23592606.5,-77044134.0
2018-05-01,46.78,46.97,46.24,46.88,25586478.0,48.36,45.46,46.91,0.6728571428571425,47.028422917493224,47.49445123156404,46.0065227144533,-0.23728379910185993,-0.273570573969603,0.036286774867743066,34.308510638297875,48.15860701867655,45.85639298132345,0.04897546215716845,-0.318945354029343,19.039363479684543,24.309978768577498,32.16560509554135,23576226.65,-102630612.0
2018-05-02,47.12,47.13,46.66,46.75,17749582.0,48.36,45.64,47.0,0.6721428571428574,47.001906449160536,47.46525706562036,46.01392049838909,-0.23184065959352296,-0.265224591094387,0.03338393150086405,29.919137466307262,48.15630867111987,45.84469132888014,0.049182824485691175,-0.36231884057971175,18.50524946507499,25.398512221041443,32.199787460148706,23011806.8,-120380194.0
2018-05-03,46.28,46.63,45.65,46.45,33630533.0,48.36,45.64,47.0,0.6928571428571431,46.94934393019287,47.42544306304701,46.01825959790761,-0.24886565673549654,-0.2619528042226089,0.013087147487112372,32.93768545994067,48.15527876637586,45.79172123362413,0.05031682827023168,-1.338147833474923,19.08516644250748,24.639175257731956,37.0103092783504,23771222.15,-154010727.0
2018-05-04,45.85,46.77,45.78,46.54,21877008.0,48.36,45.65,47.004999999999995,0.6928571428571431,46.910358793984024,47.390719805672624,46.023451044694596,-0.25218876667025825,-0.2599999967121388,0.007811230041880557,41.81184668989547,48.10687150956884,45.897128490431164,0.04701380833023437,0.25850926324859635,17.05850554841084,26.08247422680413,28.556701030927712,23238371.95,-132133719.0
2018-05-07,46.24,46.52,46.21,46.29,13757265.0,48.36,45.65,47.004999999999995,0.6807142857142858,46.851277004080785,47.34755432309723,46.0261032731056,-0.27186141671407427,-0.2623722807125259,-0.009489136001548382,38.06451612903218,48.12135224168344,45.85864775831655,0.04815289387884421,-0.2155636990730847,15.167775615696858,25.28856243441766,29.0661070304301,22570072.85,-145890984.0
2018-05-08,47.0,47.02,46.6,46.97,20170649.0,48.36,45.65,47.004999999999995,0.6942857142857147,46.86258395607309,47.33274827121107,46.03549528033838,-0.22993131157217306,-0.25588408688445535,0.025952775312282295,50.681198910081704,47.96520192467457,45.91179807532543,0.04374668660798999,0.0,13.415549274322615,29.938271604938294,27.880658436213906,22159181.65,-125720335.0
2018-05-09,47.36,47.48,47.06,47.42,25218505.0,48.36,45.65,47.004999999999995,0.6907142857142858,46.915671198351845,47.336169907634165,46.04927144670317,-0.15856235385048478,-0.23641974027766124,0.07785738642717646,54.292929292929344,47.819638601357035,45.99336139864297,0.03893441639674815,1.8033490768570193,11.513648058229432,31.437435367114773,28.02481902792134,22382040.45,-100501830.0
2018-05-10,47.61,48.16,47.58,48.02,28428219.0,48.16,45.65,46.905,0.6835714285714286,47.02084536993738,47.362986774001456,46.06888068603946,-0.052976277528927085,-0.19973104772791442,0.14675477019898733,70.51282051282054,47.74401511168743,46.046984888312565,0.036187485438365447,2.628766830519358,11.504453082153322,38.87147335423196,21.421107628004147,23010636.85,-72073611.0
2018-05-11,48.24,48.28,47.98,48.16,24765254.0,48.28,45.65,46.965,0.6742857142857146,47.129336287086204,47.39424219462885,46.089687843392305,0.0415196657717658,-0.1514809050279784,0.1930005707997442,72.06982543640898,47.89756959657539,45.94943040342462,0.041517346173042625,2.752293577981657,11.606804052936775,40.67796610169493,21.61016949152533,23211863.7,-47308357.0
2018-05-14,48.79,48.93,48.56,48.63,17785485.0,48.93,45.65,47.29,0.6414285714285722,47.272256640697044,47.44270328503556,46.114964581269,0.15257466789314122,-0.09066979044375448,0.2432444583368957,71.28205128205134,48.2425200661685,45.7664799338315,0.052676661433203306,3.622416364798653,13.440745482638926,39.309576837416444,22.717149220489862,23135102.9,-29522872.0
2018-05-15,47.85,47.93,47.59,47.81,21923068.0,48.93,45.65,47.29,0.6714285714285724,47.32347029396399,47.45710707777927,46.13183060533598,0.17243172462193712,-0.03804948743061616,0.21048121205255327,64.2032332563511,48.33297602578647,45.75402397421353,0.054820582047954355,1.983788395904429,13.748026621621054,37.55319148936166,28.085106382978616,23193337.7,-51445940.0
2018-05-16,48.26,48.7,48.22,48.6,18166931.0,48.93,45.65,47.29,0.692142857142858,47.44504455168171,47.50192640806244,46.15638950478537,0.24904415682117076,0.019369241419741223,0.22967491540142954,68.43177189409373,48.59032891039186,45.664671089608134,0.06207963122982816,3.9572192513368964,14.405959708787638,42.8276573787409,27.244582043343556,22833256.6,-33279009.0
2018-05-17,48.06,48.23,47.69,47.79,17962034.0,48.93,45.65,47.29,0.7278571428571438,47.47789745152155,47.51322341166783,46.172644335583534,0.24161464749781913,0.0638183226353568,0.17779632486246233,58.15602836879434,48.655142225486,45.67085777451399,0.06327596741030071,2.8848223896662972,14.596373464430187,40.03925417075558,31.108930323846817,22213845.85,-51241043.0
2018-05-18,47.97,48.0,47.74,47.89,12264779.0,48.93,45.65,47.29,0.6978571428571436,47.517145313281404,47.52799896415144,46.18973245164738,0.24101757156073944,0.09925817242043335,0.1417593991403061,58.45070422535212,48.71933192788045,45.75366807211954,0.06278331069746719,2.900730554361841,14.76734581430341,35.619242579324464,32.44626407369489,21712543.35,-38976264.0
2018-05-21,48.27,48.42,48.09,48.28,11223720.0,48.93,45.65,47.29,0.6835714285714296,47.58979814058794,47.557489200851386,46.21053113372054,0.2689142491421137,0.13318938776476943,0.13572486137734427,61.627906976744164,48.827520877525004,45.834479122475,0.06323639380215929,4.298984661914029,15.322709597060964,40.75235109717868,26.22779519331237,21672227.15,-27752544.0
2018-05-22,48.25,48.55,47.99,48.03,15770124.0,48.93,45.65,47.29,0.6900000000000003,47.63172212719861,47.576019036112115,46.22863530154422,0.2677630506757609,0.16010412034696775,0.10765893032879315,60.42345276872965,48.901621407620596,45.866378592379405,0.06405628092269944,2.2567596338088247,16.001887906981107,40.062111801242196,25.98343685300204,20549676.3,-43522668.0
2018-05-23,47.12,47.58,47.03,47.51,18342269.0,48.93,45.65,47.29,0.682857142857143,47.620129543655885,47.5734300543038,46.2413851990413,0.22232820229697836,0.1725489367369699,0.04977926556000847,58.333333333333286,48.90064464022566,45.96035535977435,0.06199153035391383,0.1897933361450832,16.159601613015447,40.48117154811712,25.732217573221757,20121966.0,-61864937.0
2018-05-24,47.3,47.37,46.77,47.22,14216632.0,48.93,45.65,47.29,0.6649999999999997,47.58202196806961,47.55957005217424,46.25112265974735,0.16106354100538312,0.17025185759065253,-0.009188316585269418,55.18292682926828,48.89503189592537,46.00896810407464,0.06082069863969339,-1.6659725114535728,16.954645387436155,40.0644468313641,29.21589688506982,19723419.05,-76081569.0
2018-05-25,46.99,47.16,46.87,47.12,10649873.0,48.93,45.65,47.29,0.6664285714285713,47.53801987587251,47.5423320109125,46.25976820542151,0.10325147257458411,0.15685178058743887,-0.05360030801285476,56.47425897035879,48.89053572702904,46.03846427297096,0.06008851781980379,-2.1594684385382035,17.576724514498686,39.97856377277596,29.153269024651657,19561614.0,-86731442.0
2018-05-29,46.67,46.74,45.9,46.11,30148587.0,48.93,45.65,47.29,0.701428571428571,47.40201798293227,47.486162128131625,46.258277974521796,-0.023789338561506668,0.12072355675764977,-0.14451289531915645,43.62017804154304,48.95731910688904,45.88968089311097,0.06468603569492061,-5.1819864281307915,17.797344513264438,32.892057026476564,37.57637474541752,19981849.75,-116880029.0
2018-05-30,46.03,46.47,45.89,46.32,17373839.0,48.93,45.65,47.29,0.706428571428571,47.298968651224435,47.440430279969604,46.258892124029046,-0.10629949727427146,0.07531894595126554,-0.181618443225537,41.53846153846153,48.99032683436327,45.800673165636724,0.06729866060546992,-3.1165028236770587,18.41412333957218,28.008088978766484,37.411526794742144,19571217.8,-99506190.0
2018-05-31,46.61,46.98,46.46,46.7,19915804.0,48.93,45.65,47.29,0.7007142857142854,47.24192401777449,47.41139379840217,46.26328125712329,-0.13941942792074968,0.0323712711768625,-0.1717906990976122,39.49044585987262,48.992237976440464,45.79376202355954,0.067488362266177,-3.9094650205761305,17.59394547061985,26.503567787971484,37.71661569826704,19679528.9,-79590386.0
2018-06-01,46.99,47.41,46.99,47.28,23839159.0,48.93,45.78,47.355000000000004,0.7299999999999989,47.245550301795966,47.40624110042562,46.27339786153002,-0.11751145987544476,0.002394724966401047,-0.1199061848418458,43.452380952381,48.972611966366216,45.896388033633784,0.06485203665543923,-1.0671688637790333,16.26104144235627,28.47358121330725,36.203522504892376,19189960.2,-55751227.0
2018-06-04,47.83,48.04,47.79,47.97,13899937.0,48.93,45.89,47.41,0.7292857142857129,47.31454551114873,47.42834929256579,46.290279474848134,-0.043965200468150556,-0.006877260120509273,-0.037087940347641284,45.24495677233427,49.00138799753923,46.01061200246077,0.06295575285392298,0.1670494884109308,15.22824870650437,28.3055827619981,36.23898139079337,18791106.65,-41851290.0
2018-06-05,48.07,48.15,47.89,48.06,10884179.0,48.93,45.89,47.41,0.673571428571427,47.38554117675361,47.453119908543606,46.30788863430239,0.021337027847742718,-0.001234402526858875,0.022571430374601593,52.012882447665056,48.99325847206892,46.19574152793107,0.05877815596629556,-0.45567522783761527,14.5344920316875,31.81336161187706,28.950159066808094,18647452.35,-30967111.0
2018-06-06,48.32,48.77,48.19,48.77,15472169.0,48.93,45.89,47.41,0.6607142857142841,47.51739439801517,47.50476226507131,46.33238725485659,0.12889476196591687,0.024791430371696274,0.1041033315942206,51.38662316476347,49.14436985722253,46.22463014277747,0.061230372855855836,1.540703726837389,13.099631422994406,30.810810810810903,29.51351351351355,18412528.35,-15494942.0
2018-06-07,48.91,48.93,48.22,48.47,21809092.0,48.93,45.89,47.41,0.6464285714285697,47.60811874106135,47.54261472526459,46.35365703341523,0.18776313186516802,0.05738577067039063,0.13037736119477739,56.04982206405693,49.23191911417367,46.24208088582633,0.06263146465733788,2.0206272363712863,13.313581481143286,33.25966850828736,24.309392265193388,18242057.7,-37304034.0
2018-06-08,47.98,48.29,47.86,48.21,15994345.0,48.93,45.89,47.41,0.6714285714285698,47.665440765722174,47.56878669682285,46.37212810770961,0.21100458256269405,0.08810953304885132,0.12289504951384274,52.7681660899654,49.25137313681979,46.24162686318022,0.06303595601016962,2.0965692503176703,13.557677229619369,32.02127659574474,27.234042553191507,17620364.0,-53298379.0
2018-06-11,47.98,48.13,47.94,48.02,13100378.0,48.93,45.89,47.41,0.6528571428571414,47.69920831184387,47.58648133616313,46.38852484295628,0.21165239057286556,0.11281810455365417,0.09883428601921139,47.67025089605737,49.23756155450291,46.24143844549709,0.06275983428829003,1.9100169779286968,12.050367006558568,28.33698030634576,28.008752735229773,17037120.2,-66398757.0
2018-06-12,48.09,48.1,47.7,47.96,15549550.0,48.93,45.89,47.41,0.6414285714285702,47.724045615477785,47.60112912690183,46.404161411683084,0.20496161461989004,0.13124680656690135,0.07371480805298869,49.35064935064935,49.14917486266825,46.26282513733176,0.0605028659987525,4.012144870960754,10.989457285625232,27.394209354120324,31.180400890868544,16925323.45,-81948307.0
2018-06-13,47.64,47.76,47.11,47.22,26708744.0,48.93,45.89,47.41,0.6307142857142846,47.676041271146566,47.58618288663117,46.412279208581765,0.13835246976078253,0.1326679392056776,0.0056845305551049274,47.41532976827096,49.13476537185923,46.21823462814076,0.06117333998339786,1.9430051813471572,9.44221552962008,27.859569648924182,27.519818799546965,17164607.25,-108657051.0
2018-06-14,47.27,47.36,47.02,47.07,17693081.0,48.93,45.89,47.41,0.6021428571428561,47.61832305484689,47.56594042048877,46.418823694068514,0.07262333951776156,0.1206590192680944,-0.048035679750332835,48.628884826325425,49.01413912813094,46.18586087186906,0.05941761042566979,0.792291220556729,8.626385058685173,29.181494661921768,26.809015421115006,17140914.75,-126350132.0
2018-06-15,46.52,46.82,46.25,46.81,26379444.0,48.93,45.89,47.41,0.6357142857142846,47.54133990676623,47.53629569811667,46.422715995620074,-0.0004421994420695796,0.09643877552606162,-0.0968809749681312,47.24689165186505,49.00477765621529,46.097222343784715,0.06114603925113192,-0.9940778341793521,8.249499268150881,27.640449438202307,34.04494382022472,17561785.25,-152729576.0
2018-06-18,46.1,46.37,45.78,46.25,27192280.0,48.93,45.78,47.355000000000004,0.6221428571428562,47.418355153740876,47.48585272956307,46.420997428499476,-0.10235460518618567,0.05668009938361216,-0.15903470456979782,51.351351351351354,49.02376720207818,45.914232797921834,0.06550663389067284,-3.585574317281637,7.874885465814571,28.243398392652175,29.047072330654395,18308160.3,-179921856.0
2018-06-19,44.68,45.02,44.46,44.97,30211276.0,48.93,44.46,46.695,0.7085714285714276,47.18517847243222,47.387191838207656,46.40655964314127,-0.2831423349835873,-0.011284387489827737,-0.2718579474937596,39.2,49.16850486806892,45.43849513193108,0.07885272202136935,-6.429463171036209,8.4127946016482,24.79838709677423,38.709677419354854,19257538.1,-210133132.0
2018-06-20,44.87,44.91,44.55,44.72,16730490.0,48.93,44.46,46.695,0.691428571428571,46.950399570295815,47.28259607984657,46.38977795514982,-0.4415014698962665,-0.0973278039711155,-0.344173665925151,33.82352941176468,49.29599712209563,44.98000287790437,0.09156082659831259,-8.304285421365599,9.497235286384958,20.144628099173598,39.669421487603294,19305556.4,-226863622.0
2018-06-21,44.17,44.2,43.64,43.66,34309858.0,48.93,43.64,46.285,0.7178571428571426,46.63702818264859,47.14053348848004,46.36261598544684,-0.6450990659686369,-0.2068820563706198,-0.43821700959801707,22.575757575757578,49.594730076838395,44.296269923161596,0.11286406905191765,-9.92366412213741,12.323204073019394,15.12437810945277,47.263681592039745,20103935.85,-261173480.0
2018-06-22,44.25,44.26,43.99,44.2,18930406.0,48.93,43.64,46.285,0.7064285714285715,46.40493026049158,47.025218449716114,46.341097418427466,-0.7541843726809674,-0.31634251963268933,-0.43784185304827805,20.77519379844972,49.70885268609896,43.88014731390104,0.12455962500289386,-8.317776394938804,16.207155225559326,9.605662285136457,48.02831142568243,20339624.55,-242243074.0
2018-06-25,43.41,43.47,42.87,43.25,39162091.0,48.93,42.87,45.9,0.7828571428571435,46.10446071187334,46.87717066737431,46.31034023018441,-0.9068388509008116,-0.4344417858863138,-0.4723970650144978,17.09986320109445,49.91135313747057,43.29064686252943,0.1420721931920161,-9.933361099541859,21.225062389205057,7.664233576642296,53.55839416058388,21765235.45,-281405165.0
2018-06-26,43.21,43.43,43.03,43.2,23681245.0,48.93,42.87,45.9,0.7607142857142861,45.82784540598064,46.73296789610473,46.2793915711776,-1.0200941959345826,-0.5515722678959676,-0.46852192803861503,8.120300751879782,50.09605793873511,42.814942061264894,0.15673312906911374,-9.924937447873228,27.69824120466896,2.065727699530438,55.11737089201873,21441868.35,-305086410.0
2018-06-27,42.73,42.85,41.9,41.99,35818400.0,48.93,41.9,45.415,0.8028571428571435,45.46233631969677,46.546969155081015,46.23671105803155,-1.1937262275600773,-0.6800030598287896,-0.5137231677312877,7.14285714285721,50.39236971626937,42.08563028373062,0.17964790398881353,-11.075815332486227,33.60918822853351,0.5338078291814513,62.277580071174334,22364096.4,-340904810.0
2018-06-28,41.91,42.37,41.84,42.36,26722776.0,48.93,41.84,45.385000000000005,0.7971428571428574,45.166875717820886,46.38277428625431,46.19813681864816,-1.286643332365692,-0.8013311143361701,-0.48531221802952196,11.864406779661053,50.51367932492044,41.53032067507956,0.19519705032030074,-10.006373486297004,40.048178046890825,0.5376344086021071,60.03584229390675,22704445.0,-314182034.0
2018-06-29,42.97,43.16,42.8,42.97,29799325.0,48.93,41.84,45.385000000000005,0.8349999999999999,44.957649458980804,46.24894000051885,46.1660160542835,-1.2961180631123597,-0.900288504091408,-0.3958295590209516,18.788627935723127,50.45488296728538,41.15811703271462,0.20295735178568014,-8.203375347148057,45.54110086380258,7.271171941830577,57.31394354148842,23002453.3,-284382709.0
2018-07-02,42.14,42.29,41.81,42.09,29289138.0,48.93,41.81,45.370000000000005,0.889285714285714,44.68453998669692,46.085844314224,46.12545868060904,-1.358970139188962,-0.9920248311109189,-0.36694530807804304,17.059483726150418,50.3256043708019,40.69939562919811,0.2115069209910198,-8.994594594594584,50.7592575753855,6.827309236947748,59.83935742971885,23771913.35,-313671847.0
2018-07-03,42.56,42.57,42.06,42.08,12393502.0,48.93,41.81,45.370000000000005,0.8649999999999994,44.43648855939245,45.92875238033286,46.08520536040398,-1.3935241003408407,-1.0723246849569033,-0.3211994153839375,18.58190709046457,50.10264275125265,40.32435724874734,0.2162691563914608,-6.426506559928846,55.837910887643694,9.331131296449184,56.64739884393061,23847379.5,-326065349.0
2018-07-05,42.12,42.17,41.67,41.95,22029492.0,48.93,41.67,45.3,0.8764285714285711,44.1996801251646,45.77272287522177,46.04405903840991,-1.4150860459687706,-1.1408769571592767,-0.2742090888094939,18.627450980392183,49.667646120381505,40.0773538796185,0.21372315428743674,-6.1940966010733405,60.73083593809976,9.209453952730202,58.353708231458846,24175245.65,-348094841.0
2018-07-06,41.83,42.52,41.78,42.34,22655314.0,48.29,41.67,44.980000000000004,0.8707142857142856,44.022567732291776,45.63810629187974,46.00720272957002,-1.3847418603955646,-1.1896499378065344,-0.1950919225890302,23.039806996381216,49.17289369029759,39.95910630970241,0.2067447691198487,-3.02336234539623,64.44557198353759,12.141099261689888,52.420016406890845,24217556.75,-325439527.0
2018-07-09,42.9,43.25,42.83,43.23,20980528.0,48.13,41.67,44.900000000000006,0.8621428571428567,43.94708509112113,45.54367075102171,45.97956887156435,-1.2741902408109098,-1.2065579984074095,-0.0676322424035003,32.482598607888605,48.62311853554036,40.010881464459644,0.19433258278043897,-2.1945701357466207,67.60490417806196,18.309859154929537,49.04722452361225,24466865.9,-304458999.0
2018-07-10,42.9,43.05,42.68,43.03,20659718.0,48.1,41.67,44.885000000000005,0.7735714285714279,43.8597436538715,45.44509542745223,45.95021992756868,-1.1890094534917566,-1.203048289424279,0.014038835932522531,37.135278514588855,48.03517928988556,40.09982071011444,0.18007281056949268,-0.5086705202312136,68.64701067583349,20.406278855032276,43.85964912280699,24844832.9,-325118717.0
2018-07-11,42.25,42.49,41.92,42.16,21451747.0,47.76,41.67,44.715,0.8228571428571421,43.697863305883736,45.31626815578744,45.9125062964486,-1.1781241135295417,-1.1980634542453317,0.019939340715789955,34.31372549019606,47.378136639615825,40.17686336038417,0.16449713389827325,-2.4074074074074248,69.36869831461958,19.184027777777743,47.82986111111108,25139942.75,-346570464.0
2018-07-12,42.87,43.03,42.74,42.94,23003372.0,47.36,41.67,44.515,0.8078571428571425,43.625685848180524,45.223081169285976,45.88292911936951,-1.0939475752283343,-1.1772402784419322,0.08329270321359794,45.43147208121828,46.79220203675136,40.33479796324863,0.14822968938452444,2.262443438914019,67.48690663690955,24.314765694075987,40.671971706454435,24954674.15,-323567092.0
2018-07-13,42.64,42.94,42.57,42.9,16474685.0,46.82,41.67,44.245000000000005,0.7914285714285708,43.556572910258566,45.13197994696104,45.853248232609616,-1.0187215400894587,-1.1455365307714376,0.12681499068197888,41.1924119241192,46.13809558812633,40.571904411873675,0.12838637241962075,1.2747875354107707,64.71657598454135,24.277978339350177,43.05054151624548,24893754.35,-340041777.0
2018-07-16,42.47,42.55,42.33,42.41,14458863.0,46.37,41.67,44.019999999999996,0.7371428571428561,43.44737549023394,45.02523563531551,45.81898705616574,-0.9872627200793431,-1.1138817686330187,0.12661904855367556,43.93063583815026,45.419026914767976,40.85097308523202,0.10590132907235321,-1.3032348149872086,60.66474311961366,26.06589147286823,37.693798449612395,24297725.3,-354500640.0
2018-07-17,41.92,42.44,41.88,42.34,14437968.0,45.02,41.67,43.345,0.7485714285714273,43.34191115783071,44.91993227706784,45.78437026953723,-0.9569486847998618,-1.0824951518663875,0.1255464670665256,43.80403458213255,44.71323201560256,41.165767984397434,0.08261540146497104,0.5939653124257482,55.71444299171434,25.66793893129773,41.41221374045798,23660009.7,-368938608.0
2018-07-18,41.95,42.19,41.75,42.16,19164830.0,44.91,41.67,43.29,0.6978571428571415,43.22934819041826,44.811699638751456,45.74830688377069,-0.936651948500554,-1.0533265111932208,0.11667456269266685,51.43824027072754,44.32312045387168,41.27487954612832,0.07122224602778951,0.1901140684410496,49.46295391074657,27.53326509723647,34.18628454452401,23107687.4,-388103438.0
2018-07-19,41.52,41.78,41.23,41.4,33097906.0,44.26,41.23,42.745,0.7264285714285705,43.055124553235565,44.67790749605532,45.705040148608795,-0.9707026314740261,-1.036801735249382,0.06609910377535577,42.380952380952365,43.99022782480906,41.27577217519093,0.06367029412938642,-1.3110846245530494,43.668552744767815,26.450344149459205,37.36479842674535,23926058.2,-421201344.0
2018-07-20,41.93,42.4,41.9,42.39,29884023.0,44.26,41.23,42.745,0.740714285714285,42.991779357689325,44.58818563346492,45.67205467449329,-0.9073440197697735,-1.0109101921534602,0.1035661723836867,45.65868263473055,43.84051244352433,41.29848755647566,0.05971469918718023,0.1180916391119391,39.5806756625073,24.300867888138846,36.64416586306655,23704766.45,-391317321.0
2018-07-23,42.27,42.34,42.18,42.29,13400858.0,43.47,41.23,42.349999999999994,0.6728571428571425,42.92494322838558,44.49806070666237,45.63840238917495,-0.8553411870126553,-0.9797963911252993,0.12445520411264399,51.69491525423725,43.49077301716537,41.45722698283464,0.04787743170717912,-2.1744159148739284,34.28944911062838,26.75159235668787,29.830148619957576,23428289.05,-404718179.0
2018-07-24,43.52,43.83,43.52,43.67,43350369.0,43.83,41.23,42.53,0.7464285714285711,42.995901016158385,44.46558773777365,45.61881629575033,-0.6947652788751739,-0.9227901686752742,0.22802488980010027,60.93535075653373,43.593333666114184,41.39666633388581,0.05169237162556472,1.4873344178480075,30.171780180866335,35.69377990430613,26.88995215311008,23637702.95,-361367810.0
2018-07-25,43.83,44.32,43.72,44.29,25671670.0,44.32,41.23,42.775,0.7571428571428568,43.119148538429016,44.45870194413547,45.605594243056295,-0.5115817009455128,-0.840548475129322,0.32896677418380915,65.07731958762884,43.8789791223847,41.22002087761529,0.06249093984111232,5.052182163187857,26.912508387506424,39.811320754716924,22.83018867924531,23737224.2,-335696140.0
2018-07-26,43.51,43.65,43.34,43.44,22324421.0,44.32,41.23,42.775,0.7721428571428562,43.1497058204834,44.41875284828702,45.58404604163285,-0.43003808061948234,-0.7584463962273541,0.32840831560787176,56.69099756690995,43.98083231606139,41.26316768393861,0.0637620156755379,1.1644154634373516,23.602019867018072,35.800185013875996,25.901942645698426,23062525.25,-358020561.0
2018-07-27,43.49,43.66,43.18,43.43,15788996.0,44.32,41.23,42.775,0.7414285714285705,43.176400504246885,44.37997822678557,45.56261274768626,-0.36204763072735346,-0.679166643127354,0.3171190124000005,51.3623978201635,44.074559458506336,41.27644054149366,0.06556733762961588,1.2354312354312391,20.553260105415756,30.25048169556837,28.51637764932567,22515836.25,-373809557.0
2018-07-30,43.5,43.6,43.21,43.31,9826478.0,44.32,41.23,42.775,0.7299999999999994,43.18912426574718,44.33801829632339,45.54019869049535,-0.31422551037622526,-0.6061784165771282,0.291952906200903,51.92837465564739,44.11469807637196,41.27030192362805,0.06662519535618461,2.1221410044800937,18.342686220689437,30.724070450097805,27.49510763209398,21517193.9,-383636035.0
2018-07-31,43.33,43.8,43.15,43.62,30970130.0,44.32,41.23,42.775,0.6971428571428565,43.23016004996174,44.30986071607541,45.521092235863556,-0.24844777494014636,-0.5346322882497319,0.2861845133095855,60.89552238805972,44.21906569724651,41.31893430275348,0.0678091934460247,3.0231459612659384,16.99890733910785,34.221311475409756,21.004098360655803,21601243.5,-352665905.0
2018-08-01,42.78,42.9,42.43,42.65,28691470.0,44.32,41.23,42.775,0.7199999999999989,43.17490671187014,44.244768138974415,45.492524153914665,-0.2714601158384937,-0.4819978537674843,0.21053773792899055,47.89550072568941,44.21253022099568,41.38246977900432,0.06612677006814333,1.1622390891840695,15.23951674008802,27.77777777777772,27.480158730158806,22416141.9,-381357375.0
2018-08-02,41.63,42.18,41.57,42.11,30635129.0,44.32,41.23,42.775,0.7707142857142847,43.073487025025365,44.16105174136758,45.4588671971593,-0.3294730881566963,-0.4514929006453267,0.12201981248863042,44.65493910690122,44.20204423112517,41.40895576887483,0.06525069120207305,1.7149758454106268,14.001023415581125,25.949953660796975,32.066728452270674,22846423.75,-411992504.0
2018-08-03,42.0,42.24,41.93,42.14,18099252.0,44.32,41.23,42.775,0.7521428571428562,42.98458349883247,44.081794810333555,45.42584364295871,-0.36877700563498905,-0.4349497216432592,0.06617271600827013,48.05194805194808,44.20884206386457,41.38215793613542,0.06605096628685614,-0.5897617362585539,13.12130702734611,27.160493827160455,30.57929724596394,22618620.65,-393893252.0
2018-08-06,41.79,41.99,41.69,41.91,13923574.0,44.32,41.23,42.775,0.7442857142857139,42.882242213229375,43.99662638639891,45.3908601241233,-0.4137156645637319,-0.43070291022735374,0.016987245663621864,46.967559943582465,44.180198198514425,41.278801801485564,0.06790148251275727,-0.8985575786237932,11.62734467083558,27.44721689059495,28.8867562380039,22265772.95,-407816826.0
2018-08-07,42.8,42.99,42.75,42.84,22857040.0,44.32,41.23,42.775,0.779285714285714,42.878219145302765,43.95126848889307,45.365478431345956,-0.37002127296016596,-0.41856658277391623,0.04854530981375027,54.33673469387759,44.16488936018402,41.27511063981598,0.06764463296741673,-1.900618273414234,11.89596061330776,35.380384967919284,26.397800183318086,22375639.05,-384959786.0
2018-08-08,42.5,42.71,42.26,42.67,15574839.0,44.32,41.23,42.775,0.7542857142857144,42.85838875051203,43.901022665799225,45.338657750437044,-0.3451322621829007,-0.40387971865571315,0.05874745647281243,58.75862068965519,44.16658150068675,41.324418499313246,0.06649034404495226,-3.6577105441408797,11.749455270914662,36.553030303030226,26.98863636363637,22081793.65,-400534625.0
2018-08-09,43.36,43.61,43.24,43.29,22012873.0,44.32,41.23,42.775,0.75,42.899494583796596,43.87706099263063,45.31827309620384,-0.2722405043125917,-0.3775518757870889,0.10531137147449715,56.540697674418595,44.20266516575518,41.32333483424482,0.06733228097912589,-0.34530386740331265,11.62101034701148,39.42857142857137,27.142857142857157,22032268.7,-378521752.0
2018-08-10,42.71,42.87,42.49,42.77,29326995.0,44.32,41.23,42.775,0.7921428571428569,42.88716176629216,43.833646836056886,45.29291714499783,-0.25351060279810156,-0.3527436211892914,0.09923301839118986,53.28767123287675,44.19473393163993,41.318266068360074,0.06727556893758507,-1.5196868524061657,11.730713462953945,37.330928764652796,32.46167718665466,22674884.2,-407848747.0
2018-08-13,42.44,42.58,42.07,42.15,20514512.0,44.32,41.23,42.775,0.7321428571428571,42.81695588378815,43.76762146993701,45.26164433758492,-0.2854058582747996,-0.3392760686063931,0.053870210331593504,38.379204892966335,44.19951149504369,41.28748850495631,0.06812785546544807,-2.6783652736088737,12.193031452059017,25.853658536585357,39.219512195121986,22977666.65,-428363259.0
2018-08-14,41.73,42.14,41.69,42.06,27870333.0,44.32,41.23,42.775,0.7185714285714287,42.7448648472369,43.700655922096345,45.22978717999701,-0.3143220173146659,-0.3342852583480477,0.019963241033381762,31.447587354409336,44.20707233325991,41.251927666740094,0.06915935516492853,-3.576341127922955,12.695739146950094,21.471172962226603,43.73757455268394,23649284.9,-456233592.0
2018-08-15,40.33,40.66,40.04,40.59,54101770.0,44.32,40.04,42.18,0.7950000000000007,42.539639623690526,43.57866941534747,45.183620143380125,-0.4506600676471564,-0.35756022020786943,-0.09309984743928695,28.50678733031677,44.39818902059827,40.903810979401726,0.08192956885410754,-4.830011723329419,14.751853946693094,19.40700808625332,50.943396226415125,25396131.9,-510335362.0
2018-08-16,41.01,41.33,40.91,40.98,33838697.0,44.32,40.04,42.18,0.8135714285714292,42.39110251667238,43.47676081082404,45.141793077276844,-0.5212307900712219,-0.39029433418053994,-0.13093645589068192,32.52496433666187,44.449114880205016,40.81088511979499,0.08534435281280851,-2.6834481120873943,16.836387724822828,24.84635645302894,48.375768217734866,25433171.45,-476496665.0
2018-08-17,40.62,41.65,40.52,41.52,51126728.0,44.32,40.04,42.18,0.8664285714285717,42.30814037222739,43.40002509275251,45.10575533521439,-0.527504367012348,-0.4177363407469016,-0.10976802626544646,37.9542395693136,44.470239561844174,40.70276043815583,0.08846651224421698,-1.4712861888941609,18.952093113507523,23.330585325638893,48.63973619126131,26495306.7,-425369937.0
2018-08-20,41.5,41.69,41.42,41.67,22424388.0,44.32,40.04,42.18,0.8392857142857143,42.247365098681925,43.3321809714681,45.071568714963504,-0.514442304877754,-0.4370775335730721,-0.07736477130468189,36.588720770288894,44.47975487971837,40.63124512028163,0.09043507324403983,-0.5726556907659108,19.934693491245202,22.723404255319164,50.21276595744679,26946483.2,-402945549.0
2018-08-21,42.19,42.51,42.17,42.42,29165846.0,44.32,40.04,42.18,0.8142857142857142,42.26380651785507,43.29640916866543,45.04518494665541,-0.43851684531500723,-0.4373653959214592,-0.001151449393548054,48.36879432624115,44.34466894847631,40.64133105152369,0.0871517166816327,-0.9803921568627527,21.288543722857558,30.614035087719323,45.438596491228076,26237257.05,-373779703.0
2018-08-22,42.68,42.89,42.6,42.72,18040984.0,43.8,40.04,41.92,0.7707142857142857,42.30725351615459,43.273804887541296,45.02204877803197,-0.3501021195001499,-0.41991274063719736,0.06981062113704745,54.47870778267253,44.06790446225472,40.76109553774529,0.07796411426539097,0.11717834544175965,20.927927616006833,35.8665430954588,40.03707136237257,25855722.75,-355738719.0
2018-08-23,42.34,42.45,41.88,41.98,37892124.0,43.8,40.04,41.92,0.808571428571428,42.276086514616054,43.22306744097105,44.991779635962004,-0.33587289420930233,-0.4031047713516184,0.06723187714231604,48.93617021276594,43.931988504901774,40.75101149509823,0.07512669626261567,-3.026103026103033,21.497731362661597,33.65724381625446,44.522968197879884,26634107.9,-393630843.0
2018-08-24,42.45,42.73,42.36,42.6,24170850.0,43.8,40.04,41.92,0.8299999999999993,42.306935417985954,43.19863342367807,44.96798083361413,-0.27143833998759703,-0.37677148507881414,0.1053331450912171,54.36156763590395,43.8122934830784,40.787706516921595,0.07150323797061002,-0.3974748655599769,21.885669606813284,35.197934595524956,41.308089500860596,27053200.6,-369459993.0
2018-08-27,43.42,43.75,43.31,43.35,28313751.0,43.8,40.04,41.92,0.8349999999999989,42.406274901987295,43.204569367847554,44.951881521836874,-0.15803305289095704,-0.33302379864124276,0.17499074575028573,53.29883570504526,43.820012551093434,40.783987448906565,0.07177024968528366,2.8469750889679846,21.400244492308065,35.158254918734,41.060735671514145,27977564.25,-341146242.0
2018-08-28,43.45,43.46,43.04,43.14,20369566.0,43.75,40.04,41.894999999999996,0.8235714285714272,42.47615348275041,43.2020372357751,44.933852849977804,-0.08413394701307197,-0.2832458283156086,0.19911188130253665,53.02445302445301,43.72162992779834,40.83437007220166,0.06829225260411283,2.5677603423680306,20.71141267668646,35.64614050303562,39.722463139635785,27447536.05,-361515808.0
2018-08-29,43.15,43.58,43.02,43.56,17135922.0,43.75,40.04,41.894999999999996,0.7964285714285698,42.57937696058371,43.216074991234905,44.92018267236609,0.00822727778599841,-0.22495120709528724,0.23317848488128565,51.783355350066074,43.87018099661089,40.776819003389114,0.07308852040171007,7.317073170731714,20.521973081485708,29.865470852017985,41.07623318385657,26869758.65,-344379886.0
2018-08-30,42.69,42.71,42.09,42.3,43466646.0,43.75,40.04,41.894999999999996,0.8442857142857128,42.55276963100431,43.18015048177471,44.894111202989315,-0.020016517915998122,-0.18396426925942944,0.1639477513434313,47.17208182912151,43.876490234914776,40.78950976508522,0.07292137268394763,3.221083455344065,21.286215881546497,28.172588832487342,40.27072758037231,27511334.5,-387846532.0
2018-08-31,42.24,42.54,41.97,42.39,29493875.0,43.75,40.04,41.894999999999996,0.8349999999999983,42.537267761384854,43.149164188371785,44.86919467360634,-0.034737252236183735,-0.1541188658547803,0.11938161361859656,51.54241645244217,43.88645629912195,40.80454370087805,0.07278016786302921,2.0953757225433467,20.855219203102298,28.48588537211296,38.15226689478195,28081065.65,-358352657.0
2018-09-04,42.22,42.22,41.89,42.09,22628322.0,43.75,40.04,41.894999999999996,0.8378571428571411,42.49467083172915,43.1076283378474,44.841540995262,-0.06980634890030046,-0.13725636246388434,0.06745001356358388,50.18773466833543,43.886825030799336,40.82217496920067,0.0723571299767125,1.0079193664506825,19.20772637875577,28.388746803069097,35.464620630861084,28516303.05,-380980979.0
2018-09-05,41.35,41.46,41.07,41.29,26749531.0,43.75,40.04,41.894999999999996,0.7664285714285697,42.37994027632637,43.03634879518672,44.806202278891234,-0.16030428675509256,-0.14186594732212598,-0.018438339432966577,54.781420765027285,43.86182408122638,40.69217591877362,0.07497334632194241,-2.663837812352665,16.005755935406007,31.034482758620747,31.034482758620747,28710927.6,-407730510.0
2018-09-06,41.46,41.56,41.05,41.38,20572571.0,43.75,40.04,41.894999999999996,0.749999999999999,42.28470786905719,42.97139394047352,44.77211071392715,-0.22220091286064303,-0.15793294042982942,-0.06426797243081361,52.849002849002886,43.834543869876306,40.59045613012369,0.07685135302937791,-3.1367041198501755,14.378992602933348,26.285714285714302,31.71428571428574,28960814.2,-387157939.0
2018-09-07,40.8,41.27,40.67,40.91,25440456.0,43.75,40.04,41.894999999999996,0.7199999999999994,42.153783310099364,42.890554962415735,44.73368175159952,-0.30565609385091363,-0.18747757111404628,-0.11817852273686735,45.61151079136688,43.731833877678895,40.4551661223211,0.07784260646792954,-2.5488327775130992,12.525023487705415,27.380952380952383,32.936507936507965,29132193.35,-412598395.0
2018-09-10,40.83,40.84,40.44,40.53,15888660.0,43.75,40.04,41.894999999999996,0.7342857142857139,41.99913728056609,42.797984179575906,44.69185407247913,-0.39787133714698086,-0.22955632432063322,-0.16831501282634764,42.06128133704737,43.72781371149648,40.23518628850351,0.08319444095596794,-4.859154929577469,10.778453817534452,26.4591439688716,34.53307392996115,28460276.6,-428487055.0
2018-09-11,39.92,40.41,39.82,40.39,31613549.0,43.75,39.82,41.785,0.7249999999999999,41.84588611098837,42.70355342743567,44.64904955434501,-0.47675369201259343,-0.2789957978590253,-0.19775789415356815,34.55098934550993,43.77612163233597,40.010878367664034,0.08987655041168528,-6.828143021914645,12.057348939882264,18.71921182266009,41.083743842364555,29015228.45,-460100604.0
2018-09-12,40.02,41.02,39.97,40.75,60840987.0,43.75,39.82,41.785,0.7664285714285717,41.74151600517995,42.62694348910486,44.610253041366455,-0.5044050675681291,-0.3240776518008461,-0.180327415767283,35.143288084464615,43.77624185249223,39.879758147507765,0.09315491309611892,-5.540101993509506,13.977809431771329,19.850885368126768,38.863000931966454,30663761.15,-399259617.0
2018-09-13,41.7,41.98,41.42,41.68,55438876.0,43.75,39.82,41.785,0.7942857142857146,41.735657338019955,42.58980845031643,44.58109629468619,-0.44613301060943655,-0.3484887235625642,-0.09764428704687234,47.800586510263955,43.74397508006346,40.02102491993656,0.08889035182061478,-4.315886134067959,13.37825815114402,27.787769784172617,31.02517985611512,30730616.45,-343820741.0
2018-09-14,41.54,41.66,41.02,41.23,45780489.0,43.75,39.82,41.785,0.7878571428571429,41.687499496303765,42.5364826287354,44.54775205294802,-0.43129156415337633,-0.36504929168072664,-0.06624227247264969,39.699248120300744,43.734181740257675,40.05581825974232,0.08779958182397324,-2.529550827423166,13.923194860310195,25.475974614687235,34.90480507706256,31327706.05,-389601230.0
2018-09-17,41.07,41.35,40.99,41.08,32388723.0,43.75,39.82,41.785,0.7314285714285715,41.62964240141769,42.47936566290264,44.5132470573963,-0.42671445864901614,-0.3773823250743846,-0.049332133574631565,31.239669421487633,43.74136376487764,40.00463623512237,0.08923954647995774,-3.0903514979948143,16.00294932101704,17.480468749999993,37.890625000000014,30390805.8,-421989953.0
2018-09-18,41.46,41.9,41.46,41.81,22287946.0,43.75,39.82,41.785,0.76,41.646819315568386,42.45311602906332,44.48634907672569,-0.3600319462607118,-0.37391224931165,0.013880303050938236,39.87823439878239,43.746209217134634,40.01379078286536,0.0891217391181776,-0.6652411499168509,17.14123662673335,21.992481203007483,33.92857142857142,30383983.7,-399702007.0
2018-09-19,42.39,42.68,42.37,42.54,27435530.0,43.75,39.82,41.785,0.7821428571428574,41.73188414265711,42.45652324360985,44.46698241924583,-0.24545126622701474,-0.34822005269472295,0.1027687864677082,42.58720930232558,43.76027347328095,40.01172652671906,0.08949403014281353,3.0273674013078233,16.671640945691195,27.397260273972595,32.968036529680354,30297467.9,-372266477.0
2018-09-20,42.78,42.87,42.52,42.79,31091910.0,43.75,39.82,41.785,0.7021428571428571,41.83265708145167,42.46960076346829,44.45029602701453,-0.13293989279632257,-0.3051640207150429,0.17222412791872033,54.17376490630325,43.77058003691395,40.00841996308605,0.08981152971097531,3.407443209279837,16.02964822628151,32.451678535096626,27.263479145473042,30950014.2,-341174567.0
2018-09-21,43.4,43.45,43.11,43.12,51637751.0,43.75,39.82,41.785,0.7085714285714287,41.955261168932466,42.495106615881305,44.437059250626326,-0.01695018548969074,-0.24752125366997246,0.23057106818028172,55.9738134206219,43.906556658690334,39.986443341309666,0.09345507533121161,5.402102175507206,16.358901598991988,38.00403225806454,25.806451612903174,31637295.55,-289536816.0
2018-09-24,42.66,42.71,42.36,42.64,24839717.0,43.75,39.82,41.785,0.7271428571428571,42.0204743909389,42.50078870937616,44.41917806405293,0.03582750753390229,-0.19085150142919752,0.2266790089630998,54.372019077901406,43.9114438150558,39.98555618494421,0.09358827205052836,5.2060202319269555,16.118390441257876,37.033398821218114,31.72888015717089,31670738.9,-314376533.0
2018-09-25,42.85,42.93,42.71,42.84,19372520.0,43.58,39.82,41.7,0.6749999999999997,42.09852444894472,42.51409111293004,44.40346484948524,0.09272367719587749,-0.13413646570418253,0.22686014290006,63.62038664323377,43.82147695188939,40.024523048110616,0.09056970884189516,6.065857885615267,17.881783298400737,42.222222222222264,25.50264550264548,31223677.35,-295004013.0
2018-09-26,43.11,43.63,43.02,43.03,24249525.0,43.63,39.82,41.725,0.6949999999999993,42.187236406188084,42.53432283399161,44.38979853257494,0.15140046337325685,-0.07702907988869466,0.22842954326195153,64.24870466321242,43.80171559835008,40.03328440164993,0.08990114383491737,5.595092024539872,19.437729814938393,47.17368961973287,24.768756423432674,31417675.3,-270754488.0
2018-09-27,43.01,43.27,42.93,43.04,26354524.0,43.63,39.82,41.725,0.668571428571428,42.26845198655113,42.554153311089976,44.376367701405044,0.19644466378717595,-0.022334331153520535,0.2187789949406965,69.98123827392126,43.692812679252015,40.09018732074797,0.08599895822551216,3.262955854126681,21.409172953335794,49.03846153846162,22.649572649572715,31878605.4,-244399964.0
2018-09-28,42.92,43.11,42.67,42.82,20767243.0,43.63,39.82,41.725,0.6664285714285708,42.320980368784355,42.56457867143939,44.360881455619925,0.21194716082045062,0.024521967241273698,0.18742519357917692,72.14700193423599,43.75821925301882,40.076780746981186,0.08782581275213541,3.8564152316274747,23.049468729193027,49.196141479099765,23.043944265809223,30743635.25,-265167207.0
2018-10-01,43.09,43.23,42.89,43.02,18814245.0,43.63,39.82,41.725,0.644999999999999,42.387553666995366,42.582438331382946,44.347539351583904,0.23763205552378253,0.06714398489777547,0.17048807062600707,75.14340344168264,43.844511595991825,40.05348840400817,0.09037219461688371,4.7224926971762615,24.01836186241894,52.15946843853829,16.943521594684423,30209653.75,-246352962.0
2018-10-02,41.94,42.23,41.9,41.98,35665734.0,43.63,39.82,41.725,0.6499999999999991,42.348739032043426,42.5588132987797,44.32398174609551,0.17208452794919538,0.08813209350805945,0.08395243444113593,60.406091370558336,43.83792700683444,40.04907299316556,0.09033232833857169,0.4066012915570294,23.41022736995125,45.05494505494505,27.69230769230776,30861524.35,-282018696.0
2018-10-03,42.23,42.26,41.61,41.74,20062872.0,43.63,39.82,41.725,0.6085714285714278,42.29076388613453,42.52670297333736,44.29827048494033,0.09962325104091008,0.09043032501462958,0.009192926026280496,50.57471264367818,43.838306767490884,40.09369323250912,0.089229698684215,-1.8805829807240215,23.413201036482075,36.854460093896776,32.98122065727706,30527191.4,-302081568.0
2018-10-04,41.21,41.21,40.48,40.72,53172650.0,43.63,39.82,41.725,0.6514285714285712,42.141167325550285,42.455851876343736,44.262665803498145,-0.03965123372815782,0.0644140132660721,-0.10406524699422992,45.59585492227981,43.87091097509189,39.995089024908125,0.09242892114048035,-4.837578873568593,22.725515917659237,34.42982456140353,38.81578947368428,32157195.35,-355254218.0
2018-10-05,41.0,41.03,40.46,40.89,26649030.0,43.63,39.82,41.725,0.6664285714285713,42.02200853264073,42.394445920408685,44.229106939781744,-0.1347563003281067,0.02457995054723634,-0.15933625087534303,48.36488812392429,43.87215300536418,39.99184699463582,0.09253806187943245,-5.171614100185518,20.510259222499634,33.65487674169348,37.83494105037516,32217624.05,-328605188.0
2018-10-08,40.24,40.71,40.17,40.59,23282441.0,43.63,39.82,41.725,0.659285714285714,41.88562676762733,42.32368333529462,44.192896920480436,-0.23166475649241391,-0.02666899086069371,-0.2049957656317202,38.66171003717472,43.866189979482925,40.00381002051708,0.09210396945191,-4.807692307692301,20.35627563218363,28.060671722643605,41.38678223185267,32587313.1,-351887629.0
2018-10-09,40.42,40.67,40.23,40.52,23741267.0,43.63,39.97,41.8,0.6285714285714289,41.75556707547234,42.25295065547915,44.15635068246571,-0.31053417649017945,-0.08344202798659087,-0.22709214850358858,28.601694915254285,43.85155400860883,40.03144599139118,0.09108181674994095,-5.415499533146595,22.24721540533534,20.568181818181834,43.409090909090885,32193699.0,-375628896.0
2018-10-10,40.49,40.52,39.43,39.43,45927891.0,43.63,39.43,41.53,0.6814285714285724,41.534084496855925,42.142246708205455,44.10932231746605,-0.4557391730526419,-0.1579014569998011,-0.2978377160528408,19.784172661870514,44.03397387607477,39.71702612392524,0.10309005867749713,-8.366256100395075,25.06069238831828,16.981132075471724,48.42767295597474,31448044.2,-421556787.0
2018-10-11,39.27,39.81,38.64,39.08,77242932.0,43.63,38.64,41.135000000000005,0.7178571428571436,41.30036216382203,42.02215860200132,44.05927930933206,-0.5922303906095223,-0.24476724372174535,-0.34746314688777696,13.799283154121909,44.24050110748041,39.25049889251959,0.11953389502966368,-9.20074349442379,28.53473625473511,10.348258706467641,53.83084577114418,32538247.0,-498799719.0
2018-10-12,39.99,40.16,39.53,40.09,48716537.0,43.63,38.64,41.135000000000005,0.7407142857142865,41.18508957679136,41.94638767643264,44.019783992821296,-0.6118490893722139,-0.3181836128518391,-0.29366547652037484,29.132569558101537,44.28318505339826,39.093814946601746,0.12447965522377913,-6.375525455394671,31.844400616347524,13.404050144647947,44.937319189970985,32685049.4,-450083182.0
2018-10-15,39.48,39.79,39.31,39.51,24447009.0,43.63,38.64,41.135000000000005,0.7757142857142867,41.025557236144564,41.85084306167058,43.97491052025591,-0.6665150318287729,-0.3878498966472259,-0.278665135181547,24.345146379044706,44.371814811431776,38.84818518856822,0.1327476477496648,-8.158995815899594,34.46117304846087,10.773480662983362,44.935543278084616,32287963.7,-474530191.0
2018-10-16,39.66,40.27,39.64,40.24,30376841.0,43.63,38.64,41.135000000000005,0.77357142857143,40.95074226127365,41.787672745526635,43.93774723149715,-0.643515242792418,-0.43898296587626434,-0.20453227691615367,30.156472261735487,44.35787409525491,38.70512590474511,0.1361074892674186,-4.144830871843719,37.05167957697279,8.771929824561347,45.06001846722056,32692408.45,-444153350.0
2018-10-17,39.99,40.05,39.58,39.75,24025979.0,43.63,38.64,41.135000000000005,0.7964285714285728,40.83638585543807,41.70776401040794,43.89607810481559,-0.6572502771053266,-0.4826364281220768,-0.17461384898324978,28.095872170439506,44.283450919705274,38.50054908029473,0.13971061653001887,-4.7676090081456675,39.225297366757914,8.520179372197255,43.49775784753351,32521930.9,-468179329.0
2018-10-18,39.22,39.26,38.49,38.64,42239521.0,43.63,38.49,41.06,0.8550000000000014,40.62720625015825,41.587459539411554,43.84377882019056,-0.7490683207737874,-0.535922806652419,-0.2131455141213684,25.119047619047706,44.244265900919935,38.124734099080065,0.14858822619771683,-5.108055009823175,41.73534041616211,7.936507936507888,47.451963241436786,33079311.45,-510418850.0
2018-10-19,39.47,39.81,39.31,39.48,38725946.0,43.63,38.49,41.06,0.9092857142857161,40.517948512047944,41.50481406727777,43.800358135412544,-0.7454605963456729,-0.5778303645910697,-0.16763023175460312,30.420353982300895,44.01010352230465,37.99489647769536,0.14670342161110378,-3.4482758620689724,42.44569592467626,10.840534171249017,44.61901021209726,32433721.2,-471692904.0
2018-10-22,40.6,40.71,40.28,40.54,32968753.0,43.63,38.49,41.06,0.9171428571428589,40.52004865375766,41.466978221502174,43.76791676093083,-0.6495803496131529,-0.5921803615954864,-0.05739998801766655,42.05298013245036,43.80950690427357,37.98549309572643,0.14240513010690473,-0.1231830500123321,43.21067364223885,17.75700934579437,36.52647975077868,32840173.0,-438724151.0
2018-10-23,39.28,40.2,39.14,39.89,51148988.0,43.63,38.49,41.06,0.9707142857142875,40.460044020066455,41.40513593830601,43.72933052450366,-0.6189097249695763,-0.5975262342703044,-0.021383490699271923,40.2323125659979,43.54418945972751,37.95581054027249,0.13713813299276134,-1.5547877591313042,45.79222800311363,16.777041942604836,40.76526857983798,34428996.4,-489873139.0
2018-10-24,39.69,39.8,38.73,38.73,31928010.0,43.27,38.49,40.88,0.9635714285714302,40.29527792291727,41.300228646607735,43.67958594217029,-0.6803625435540184,-0.6140934961270472,-0.06626904742697115,39.64620187304891,43.25115440224812,37.81884559775189,0.1340152659305842,-1.7752979964494098,47.91984399848705,16.901408450704206,35.73017049666409,34812920.65,-521801149.0
2018-10-25,39.16,39.87,39.13,39.62,33292137.0,43.23,38.49,40.86,1.004285714285716,40.23096573978229,41.23433732713292,43.63919205219845,-0.6497587684443431,-0.6212265505905065,-0.02853221785383664,43.852855759922555,42.83575539583742,37.89224460416259,0.12247326309768171,1.3817809621289534,49.94974812734171,16.714082503556167,34.13940256045511,35159801.3,-488509012.0
2018-10-26,38.81,39.41,38.63,38.98,51478763.0,43.23,38.49,40.86,1.02357142857143,40.11182614551731,41.14593194175516,43.592831932276084,-0.6694309244872514,-0.6308674253698555,-0.03856349911739587,42.45548266166822,42.42759981519874,37.91640018480127,0.1122971131732916,-2.7687702668994896,51.16064361285057,16.399162595952536,34.96161898115835,36695377.3,-539987775.0
2018-10-29,39.05,39.12,37.85,38.26,36120367.0,42.26,37.85,40.055,1.0828571428571436,39.93546175070614,41.0327581401177,43.53976892797483,-0.7346506373472295,-0.6516240677653303,-0.08302656958189913,40.01766784452296,41.91169030623518,37.95630969376483,0.09904794442005183,-3.1637560111364205,51.62913244723639,15.50131926121372,38.192612137203135,37560683.4,-576108142.0
2018-10-30,38.43,38.85,38.35,38.81,33135815.0,42.26,37.85,40.055,1.0471428571428578,39.828274917305556,40.94559115423073,43.49270655058205,-0.7335019720683249,-0.6679996486259293,-0.0655023234423956,47.12430426716143,41.56160396349956,37.989396036500445,0.08980925260522464,-3.5536779324055634,50.764159545478755,16.0300136425648,34.0381991814461,37434187.45,-542972327.0
2018-10-31,39.18,39.56,39.11,39.29,27443288.0,41.21,37.85,39.53,1.0171428571428578,39.77701063946693,40.88066601092757,43.45088857495437,-0.6859524255156941,-0.6715902040038824,-0.014362221511811768,50.96241979835014,41.190572933659816,38.11542706634018,0.07755140512242792,-1.1572327044025221,47.046341070789246,21.48876404494382,29.49438202247191,37803208.25,-515529039.0
2018-11-01,39.98,41.02,39.83,40.94,68068477.0,41.03,37.85,39.44,1.0635714285714297,39.88777153094627,40.88299283402845,43.425904609034426,-0.5092574539942234,-0.6391236540019506,0.1298662000077272,53.679653679653654,41.23646571379478,38.091534286205224,0.07928931594366566,5.952380952380953,43.21125793951842,28.005372733378138,28.206850235057075,38547999.6,-447460562.0
2018-11-02,41.65,41.95,40.54,41.08,49165871.0,41.95,37.85,39.900000000000006,1.1085714285714299,40.001317099427574,40.89071860524302,43.40256227461617,-0.3538496278278984,-0.5820688487671402,0.22821922093924174,57.06570657065706,41.27909908478429,38.067900915215716,0.08094063214913166,4.052684903748727,39.71214991898468,32.86082474226806,25.644329896907216,39673841.65,-398294691.0
2018-11-05,40.95,41.26,40.9,41.13,23627530.0,41.95,37.85,39.900000000000006,1.0800000000000007,40.1088107090059,40.90010218935114,43.37994971466974,-0.22407028108415972,-0.510469135230544,0.28639885414638433,54.26653883029722,41.38710949213353,38.01389050786646,0.08496666249208623,1.4553527380365194,35.4287150563484,30.555555555555568,26.32275132275133,39691096.1,-374667161.0
2018-11-06,41.02,41.22,40.91,41.13,18043216.0,41.95,37.85,39.900000000000006,1.0550000000000008,40.20606683195772,40.90911778976874,43.3575621553198,-0.11983779823839313,-0.4323428678321139,0.31250506959372076,56.94164989939639,41.50005446050091,37.96194553949909,0.08905159500143016,3.1085485083981013,31.211239485000586,31.279620853080576,26.540284360189563,39406193.55,-374667161.0
2018-11-07,41.65,42.03,41.36,41.97,38296352.0,42.03,37.85,39.94,1.029285714285715,40.374060467009365,40.95072101369938,43.34375556670965,0.03020004784576713,-0.3398342846965377,0.37003433254230483,67.21820062047568,41.882342388350125,37.83365761164987,0.10157772032465895,8.365608055770736,28.36371194725797,37.682165163081216,19.639139486467755,39024616.6,-336370809.0
2018-11-08,41.38,41.58,40.75,41.0,36277910.0,42.03,37.85,39.94,1.0328571428571434,40.43367375586561,40.952653522966074,43.32043461579712,0.0700279893892386,-0.25786182987938244,0.32788981926862104,57.75510204081634,42.00492431023769,37.9030756897623,0.10266427943323309,3.4830893488137393,25.249510284897667,33.748271092669434,23.789764868603065,36976365.5,-372648719.0
2018-11-09,39.99,40.09,39.58,39.89,47290657.0,42.03,37.85,39.94,1.046428571428572,40.38189530292603,40.91098083579094,43.28630093802799,0.01188716878211693,-0.2039120301470826,0.21579919892919952,46.70050761421321,41.994082411695935,37.89391758830407,0.1026478275433573,2.334530528476142,23.303606848989684,27.167235494880558,31.467576791808906,36905071.5,-419939376.0
2018-11-12,39.9,39.96,39.44,39.54,22649700.0,42.03,37.85,39.94,0.9835714285714293,40.30171479788546,40.8572168814462,43.24902431177896,-0.06172045042610819,-0.1754737142028877,0.11375326377677952,48.1675392670157,41.99428885917555,37.89671114082444,0.10257920712849018,3.3455305802404522,20.674096546845114,28.90341321713872,26.216412490922323,36815206.05,-442589076.0
2018-11-13,40.26,40.84,40.06,40.34,48354235.0,42.03,37.85,39.94,0.9935714285714293,40.30536100761066,40.83693386648753,43.22007879623887,-0.054869206780978175,-0.1513528127185058,0.09648360593752764,58.759521218716024,42.00280012168831,37.89819987831169,0.10274214949441493,3.9422829167740314,19.58987409051908,34.93889288281814,23.00503235082675,37714075.75,-394234841.0
2018-11-14,40.75,40.87,40.17,40.53,40206318.0,42.03,37.85,39.94,0.9621428571428575,40.326755197362026,40.82489724427233,43.193311843042466,-0.033719438035866744,-0.12782613778197802,0.09410669974611127,55.35924617196704,42.05535753827056,37.923642461729436,0.10331999841311162,3.156019343344374,18.585143160601117,35.78322197475871,23.756495916852277,38523092.7,-354028523.0
2018-11-15,40.62,41.7,40.51,41.28,62021009.0,42.03,37.85,39.94,0.9764285714285725,40.417540416660884,40.84274441116361,43.17427391425598,0.04306422053122816,-0.09364806611933679,0.13671228665056495,63.372093023255836,42.16150283797742,38.08149716202257,0.10169125471268152,0.8304836345872202,18.52714580128249,41.33138258961228,19.751280175566933,39512167.1,-292007514.0
2018-11-16,41.04,41.82,40.93,41.46,47186166.0,42.03,37.85,39.94,0.9492857142857157,40.5168222817408,40.86695051268661,43.15721646237284,0.11709057159625758,-0.05150033857621792,0.1685909101724755,69.85111662531018,42.32071026516479,38.12028973483521,0.10443481633320273,0.9250243427458615,19.084615604526025,43.41610233258085,14.446952595936786,39935178.1,-244821348.0
2018-11-19,41.16,41.26,40.57,40.78,32064158.0,42.03,37.85,39.94,0.970714285714287,40.54188682633691,40.86354068865968,43.13356256722485,0.11950904526149486,-0.017298461808675364,0.13680750707017023,62.02686202686202,42.34311353015967,38.121886469840334,0.1049208242172208,-0.8509603695599388,19.612239519866357,42.45768947755699,16.777041942604846,39889948.35,-276885506.0
2018-11-20,40.25,40.52,39.95,40.15,31192152.0,42.03,37.85,39.94,0.9764285714285725,40.504564271447684,40.83555870086911,43.10387537750122,0.06978552411305117,0.00011833537566994296,0.06966718873738123,55.15587529976018,42.3504263019999,38.1405736980001,0.10460430617087144,-2.3826890347678154,20.42889659508899,37.015362106803195,21.214337966349635,38892106.55,-308077658.0
2018-11-21,41.04,41.25,40.77,40.9,32956059.0,42.03,37.85,39.94,0.9314285714285724,40.54222481702409,40.838085810638944,43.08194626926738,0.08986213262507903,0.018067094825551758,0.07179503779952727,49.731182795698935,42.350949252184094,38.357050747815904,0.09897156426545546,-2.5494400762449354,21.816059232418947,33.20552147239259,22.23926380368095,38943509.0,-275121599.0
2018-11-23,40.21,40.58,40.21,40.31,23611902.0,42.03,37.85,39.94,0.8800000000000006,40.520108167783704,40.81737656316291,43.0543647143493,0.05750207225559478,0.025954090311560363,0.03154798194403442,45.12040557667937,42.3556756403558,38.4213243596442,0.0974126615425578,-1.682926829268283,20.99747593287599,27.597402597402564,28.084415584415574,38459497.25,-298733501.0
2018-11-26,41.04,41.25,40.94,41.13,32289098.0,42.03,37.85,39.94,0.9214285714285718,40.57819310418525,40.82963630578397,43.03521680674383,0.09690655974667095,0.04014458419858249,0.05676197554808846,50.0,42.37195758004138,38.62004241995861,0.09264903101745295,3.1085485083981013,21.044552300715814,31.550387596899217,26.821705426356584,37500014.0,-266444403.0
2018-11-27,40.8,41.22,40.68,41.19,23974804.0,42.03,38.35,40.19,0.9378571428571431,40.636460427596184,40.843768215361074,43.016856440507574,0.1314609979833108,0.05840786695552815,0.07305313102778263,50.34403669724769,42.216564467351404,39.06843553264859,0.07745903757649779,4.1729893778452265,20.779996468913197,30.997715156130994,28.33206397562832,36892735.85,-242469599.0
2018-11-28,41.48,42.2,41.29,42.11,58090573.0,42.2,39.11,40.655,0.9457142857142864,40.77679752972988,40.89342436377829,43.00783299333835,0.2304257459124912,0.09281144274692077,0.13761430316557044,50.795454545454554,42.259900916091304,39.35509908390869,0.07118303822048921,4.387704511650958,18.998258307333945,32.02416918429002,28.09667673716009,38140473.75,-184379026.0
2018-11-29,41.55,41.78,41.25,41.44,51899097.0,42.2,39.44,40.82,0.9200000000000007,40.83995966975561,40.91485870245365,42.99223266504642,0.2518890014591406,0.12462695448936474,0.1272620469697759,52.58823529411764,42.20349973960334,39.626500260396675,0.0629842228817466,2.2452504317789224,18.815541835713557,32.919254658385086,24.456521739130405,39363264.2,-236278123.0
2018-11-30,41.62,42.11,41.42,42.02,45521316.0,42.2,39.44,40.82,0.8678571428571432,40.95234446311222,40.958197576867235,42.98255870818029,0.31210221875114286,0.16212200734172036,0.1499802114094225,63.36260978670013,42.3491739020901,39.5888260979099,0.06737649940638529,1.792635658914743,21.11610435737464,37.613168724279824,16.296296296296266,38235906.15,-190756807.0
2018-12-03,43.03,43.06,42.44,42.65,62574750.0,43.06,39.44,41.25,0.9050000000000001,41.114025942815815,41.024542769931266,42.97924966630785,0.4059775061593882,0.21089310710525394,0.19508439905413427,68.84848484848484,42.61951680719898,39.47548319280102,0.07659500857294488,2.870236372407131,24.339330406687655,43.56748224151541,14.5224940805051,38906350.1,-128182057.0
2018-12-04,42.78,42.84,41.83,42.0,51088672.0,43.06,39.44,41.25,0.8842857142857145,41.198404424452406,41.06279599463984,42.96950588853365,0.4230481443720109,0.2533241145586053,0.16972402981340556,60.2469135802469,42.7197534788137,39.46224652118629,0.07927543641253348,2.9916625796959195,25.074547689518575,37.47980613893376,19.789983844911106,40279407.2,-179270729.0
2018-12-06,40.83,41.45,40.59,41.45,60013434.0,43.06,39.44,41.25,0.9350000000000003,41.22236590783789,41.07798046543828,42.9543864269562,0.3877268706711092,0.28020466578110614,0.10752220489000308,55.43735224586289,42.74363454429811,39.47036545570189,0.07962802171397142,3.2378580323785933,24.423464553983933,35.217723453017605,28.18945760122223,42377918.1,-239284163.0
2018-12-07,41.23,41.49,40.42,40.58,51981636.0,43.06,39.44,41.25,0.9264285714285714,41.16118820232952,41.05845181973482,42.9307606913646,0.28623325884651507,0.281410384394188,0.004822874452327097,45.92074592074591,42.63747203923274,39.43752796076726,0.07797609694707226,-0.7823960880195657,21.97473448980413,29.144178874325377,29.76098689282955,43062182.3,-291265799.0
2018-12-10,40.37,40.61,39.8,40.42,41488504.0,43.06,39.44,41.25,0.9207142857142857,41.09059884972671,41.03341449347071,42.905777997918186,0.19069002156118842,0.2632663118275881,-0.07257629026639967,43.92523364485981,42.63218359635224,39.38481640364777,0.07918766091674831,0.27288514016372556,19.118212387508294,28.394103956555494,34.755624515127984,43322712.0,-332754303.0
2018-12-11,40.84,40.88,40.32,40.67,33732600.0,43.06,39.44,41.25,0.8971428571428574,41.050541816419404,41.019162944707155,42.88353145067522,0.13360412315746117,0.2373338740935627,-0.10372975093610154,49.32349323493236,42.59368545902328,39.50131454097672,0.07533640095125294,-1.1184050571359072,16.19008461466002,31.289808917197497,32.802547770700606,42644809.15,-299021703.0
2018-12-12,41.51,41.81,41.22,41.26,43596162.0,43.06,39.8,41.43,0.9192857142857146,41.07049021485565,41.028607535110794,42.86737690887746,0.13442167713564857,0.21675143470197988,-0.08232975756633132,56.86032138442523,42.50849894737202,39.75850105262798,0.06685543157630743,0.16994416120417188,15.41381777121518,37.7622377622378,27.195027195027187,43692132.25,-255425541.0
2018-12-13,41.71,41.8,41.5,41.59,31964134.0,43.06,39.8,41.43,0.8792857142857144,41.11996733725035,41.050622925890764,42.85466669087868,0.15985512623952047,0.205372173009488,-0.04551704676996754,54.49804432855284,42.532222483842766,39.85977751615723,0.06487146731929158,-1.2348610781287017,14.590830690662157,33.54995938261583,28.432168968318432,42872627.2,-223461407.0
2018-12-14,41.06,41.38,40.98,41.13,39195099.0,43.06,39.8,41.43,0.8735714285714293,41.12092282894079,41.053735752326425,42.83750582828287,0.1412647501671742,0.19255068844102527,-0.051285938273851056,55.43766578249337,42.525706849542644,39.926293150457354,0.06305277492566073,-0.7480694980694813,15.15888561288111,33.76941946034347,28.29108748977921,42822066.25,-262656506.0
2018-12-17,40.81,41.1,40.36,40.55,48713050.0,43.06,39.8,41.43,0.8614285714285727,41.06654922618453,41.03398140909794,42.81474457626016,0.07882197973821548,0.1698049467004633,-0.09098296696224784,46.02739726027394,42.523374057027546,39.855625942972445,0.06476767414159194,-3.498334126606395,15.167591474039224,28.689883913764536,33.83084577114422,42156668.3,-311369556.0
2018-12-18,40.13,40.37,39.87,39.97,32287626.0,43.06,39.8,41.43,0.8714285714285727,40.962115966547906,40.99225664795684,42.78643866007847,-0.017266481193168204,0.132390661121737,-0.1496571423149052,42.199488491048605,42.548016692895175,39.681983307104815,0.06970773162569281,-6.283704572098481,15.628060850701512,28.360655737704942,35.327868852458984,41411741.3,-343657182.0
2018-12-19,39.95,40.23,38.79,39.31,60141387.0,43.06,38.79,40.925,0.9021428571428578,40.80477158878144,40.92628579901736,42.75184723062495,-0.14500226703749064,0.07691207548989148,-0.22191434252738212,31.481481481481495,42.68255582188331,39.400444178116686,0.07997055769810134,-6.4047619047619015,17.80257473433277,19.6357878068092,42.6761678543151,42815602.75,-403798569.0
2018-12-20,39.34,39.51,38.96,39.27,54806818.0,43.06,38.79,40.925,0.8800000000000006,40.658602866040354,40.86133341474217,42.717201984549085,-0.24661859763304506,0.012205940865304176,-0.25882453849834924,34.34343434343438,42.78026987327679,39.21473012672322,0.08696968709198288,-5.259348612786486,19.36716284644549,20.12987012987015,43.42532467532465,43996336.05,-458605387.0
2018-12-21,39.19,39.53,38.82,38.98,36337634.0,43.06,38.79,40.925,0.8814285714285722,40.49873592641746,40.78755563377189,42.68001589515059,-0.3465559666451341,-0.059546440636783486,-0.2870095260083506,27.108433734939723,42.900091872718065,38.90290812728195,0.09772706980027915,-3.9428289797930005,19.665398043165943,17.423014586709915,44.489465153970805,44165414.8,-494943021.0
2018-12-24,38.9,39.23,38.6,38.67,17081157.0,43.06,38.6,40.83,0.8521428571428576,40.32457060009199,40.70451423636907,42.64011523947745,-0.4456344641144909,-0.13676404533232497,-0.3088704187821659,18.512658227848135,43.04227659459604,38.59672340540396,0.10890758557042793,-4.329539831766449,20.75595003820418,10.05867560771167,47.862531433361255,43838877.55,-512024178.0
2018-12-26,38.92,39.48,38.41,39.46,32870086.0,43.06,38.41,40.735,0.8564285714285715,40.24223054294037,40.65570975651146,42.60847230177121,-0.45516166909345657,-0.2004435700845513,-0.2547180990089053,30.340557275541798,43.033865370984124,38.438134629015885,0.11281742787628238,-2.975165970002458,22.529993994011498,12.093411175980005,42.53544620517098,43867926.95,-479154092.0
2018-12-27,38.61,39.12,38.38,39.09,35999845.0,43.06,38.38,40.72,0.8328571428571431,40.132494300755575,40.59430937390317,42.57346262712672,-0.48695464542633715,-0.25774578515290847,-0.22920886027342868,31.210191082802552,43.03115701240989,38.23084298759011,0.1181441270168045,-5.259331071255435,25.00203303299244,12.435677530017173,33.36192109777015,44469179.0,-515153937.0
2018-12-28,39.12,39.33,38.92,39.07,24800256.0,43.06,38.38,40.72,0.7857142857142857,40.03130436735028,40.534532535710895,42.5386023024787,-0.5079097733745925,-0.3077785827972453,-0.20013119057734724,36.095764272559876,42.86980607415575,38.08819392584425,0.11812574787696078,-6.0591488338543,27.6622360620232,15.090909090909124,33.818181818181806,42804663.15,-539954193.0
2018-12-31,39.54,39.57,38.945,39.08,18322685.0,43.06,38.38,40.72,0.7724999999999999,39.94070395141216,40.47749204411439,42.50418834922021,-0.5177417422984405,-0.34977121469748435,-0.16797052760095615,37.31060606060603,42.7848282030507,37.93717179694931,0.12010744050200423,-4.98419645027961,28.656971056758184,17.568192325473937,28.663892741562595,41125842.55,-521631508.0
2019-01-02,38.27,38.78,38.24,38.76,30521462.0,43.06,38.24,40.650000000000006,0.7924999999999994,39.82825595603958,40.41013941493344,42.46693274375533,-0.5450717265858032,-0.3888313170751481,-0.15624040951065504,32.149532710280354,42.59033512878734,37.80566487121266,0.11902756996802515,-4.414303329223179,31.346838972245646,14.691302388463306,34.29472735466422,40375849.85,-552152970.0
2019-01-03,38.28,38.37,38.0,38.09,30627003.0,42.84,38.0,40.42,0.7653571428571421,39.66270776975009,40.31915355552429,42.423381174165726,-0.6137197572772024,-0.433809005115559,-0.17991075216164343,20.8103130755065,42.24467522262617,37.69532477737384,0.11381912547541478,-4.703527645734285,35.22021865672842,6.532897806812913,37.75081661222584,38778462.5,-582779973.0
2019-01-04,38.96,39.65,38.86,39.38,45264782.0,41.81,38.0,39.905,0.8382142857142847,39.63578322025008,40.28232400432726,42.39309877442279,-0.5576038866533466,-0.4585679814231165,-0.09903590523023009,32.70735524256649,41.91447990645858,37.76352009354143,0.10419337365187756,0.17807173747137472,37.0785742415296,16.87260332339162,34.46953557733276,38487268.0,-537515191.0
2019-01-07,39.19,39.59,39.1,39.47,28189788.0,41.81,38.0,39.905,0.8296428571428558,39.61999434213103,40.25046816102031,42.364013214478284,-0.5001045135246471,-0.46687528784342264,-0.033229225681224495,36.21262458471756,41.676138316070194,37.803861683929796,0.09744027760796171,0.5092946269416698,38.45271642837168,17.04692208351276,30.34868704261728,36896085.7,-509325403.0
2019-01-08,39.58,39.79,39.36,39.65,32023797.0,41.81,38.0,39.905,0.8053571428571412,39.622852023832834,40.226920389999904,42.33700810786656,-0.43499697601897225,-0.46049962547853257,0.025502649459560323,41.992882562277565,41.58893801353819,37.798061986461825,0.09550369776100279,1.7188301693175978,38.88377419845905,19.334811529933518,25.764966740576494,35898193.75,-477301606.0
2019-01-09,40.14,40.66,40.09,40.33,40136352.0,41.81,38.0,39.905,0.8289285714285697,39.69019945013447,40.23096272764697,42.317037877937544,-0.3247845523205797,-0.433356610846942,0.10857205852636231,53.146853146853154,41.57759067477571,37.80040932522429,0.0951694764179351,4.292733385053005,38.93233742830579,26.281775096941008,20.809995691512253,35830586.15,-437165254.0
2019-01-10,40.13,40.61,40.1,40.57,25310245.0,41.81,38.0,39.905,0.7624999999999983,39.773989978693095,40.24425830695493,42.29965441646553,-0.21558923970992083,-0.3898031366195378,0.17421389690961697,61.8867924528302,41.5621558704463,37.80584412955371,0.09465557254542345,2.8129751647237633,39.084819331558144,28.57142857142861,12.505854800936737,35409468.4,-411855009.0
2019-01-11,40.28,40.48,40.2,40.39,18580476.0,41.8,38.0,39.9,0.7496428571428554,39.832657599769945,40.249973667466506,42.280652879983286,-0.14193947353678737,-0.34023040400298776,0.1982909304662004,60.29411764705882,41.40161776706763,37.87938223293238,0.08885446788348401,3.3256587362496814,39.26029855001304,29.061457837065312,12.720343020485917,34158684.1,-430435485.0
2019-01-14,39.75,40.11,39.7,39.91,18481921.0,41.38,38.0,39.69,0.7482142857142838,39.840023542649,40.23664136678155,42.25706429411281,-0.12090971971411335,-0.2963662671452129,0.17545654743109956,58.25932504440499,41.0687833903204,38.0442166096796,0.07646194129007361,2.1499872024571154,38.177376953213525,29.116945107398617,16.181384248209998,33484573.45,-448917406.0
2019-01-15,40.33,40.53,40.17,40.3,26199271.0,41.1,38.0,39.55,0.7474999999999987,39.88383082430148,40.23912601906463,42.23759101755447,-0.07194441720672273,-0.2514818971575149,0.17953747995079217,64.27320490367774,40.88426411277503,38.14573588722497,0.0693035107060624,3.121801432958038,36.39709507228768,33.15814620162451,14.09460105112276,32834782.05,-422718135.0
2019-01-16,40.67,41.07,40.66,40.84,28645689.0,41.07,38.0,39.535,0.7260714285714275,39.97489455532038,40.26268970459151,42.22368463927035,0.010315514013669258,-0.1991224149232781,0.20943792893694735,62.637362637362656,40.95009253760607,38.10890746239393,0.07187505724110192,5.366357069143457,35.53447569657747,36.98967043777672,14.51057550418098,31831414.0,-394072446.0
2019-01-17,40.55,41.24,40.54,40.97,34536713.0,41.24,38.0,39.620000000000005,0.6989285714285707,40.069666502432725,40.29042736323498,42.21121016524776,0.08501699273034546,-0.14229453339255338,0.22731152612289884,68.00766283524901,41.12984087932709,38.029159120672915,0.07834059951879573,7.561039642950895,35.573023856892036,40.163515585079246,14.767501277465527,31943868.35,-359535733.0
2019-01-18,41.3,41.6,41.19,41.37,33319847.0,41.6,38.0,39.8,0.7146428571428568,40.19350778791532,40.33276354506891,42.20283991484729,0.17448376958551393,-0.07893887279693992,0.2534226423824538,70.53571428571428,41.41988914830248,37.945110851697514,0.08756450063894582,5.053326561706428,36.24461991882267,40.77961019490255,14.442778610694662,30602791.35,-326215886.0
2019-01-22,40.76,40.81,40.26,40.52,32566087.0,41.6,38.0,39.8,0.7492857142857139,40.22460228430434,40.34010615114464,42.186095239077666,0.1747841358442841,-0.028194271068695122,0.20297840691297922,61.18012422360253,41.50962907985828,37.980370920141716,0.08879753829957385,2.6602482898403945,36.21404872010989,36.60629170638702,22.640610104861786,29490754.8,-358781973.0
2019-01-23,41.03,41.04,40.65,40.98,19691918.0,41.6,38.0,39.8,0.7264285714285711,40.2965449238944,40.36520002757034,42.174094291425156,0.20972278022543378,0.01938913919013066,0.19033364103530312,66.86930091185414,41.65323263524523,38.036767364754766,0.09076333970361314,3.354350567465314,36.34215210767176,40.01966568338244,16.42084562438547,28658469.0,-339090055.0
2019-01-24,41.09,41.47,41.07,41.41,26067872.0,41.6,38.0,39.8,0.7071428571428571,40.40258826447589,40.406172575508755,42.16649136315227,0.26900835311408144,0.06931298197492082,0.19969537113916064,76.18296529968453,41.830146724640066,38.13385327535993,0.09244893825421774,2.6779072650632285,35.00468064384025,45.45454545454539,14.444444444444443,29107804.75,-313022183.0
2019-01-25,42.0,42.37,42.0,42.19,33704917.0,42.37,38.0,40.185,0.6642857142857146,40.57281795357342,40.476126592155474,42.16672527993683,0.37461376374633915,0.1303731383292045,0.24424062541713465,74.09948542024014,42.193638803222626,38.04336119677737,0.10345046814923932,3.993098348533386,36.018581325790734,44.30107526881708,15.376344086021495,29149546.3,-279317266.0
2019-01-28,41.73,41.87,41.55,41.84,22483692.0,42.37,38.0,40.185,0.6750000000000002,40.693501957995,40.52961182383565,42.163474282126515,0.4251637149397496,0.18933125365131354,0.23583246128843605,69.45812807881781,42.40723367298823,38.10476632701176,0.10687766658327871,3.589997524139643,36.68057691421684,43.59788359788349,19.89417989417992,28473738.65,-301800958.0
2019-01-29,41.95,42.02,41.75,41.84,16812572.0,42.37,38.0,40.185,0.663571428571429,40.80269224770976,40.58099959544994,42.16025563255312,0.45992320701503786,0.2434496443240584,0.21647356269097945,68.52791878172596,42.58062346162859,38.20837653837141,0.10823866920638155,4.835880731646225,38.29122707398577,43.81054897739502,20.236813778256206,28074354.45,-301800958.0
2019-01-30,42.1,42.67,41.96,42.58,37140370.0,42.67,38.0,40.335,0.6507142857142861,40.97195965268978,40.65939176817739,42.16443219342324,0.5409464762248533,0.3029490107042174,0.23799746552063583,68.84422110552768,42.869929936934945,38.26907006306505,0.11340686658376105,5.657568238213395,39.91701690218694,42.26125137211854,20.636663007683882,29015238.7,-264660588.0
2019-01-31,42.66,43.17,42.65,43.14,48172546.0,43.17,38.0,40.585,0.6564285714285722,41.178439685766946,40.75667052236651,42.17413933577724,0.6429339780134598,0.37094600416606593,0.2719879738473938,70.42925278219401,43.195107352140894,38.381892647859104,0.11800420962481559,5.631733594515165,39.95532159154373,47.33405875952118,20.457018498367795,29897792.9,-216488042.0
2019-02-01,42.69,42.88,42.53,42.74,30566624.0,43.17,38.86,41.015,0.6735714285714296,41.3271597156939,40.834448148940375,42.17976979014762,0.6836030010328713,0.43347740353942704,0.25012559749344426,68.0491551459294,43.21938122262967,38.82261877737033,0.10718320970379418,4.320234317793514,39.8051265688862,46.12937433722158,21.20890774125129,29894773.95,-247054666.0
2019-02-04,42.64,42.94,42.57,42.79,24325902.0,43.17,39.1,41.135000000000005,0.6507142857142867,41.46647783800877,40.91113645682507,42.18584173253421,0.711664452104678,0.48911481325247724,0.22254963885220075,73.6842105263159,43.382930919215866,39.00006908078413,0.10640209359775044,3.432438965433904,41.28242682234943,48.40834248079023,16.465422612513695,28847829.95,-222728764.0
2019-02-05,43.01,43.55,42.89,43.41,29621895.0,43.55,39.36,41.455,0.6607142857142863,41.65157518676984,41.009131105577026,42.198022411812474,0.7749984727209949,0.5462915451461808,0.22870692757481403,74.64342313787648,43.63599006203785,39.14100993796215,0.10860456706755972,7.13228035538005,42.03070471760473,49.729729729729634,16.216216216216203,28919435.3,-193106869.0
2019-02-06,43.4,43.49,42.79,42.88,25501563.0,43.55,39.7,41.625,0.6557142857142862,41.768568026125095,41.08249851320146,42.20480825846111,0.7735080504378189,0.5917348462045084,0.18177320423331045,66.19047619047628,43.73481843157715,39.36518156842284,0.10516574881237817,4.636408003904369,42.01744599951543,44.22657952069708,17.429193899782135,28593323.6,-218608432.0
2019-02-07,42.61,42.87,41.96,42.41,33289519.0,43.55,39.7,41.625,0.6714285714285718,41.82965678554175,41.134557395036694,42.20684996733214,0.7260325566212273,0.6185943882878523,0.10743816833337505,60.843373493975925,43.79181393508995,39.51618606491006,0.10264627335141616,2.414875633904856,40.365210834033284,41.382978723404165,25.851063829787215,28250981.95,-251897951.0
2019-02-08,42.38,42.68,42.05,42.42,23090009.0,43.55,39.7,41.625,0.6714285714285718,41.88587994882349,41.184966908956824,42.20897086317958,0.6813605024159557,0.631147611113473,0.05021289130248274,58.40000000000007,43.84658796808527,39.64641203191473,0.10061145092811466,0.545152879829347,38.27692998736317,37.55319148936162,25.851063829787215,28139970.15,-228807942.0
2019-02-11,42.71,42.79,42.49,42.54,20631342.0,43.55,39.7,41.625,0.6185714285714289,41.94817709655458,41.23810546154675,42.2122646854365,0.6481688872703373,0.6345518663448458,0.013617020925491441,68.29710144927539,43.880543855931215,39.82745614406878,0.09683871820763683,1.6730401529636563,39.56708984644283,42.032332563510295,17.321016166281748,28242513.45,-208176600.0
2019-02-12,42.72,42.79,42.56,42.62,19397599.0,43.55,40.17,41.86,0.5992857142857149,42.01216023021605,41.29229740423119,42.21632175324311,0.6211592869451934,0.6318733504649154,-0.010714063519722039,65.95330739299615,43.821846496769474,40.157153503230525,0.08727641418780765,1.8642447418737884,39.35911534473514,40.64362336114414,17.878426698450518,28288297.35,-188779001.0
2019-02-13,43.28,43.32,42.87,43.02,25797471.0,43.55,40.26,41.905,0.6142857142857149,42.10814497019547,41.36005044720252,42.224318551718305,0.6248280127651498,0.6304642829249624,-0.005636270159812606,65.75342465753434,43.82909959467021,40.421900405329794,0.08088210678426172,1.0333489901362292,38.52690840232028,40.81395348837203,17.44186046511626,28268207.35,-162981530.0
2019-02-14,42.72,43.04,42.57,42.86,25409254.0,43.55,40.26,41.905,0.5792857142857147,42.17975021112923,41.418871998292616,42.23064374025842,0.6078182906837455,0.6259350844767191,-0.018116793792973596,57.461024498886445,43.846679002460334,40.60632099753967,0.07673754644407339,-0.649049605934171,36.37682829305651,32.1824907521578,22.194821208384656,28106385.6,-188390784.0
2019-02-15,42.57,42.73,42.47,42.63,34904626.0,43.55,40.26,41.905,0.5614285714285719,42.22263114340264,41.466367214045846,42.23461743438521,0.5692173028343959,0.6145915281482545,-0.045374225313858596,59.03890160183065,43.82537355395907,40.79362644604093,0.07165641541304284,-0.2573701450631738,35.75097795292048,33.20610687022897,18.447837150127157,28124781.25,-223295410.0
2019-02-19,42.7,43.35,42.7,43.25,28315587.0,43.55,40.26,41.905,0.5935714285714287,42.32047579641191,41.53631359780876,42.244720743495805,0.5819462462249732,0.6080624717635982,-0.026116225538625026,64.12825651302603,43.90718354733968,40.89981645266031,0.07092261475301254,1.0750175274596874,35.6920934719758,37.063778580024035,17.448856799037248,27874568.25,-194979823.0
2019-02-20,43.41,43.74,43.38,43.5,23291220.0,43.74,40.65,42.195,0.5692857142857147,42.43281143484887,41.61332090769861,42.25721108435654,0.605230219009897,0.607496021212858,-0.0022658022029609093,60.222222222222236,43.84627253349849,41.2587274665015,0.06080829720925904,0.20732550103663705,35.528083142069235,35.382685069008765,18.193224592220762,27410824.9,-171688603.0
2019-02-21,43.61,43.63,43.345,43.4,25068723.0,43.74,41.07,42.405,0.5475000000000004,42.524924631529935,41.683386754455526,42.26858211834305,0.6085982293797443,0.6077164628462353,0.0008817665335090208,53.2178217821782,43.78832403615696,41.55867596384305,0.05224900868955925,1.2126865671641784,34.26365024758971,30.267449445531618,19.37377690802346,27679665.15,-196757326.0
2019-02-22,44.07,44.23,43.95,44.14,34023602.0,44.23,41.55,42.89,0.5632142857142861,42.67874133328899,41.7797245287906,42.28720319179237,0.6633327306167445,0.6188397164003372,0.04449301421640728,65.98173515981733,43.94183595613215,41.67816404386785,0.05287717617996496,4.079226597500596,34.21232935815012,37.03233988585913,17.311350665821195,28077451.65,-162733724.0
2019-02-25,44.96,45.25,44.91,45.02,40374858.0,45.25,41.55,43.4,0.616071428571429,42.90171834916623,41.90679415511254,42.314395199834244,0.7688559696985351,0.6488429670599768,0.1200130026385583,71.40115163147793,44.41575874906912,41.48724125093087,0.06818196100574482,6.129184347006134,34.12031866527711,44.985507246376805,15.82608695652175,28410948.7,-122358866.0
2019-02-26,44.48,44.75,44.4,44.65,33462397.0,45.25,41.75,43.5,0.6060714285714296,43.06822136353135,42.01437085491205,42.33763504859211,0.8132533112047966,0.6817250358889408,0.13152827531585576,62.49999999999998,44.64383558543609,41.540164414563904,0.0720243008185322,4.960037611659618,32.427035129045635,38.53859752504417,22.097819681791357,28959883.95,-155821263.0
2019-02-27,44.13,44.2,43.87,43.93,29161158.0,45.25,41.96,43.605000000000004,0.6117857142857152,43.15029551938551,42.08949356648413,42.35347947596931,0.7813338116874249,0.7016467910486377,0.07968702063878719,60.19417475728149,44.67300048568431,41.71999951431569,0.06836204255827727,3.0736743312998582,30.558929380035426,38.17863397548159,26.91185055458256,29577313.25,-184982421.0
2019-02-28,43.85,43.88,43.59,43.63,24482698.0,45.25,41.96,43.605000000000004,0.5703571428571433,43.19598166039641,42.14990558348475,42.36618117272584,0.7234899438411944,0.706015421607149,0.01747452223404533,62.24899598393578,44.70776515912922,41.79023484087079,0.06745890814257968,1.4179451417945188,31.062357087789618,40.951784596117726,21.978710081402554,28944429.65,-209465119.0
2019-03-01,44.35,44.39,44.0,44.17,33528524.0,45.25,41.96,43.605000000000004,0.5796428571428572,43.28874531178723,42.22912497236771,42.38412961876837,0.7130026975931045,0.7074128768043402,0.005589820788764355,65.88021778584391,44.814733869170155,41.786266130829844,0.0699407105770213,3.056462902473167,32.3572849459848,46.58040665434381,21.626617375230992,28212228.55,-175936595.0
2019-03-04,44.74,44.74,44.0,44.42,37436507.0,45.25,41.96,43.605000000000004,0.606071428571429,43.39648385352178,42.315041640118,42.404387035497045,0.7166038271982416,0.7092510668831205,0.00735276031512111,66.66666666666666,44.95322693944555,41.81577306055444,0.07231739166963105,4.198920947689411,32.18489480138789,47.377725397760756,20.683559222156678,28555722.7,-138500088.0
2019-03-05,44.67,45.02,44.53,44.97,28049133.0,45.25,41.96,43.605000000000004,0.6310714285714292,43.54634253413875,42.419157654231014,42.42991552270603,0.7551334435304966,0.7184275422125957,0.03670590131790086,69.23076923076923,45.186336610393866,41.80066338960613,0.07784320003650516,3.976878612716761,32.408550184217255,48.6700622524052,19.864176570458334,28741884.25,-110450955.0
2019-03-06,44.86,44.88,44.51,44.52,34863963.0,45.25,41.96,43.605000000000004,0.6139285714285718,43.63907181660173,42.5015436285749,42.45071238317662,0.7408175196480116,0.7229055376996789,0.017911981948332656,62.17532467532468,45.30202325322057,41.79597674677943,0.08050808299710986,2.34482758620691,32.11273578441966,43.862710878417694,20.651541593949943,29003987.65,-145314918.0
2019-03-07,44.08,44.08,43.45,43.53,47114399.0,45.25,41.96,43.605000000000004,0.6567857142857149,43.62868402454442,42.54187525098373,42.461451563443525,0.6421846160973672,0.7067613533792166,-0.06457673728184943,54.792560801144504,45.30617266154769,41.856827338452305,0.07914700786102788,0.2995391705069128,32.19989877921994,41.000543773790106,27.569331158238114,30084629.45,-192429317.0
2019-03-08,42.68,42.86,42.51,42.75,41134504.0,45.25,42.05,43.65,0.701785714285715,43.544999831730664,42.550037005847116,42.46432269216548,0.49536755928592413,0.6644825945605581,-0.169115035274634,50.79575596816974,45.280732539159146,41.91626746084086,0.07716928514325698,-3.149071137290438,30.553963988228666,38.371501272264624,34.3511450381679,30476878.7,-233563821.0
2019-03-11,43.24,43.7,43.24,43.6,26769222.0,45.25,42.47,43.86,0.7182142857142867,43.55023794299441,42.59121202522566,42.47562296388523,0.44250100412840254,0.6200862764741271,-0.17758527234572452,52.252252252252255,45.245850683807994,42.069149316192004,0.07276416120061824,-3.1541537094624594,28.5802472413095,39.68175037294875,33.565390353058135,30660839.35,-206794599.0
2019-03-12,44.02,44.16,43.88,44.11,28194537.0,45.25,42.47,43.86,0.7232142857142863,43.603548615090176,42.65077233796191,42.49188542195603,0.43672235260466863,0.5834134917002354,-0.14669113909556675,53.79825653798256,45.24501013216083,42.22698986783918,0.0690054020560099,-1.2094064949608074,26.946595224713327,40.09876543209869,33.33333333333331,31038999.1,-178600062.0
2019-03-13,44.02,44.13,43.92,43.99,17247065.0,45.25,42.47,43.86,0.7178571428571432,43.64035350889111,42.703291069806546,42.506792034672884,0.4176453765948551,0.5502598686791593,-0.1326144920843042,53.66459627329195,45.22179876507761,42.3872012349224,0.0647101902807978,0.1365809241975935,26.074089529605793,40.398009950248685,33.23383084577109,30931472.4,-195847127.0
2019-03-14,43.9,43.93,43.67,43.85,19441284.0,45.25,42.47,43.86,0.6814285714285718,43.66031984137767,42.748260047461194,42.520157288059224,0.38677144522995377,0.5175621839893182,-0.13079073875936442,48.05369127516779,45.21433975467624,42.477660245323754,0.06241571658423766,0.5042402016960823,23.613703105863777,36.26834381551362,37.631027253668705,30613663.05,-215288411.0
2019-03-15,44.26,44.54,44.24,44.46,28235896.0,45.25,42.47,43.86,0.6514285714285718,43.73647985648456,42.8153871044235,42.53945920559097,0.4068357845283401,0.49541690409712263,-0.08858111956878251,46.10027855153201,45.237526230255675,42.61447376974433,0.059715258856061236,0.6565542223228471,20.76956747304242,33.4429824561403,39.36403508771924,30754995.15,-187052515.0
2019-03-18,45.0,45.1,44.83,44.99,31178337.0,45.25,42.51,43.879999999999995,0.6528571428571429,43.85586272729555,42.900666041504934,42.56384269608261,0.4601986055224714,0.48837324438219243,-0.028174638859721046,52.316076294277956,45.28746544616521,42.8005345538348,0.05646469195192094,1.283205763169737,19.398751003322843,39.496717724288835,33.698030634573286,30568680.7,-155874178.0
2019-03-19,45.19,45.31,44.99,45.17,28020498.0,45.31,42.51,43.91,0.62,43.981018658029306,42.98965953007337,42.589774609554425,0.5111216293153404,0.49292292136882204,0.0181987079465184,59.11764705882356,45.42124939025061,42.85875060974939,0.05805389171955631,0.44474093840338735,19.586450189832313,44.00921658986175,29.37788018433177,30553926.25,-127853680.0
2019-03-20,44.72,45.38,44.46,44.9,41491398.0,45.38,42.51,43.945,0.6614285714285718,44.06854069059794,43.064574842619514,42.612761926872295,0.5236553758275235,0.4990694122605624,0.024585963566961133,59.379615952732614,45.49698750659164,42.92301249340835,0.05822155650719943,0.8535489667565122,18.53349313651451,41.25269978401725,30.237580993520545,31463935.15,-169345078.0
2019-03-21,44.37,44.89,44.36,44.89,30398128.0,45.38,42.51,43.945,0.6457142857142861,44.146774910541,43.13616014290895,42.63542101217705,0.5267099592678122,0.5045975216620123,0.02211243760579984,55.76923076923077,45.546319488306665,43.02268051169332,0.05698695879175201,3.1242821042958946,16.391842320420412,36.615044247787615,32.07964601769916,31730405.4,-199743206.0
2019-03-22,44.13,44.21,43.58,43.59,41672237.0,45.38,42.51,43.945,0.6864285714285719,44.093748728584714,43.1539577843635,42.644919310563346,0.4193970550199708,0.48755742833360405,-0.06816037331363323,44.307270233196164,45.55551899445683,42.95848100554316,0.05868084119831144,1.9649122807017694,14.364884768505886,30.80124869927158,38.29344432882419,32112837.15,-241415443.0
2019-03-25,43.34,43.62,43.31,43.5,20566187.0,45.38,42.51,43.945,0.6657142857142857,44.03720123062426,43.167528067329634,42.65342757612988,0.32336105248938907,0.45471815316476105,-0.13135710067537198,39.23865300146414,45.46937555819916,42.892624441800834,0.058322607374172775,-0.2293577981651418,12.730883013068263,28.75536480686695,42.38197424892707,31122403.6,-261981630.0
2019-03-26,43.57,43.67,43.38,43.57,25424700.0,45.38,42.51,43.945,0.6535714285714285,43.99270587532671,43.183311280375534,42.662547699750476,0.25001818950971,0.4137781604337509,-0.16375997092404088,42.63565891472866,45.42311727865094,42.83088272134906,0.058744862721279004,-1.2242121967807718,11.448001522792712,29.836065573770544,42.95081967213115,30720518.75,-236556930.0
2019-03-27,43.61,43.67,43.3,43.49,21763596.0,45.38,42.51,43.945,0.6035714285714288,43.9448291252956,43.19533828898826,42.670781055971865,0.18332485595571768,0.3676874995381443,-0.1843626435824266,49.6389891696751,45.4298157766734,42.78018422332661,0.06007553686309473,-1.1366219595362548,10.32554513498131,32.30769230769234,34.9112426035504,30350640.65,-258320526.0
2019-03-28,43.63,43.85,43.52,43.83,25521157.0,45.38,42.51,43.945,0.5564285714285714,43.933893018124586,43.22022698353774,42.68231557282787,0.15610557917175072,0.3253711154648656,-0.16926553629311486,60.588235294117645,45.42768306994596,42.80231693005403,0.05951186988307659,-0.045610034207532735,11.237283808501195,37.35558408215666,25.802310654685563,30402563.6,-232799369.0
2019-03-29,44.23,44.39,44.03,44.27,36710665.0,45.38,42.51,43.945,0.5285714285714285,43.96590320687463,43.26139455281077,42.69811342782461,0.16810066910828425,0.2939170261935493,-0.12581635708526506,57.14285714285717,45.43432592289601,42.80567407710399,0.05957959759274753,-0.42735042735042583,11.568477200503423,35.270270270270274,27.162162162162236,30561670.65,-196088704.0
2019-04-01,44.84,44.99,44.72,44.98,28289264.0,45.38,42.51,43.945,0.5400000000000001,44.06248385383895,43.32879084485741,42.72081876685123,0.2322210310915125,0.28157782717314195,-0.04935679608162946,58.89570552147237,45.51215155818618,42.783848441813824,0.061799019578969806,-0.022227161591481526,12.020837028092833,36.37566137566146,26.58730158730165,30104308.5,-167799440.0
2019-04-02,44.85,44.86,44.56,44.74,21593370.0,45.38,42.51,43.945,0.5549999999999997,44.127009201092385,43.3841323803532,42.740910122404955,0.26066608927106216,0.277395479592726,-0.016729390321663817,57.48502994011977,45.475113186538756,42.79788681346124,0.06065787665713223,-0.9519592649988917,12.167900467839207,35.3925353925355,27.927927927927964,29781520.35,-189392810.0
2019-04-03,45.2,45.51,44.94,45.06,40994751.0,45.51,42.51,44.01,0.5871428571428565,44.215865467655014,43.44985267916288,42.763985643575054,0.3055086153174784,0.28301810673767647,0.02249050857980195,61.65703275529868,45.555405547316056,42.771594452683956,0.06303420459501849,0.35634743875279096,14.023298842194558,41.36253041362542,23.357664233576685,30088059.75,-148398059.0
2019-04-04,45.26,45.55,45.22,45.53,46986042.0,45.55,42.51,44.03,0.5728571428571421,44.34102113740216,43.53142708390159,42.791508174484754,0.37465294637586766,0.30134507466531474,0.07330787171055292,60.59405940594062,45.74806302272382,42.77893697727618,0.06707842907695138,1.4257072844731544,14.810824886220287,35.286783042394134,23.940149625935216,30081641.9,-101412017.0
2019-04-05,45.74,45.96,45.65,45.85,29393974.0,45.96,43.24,44.6,0.557857142857142,44.48473341003052,43.62235151198388,42.82194092896749,0.45008337160536627,0.33109273405332507,0.1189906375520412,58.88429752066117,45.8849281704078,42.95207182959221,0.06602781140325743,5.184675384262438,15.425072534977591,34.31498079385417,24.583866837388022,29494615.4,-72018043.0
2019-04-08,45.68,45.81,45.53,45.71,27106336.0,45.96,43.3,44.629999999999995,0.557857142857142,44.60142546621809,43.704220080141376,42.850677835146925,0.49288403670989567,0.3634509945846392,0.12943304212525647,55.625,46.04507164439643,43.00292835560357,0.06832592059996535,5.080459770114953,14.682012707796316,31.626120358514846,26.12035851472474,29511471.1,-99124379.0
2019-04-09,45.67,45.7,45.53,45.61,14427874.0,45.96,43.3,44.629999999999995,0.504999999999999,44.697480183721126,43.778956547586816,42.878133777085765,0.5128232012594864,0.39332543591960867,0.11949776533987777,57.66738660907131,46.180829720031994,43.01717027996801,0.07093565864848944,4.682120725269678,15.30435185280927,34.93635077793509,21.357850070721373,28823137.95,-113552253.0
2019-04-10,45.47,45.59,45.35,45.52,18675519.0,45.96,43.3,44.629999999999995,0.48499999999999893,44.77581540431911,43.84723276140694,42.90442100318442,0.5154214276016447,0.4177446342560159,0.09767679334562879,56.68789808917202,46.281127930951115,43.069872069048884,0.07187957296285953,4.667739710278229,16.380967739877097,36.37702503681901,23.416789396170838,28894560.65,-132227772.0
2019-04-11,45.0,45.03,44.76,44.89,25167512.0,45.96,43.3,44.629999999999995,0.44571428571428484,44.78669012771729,43.888125594292944,42.92417800812786,0.4613269163016085,0.42646109066513443,0.03486582563647406,66.0891089108911,46.287268876272165,43.16773112372785,0.06974540836273696,2.4184348619666896,17.581339548262356,39.583333333333506,22.435897435897456,29180872.05,-157395284.0
2019-04-12,45.5,45.56,45.39,45.44,22395257.0,45.96,43.3,44.629999999999995,0.47142857142857103,44.84891011555374,43.9489834141246,42.94921106277336,0.4575625337582565,0.4326813792837589,0.024881154474497624,71.5555555555556,46.362242728193635,43.19075727180636,0.07082923981077738,2.6428732776146324,19.447274970671213,45.4545454545456,17.121212121212174,28888840.1,-135000027.0
2019-04-15,45.18,45.19,44.83,44.93,28410019.0,45.96,43.3,44.629999999999995,0.4942857142857139,44.85663296169148,43.98745465278638,42.96892040543233,0.408715082662944,0.4278881199595959,-0.01917303729665193,63.76518218623486,46.357768385030916,43.18923161496908,0.07076812780019061,-0.11116051578479169,20.09992885608372,42.63005780346828,24.421965317919167,28750424.2,-163410046.0
2019-04-16,45.6,45.62,45.4346,45.6,29141150.0,45.96,43.3,44.629999999999995,0.5171428571428562,44.92742982248277,44.05069172522613,42.99510030189569,0.41923385935279356,0.4261572678382355,-0.006923408485441929,69.07775768535267,46.41323165345064,43.176768346549366,0.07225054820630139,1.9222172552525674,22.35690760230856,46.68508287292829,22.237569060773513,28806456.8,-134268896.0
2019-04-17,45.9,45.95,45.61,45.66,26866964.0,45.96,43.3,44.629999999999995,0.5164285714285707,44.997198410817745,44.11380185364864,43.0216167168022,0.4274837971086285,0.4264225736923141,0.001061223416314372,67.42857142857146,46.49666874233715,43.16933125766286,0.07421625777160323,1.3315579227696217,23.71843636490026,48.824343015214566,22.26832641770404,28075235.1,-107401932.0
2019-04-18,45.58,45.83,45.47,45.73,29564229.0,45.96,43.3,44.629999999999995,0.5021428571428562,45.06698903835891,44.1771821731134,43.0485658041972,0.43465985891609193,0.42807003073706973,0.006589828179022206,64.95901639344262,46.586453675747535,43.163546324252465,0.07627648694139431,0.43927081045462835,24.659388119595253,42.53200568990063,24.893314366998624,28033540.15,-77837703.0
2019-04-22,45.09,45.37,45.03,45.31,21838612.0,45.96,43.3,44.629999999999995,0.5007142857142846,45.09013293946759,44.22160640161876,43.071067636991266,0.4018244673531015,0.4228209180602761,-0.020996450707174596,53.59477124183014,46.57039217032834,43.35160782967166,0.07159058607808284,-1.1777535441657605,23.860859101000926,34.09415121255368,31.24108416547793,27041858.9,-99676315.0
2019-04-23,45.24,45.43,45.18,45.3,18240054.0,45.96,43.3,44.629999999999995,0.4885714285714278,45.110120278565915,44.26389634665332,43.09324606846399,0.3707218162156778,0.41240109769135647,-0.041679281475678676,56.4220183486238,46.51074619279793,43.59125380720207,0.06480416384976713,-0.896959089914684,23.688457823416734,35.8187134502926,29.678362573099477,26925552.25,-117916369.0
2019-04-24,45.03,45.03,44.52,44.62,33678658.0,45.96,43.3,44.629999999999995,0.4892857142857134,45.063442156797734,44.27786119580417,43.108437649872315,0.2878838779602475,0.3874976537451347,-0.09961377578488717,45.338983050847396,46.40603639206408,43.80096360793591,0.0577576636874781,-2.1705766279324745,23.11719192401978,26.27737226277394,39.27007299270077,27338250.15,-151595027.0
2019-04-25,44.25,44.34,44.05,44.34,25357879.0,45.96,43.52,44.74,0.4949999999999995,44.99454290376938,44.28029801165499,43.12069200161488,0.1973654490939154,0.34947121281489085,-0.15210576372097545,36.8653421633554,46.270116495189306,44.021883504810695,0.049799162503402536,-2.5922671353251325,23.781291196591436,25.3968253968256,45.5988455988457,27517964.3,-176952906.0
2019-04-26,44.54,44.62,44.37,44.6,19653853.0,45.96,44.03,44.995000000000005,0.4842857142857134,44.95696738912468,44.29283534453127,43.13541148418587,0.14493801395255446,0.3085645730424236,-0.16362655908986912,36.017897091722546,46.162025877982366,44.206974122017634,0.04326819497758594,-0.6460236132769026,24.882705893358757,24.04129793510333,46.60766961651932,27224599.1,-157299053.0
2019-04-29,44.75,44.81,44.68,44.76,15551258.0,45.96,44.05,45.004999999999995,0.47642857142857054,44.93820859016042,44.31115552709867,43.15157654404472,0.11497420563436123,0.26984649956081114,-0.1548722939264499,39.42093541202665,46.11171870073217,44.30628129926784,0.039935353612429635,-1.4964788732394374,25.994742506750374,27.28635682158937,45.57721139430303,26166628.75,-141747795.0
2019-04-30,44.52,44.66,44.28,44.49,23225237.0,45.96,44.05,45.004999999999995,0.4978571428571418,44.89552205776419,44.3181690358399,43.164894190372635,0.06864957854023146,0.2296071153566952,-0.16095753681646374,37.98283261802571,46.13852692228311,44.23047307771689,0.04222806149379158,-0.9793011350990422,26.47173365477729,26.111908177905473,49.35437589670032,25913427.4,-164973032.0
2019-05-01,44.68,44.98,44.25,44.28,30447943.0,45.96,44.05,45.004999999999995,0.5314285714285703,44.83690090940569,44.316672210905004,43.17598977056794,0.014820886901922847,0.18664986966574074,-0.1718289827638179,37.029288702928795,46.18060745263681,44.142392547363194,0.04513169193391759,-2.894736842105261,26.40500964716656,28.763440860215223,43.817204301075435,26356156.05,-195420975.0
2019-05-02,44.33,44.44,44.02,44.12,22893510.0,45.96,44.02,44.99,0.5071428571428552,44.76862463231944,44.30895957518324,43.1853829071792,-0.0402850212124406,0.1412628914901045,-0.18154791270254508,41.067285382830555,46.234978751069704,43.994021248930295,0.04967266626338337,-3.37275514673675,25.507208666309065,30.140845070422756,40.84507042253534,25451094.0,-218314485.0
2019-05-03,44.68,44.96,44.65,44.91,24973136.0,45.96,44.02,44.99,0.5192857142857125,44.782088953050916,44.33252978792115,43.202543276262,-0.019980134165720642,0.10901428635893946,-0.1289944205246601,44.17582417582415,46.189793479677796,43.977206520322206,0.04907753300776538,-1.7931336103214512,23.36647300418357,29.29848693259996,39.889958734525564,24350448.7,-193341349.0
2019-05-06,43.19,43.86,43.14,43.74,47513887.0,45.95,43.14,44.545,0.6021428571428551,44.68284238609369,44.30929332564974,43.20789110435889,-0.09717738637508688,0.0677759518121342,-0.16495333818722108,38.5796545105566,46.17521782743795,43.78078217256204,0.05323570756538544,-3.4650187596557025,23.48128510362834,25.266903914590948,45.670225385527964,25256444.35,-240855236.0
2019-05-07,42.98,43.04,42.29,42.56,50557775.0,45.95,42.29,44.120000000000005,0.6564285714285697,44.48066692075143,44.24069358738897,43.20144442670358,-0.2506831835604899,0.004084124737609375,-0.2547673082980993,23.426573426573327,46.38477854566895,43.256221454331055,0.06980192303383265,-6.048565121412796,24.295860683359205,18.498367791077413,51.14254624591956,26429016.3,-291413011.0
2019-05-08,42.45,42.74,42.27,42.42,40245492.0,45.95,42.27,44.11,0.6649999999999981,44.28441292829891,44.169293838863915,43.19366886026872,-0.37926256102984723,-0.07258521241588195,-0.3066773486139653,22.068965517241338,46.51080112729587,42.81119887270413,0.08283742537318328,-4.930524428507388,25.55686958175284,14.715359828141871,50.69817400644474,27719897.2,-331658503.0
2019-05-09,41.46,42.02,41.08,41.7,52472213.0,45.95,41.08,43.515,0.7349999999999984,44.038278363699014,44.07245878635945,43.178806483549636,-0.5331152064998008,-0.16469121123266572,-0.3684239952671351,18.759689922480575,46.69679377723536,42.243206222764655,0.10014813479808186,-5.953991880920162,28.090034746552913,13.313896987366448,56.07385811467452,29409731.9,-384130716.0
2019-05-10,41.76,42.17,41.27,41.97,42922828.0,45.95,41.08,43.515,0.7492857142857129,43.841299471918155,43.99000942218849,43.16677855834019,-0.6260411799420709,-0.2569612049745468,-0.3690799749675241,23.492063492063394,46.803417588661766,41.84458241133823,0.11187697810043173,-5.896860986547092,31.751008012919335,14.489990467111591,50.81029551954251,30297497.7,-341207888.0
2019-05-13,40.7,40.81,40.32,40.62,69409629.0,45.95,40.32,43.135000000000005,0.8492857142857128,43.534509046021185,43.85785218994581,43.141437478157705,-0.7994043650613207,-0.3654498369919016,-0.43395452806941914,19.371727748691015,47.003462111958626,41.16253788804137,0.1324983377700532,-9.249329758713143,35.52950099926114,12.279226240538296,52.81749369217841,32648216.3,-410617517.0
2019-05-14,41.29,41.47,41.14,41.27,42386084.0,45.95,40.32,43.135000000000005,0.8542857142857133,43.318841517828695,43.75636779034009,43.12281620971833,-0.8742683492423708,-0.46721353944199545,-0.4070548098003754,27.989487516425754,47.046894877246146,40.75310512275385,0.1433665092139475,-7.237581478984034,37.34363042513763,17.725752508361204,46.98996655518404,33347019.55,-368231433.0
2019-05-15,41.25,41.57,41.22,41.47,35234603.0,45.95,40.32,43.135000000000005,0.8385714285714277,43.14276137327358,43.666706308365974,43.106370277283325,-0.907004879877185,-0.5551718075290334,-0.35183307234815164,30.942895086321315,46.91190284024884,40.47509715975116,0.14731723667130545,-6.345980126467932,38.15080771575142,18.909710391822838,43.86712095400344,33651692.2,-332996830.0
2019-05-16,41.66,41.98,41.64,41.66,28764649.0,45.83,40.32,43.075,0.8549999999999994,43.001546004390384,43.58801194333201,43.09197853323076,-0.9071602257605633,-0.6255694911753394,-0.2815907345852239,30.294906166219775,46.694455613894284,40.29254438610571,0.1471923673143935,-5.575702629193113,38.53593546204827,19.632414369256498,43.02422723475357,33746576.45,-304232181.0
2019-05-17,40.84,41.22,40.8,40.97,49660748.0,45.43,40.32,42.875,0.9014285714285707,42.80806543254368,43.48534480829939,43.07086431896976,-0.9519866622702082,-0.6908529253943132,-0.26113373687589503,26.282853566958664,46.46411652430071,40.04688347569929,0.14835646446351142,-8.773101759073699,40.099577202922475,17.11568938193343,47.4643423137877,34751402.4,-353892929.0
2019-05-20,40.43,40.63,40.29,40.41,27478633.0,45.43,40.29,42.86,0.9157142857142853,42.5796782484919,43.364743051111176,43.04438805708946,-1.020930603555314,-0.7568684610265134,-0.26406214252880067,25.36231884057966,46.30571806642264,39.71528193357736,0.15322854030632715,-7.61316872427985,41.30681140162226,16.848673946957863,47.58190327613108,35033403.45,-381371562.0
2019-05-21,40.79,40.88,40.63,40.85,24565400.0,45.03,40.29,42.66,0.8971428571428574,42.41494698673077,43.2661256765578,43.02255335005375,-1.0282122600772041,-0.8111372208366516,-0.2170750392405525,29.847238542890707,46.032867039691716,39.54313296030828,0.15167182573112648,-4.01785714285714,43.32262627458,16.640127388535,48.56687898089172,35349670.75,-356806162.0
2019-05-22,40.58,40.72,40.47,40.62,21527349.0,44.98,40.29,42.635,0.894285714285715,42.243999654661174,43.162356042182985,42.99864734657063,-1.0405473213399077,-0.8570192409373029,-0.18352808040260482,29.60372960372959,45.85046661608464,39.325533383915364,0.15321060468134862,-4.243281471004257,45.71139787517429,16.693290734824238,48.16293929712463,34742105.3,-378333511.0
2019-05-23,40.02,40.18,39.91,40.12,34501726.0,44.98,39.91,42.44499999999999,0.8850000000000006,42.04171397326487,43.043047962097376,42.97000408939082,-1.0782394938808935,-0.901263291526021,-0.17697620235487244,21.109770808202654,45.707516634494596,39.046483365505395,0.1571851067557685,-3.7889688249400644,49.01221621443845,12.671509281678711,53.18805488297019,35199297.65,-412835237.0
2019-05-24,40.22,40.26,39.9,39.93,20955245.0,44.98,39.9,42.44,0.784285714285715,41.84059835676345,42.92096764985826,42.93975529248146,-1.110639463890145,-0.9431385259988458,-0.16750093789129905,23.93980848153214,45.47261415434268,38.81438584565733,0.15798944816366348,-4.860614724803424,50.59816499012822,15.027322404371493,46.26593806921683,35264367.25,-433790482.0
2019-05-28,40.39,40.5,40.11,40.13,20314077.0,44.98,39.9,42.44,0.7214285714285721,41.677684227547886,42.811517938099115,42.911797528377164,-1.1074127798359612,-0.975993376766269,-0.13141940306969224,30.80568720379148,45.11661903475396,38.70738096524604,0.15292131297737932,-1.2063023141309581,49.98104314138875,18.712871287128632,41.88118811881195,35502508.2,-413476405.0
2019-05-29,40.14,40.5,40.1,40.48,27176357.0,44.98,39.9,42.44,0.716428571428572,41.563619063019516,42.72008586209523,42.88760053804506,-1.0643444344392563,-0.9936635883008664,-0.07068084613838987,35.1681957186544,44.73356116487122,38.68943883512878,0.1449030202640144,-1.914223406833071,48.77575714415226,18.843469591226242,42.073778664008074,35700064.2,-386300048.0
2019-05-30,40.39,40.57,40.33,40.49,17860405.0,44.96,39.9,42.43,0.6378571428571433,41.46136962844623,42.632631514562085,42.86374381627346,-1.0176744266846995,-0.9984657559776331,-0.019208670707066444,39.62264150943396,44.33391899262132,38.71008100737869,0.13544236754594263,-2.3631540872920076,45.90563113783794,21.94848824188121,33.930571108622686,35070687.3,-368439643.0
2019-05-31,40.12,40.46,40.05,40.37,21758322.0,44.96,39.9,42.43,0.605000000000001,41.3574296638323,42.5439008669322,42.83893044496726,-0.9790848260030955,-0.9945895699827256,0.015504743979630087,35.915492957746494,43.90690804654048,38.76209195345952,0.12446784388539749,-3.096495439270286,44.02537664096622,21.369539551357644,39.079102715466405,35013927.9,-390197965.0
2019-06-03,40.49,40.69,40.4,40.54,21418822.0,43.86,39.9,41.879999999999995,0.510000000000001,41.27957921965779,42.46531651920937,42.816055515166596,-0.9241318929790125,-0.980498034581983,0.05636614160297049,49.11111111111113,43.08011383527172,39.15188616472828,0.09554012235002032,-1.0495484500854246,40.09672131696209,28.571428571428402,33.05322128851543,34836212.2,-368779143.0
2019-06-04,40.19,40.44,40.1,40.39,25653498.0,43.04,39.9,41.47,0.4807142857142865,41.19485738921419,42.383931557671744,42.7919156592943,-0.8825119951056806,-0.9609008266867226,0.07838883158104204,38.999999999999986,42.498023186426664,39.39897681357334,0.07568156032219306,-0.04949269982676974,39.12983060795765,20.50520059435354,39.52451708766715,33743192.75,-394432641.0
2019-06-05,40.24,40.27,39.94,40.13,23303044.0,42.74,39.9,41.32,0.48785714285714377,41.09344239976522,42.295542084821875,42.76542893631625,-0.8605874369985855,-0.9408381487490952,0.08025071175050968,33.4975369458129,42.217389570553934,39.43661042944606,0.06811127785798299,-1.7625458996327947,38.97305982140893,18.740849194729012,41.288433382137654,32380456.2,-417735685.0
2019-06-06,40.03,40.28,39.99,40.15,17135260.0,42.17,39.9,41.035,0.47214285714285814,41.003590742644725,42.21140317953474,42.73940476779569,-0.8320073708235327,-0.9190719931639828,0.08706462234045009,30.59125964010289,41.91399595014976,39.51300404985023,0.05897286895745958,-1.1570654849827666,40.05156689991604,13.31316187594544,42.66263237518913,31224944.6,-400600425.0
2019-06-07,40.59,40.97,40.485,40.52,27213786.0,42.17,39.9,41.035,0.4692857142857153,40.95753448144047,42.1450736430824,42.71732113826539,-0.770618346090103,-0.8893812637492069,0.11876291765910385,43.697478991596725,41.763344348627776,39.54565565137222,0.05454964880285217,0.9970089730807707,37.51981195305699,23.896499238964836,30.136986301369856,29962023.25,-373386639.0
2019-06-10,40.94,41.19,40.83,40.95,23519329.0,41.98,39.9,40.94,0.46857142857142925,40.95681691177947,42.09820801002034,42.69973585330753,-0.679437562084253,-0.8473925234162162,0.1679549613319632,57.848837209302395,41.53765371213988,39.66934628786013,0.046013457565967184,2.554470323065372,34.81382574241381,27.286585365853494,22.408536585365912,28991848.3,-349867310.0
2019-06-11,41.55,41.62,41.28,41.41,30217116.0,41.98,39.9,40.94,0.4828571428571427,40.99997720589571,42.07121946060778,42.68690266073731,-0.5635615910017862,-0.7906263369333302,0.22706474593154402,58.092485549132874,41.644474702105555,39.64152529789445,0.04928153443916808,3.189633690505844,32.354735368041005,29.142011834319415,21.74556213017761,27032222.65,-319650194.0
2019-06-12,40.82,40.87,40.56,40.66,26626780.0,41.98,39.9,40.94,0.5164285714285707,40.96759842438183,42.015877520976105,42.666734475058334,-0.5261822792875819,-0.7377375254041806,0.2115552461165987,50.50251256281406,41.56975209791222,39.65524790208777,0.047140761977825775,0.44466403162055634,28.99600911892068,27.24757952973713,28.077455048409462,26244257.45,-346276974.0
2019-06-13,40.98,41.01,40.72,40.88,12770391.0,41.98,39.9,40.94,0.49071428571428505,40.95925571729785,41.97133330446724,42.6489560225702,-0.4733502569555128,-0.6848600717144471,0.21150981475893427,60.27027027027034,41.46216467531727,39.70383532468274,0.04332674643655041,0.9632007903185968,25.878686770987066,30.713245997088723,21.397379912663766,25121046.85,-333506583.0
2019-06-14,40.68,40.7,40.49,40.49,15674813.0,41.62,39.9,40.76,0.49285714285714227,40.91456469660282,41.91324180233127,42.62747387309189,-0.45767445305482823,-0.6394229479825233,0.18174849492769507,57.1794871794872,41.242933236842,39.80606676315799,0.03545673539917843,0.29725043349022595,22.870212508195554,29.42028985507241,24.637681159420257,24466555.05,-349181396.0
2019-06-17,40.36,40.52,40.3,40.42,15054758.0,41.62,39.9,40.76,0.46785714285714264,40.86746329692636,41.85468330027906,42.60550895893177,-0.44576122261349127,-0.6006906029087169,0.15492938029522563,53.84615384615383,41.18509730034828,39.80890269965172,0.033982630829359324,-0.296003946719281,20.333219450102746,27.328244274809048,28.854961832061086,22736255.55,-364236154.0
2019-06-18,40.93,41.68,40.91,41.6,50380912.0,41.68,39.9,40.79,0.529285714285714,40.93722869721909,41.844695719875965,42.59550389466379,-0.33721654095588605,-0.5479957905181507,0.21077924956226468,62.17391304347829,41.40095622491598,39.71204377508402,0.04164344679230112,2.995791037385498,19.19171965656116,39.811066126855465,25.371120107962263,23881369.5,-313855242.0
2019-06-19,41.76,42.15,41.65,41.92,29200879.0,42.15,39.9,41.025,0.5514285714285708,41.03082596415061,41.84764882890044,42.5887824628761,-0.22280442238133702,-0.48295751689078803,0.260153094509451,64.5621181262729,41.6464920595372,39.5735079404628,0.0510461492015367,4.460503364066781,19.667733142150162,43.39378238341957,24.35233160621768,24113143.45,-284654363.0
2019-06-20,42.83,42.9,42.51,42.71,32829745.0,42.9,39.9,41.4,0.5899999999999989,41.19074730089817,41.88146652188474,42.5899886075241,-0.06760627338553604,-0.39988726818973763,0.3322809948042016,70.9677419354839,42.11333372474497,39.31566627525503,0.06871427745618724,6.376089663760909,20.707931293779207,49.63680387409195,19.370460048426207,24678263.25,-251824618.0
2019-06-21,42.51,42.71,42.48,42.5,22462815.0,42.9,39.9,41.4,0.5835714285714276,41.31543803414596,41.90572273671279,42.58909319849401,0.038006023102752806,-0.31230860993123954,0.35031463303399235,67.43772241992883,42.41269733109475,39.254302668905254,0.07734812500004883,4.886475814412639,23.097541683389558,47.36842105263154,19.95104039167693,24076317.7,-274287433.0
2019-06-24,42.55,42.68,42.5,42.53,16782606.0,42.9,39.94,41.42,0.5649999999999993,41.43111060232254,41.930204198018174,42.5885052064692,0.12271074515935254,-0.22530473891312114,0.3480154840724737,69.45454545454545,42.65369805753495,39.27330194246504,0.0825221505747779,3.8583638583638447,24.323469221198252,48.92541087231347,16.814159292035487,23867685.75,-257504827.0
2019-06-25,42.04,42.05,41.8,41.82,20895454.0,42.9,39.94,41.42,0.5849999999999993,41.46814768781563,41.92588246476256,42.580858388494384,0.13103825394831858,-0.1540361403408332,0.2850743942891518,64.20168067226888,42.73171268958322,39.364287310416785,0.08203628384248768,0.990099009900991,24.129342790137986,47.25274725274719,22.832722832722915,23896754.6,-278400281.0
2019-06-26,42.27,42.45,42.23,42.32,16910090.0,42.9,39.94,41.42,0.6092857142857139,41.54927647945224,41.94133805437971,42.578262782638724,0.17595538187188708,-0.08803783589828916,0.26399321777017626,66.87402799377915,42.89270017251895,39.38729982748105,0.08520661995716818,4.082636497786529,23.169067669993343,49.94138335287223,21.92262602579139,23383441.25,-261490191.0
2019-06-27,42.63,42.79,42.53,42.79,16984207.0,42.9,39.94,41.42,0.5842857142857137,41.66744062426631,41.97461891499228,42.58036962062242,0.24663455181916305,-0.02110335835479872,0.26773791017396176,67.38131699846858,43.12595809962106,39.38404190037893,0.09070212578456252,4.6722113502935425,24.86512637516552,47.79951100244499,22.860635696821593,23339631.35,-244505984.0
2019-06-28,42.76,42.78,42.6,42.77,16461231.0,42.9,39.94,41.42,0.5499999999999997,41.77244627909809,42.00581033009062,42.582256490068964,0.2976038781104009,0.042638088938241205,0.2549657891721597,64.86928104575165,43.3135996030806,39.43640039691942,0.09370874214286838,5.631020004939491,26.502116520122318,47.92207792207792,24.28571428571436,23074776.8,-260967215.0
2019-07-01,43.89,44.02,43.23,43.4,39772943.0,44.02,39.94,41.980000000000004,0.5914285714285715,41.92745139537446,42.06048443479295,42.59039324141156,0.3844020240296331,0.11099087595651959,0.2734111480731135,65.81875993640702,43.612892033397145,39.423107966602856,0.10091488190168815,7.372587827808008,28.41300226465782,54.347826086956516,22.584541062801982,23992482.85,-221194272.0
2019-07-02,43.33,43.42,43.2,43.29,25164984.0,44.02,39.94,41.980000000000004,0.5464285714285718,42.05721792914832,42.108700731467735,42.59735450269105,0.43925069078652257,0.1766428389225202,0.2626078518640024,73.27433628318587,43.82938529887231,39.49661470112768,0.10399564596271578,4.062499999999991,32.480909709325815,58.82352941176466,15.424836601307176,23968057.15,-246359256.0
2019-07-03,43.06,43.17,43.0,43.13,9901704.0,44.02,39.99,42.005,0.5421428571428574,42.15938765018181,42.148751683174886,42.60265445788815,0.46445405430504394,0.23420508199902496,0.23024897230601898,70.12522361359575,43.94766723648882,39.678332763511186,0.10210543307051952,2.886450381679384,34.912286947508186,57.44400527009219,18.18181818181821,23297990.15,-256260960.0
2019-07-05,42.69,42.76,42.53,42.63,20530693.0,44.02,40.3,42.16,0.5571428571428575,42.20420787397402,42.167624166187636,42.60292655283454,0.43902131570211367,0.2751683287396427,0.16385298696247097,68.77192982456145,43.94955114351807,39.92444885648192,0.09597973834647562,-0.18730976352141493,37.55315930513074,55.897435897435855,20.769230769230813,23467761.8,-276791653.0
2019-07-08,42.28,42.42,42.21,42.31,15809347.0,44.02,40.3,42.16,0.5714285714285714,42.21428331454793,42.17320753221949,42.600011860766536,0.3885652234553447,0.2978477076827831,0.0907175157725616,65.8823529411765,43.92997355614948,40.123026443850534,0.09058444344161284,-0.4470588235294115,40.41026404128264,54.49999999999999,21.875,22897539.85,-292601000.0
2019-07-09,41.84,42.13,41.84,42.06,15903574.0,44.02,40.3,42.16,0.515,42.199589665543364,42.16876802115206,42.5946386084206,0.3246629833935728,0.3032107628249411,0.02145222056863172,54.58167330677293,43.91680502334642,40.24719497665358,0.08720141739206402,-1.1051022807429978,40.27794566770898,44.38280166435511,29.403606102635194,22516752.1,-308504574.0
2019-07-10,42.3,42.42,42.13,42.18,14595030.0,44.02,40.3,42.16,0.5014285714285717,42.19772398311066,42.169208490910805,42.59051285112289,0.2804699123093499,0.2986625927218229,-0.01819268041247296,52.69709543568464,43.92804529680812,40.31295470319189,0.08582734282869932,0.8608321377331363,39.52099231461397,43.01994301994305,30.19943019943015,21735647.8,-293909544.0
2019-07-11,42.16,42.19,41.87,41.97,15358888.0,44.02,40.3,42.16,0.45428571428571474,42.17603598471917,42.16139639322803,42.58433859389778,0.22589733624838715,0.28410954142713574,-0.05821220517874859,41.27358490566033,43.860771311965216,40.511228688034784,0.07939938898995952,-0.8270321361058652,36.55713104854558,35.69182389937108,37.42138364779875,21172253.2,-309268432.0
2019-07-12,42.2,42.22,42.04,42.13,12678975.0,44.02,40.3,42.16,0.4557142857142859,42.17165160522211,42.160165162121054,42.57981781186895,0.19333024860804926,0.26595368286331844,-0.07262343425526918,45.58472553699286,43.80734268812769,40.689657311872296,0.07379398975716049,-1.5424164524421524,33.72484505496927,36.05015673981196,36.83385579937305,21167682.4,-296589457.0
2019-07-15,42.22,42.31,42.18,42.25,12611484.0,44.02,40.3,42.16,0.4557142857142859,42.17911335710572,42.163688096939836,42.57653604259662,0.17518417995983526,0.2477997822826218,-0.07261560232278655,46.7289719626168,43.65800273314049,41.01499726685951,0.06242853014020956,-1.2158054711246313,30.296111341425462,37.46081504702205,36.83385579937305,21014515.95,-283977973.0
2019-07-16,42.36,42.43,42.17,42.18,9220287.0,44.02,40.91,42.465,0.4221428571428569,42.17919779928613,42.16432777941279,42.57259041033198,0.1533867281133965,0.22891717144877677,-0.07553044333538028,54.945054945054956,43.39695159533876,41.45204840466124,0.04584386829962691,-2.8110599078341014,29.283959294865774,42.4703891708969,27.91878172588832,20722792.4,-293198260.0
2019-07-17,42.3,42.34,42.11,42.13,9760971.0,44.02,41.65,42.835,0.3935714285714284,42.17451229459221,42.16298159198484,42.56818652565207,0.13057235156005476,0.20924820747103237,-0.07867585591097762,47.021943573667734,43.35534972276572,41.54665027723428,0.04260675709715779,-2.6796026796026773,27.247003826156767,38.2940108892922,31.03448275862072,18691795.35,-302959231.0
2019-07-18,42.12,42.34,42.06,42.24,24547907.0,44.02,41.8,42.91,0.38,42.180749218916766,42.16600192171092,42.564920988083394,0.11998476478395759,0.19139551893361742,-0.07141075414965983,40.282685512367486,43.34266155443103,41.591338445568965,0.041239623916501454,-2.0635288662184115,24.74623014557974,33.27067669172938,33.082706766917255,18459146.75,-278411324.0
2019-07-19,42.71,42.74,42.39,42.47,18948221.0,44.02,41.8,42.91,0.4021428571428573,42.20829691235326,42.177923414977165,42.56397650063978,0.12866987754019021,0.178850390654932,-0.05018051311474178,45.06578947368412,43.32318625215726,41.58681374784274,0.04089912859061398,-0.37532254281024136,23.153284218787928,38.543516873889885,31.261101243339205,17765070.55,-259463103.0
2019-07-22,42.22,42.29,42.08,42.08,16662458.0,44.02,41.8,42.91,0.3407142857142859,42.19607815879581,42.1740832810565,42.55916081406625,0.10289701855956679,0.16365971623585895,-0.060762697676292166,26.42857142857133,43.31778134948525,41.55021865051474,0.04165439739290447,-0.5436067123611554,22.918478208471726,19.496855345911932,43.39622641509432,17475052.7,-276125561.0
2019-07-23,42.19,42.33,42.07,42.32,21277331.0,44.02,41.8,42.91,0.34357142857142875,42.20788023891049,42.179805505328794,42.55678110447356,0.10067729122649638,0.15106323123398643,-0.050385940007490054,33.44709897610919,43.30746892063315,41.53953107936686,0.041673549831255985,0.6181645268663827,21.282583103623377,20.16632016632013,42.41164241164252,17699788.95,-254848230.0
2019-07-24,42.3,42.49,42.3,42.46,12970990.0,44.02,41.84,42.93000000000001,0.336428571428572,42.23189164472854,42.19079352472767,42.55581810840915,0.10895896022507401,0.14264237703220395,-0.03368341680712994,38.48797250859102,43.29257447949651,41.61842552050351,0.0394330289124613,0.6638217164532945,19.281822217845075,23.99150743099789,39.06581740976646,17303565.75,-241877240.0
2019-07-25,42.49,42.49,42.15,42.17,18571222.0,44.02,41.84,42.93000000000001,0.31785714285714356,42.22599720237344,42.18997809238541,42.55197912225582,0.09107184664589596,0.13232827095494235,-0.041256424309046386,41.48148148148145,43.29283819691179,41.60316180308821,0.03980579518054031,0.47653085537289197,17.060221013471114,25.39325842696629,34.157303370786515,17386622.35,-260448462.0
2019-07-26,42.32,42.33,42.16,42.23,9446285.0,44.02,41.84,42.93000000000001,0.3000000000000007,42.22637842119502,42.191547578958534,42.54877534989507,0.08080619530441879,0.12202385582483764,-0.04121766052041885,48.360655737704796,43.2541651988432,41.58583480115681,0.03932886368897665,0.23736055067646866,14.223609173115324,26.904761904761898,28.571428571428577,17009726.25,-251002177.0
2019-07-29,42.01,42.03,41.84,41.92,11395359.0,44.02,41.84,42.93000000000001,0.2942857142857146,42.19719952393835,42.18089865429349,42.542518878751835,0.047113093024861996,0.10704170326484252,-0.05992861023998053,47.199999999999974,43.223117183521175,41.53188281647882,0.03990878100507003,-0.7810650887573933,12.836212109026514,27.42718446601945,27.912621359223238,16756432.65,-262397536.0
2019-07-30,41.68,41.73,41.55,41.66,15270586.0,43.42,41.55,42.485,0.2950000000000007,42.14603766451565,42.160471256085906,42.5337375963762,-0.0005622787670915841,0.0855209068584557,-0.08608318562554729,40.15151515151507,43.04645808851577,41.53454191148422,0.035750728343991005,-1.2328117591275611,13.465216526685436,20.33898305084749,34.8668280871671,15531314.8,-277668122.0
2019-07-31,41.54,41.54,40.71,41.1,29673945.0,43.17,40.71,41.94,0.34000000000000036,42.046415029799874,42.118884148004106,42.519471550641114,-0.08258073497142249,0.051900578492480066,-0.13448131346390255,35.45150501672239,42.96141554383923,41.400584456160765,0.03700317886438126,-2.444813671967716,16.24329865960626,17.647058823529463,42.43697478991583,15756762.85,-307342067.0
2019-08-01,41.26,41.51,40.06,40.17,65438402.0,42.76,40.06,41.41,0.42571428571428577,41.8677088364856,42.042457318670614,42.49609372426658,-0.22008715239679333,-0.0024969676853746118,-0.21759018471141872,23.93617021276583,43.11864024283142,40.947359757168584,0.05165656711780824,-4.900568181818176,19.984227734239443,13.590604026845673,44.79865771812071,18533597.75,-372780469.0
2019-08-02,40.1,40.2,39.76,39.86,34907374.0,42.74,39.76,41.25,0.44428571428571473,41.676498471106015,41.95687075715412,42.46986393596542,-0.35004132955459255,-0.0720058400592182,-0.2780354894953744,19.74683544303788,43.314677527824955,40.47432247217505,0.06779780294907227,-6.145514480809977,24.279351155636395,11.5755627009646,47.74919614147903,19252431.8,-407687843.0
2019-08-05,38.84,38.91,38.08,38.3,61676646.0,42.74,38.08,40.41,0.5528571428571435,41.354927188143535,41.813464060795134,42.42837275252298,-0.5723126497830222,-0.17206720200397901,-0.4002454477790432,14.338235294117553,43.82270506721109,39.565294932788916,0.1021108585029542,-8.982889733840304,28.312906885620688,7.751937984496133,60.077519379844865,21545796.75,-469364489.0
2019-08-06,38.96,39.02,38.46,38.66,36838474.0,42.74,38.08,40.41,0.5878571428571436,41.098267455939386,41.68979880350905,42.390876506229226,-0.71121681634623,-0.27989712487242924,-0.4313196914738008,19.82608695652165,44.037847125111824,39.01015287488818,0.12107923731393042,-8.648393194707005,32.79407424142993,8.626974483596683,55.77156743620887,22592541.75,-432526015.0
2019-08-07,38.34,38.85,38.16,38.85,30388693.0,42.74,38.08,40.41,0.6171428571428582,40.88414674584992,41.57843414454791,42.35564390417719,-0.7967831369715768,-0.38327432729225874,-0.413508809679318,20.92624356775299,44.117468535291856,38.59753146470815,0.1334688284007425,-8.502119642016016,38.08915483396091,8.21759259259267,56.01851851851847,23382224.9,-402137322.0
2019-08-08,38.94,39.18,38.84,39.18,21648203.0,42.74,38.08,40.41,0.6057142857142865,40.721847055768976,41.48437790358525,42.32404545736946,-0.8284173410287963,-0.4723029300395663,-0.35611441098922997,22.259696458684658,44.12570012209157,38.310299877908434,0.1410888506036959,-7.090348589044348,42.81842381909437,7.547169811320835,57.075471698113176,23696690.65,-380489119.0
2019-08-09,38.83,38.91,38.49,38.74,26814320.0,42.74,38.08,40.41,0.6271428571428578,40.53309971712431,41.37675524069955,42.288383313515034,-0.8788610354778612,-0.5536145511272254,-0.32524648435063586,22.07357859531774,44.12280967861258,37.974190321387425,0.14978913619803785,-8.264267108690493,45.59068054787282,7.289293849658394,55.580865603644625,24403457.9,-407303439.0
2019-08-12,38.2,38.38,38.12,38.26,34235676.0,42.74,38.08,40.41,0.6528571428571439,40.31661402977914,41.25452954498584,42.24829989746016,-0.9466575364225349,-0.6322231481862873,-0.3144343882362476,17.36334405144693,44.10735541339655,37.59064458660346,0.15953171012247758,-8.730916030534363,48.72918102856596,6.564551422319558,57.43982494529539,25484667.5,-441539115.0
2019-08-13,38.09,39.19,38.01,38.87,48779706.0,42.74,38.01,40.375,0.7235714285714293,40.178841265038265,41.16101858243738,42.214684973107325,-0.9403253643829217,-0.6938435914256142,-0.24648177295730744,23.168908819132994,43.9930477509472,37.37395224905279,0.16269729747672662,-6.697071531445031,51.41723371661865,12.339585389930887,51.826258637709785,27462638.45,-392759409.0
2019-08-14,37.89,38.02,37.66,37.67,52108524.0,42.74,37.66,40.2,0.7857142857142863,39.93990400170129,41.024115892930034,42.16946422710626,-1.0203747980911118,-0.7591498327587138,-0.2612249653323979,20.39473684210523,43.95550380242385,36.96549619757616,0.1727612759320248,-8.345498783454985,54.843632718911785,11.363636363636356,49.545454545454604,29580016.1,-444867933.0
2019-08-15,38.21,38.33,37.96,38.19,34709348.0,42.74,37.66,40.2,0.8207142857142858,39.773246477729735,40.91297409320729,42.12986756813008,-1.0299819065736955,-0.8133162475217102,-0.21666565905198532,24.937965260545894,43.788019233585416,36.727980766414575,0.17536982629963838,-4.92905153099329,58.59276573463514,13.577023498694473,47.43255004351618,30088088.15,-410158585.0
2019-08-16,38.47,38.7,38.47,38.6,26824449.0,42.49,37.66,40.075,0.8292857142857153,39.66150871794595,40.822269226807,42.094744507750676,-0.9930646051674756,-0.8492659190508633,-0.14379868611661228,29.65686274509804,43.50717628452181,36.62182371547818,0.17185669530491168,-3.1610637230305993,61.76766473851881,16.623600344530555,44.186046511628,30481899.55,-383334136.0
2019-08-19,39.43,39.47,39.04,39.15,27126419.0,42.49,37.66,40.075,0.8650000000000004,39.6127936019511,40.75669004144202,42.06544356737505,-0.9089491740923137,-0.8612025700591535,-0.04774660403316022,35.14792899408285,43.24704032323023,36.58895967676977,0.16679394374619125,2.2193211488250597,61.91524855216435,22.29562345169277,39.9669694467383,31005097.6,-356207717.0
2019-08-20,39.2,39.21,38.97,39.01,15842836.0,42.49,37.66,40.075,0.8142857142857152,39.55538468747957,40.68819239275802,42.03504114381908,-0.8438564668500419,-0.8577333494173313,0.013876882567289361,36.98630136986299,42.90307137675189,36.60192862324811,0.15850934541233339,0.9053285049146487,60.41364823224796,23.684210526315727,35.701754385965,30733372.85,-372050553.0
2019-08-21,39.48,39.48,39.17,39.35,21902694.0,42.49,37.66,40.075,0.7442857142857154,39.53582424105294,40.635714259708685,42.008324316517395,-0.7561188020095102,-0.8374104399357671,0.08129163792625693,44.48924731182796,42.4805949784961,36.71340502150389,0.1456471438995937,1.287001287001277,57.09893235075213,28.502879078694694,32.82149712092141,31179958.05,-350147859.0
2019-08-22,39.12,39.2,38.9,39.05,16318527.0,42.33,37.66,39.995,0.745000000000001,39.489555265714564,40.57352938677894,41.978888253666476,-0.7026933517554284,-0.8104670222996994,0.107773670544271,44.54912516823687,42.06433576316937,36.81766423683062,0.13302582404956123,-0.33180193976519723,53.215229767095586,28.47555129434312,32.50239693192723,31067323.3,-366466386.0
2019-08-23,38.88,39.22,38.28,38.34,43690553.0,42.03,37.66,39.845,0.6850000000000007,39.380073811836986,40.48593999906212,41.94268041034641,-0.7094660804537298,-0.7902668339305055,0.08080075347677562,50.3039513677812,41.55739205833384,36.935607941666156,0.11776296272706314,-1.032524522457401,48.56755937818529,30.969760166840338,24.296141814390094,32779536.7,-410156939.0
2019-08-26,38.92,38.96,38.72,38.89,22761343.0,41.73,37.66,39.69499999999999,0.677857142857143,39.33340011547156,40.423354116745955,41.91230548089023,-0.6628126219643207,-0.7647759915372685,0.10196336957294783,51.69867060561303,41.0355099709549,37.1544900290451,0.09927151661107043,1.646628332462119,44.067873583919905,30.1369863013697,24.55216016859865,33347835.9,-387395596.0
2019-08-27,39.04,39.16,38.85,38.9,18022978.0,41.54,37.66,39.599999999999994,0.6507142857142851,39.29212391399808,40.36361473961866,41.88233229202565,-0.6179096260314338,-0.7354027184361016,0.11749309240466776,50.37936267071318,40.47630870706882,37.437691292931184,0.07799926622013073,0.0771803447388697,40.19796943896663,33.58946212952782,22.28320526893535,33485455.5,-369372618.0
2019-08-28,38.69,38.92,38.6,38.85,14281856.0,41.51,37.66,39.584999999999994,0.649285714285714,39.250016874569695,40.3042572988493,41.852159831408486,-0.5796761149611456,-0.7042573977411104,0.12458128277996483,47.38510301109351,39.980540677554764,37.70845932244523,0.058491713244076635,3.1324661534377407,35.36509087908949,30.033003300329852,25.082508250825185,32715851.05,-383654474.0
2019-08-29,39.06,39.2,38.91,39.13,21518749.0,40.2,37.66,38.93,0.625,39.23858669603925,40.25820799301207,41.82507366393179,-0.5207789069720548,-0.6675616995872993,0.14678279261524452,53.17073170731708,39.75503776412918,37.82996223587083,0.049624941116410304,2.461377323906788,31.440144734463697,34.399999999999814,22.057142857142935,30519868.4,-362135725.0
2019-08-30,39.23,39.23,38.99,39.12,15521114.0,39.48,37.66,38.56999999999999,0.5978571428571422,39.22729272498789,40.21357238544297,41.798157508071775,-0.46949728923732437,-0.6279488175173044,0.15845152827998,57.57042253521128,39.59418255082536,37.91681744917464,0.043280698266071185,1.3471502590673534,28.060625702770743,36.32019115890061,18.637992831541265,29550555.4,-377656839.0
2019-09-03,39.0,39.13,38.91,39.13,16931722.0,39.48,37.66,38.56999999999999,0.529285714285714,39.21802675117952,40.17107935071972,41.771608677145686,-0.42317126634844016,-0.5869933072835316,0.16382204093509145,52.55905511811029,39.62282271578173,37.971177284218264,0.04257147283458686,-0.051085568326936226,24.753984024035994,30.094466936571983,22.132253711201194,27313309.2,-360725117.0
2019-09-04,39.94,40.06,39.84,40.05,30073862.0,40.06,37.66,38.86,0.509285714285714,39.297262298686235,40.16633114088758,41.75447824254722,-0.30866317130616494,-0.5313272800880583,0.22266410878189336,74.79166666666663,39.860593609912904,37.8724063900871,0.05115426446491975,2.665983081261203,23.27797722017405,44.31977559607271,18.09256661991595,26975078.6,-330651255.0
2019-09-05,40.52,40.68,40.48,40.53,27680170.0,40.68,37.66,39.17,0.5071428571428572,39.41466588928755,40.18059266477434,41.742294379437304,-0.17714072452027096,-0.46048996897450084,0.2833492444542299,74.57983193277312,40.191882506048174,37.70911749395182,0.06374154406480921,2.998729351969498,22.585560453181905,48.87323943661949,18.16901408450713,26839652.45,-302971085.0
2019-09-06,40.68,40.71,40.59,40.61,16063334.0,40.71,37.66,39.185,0.48357142857142826,39.52850723316492,40.19743216811652,41.731027768696634,-0.06569560838294564,-0.3815310968561898,0.31583548847324416,72.68623024830697,40.46705836706249,37.57694163293752,0.07406377771833768,3.994878361075549,22.32150189883836,46.233382570162235,19.05465288035461,26560409.0,-286907751.0
2019-09-09,40.67,40.78,40.58,40.69,13860463.0,40.78,37.66,39.22,0.43571428571428583,39.63912559191112,40.21674855368058,41.720669283435974,0.028749375580865433,-0.2994750023687788,0.3282243779496442,69.44444444444443,40.73726291282506,37.501737087174945,0.08270877249581703,6.129368805425117,22.48315892923839,39.83606557377025,21.147540983606657,25912716.15,-273047288.0
2019-09-10,40.73,40.86,40.63,40.71,15215149.0,40.86,37.66,39.26,0.4349999999999997,39.741113630776724,40.236091747653894,41.71061287265552,0.10401254677096716,-0.2187774925408296,0.32279003931179673,72.13541666666669,40.9540206590019,37.52997934099811,0.08725450583568083,4.679866289534584,23.50802418796929,41.21510673234787,20.032840722496005,24961689.8,-257832139.0
2019-09-11,41.2,41.38,41.12,41.33,27797624.0,41.38,37.66,39.519999999999996,0.44928571428571423,39.892436142131324,40.278990110490994,41.70682567989278,0.21125278007635728,-0.13277143801739222,0.3440242180937495,74.0291262135922,41.3030456786771,37.4269543213229,0.09846542251630123,6.246786632390755,25.768825174794717,43.87917329093786,19.39586645469008,23912585.7,-230034515.0
2019-09-12,41.45,41.79,41.31,41.48,24678343.0,41.79,37.96,39.875,0.45142857142857096,40.04363270002358,40.326088537530566,41.70456870795355,0.30483127876204463,-0.04525089466150485,0.35008217342354947,80.60453400503783,41.540469574208636,37.570530425791354,0.10036377111696938,6.769626769626758,29.145948143417915,50.15822784810112,15.031645569620315,22541076.65,-205356172.0
2019-09-13,41.85,41.97,41.8,41.9,19186927.0,41.97,38.28,40.125,0.4192857142857141,40.220429585735616,40.387810555666626,41.70651329792416,0.40817817911394627,0.045434920093585386,0.36274325902036086,98.36956521739124,41.87638508791559,37.60561491208441,0.10746509085909198,7.078967544083814,34.14521569293158,57.06984667802366,5.621805792163638,21764955.6,-186169245.0
2019-09-16,41.52,41.62,41.37,41.46,31414647.0,41.97,38.28,40.125,0.4128571428571429,40.338483910903655,40.42985720054244,41.7040604292881,0.44939665455644473,0.12622726698615727,0.32316938757028746,85.99439775910365,42.07985638491369,37.68814361508631,0.1101121444646319,5.981595092024539,37.91700752007973,57.95847750865028,13.148788927335728,21994465.5,-217583892.0
2019-09-17,40.97,41.29,40.91,41.26,14390722.0,41.97,38.28,40.125,0.4300000000000007,40.42624734796045,40.46241182012901,41.69964191755389,0.4606145865463631,0.19310473089819846,0.26750985564816465,81.38297872340421,42.23896753933788,37.74003246066212,0.1125029089805013,5.443393815486819,39.62622204438916,52.32558139534861,20.265780730897074,21357680.65,-231974614.0
2019-09-18,41.09,41.14,40.7,40.98,20239963.0,41.97,38.28,40.125,0.4471428571428575,40.47898569577374,40.48270939581023,41.69248130145883,0.4418182131875099,0.24284742735606077,0.19897078583144914,76.69172932330815,42.32938678876511,37.84661321123489,0.11182332811639953,2.322097378277155,42.23440060643368,50.3194888178912,18.849840255591037,21577537.0,-252214577.0
2019-09-19,40.84,40.93,40.66,40.69,18117514.0,41.97,38.28,40.125,0.4450000000000003,40.49908229617624,40.49083843911179,41.68250636313586,0.39892284131732225,0.27406251014831307,0.12486033116900919,69.4999999999999,42.38357518796873,37.92642481203127,0.11099863966971633,0.3947693066864044,43.55439704288875,46.0674157303369,19.582664526484834,21388278.0,-270332091.0
2019-09-20,40.73,40.8,40.39,40.54,31181944.0,41.97,38.28,40.125,0.4571428571428576,40.50297922034993,40.492766343460346,41.671138140617096,0.3488034150222532,0.2890106911231011,0.05979272389915208,67.14975845410629,42.40144043729722,38.057559562702785,0.10797750095314217,-0.17237133710908958,43.48324818973369,44.3749999999999,23.281250000000007,22131448.85,-301514035.0
2019-09-23,40.28,40.54,40.27,40.53,15380418.0,41.97,38.6,40.285,0.4607142857142854,40.50555262793565,40.49422648685406,41.659783532252746,0.3047633697480876,0.2921612268480984,0.012602142899989177,66.90821256038649,42.322488686236994,38.355511313763,0.09834099438444165,-0.3932170066355267,44.53550809463588,44.031007751937956,23.720930232558064,20715942.1,-316894453.0
2019-09-24,40.33,40.34,39.98,40.04,25822348.0,41.97,38.6,40.285,0.4335714285714286,40.46121428241797,40.47641368344802,41.643666283175605,0.22769765484953552,0.27926851244838585,-0.05157085759885033,49.86522911051216,42.26655516383841,38.526444836161595,0.09258500928735947,-1.6457872758536052,41.70625071767842,31.46622734761114,29.983525535420103,20868992.35,-342716801.0
2019-09-25,40.06,40.23,39.85,40.18,18517479.0,41.97,38.6,40.285,0.4157142857142852,40.43443196980673,40.464789617430455,41.62910243956192,0.17589177958885927,0.25859316587648057,-0.0827013862876213,44.80712166172105,42.197811595240395,38.72318840475961,0.08587692170093755,-2.7824824582627583,39.88996864929554,22.16494845360826,33.50515463917523,20893717.4,-324199322.0
2019-09-26,40.02,40.07,39.8,39.91,25691059.0,41.97,38.91,40.44,0.4299999999999997,40.38448606792038,40.443033161844944,41.611996942650855,0.11176020461722658,0.22922657362462978,-0.1174663690074032,40.16853932584266,42.102266817380524,38.92473318261948,0.07843147678578863,-3.7849566055930595,38.537856308370536,20.930232558139515,33.222591362126266,21464177.55,-349890381.0
2019-09-27,39.9,40.04,39.25,39.45,55206961.0,41.97,38.91,40.44,0.4721428571428566,40.295487394785106,40.404090684909846,41.5904845352613,0.023545891410201136,0.18809043718174406,-0.16454454577154293,34.26395939086301,42.065159981557386,38.99384001844261,0.07577986313955945,-5.847255369928394,38.94631881360727,18.003025718608157,38.57791225416037,23148588.15,-405097342.0
2019-09-30,39.89,40.03,39.78,39.8,20929879.0,41.97,38.91,40.44,0.4971428571428567,40.24829811909129,40.38040085412907,41.57266876874129,-0.017915988070065225,0.1468891521313822,-0.16480514020144743,39.3442622950819,41.994293302225636,39.13270669777436,0.07054585044316382,-4.00385914134106,39.28630537738854,15.948275862068972,36.637931034482754,23419026.4,-384167463.0
2019-10-01,39.9,39.93,39.5,39.63,25508098.0,41.97,39.25,40.61,0.4799999999999994,40.189412583939735,40.350973369653424,41.553338731241375,-0.063757449337281,0.10475983183764957,-0.1685172811749306,27.748691099476417,41.92841790793674,39.24858209206325,0.06602450979645685,-3.9505574406204502,41.2008488550106,8.779761904761859,42.11309523809526,23847845.2,-409675561.0
2019-10-02,39.69,39.75,39.5,39.67,23242699.0,41.97,39.25,40.61,0.4635714285714282,40.13994471880262,40.3242685316278,41.5345990423733,-0.09575566030917315,0.06465673340828502,-0.1604123937174582,25.60646900269539,41.951679438426694,39.1873205615733,0.06813884511402392,-3.196681307955085,43.640589709582294,2.773497688751924,43.605546995377516,23506287.05,-386432862.0
2019-10-03,40.12,40.33,39.94,40.31,23935909.0,41.97,39.25,40.61,0.475714285714285,40.156140459869036,40.323708981367886,41.522413977275065,-0.06868012006995627,0.03798936271263677,-0.10666948278259304,29.770992366412187,41.945496376122854,39.171503623877136,0.06839485563434837,-0.9338903907593843,42.49181737392359,8.708708708708697,42.49249249249253,23319074.0,-362496953.0
2019-10-04,40.01,40.27,39.88,40.24,23736574.0,41.97,39.25,40.61,0.4685714285714277,40.16412708273865,40.3204262762162,41.50965363919273,-0.05226845612105535,0.019937798945898345,-0.07220625506695369,32.86516853932581,41.933956882218084,39.146043117781915,0.06876945644884483,-0.7400098667982191,42.407894061994156,8.841463414634138,37.49999999999997,23702736.0,-386233527.0
2019-10-07,39.99,40.24,39.92,39.96,22610647.0,41.97,39.25,40.61,0.452142857142856,40.144686408192115,40.30629191244302,41.49423419999678,-0.06115084526512504,0.0037200701036936685,-0.06487091536881871,32.14285714285711,41.918982435894286,39.08801756410572,0.06989432695417844,-1.4063656550703185,43.18460834517431,9.162717219589252,31.59557661927327,24140245.2,-408844174.0
2019-10-08,39.94,40.03,39.68,39.69,29393775.0,41.97,39.25,40.61,0.43714285714285644,40.101382940745246,40.28212360215114,41.47628162089234,-0.08895156786785918,-0.014814257490616904,-0.07413731037724228,32.23140495867764,41.90954639958226,38.99545360041774,0.07203739692638332,-0.8741258741258751,43.90310975651639,9.477124183006524,33.169934640522946,24849176.5,-438237949.0
2019-10-09,40.3,40.42,40.19,40.25,28052271.0,41.97,39.25,40.61,0.466428571428571,40.11553694638856,40.28086385304717,41.46407981371928,-0.06504670303674942,-0.024860746599843407,-0.04018595643690601,44.35897435897437,41.79751130502515,38.99948869497485,0.06926055695261696,0.17421602787457413,43.48290698301291,14.854517611026028,30.47473200612552,24861908.85,-410185678.0
2019-10-10,40.44,40.85,40.42,40.75,33343732.0,41.97,39.25,40.61,0.4799999999999999,40.17596199911346,40.29926134900611,41.45697454194098,-0.00569050747918709,-0.021026698775712144,0.015336191296525054,52.47058823529413,41.67782433638373,39.046175663616275,0.06520114644386935,2.1047356552242658,41.988519922806,20.833333333333314,25.59523809523808,25295178.3,-376841946.0
2019-10-11,41.5,41.69,41.22,41.33,48718111.0,41.69,39.25,40.47,0.5278571428571429,40.28587038015027,40.339682472574495,41.455711113662964,0.0871462896952977,0.0006078989184898227,0.08653839077680787,58.298755186721976,41.52817723014194,39.13882276985806,0.05923994843700356,4.765525982256014,41.03777349151034,30.3112313937753,21.650879566982425,26771737.5,-328123835.0
2019-10-14,41.34,41.38,41.15,41.15,12157153.0,41.69,39.25,40.47,0.505,40.36816843918358,40.37145963051275,41.45266921203448,0.14452957762750174,0.029392234660292206,0.11513734296720954,62.30598669623062,41.45792797556808,39.17807202443191,0.056546851310485896,3.3919597989949812,42.56234759469895,31.683168316831612,19.519094766619453,25808862.8,-340280988.0
2019-10-15,41.35,41.7,41.33,41.54,23087300.0,41.7,39.25,40.475,0.5171428571428578,40.47977144497562,40.41728474304166,41.453538175098814,0.2189520444960067,0.0673041966274351,0.1516478478685716,64.2857142857143,41.52622469895244,39.13777530104756,0.05921971134347115,4.819581125410033,43.5632641467966,35.35911602209934,17.265193370165726,26243691.7,-317193688.0
2019-10-16,41.46,41.61,41.4,41.52,16275197.0,41.7,39.25,40.475,0.5050000000000006,40.578840831168414,40.46052847860866,41.45419948678938,0.2731696234443106,0.1084772819908102,0.16469234145350042,67.84922394678506,41.63642998572533,39.081570014274675,0.06330335170471652,4.663473657675832,44.52546602271731,36.2093352192361,16.973125884016895,26045453.4,-333468885.0
2019-10-17,41.77,41.8,41.63,41.69,16759089.0,41.8,39.25,40.525,0.46857142857142875,40.684665513914275,40.50874304807499,41.45654576055267,0.32609599300843684,0.15200102419433553,0.1740949688141013,76.5402843601896,41.81299280250396,39.005007197496035,0.06948911393521069,3.423468122054074,46.339828131197066,41.920731707316946,9.908536585365828,25977532.15,-316709796.0
2019-10-18,41.46,41.59,41.24,41.24,25353232.0,41.8,39.25,40.525,0.45928571428571424,40.73755451258911,40.53741979128774,41.45439107636807,0.32794889231926305,0.18719059781932104,0.140758294499942,66.66666666666677,41.89582861102776,38.992171388972245,0.07179451147402616,2.48508946322068,46.752290360779405,42.76827371695168,16.17418351477448,25686096.55,-342063028.0
2019-10-21,41.65,41.72,41.52,41.72,18641377.0,41.8,39.25,40.525,0.46285714285714263,40.83112074948538,40.583795485747046,41.45703395123008,0.3639538830349309,0.22254325486244303,0.1414106281724879,72.57019438444927,42.06366564572955,38.943334354270455,0.07703855941978088,4.404404404404394,46.23405337637699,44.44444444444429,11.72839506172837,25849144.5,-323421651.0
2019-10-22,41.41,41.5,41.36,41.38,15969487.0,41.8,39.25,40.525,0.4707142857142855,40.8833949638201,40.61501919218834,41.45626744425267,0.36089279162373344,0.25021316221470113,0.11067962940903231,67.34279918864104,42.16163961146326,38.97936038853673,0.07843825496177087,4.257999496094755,43.629701966290305,43.702579666160695,13.96054628224586,25356501.45,-339391138.0
2019-10-23,41.13,41.3,41.06,41.26,16021993.0,41.8,39.25,40.525,0.44642857142857145,40.91926211012295,40.640312557200566,41.45431453435961,0.34480911269331926,0.26913235231042476,0.0756767603828945,60.77097505668932,42.2330491992244,39.01595080077559,0.07919108908291331,2.5093167701863317,41.10823150127144,36.79999999999984,19.519999999999982,25231727.15,-355413131.0
2019-10-24,41.36,41.37,41.18,41.23,14112594.0,41.8,39.25,40.525,0.42928571428571416,40.948856194873144,40.663437554957405,41.452082548943096,0.3258853287712782,0.28048294760259546,0.045402381168682726,61.32723112128143,42.28386089677707,39.09713910322293,0.07831611293923992,1.1779141104294455,39.139339725088746,39.43427620632264,19.301164725457635,24652803.9,-369525725.0
2019-10-25,41.2,41.55,41.19,41.49,18287726.0,41.8,39.5,40.65,0.43214285714285694,41.00039370012332,40.69585176848849,41.452459837013315,0.3280859501568969,0.29000354811345574,0.038082402043441155,67.58620689655176,42.310918498587306,39.2740815014127,0.07444596426241597,0.38712799419309274,37.884164552781975,42.14876033057837,19.173553719008332,22806842.15,-351237999.0
2019-10-28,41.87,41.98,41.86,41.88,21541605.0,41.98,39.5,40.739999999999995,0.44214285714285645,41.084165728683004,40.74228895403796,41.45671396798831,0.35718232360538593,0.3034393032118418,0.053743020393544116,74.49664429530212,42.41362019438829,39.37937980561172,0.07419315561910107,1.773997569866359,37.68880435742176,48.14216478190621,14.862681744749647,22837428.45,-329696394.0
2019-10-29,41.38,41.56,41.37,41.46,16516687.0,41.98,39.5,40.739999999999995,0.4264285714285708,41.11995946880843,40.77043448525216,41.456746664824244,0.342403900254709,0.3112322226204153,0.031171677634293737,63.97228637413398,42.400643658278184,39.575356341721815,0.06892962126857544,-0.1925854597977783,37.33455725317464,43.38358458961462,23.618090452261402,22387857.9,-346213081.0
2019-10-30,41.18,41.4,41.0,41.33,22947223.0,41.98,39.68,40.83,0.4164285714285708,41.139963328921915,40.79237823092855,41.45548550398022,0.31655295432179287,0.3122963689606908,0.004256585361102072,57.32323232323232,42.34593900783323,39.796060992166765,0.062084634308063234,-0.45761078998074467,37.290861524199705,37.04974271011994,30.53173241852494,22373084.1,-369160304.0
2019-10-31,41.3,41.31,40.96,41.15,24678097.0,41.98,39.68,40.83,0.37571428571428506,41.14091920235792,40.80640261402939,41.4524458472242,0.2783329487695383,0.30550368492246033,-0.027170736152922037,47.47191011235955,42.336697589065345,39.889302410934654,0.05952849896944253,-1.2952746461981302,37.23778296793646,25.095057034220446,34.60076045627383,22410193.5,-393838401.0
2019-11-01,41.83,42.05,41.8,42.0,31605909.0,42.05,39.68,40.864999999999995,0.42357142857142754,41.222736421180976,40.85321035465569,41.45789414725182,0.31302288232524234,0.30700752440301676,0.006015357922225573,60.047281323877094,42.41344251084994,39.98855748915006,0.05885500404601536,1.8428709990300662,36.12203845809962,34.73861720067442,29.51096121416533,22803660.25,-362232492.0
2019-11-04,42.65,42.71,42.45,42.51,30072003.0,42.71,39.68,41.195,0.4349999999999987,41.345332952497074,40.91818249761037,41.46836286220454,0.377318153546085,0.3210696502316304,0.05624850331445458,61.14942528735632,42.52769753871212,40.12930246128788,0.05803247341239678,1.8935762224352892,34.78485620829047,39.408866995073865,28.735632183908134,23176728.05,-332160489.0
2019-11-05,42.77,42.83,42.64,42.77,22266821.0,42.83,40.19,41.51,0.44285714285714156,41.48101552844973,40.99080279182173,41.481314475515944,0.4441327603026366,0.3456822722458317,0.0984504880568049,63.61655773420478,42.582717681815666,40.38228231818434,0.05304490721705124,3.359110681488642,33.489325788239626,40.64516129032253,28.225806451612982,22820380.35,-309893668.0
2019-11-06,42.9,42.95,42.65,42.69,22244264.0,42.95,40.42,41.685,0.4442857142857137,41.59615690669261,41.05743797645617,41.4933411971526,0.4850372782993375,0.3735532734565329,0.11148400484280463,61.11111111111108,42.669848472769694,40.53915152723031,0.05121313669289101,3.465826466311195,30.268037272833457,39.38906752411574,28.135048231511295,22529980.0,-332137932.0
2019-11-07,43.07,43.27,42.96,43.05,32364624.0,43.27,40.96,42.115,0.4535714285714287,41.73461815367427,41.13557766365397,41.5088303394695,0.5402754359514574,0.40689770595551783,0.1333777299959396,70.52154195011325,42.8880253865275,40.55097461347249,0.05601818749158096,4.414261460101865,29.483873153270334,43.62204724409441,21.417322834645656,22481024.6,-299773308.0
2019-11-08,42.8,42.88,42.59,42.74,33867729.0,43.27,40.96,42.115,0.452142857142857,41.83036880570529,41.19849618664793,41.52108078385289,0.5526668650412816,0.43605153777267064,0.11661532726861096,62.02830188679245,43.027671838153964,40.552328161846035,0.059232918791766676,3.0127741624487836,26.81116175221635,41.70616113744078,27.330173775671362,21738505.5,-333641037.0
2019-11-11,41.78,42.09,41.77,42.08,22985300.0,43.27,40.96,42.115,0.49571428571428555,41.85414320516193,41.23306496364213,41.526642169088184,0.5034274791140376,0.44952672604094407,0.053900753073093555,57.67543859649114,43.042402588372596,40.630597411627406,0.057648349569041156,0.47755491881564804,23.48196400636068,38.04034582132567,34.43804034582124,22279912.85,-356626337.0
2019-11-12,41.89,41.95,41.63,41.71,26734523.0,43.27,40.96,42.115,0.5049999999999996,41.840415280860796,41.25176829840126,41.52846662511716,0.4295968778421013,0.4455407564011756,-0.015943878559074254,54.6777546777547,43.044482344492415,40.6455176555076,0.05732978107264473,0.6029908345393187,21.891754934118772,37.34087694483738,31.541725601131525,22462274.0,-383360860.0
2019-11-13,41.05,41.28,41.02,41.15,31483096.0,43.27,40.96,42.115,0.5407142857142853,41.77466144458834,41.24777738473846,41.52470078805132,0.3221843340781376,0.42086947193656804,-0.09868513785843042,49.250936329588036,43.05807195230174,40.594928047698254,0.05888955338370374,-0.4355189934672099,19.799836181206075,33.94980184940558,37.51651254953764,23222668.95,-414843956.0
2019-11-14,40.98,41.08,40.82,41.04,25862224.0,43.27,40.82,42.045,0.538571428571428,41.70469368796088,41.239629252003624,41.51987789463787,0.22558266207984445,0.38181210996522336,-0.1562294478853789,45.66473988439305,43.07408881271304,40.51391118728695,0.061257061430494635,-0.26731470230862975,17.978709523517065,31.697612732095532,40.318302387267934,23677825.7,-440706180.0
2019-11-15,41.06,41.18,41.0,41.13,23753853.0,43.27,40.82,42.045,0.5164285714285712,41.64996095577413,41.235330065650544,41.515998512601676,0.15450633601759023,0.33635095517569674,-0.1818446191581065,42.331288343558306,43.07950980468837,40.49749019531163,0.06178780308881016,-2.0714285714285685,15.578364770231142,28.49239280774555,42.04702627939143,23597856.75,-416952327.0
2019-11-18,41.35,41.41,41.25,41.26,14699359.0,43.27,40.82,42.045,0.499999999999999,41.612821817128975,41.2362975140564,41.51345126372007,0.10742937017374032,0.2905666381753055,-0.18313726800156516,47.82608695652171,43.077861872435534,40.45313812756446,0.06284430318973977,-2.940484591860737,13.854929114977326,32.714285714285765,36.42857142857146,23400755.85,-402252968.0
2019-11-19,41.83,41.86,41.58,41.68,27540577.0,43.27,40.82,42.045,0.509999999999999,41.61921973930717,41.25369761154439,41.51510846507609,0.1028257146530791,0.2530184534708602,-0.1501927388177811,53.57873210633948,43.081114834368904,40.4798851656311,0.06225941931613554,-2.5485153144727657,13.979032241432833,38.37535014005613,30.53221288515412,23979310.35,-374712391.0
2019-11-20,41.57,41.68,41.29,41.45,24386070.0,43.27,40.82,42.045,0.5114285714285707,41.60310357365887,41.261395744425,41.514460619652446,0.07969948067360377,0.21835465891140893,-0.13865517823780515,53.0364372469636,43.077314626414406,40.50268537358559,0.06160874019690868,-2.9046615132349407,13.269929716366068,38.26815642458109,33.93854748603356,24397514.2,-399098461.0
2019-11-21,41.22,41.39,41.11,41.39,20577884.0,43.27,40.82,42.045,0.47142857142857103,41.58280799521517,41.266439048565196,41.51322220552655,0.055886055411356494,0.18586093821139846,-0.12997488280004196,42.65060240963857,43.07258723969409,40.5234127603059,0.06098795347596022,-3.8559814169570217,13.633902657926257,30.303030303030436,39.545454545454575,24720778.7,-419676345.0
2019-11-22,41.43,41.44,41.2,41.32,14729587.0,43.27,40.82,42.045,0.437857142857142,41.55777866233753,41.268539478033226,41.51129959651634,0.031007889688382306,0.15489032850679524,-0.12388243881841293,33.96226415094347,43.074956707703706,40.50404329229629,0.06152055936078245,-3.322414599906409,14.693713329182723,22.675367047308374,42.57748776508979,24542871.75,-434405932.0
2019-11-25,41.8,42.06,41.72,42.01,26550049.0,43.27,40.82,42.045,0.46785714285714214,41.60084736116253,41.29761636124761,41.516261789585826,0.06620581808561354,0.1371534264225589,-0.07094760833694536,40.821256038647284,43.08469415750635,40.50730584249365,0.061665908580072204,-0.16634980988593506,14.548514265950871,28.854961832061228,39.84732824427486,24793293.95,-407855883.0
2019-11-26,41.96,42.16,41.81,42.11,21044494.0,43.27,40.82,42.045,0.47142857142857003,41.64933808867086,41.32947454315947,41.522169632475524,0.10100526833318213,0.12992379480468355,-0.02891852647150142,43.028846153846175,43.114297315619474,40.54270268438054,0.06147948483065224,0.9590026372572558,14.537885014250199,28.333333333333382,39.54545454545465,25019684.3,-386811389.0
2019-11-27,42.01,42.12,41.94,42.07,12298685.0,43.27,40.82,42.045,0.442857142857141,41.689401127845066,41.358514757153216,41.527620680908605,0.12392785450055754,0.12872460674385836,-0.004796752243300811,37.23958333333336,43.1333614402178,40.5976385597822,0.06056831712115226,2.235722964763065,13.919337399637218,25.00000000000006,42.096774193548555,24487257.4,-399110074.0
2019-11-29,40.96,41.03,40.85,40.94,26282379.0,43.27,40.82,42.045,0.49714285714285567,41.61802959185982,41.34210241373545,41.521773708959266,0.05033241227270935,0.11304616784962856,-0.06271375557691922,30.68669527896992,43.15097758265683,40.55902241734318,0.061927013864858424,-0.2436647173489348,15.037309628856022,22.270114942528764,47.84482758620702,24567471.5,-425392453.0
2019-12-02,41.11,41.13,40.87,40.95,27332414.0,43.27,40.82,42.045,0.4464285714285704,41.55440772596841,41.32672584849092,41.516084418322855,-0.007103702433120418,0.08901619379307878,-0.0961198962261992,35.91022443890283,43.1574732955269,40.447526704473105,0.06482738092348048,-0.4376367614879695,16.158945200044265,26.40000000000004,40.16000000000005,24353796.75,-398060039.0
2019-12-03,40.58,40.71,40.36,40.71,30120023.0,43.27,40.36,41.815,0.45642857142857096,41.47398794254285,41.302540521099125,41.50806367784203,-0.07116785267350423,0.05697938449976218,-0.1281472371732664,37.1134020618557,43.108115314216285,40.31688468578371,0.06691592756206347,-1.3330101793504578,17.497047107927365,25.821596244131463,45.07042253521124,24356197.75,-428180062.0
2019-12-04,40.91,40.97,40.85,40.88,14378140.0,43.27,40.36,41.815,0.42571428571428527,41.41741766230067,41.28597030458543,41.50181428801276,-0.10698827975444658,0.02418585164892043,-0.131174131403367,46.131805157593185,42.96730157372389,40.26869842627612,0.06484221124147652,-1.9193857965451033,17.75573870332487,32.04697986577179,38.08724832214763,23961763.7,-413801922.0
2019-12-05,40.93,41.01,40.84,40.9,16240142.0,43.27,40.36,41.815,0.4142857142857136,41.36813978970061,41.270834214209536,41.49582608614199,-0.13223803567535697,-0.007098925815935052,-0.12513910985942192,47.94117647058824,42.8143791790714,40.242620820928586,0.061927552359050196,-1.326899879372745,17.11392017167373,33.6206896551724,35.68965517241374,23661557.6,-397561780.0
2019-12-06,41.35,41.39,41.22,41.24,17498142.0,42.88,40.36,41.620000000000005,0.4364285714285709,41.35593600020531,41.26962502933858,41.49328055294655,-0.12339111469401587,-0.030357363591551216,-0.09303375110246465,51.50684931506848,42.509989787859205,40.3660102121408,0.05173945595150355,-0.36240637835225353,16.00715188296291,36.497545008183295,33.878887070376365,22918233.5,-380063638.0
2019-12-09,41.27,41.34,41.05,41.05,15160019.0,42.16,40.36,41.26,0.43714285714285744,41.326799238281,41.261012283090004,41.48886980117594,-0.13021029495428849,-0.05032794986409867,-0.07988234509018982,47.16981132075472,42.244514206284364,40.46248579371564,0.04309256562488594,-0.6534365924491858,16.027757349537495,32.67973856209148,36.601307189542375,21982848.0,-395223657.0
2019-12-10,41.21,41.29,41.14,41.21,11648017.0,42.16,40.36,41.26,0.4114285714285718,41.315675501301854,41.2590118014002,41.48609497728364,-0.12130554678265781,-0.06452346924781051,-0.056782077534847306,43.1884057971015,42.13411036563547,40.48588963436453,0.039898831548558195,-1.90430849797667,16.51516384440907,26.90972222222215,38.888888888888765,21415983.85,-383575640.0
2019-12-11,41.71,42.07,41.68,41.98,35543861.0,42.16,40.36,41.26,0.4450000000000003,41.37894450117787,41.28728584840411,41.49100945512162,-0.051521991414198,-0.06192317368108801,0.010401182266890012,56.64160401002496,42.183274144155526,40.463725855844466,0.04161187431633478,-0.3087152695321782,16.721047640469845,37.39967897271263,31.300160513643572,21856450.75,-348031779.0
2019-12-12,41.98,42.83,41.96,42.78,62273557.0,42.83,40.36,41.595,0.4828571428571427,41.51237835820855,41.34582365827062,41.503835231687574,0.06755654332079075,-0.03602723028071226,0.103583773601503,64.69344608879487,42.47808703723644,40.33191296276356,0.051833693381786776,1.6876634181126615,17.71593261944739,45.71005917159759,26.183431952662673,23395973.8,-285758222.0
2019-12-13,42.94,43.39,42.59,42.6,55179114.0,43.39,40.36,41.875,0.5228571428571429,41.6159613717125,41.39500704422079,41.51474234381009,0.1457228421209038,0.00032278419961095353,0.14540005792129285,63.22314049586773,42.66557702542541,40.30042297457459,0.05701501942604969,4.054714215925759,17.971519211626173,49.18032786885247,24.1803278688524,24861818.3,-340937336.0
2019-12-16,42.35,42.42,42.26,42.34,26704860.0,43.39,40.36,41.875,0.4942857142857144,41.68491743154941,41.43206559150625,41.52295386277716,0.18456284440451753,0.037170796240592274,0.14739204816392526,53.7414965986395,42.7729162072048,40.3140837927952,0.05918693452428416,3.3943833943834045,18.06600740060256,43.06358381502885,30.34682080924857,25009368.65,-367642196.0
2019-12-17,42.78,42.98,42.73,42.88,27125280.0,43.39,40.36,41.875,0.515,41.79873481902089,41.48884733301581,41.536456809416194,0.25596668842268144,0.08092997467701012,0.1750367137456713,57.938144329896915,42.982059342508734,40.26694065749126,0.06522886004678669,5.33038565463031,18.61385514981054,47.71151178918166,29.12621359223303,25630664.7,-340516916.0
2019-12-18,43.03,43.06,42.95,43.0,11471832.0,43.39,40.36,41.875,0.515,41.913141026733186,41.548108221917154,41.551019428227974,0.31856552133238125,0.12845708400808434,0.19010843732429691,59.43204868154155,43.181235953890685,40.199764046109316,0.07151441953877669,5.185909980430514,18.598579055797785,48.82108183079061,29.12621359223303,24827227.45,-329045084.0
2019-12-19,42.77,42.93,42.76,42.91,10954936.0,43.39,40.36,41.875,0.4450000000000003,42.00807997656812,41.60151574262628,41.56454162297197,0.3568003275000109,0.17412573270646967,0.18267459479354123,75.32133676092533,43.34488214031151,40.18211785968849,0.07573034541221456,4.914425427872859,19.504088522713175,56.50080256821831,19.261637239165477,24155670.75,-340000020.0
2019-12-20,43.06,43.21,43.04,43.08,26124819.0,43.39,40.36,41.875,0.44785714285714306,42.110167597847344,41.659495517425256,41.5796208108031,0.39625152518120643,0.21855089120141705,0.17770063397978939,76.29629629629616,43.52317603160214,40.17282396839786,0.08006002827385499,4.461687681862259,21.67175503986947,59.01116427432219,19.138755980861394,24433017.5,-313875201.0
2019-12-23,43.0,43.12,42.94,43.04,8697827.0,43.39,40.36,41.875,0.41857142857142854,42.198723064719026,41.713632948114466,41.59415194701402,0.41945401310599806,0.25873151558233326,0.1607224975236648,80.25974025974017,43.67052284147366,40.19747715852633,0.08282171228471717,4.84774665042631,24.361638792895715,63.139931740614394,13.481228668942208,24131429.5,-322573028.0
2019-12-24,43.1,43.17,43.03,43.12,4769862.0,43.39,40.36,41.875,0.41000000000000014,42.28646372522198,41.76878459720802,41.609334514705424,0.43923426417976685,0.29483206530182,0.14440219887794686,79.78723404255308,43.805388647180735,40.173611352819265,0.08649251108875956,4.634797379276856,28.252472504191765,60.80139372822314,13.76306620209082,23042420.15,-317803166.0
2019-12-26,43.3,43.57,43.26,43.55,10652813.0,43.57,40.36,41.965,0.4300000000000007,42.406800513296076,41.83863618163124,41.62864461903671,0.4840280875090244,0.3326712697432609,0.15135681776576349,81.77458033573133,44.007067431777074,40.11593256822293,0.09251060622075158,3.739876131491182,32.74984402099198,63.95348837209306,13.122923588040067,22522836.1,-307150353.0
2019-12-27,43.75,43.86,43.61,43.71,20219135.0,43.86,40.36,42.11,0.41714285714285787,42.53091475012502,41.912022998037855,41.649354622827396,0.5263705064990774,0.3714111170944242,0.15495938940465315,80.95238095238086,44.224130218293496,40.06286978170651,0.09874026686409494,2.1739130434782705,37.14654366686102,64.38356164383559,13.527397260274176,22918858.6,-286931218.0
2019-12-30,43.91,43.92,43.46,43.49,13119644.0,43.92,40.36,42.14,0.42928571428571466,42.622256202494064,41.973904449095194,41.66766950220225,0.5359963845511189,0.40432817058576315,0.13166821396535572,80.3482587064677,44.35362890547209,40.18837109452791,0.09853700671723364,2.089201877934266,41.45683207061436,62.562396006655604,12.811980033278028,22260721.85,-300050862.0
2019-12-31,43.57,43.7,43.4,43.63,13648135.0,43.92,40.36,42.14,0.4335714285714291,42.71823180225653,42.03884937266009,41.68719517879725,0.5485978971611161,0.4331821159008338,0.11541578126028229,80.25000000000003,44.47458424505547,40.33541575494452,0.09761038769274727,3.0467642890883218,44.716019064086595,61.94398682042836,13.673805601318145,21576507.9,-286402727.0
2020-01-02,44.4,44.88,44.36,44.88,25550279.0,44.88,40.84,42.86,0.461428571428572,42.92411448775591,42.15026704432048,41.71896438099828,0.6519341489534369,0.47693252251135443,0.1750016264420825,82.36607142857146,44.800940465358444,40.42605953464156,0.10266420103293285,4.664179104477606,48.8485163684416,64.39628482972134,12.848297213622468,21348020.7,-260852448.0
2020-01-03,43.99,44.25,43.9,43.91,20948415.0,44.88,40.84,42.86,0.4692857142857153,43.01800834606487,42.21927617983732,41.74076573044108,0.6480872334180319,0.5111634646926899,0.13692376872534195,62.150537634408536,44.86487969580553,40.665120304194474,0.0982055276887888,2.116279069767435,50.12200531072938,51.75038051750378,19.634703196347193,21676534.45,-281800863.0
2020-01-06,43.92,44.13,43.89,44.12,12687665.0,44.88,41.05,42.965,0.42928571428571566,43.122959932153925,42.29381436886331,41.764439703272515,0.654439795509461,0.5398187308560441,0.11462106465341682,66.23931623931617,44.914624491560836,40.93737550843917,0.09265361280160436,2.819855511535785,50.34485212089702,47.25457570715464,21.63061564059912,21498910.6,-269113198.0
2020-01-07,44.02,44.1,43.9,44.01,16122780.0,44.88,41.05,42.965,0.42071428571428676,43.20743993861546,42.36111576616279,41.78678358682205,0.6431839419285623,0.5604917730705478,0.08269216885801456,68.43267108167761,44.94141207769125,41.18758792230876,0.08716748494426937,2.1587743732590425,52.61331856259181,48.21731748726649,16.46859083191857,21430142.5,-285235978.0
2020-01-08,43.7,44.21,43.64,43.98,27640129.0,44.88,41.14,43.010000000000005,0.41571428571428726,43.281017087318745,42.4246014223917,41.80860663570939,0.6246423593004735,0.5733218903165329,0.051320468983940604,63.68159203980089,44.870675301159324,41.55132469884067,0.07681725954776909,2.184014869888462,53.02237601136045,39.175257731958766,21.134020618556693,22054148.0,-312876107.0
2020-01-09,44.35,44.41,44.24,44.38,24048836.0,44.88,41.68,43.28,0.4335714285714301,43.385682126621724,42.501283719552816,41.83419263933417,0.6349058787878619,0.5856386880107988,0.0492671907770631,66.04651162790694,44.81639104089631,41.92260895910369,0.06672389771135527,2.922077922077926,53.51984037165236,39.5387149917626,20.263591433278414,22674188.95,-288827271.0
2020-01-10,44.45,44.62,44.36,44.52,21284007.0,44.88,41.96,43.42,0.4350000000000013,43.4937124002768,42.58044906388408,41.86091709068408,0.6468797942974902,0.597886909268137,0.04899288502935317,68.50574712643679,44.87409936121347,42.11890063878654,0.06334299822806261,2.2273249138920814,53.08135153288492,42.85714285714272,17.077175697865286,21961196.25,-267543264.0
2020-01-13,44.8,45.29,44.75,45.28,30778457.0,45.29,42.26,43.775,0.46857142857142925,43.663835028821865,42.68631380647686,41.89493781614991,0.7095159982517885,0.6202127270648673,0.08930327118692116,72.26720647773277,45.16861650294999,42.07438349705001,0.0709336681659269,3.591855410661182,52.902383198733745,45.7317073170731,15.85365853658533,20386441.25,-236764807.0
2020-01-14,44.73,44.88,44.65,44.82,40041372.0,45.29,42.26,43.775,0.5007142857142866,43.77394597845788,42.76998777485032,41.92404291250663,0.7138091381219382,0.6389320092762816,0.07487712884565667,66.60447761194027,45.28955356025087,42.17544643974913,0.07120807455557635,3.0581742929409073,51.738394703161354,42.796005706134025,14.835948644793115,19629554.15,-276806179.0
2020-01-15,44.61,44.7,44.55,44.57,19116171.0,45.29,42.73,44.01,0.510000000000001,43.849760647176176,42.840576489562075,41.95037084372547,0.6890951122296443,0.6489646298669541,0.04013048236269012,63.110307414104874,45.29710411841817,42.390895881581834,0.0662851983586428,2.1544808617923294,50.39340660166663,41.31652661064412,15.966386554621826,19250119.7,-295922350.0
2020-01-16,44.72,44.9,44.67,44.9,18404295.0,45.29,42.76,44.025,0.5014285714285721,43.949783442683206,42.92133819585376,41.979720387569,0.6882041220037252,0.6568125282943084,0.0313915937094168,62.430939226519314,45.39678655819063,42.493213441809374,0.06607288921108778,0.04456327985737918,48.63911366917587,39.17378917378902,16.239316239316224,18814070.45,-277518055.0
2020-01-17,45.04,45.11,44.91,45.11,18061626.0,45.29,42.76,44.025,0.49428571428571494,44.06028025766576,43.00716807052616,42.01086744838921,0.6964154074733955,0.6647331041301259,0.0316823033432696,62.773722627737186,45.51969920902727,42.581300790972726,0.06670522282504278,2.732862673650649,46.84502474347841,38.58381502890161,16.473988439306346,19143560.15,-259456429.0
2020-01-21,43.24,43.36,42.98,42.99,61507568.0,45.29,42.94,44.114999999999995,0.6135714285714293,43.95834880455474,43.00649481285847,42.020610060843055,0.5257955837533643,0.6369456000547736,-0.1111500163014093,46.61246612466125,45.51100591269007,42.59799408730994,0.06612291196994913,-2.561196736174065,42.44987166512808,31.08265424912679,33.993015133876575,21671191.75,-320963997.0
2020-01-22,43.74,43.74,43.31,43.47,42859353.0,45.29,42.94,44.114999999999995,0.6457142857142861,43.911839394597145,43.02467148686402,42.035031851282426,0.42441770951398183,0.5944400219466153,-0.17002231243263344,48.96373056994817,45.48531368441124,42.66268631558876,0.06404291348238147,-1.2269938650306678,38.119905047911566,33.73893805309729,31.63716814159289,22507918.45,-278104644.0
2020-01-23,42.52,43.02,42.34,42.91,60665638.0,45.29,42.34,43.815,0.6371428571428572,43.81642611892123,43.020174565810535,42.043738002015935,0.2954815663405128,0.5346483308253948,-0.23916676448488194,35.988620199146496,45.49990504416288,42.635094955837125,0.06500958956886035,-2.432924056389274,35.80936918922681,20.964125560538086,42.937219730941685,25106309.0,-338770282.0
2020-01-24,42.82,42.85,42.1,42.35,49816226.0,45.29,42.1,43.695,0.6249999999999994,43.67676648854778,42.993893210288554,42.046785385080454,0.14642354457964046,0.45700337357624393,-0.31057982899660347,38.21752265861031,45.603024677134194,42.45497532286581,0.07149945159482114,-4.57413249211357,34.86383246053602,21.371428571428563,41.257142857142895,27358627.2,-388586508.0
2020-01-27,40.05,40.95,39.81,40.67,99944587.0,45.29,39.81,42.55,0.7892857142857136,43.39040777535275,42.902760143218416,42.03308602801498,-0.10604554420257273,0.34439359002048064,-0.4504391342230534,28.677379480840557,46.05693098659761,41.71306901340239,0.09898284090680683,-8.647798742138368,35.90712218042818,16.923076923076916,53.30316742081453,31823215.9,-488531095.0
2020-01-28,40.71,41.09,40.49,40.95,45025124.0,45.29,39.81,42.55,0.816428571428571,43.15798798722392,42.8261813140726,42.022309052611845,-0.2803042827732227,0.21945401546173998,-0.4997582982349627,31.47699757869252,46.28553749855999,41.20846250144001,0.11605538658925135,-9.56272084805654,35.90944783908795,17.585301837270332,51.531058617672834,33063515.35,-443505971.0
2020-01-29,41.43,41.51,41.14,41.2,34214251.0,45.29,39.81,42.55,0.8157142857142848,42.97151294082164,42.76240949783446,42.014126872983866,-0.3936944137585101,0.09682432961768997,-0.49051874337620005,33.60849056603776,46.41472837611476,40.850271623885256,0.1275300922988484,-8.076751450245423,36.608569505951564,21.27845884413306,49.29947460595454,34118245.7,-409291720.0
2020-01-30,40.29,40.8,40.06,40.69,52566010.0,45.29,39.81,42.55,0.8664285714285705,42.75422599407672,42.68113853713507,42.00095148121289,-0.5187300501286529,-0.026286546331578606,-0.4924435037970743,28.521536670547107,46.56326046399,40.407739536010006,0.1415534127003252,-8.705407224590534,37.885744639136476,18.384171475680127,55.31739488870575,36064139.45,-461857730.0
2020-01-31,39.92,39.95,39.52,39.74,49325932.0,45.29,39.52,42.405,0.9314285714285704,42.4671568517837,42.56579977097291,41.97845445154908,-0.6865644655169021,-0.15834213016864332,-0.5282223353482588,24.57446808510636,46.654654972378225,39.80234502762178,0.15851371074074838,-11.492204899777281,38.84323434247005,15.490797546012255,55.59815950920252,37252922.1,-511183662.0
2020-02-03,40.01,40.36,40.0,40.13,31424156.0,45.29,39.52,42.405,0.9207142857142847,42.244570484947154,42.470278211326914,41.960061869941626,-0.7791234580231645,-0.2824983957395476,-0.4966250622836169,21.48394241417496,46.715306964752095,39.3636930352479,0.17081085815365413,-11.039680780314775,39.73019476833665,13.653995345228804,56.24515128006213,37776709.15,-479759506.0
2020-02-04,41.18,41.4,41.11,41.21,40803968.0,45.29,39.52,42.405,0.96642857142857,42.14603996257124,42.42085553637292,41.95259856775316,-0.7566084412343628,-0.37732040483851065,-0.3792880363958521,31.29533678756475,46.619758983081766,39.16824101691823,0.1737193538994623,-4.140497790183762,39.38760487402777,20.694752402069433,52.845528455284615,39182524.3,-438955538.0
2020-02-05,41.85,41.87,41.27,41.35,29438898.0,45.29,39.52,42.405,0.9942857142857123,42.070226632802544,42.3788612016132,41.94660256210388,-0.7191780612290728,-0.4456919361166231,-0.2734861251124497,33.1236897274633,46.50886339132234,39.01313660867766,0.1752935334216852,-4.876926616057043,38.84286403460906,23.491379310344797,50.646551724138014,39848330.2,-409516640.0
2020-02-06,41.96,41.96,41.55,41.63,32568135.0,45.29,39.52,42.405,1.0142857142857125,42.02830028682135,42.34949409566758,41.943452287854086,-0.6593203212109202,-0.48841761313548254,-0.17090270807543767,32.77133825079032,46.37777524145735,38.909224758542656,0.17513924708137685,-2.9829876485667595,38.60798740958114,22.25352112676058,49.64788732394373,40094730.5,-376948505.0
2020-02-07,41.5,41.52,41.15,41.26,27019792.0,45.29,39.52,42.405,1.033571428571427,41.9551288309336,42.30676883701395,41.93665176757693,-0.634425279074641,-0.5176191463233143,-0.11680613275132667,30.051813471502584,46.17673826112953,38.798261738870465,0.17366228943239928,-2.573789846517127,38.83025529917188,20.38700760193504,51.48583275742921,40243278.3,-403968297.0
2020-02-10,41.29,41.53,41.29,41.5,19853154.0,45.29,39.52,42.405,0.9007142857142841,41.91178322798755,42.275130843405556,41.9323069738697,-0.5885453995767023,-0.531804396973992,-0.05674100260271031,40.4118404118404,45.92120009022449,38.751799909775514,0.16934324236649168,2.0408163265306145,40.667141537111206,23.473433782712124,43.77478191911186,40171735.65,-384115143.0
2020-02-11,42.2,42.46,42.16,42.3,30472697.0,45.11,39.52,42.315,0.9157142857142843,41.9487562538935,42.27610610444847,41.93596561094562,-0.48207489114297175,-0.521858495807788,0.03978360466481623,42.768850432632874,45.49398406046639,38.88101593953361,0.1567518369406288,3.296703296703285,42.027444836804364,27.37909516380652,43.057722308892394,40156447.65,-353642446.0
2020-02-12,42.65,42.95,42.54,42.87,23454161.0,45.11,39.52,42.315,0.8814285714285707,42.03649375352269,42.29939606113677,41.94525948546358,-0.34769400970750297,-0.487025598587731,0.139331588880228,49.75308641975309,45.177380085037555,39.00261991496244,0.14670373414291085,4.053398058252422,40.030786524356586,32.41491085899511,36.87196110210698,39327087.1,-330188285.0
2020-02-13,42.33,42.5,42.24,42.31,28942200.0,45.11,39.52,42.315,0.8685714285714278,42.06254196747291,42.2998119018765,41.948888744314694,-0.28311988311610037,-0.44624445549340486,0.1631245723773045,49.75308641975309,44.83943253195819,39.114567468041805,0.13638099587670352,3.981322192184833,38.268855118359966,32.89473684210523,37.91118421052629,39818388.55,-359130485.0
2020-02-14,42.47,42.5,42.14,42.27,20948019.0,45.11,39.52,42.315,0.7128571428571421,42.08229987533263,42.29864280768527,41.952083881187185,-0.23249206446908488,-0.40349397728854086,0.17100191281945598,62.38390092879258,44.36344799495055,39.327552005049455,0.12034498309020307,6.366381479617522,36.326459989000774,40.080160320641255,24.24849699398795,39945574.75,-380078504.0
2020-02-18,42.14,42.29,42.11,42.18,18916812.0,43.74,39.52,41.63,0.682857142857142,42.09160464911047,42.293990148560354,41.954351703264926,-0.19735639955226247,-0.3622664617412852,0.1649100621890227,59.80861244019136,43.70640628673221,39.691593713267785,0.09628078787175773,5.108397707450774,34.41442851108031,40.37656903765687,25.62761506276149,39988334.05,-398995316.0
2020-02-19,42.54,42.57,42.41,42.47,16640430.0,43.74,39.52,41.63,0.6707142857142853,42.127642301576145,42.30089249567563,41.95948253208816,-0.1444454780413409,-0.31870226500129634,0.17425678695995545,60.06339144215527,43.62264072264107,39.72335927735893,0.09356853226986639,3.057510313030809,33.04880244999755,39.61661341853036,26.091586794462163,37744977.15,-382354886.0
2020-02-20,42.3,42.37,41.97,42.02,33173114.0,43.02,39.52,41.27,0.6249999999999994,42.117390653806986,42.289877103688355,41.960084695947984,-0.1372423859397216,-0.2824102891889814,0.14516790324925982,60.64000000000005,43.36812076190187,39.83287923809812,0.0849807459959315,1.6203143893591232,31.93644687995542,42.51428571428574,20.685714285714248,37260665.2,-415528000.0
2020-02-21,42.16,42.19,41.94,42.02,36464859.0,42.95,39.52,41.235,0.5592857142857142,42.10811535344442,42.27929368785744,41.96068086812761,-0.130034921917769,-0.2519352157347389,0.12190029381696993,71.50943396226417,43.22698332222964,39.88501667777035,0.08042079710413155,0.9368244054768216,31.349919511236433,47.5095785440613,16.602809706257947,36050626.25,-415528000.0
2020-02-24,40.33,40.83,40.28,40.53,54697903.0,42.95,39.52,41.235,0.6392857142857145,41.95781865311638,42.21069393539244,41.94644523759898,-0.241766567804639,-0.24990148614871896,0.00813491834407995,53.12499999999999,43.15207158304777,39.77792841695222,0.08137328267443748,-1.76926805622879,27.396336633650982,36.9832402234637,33.07262569832395,36294710.1,-470225903.0
2020-02-25,40.92,40.96,40.1,40.14,54348103.0,42.95,39.52,41.235,0.6100000000000004,41.784693067105295,42.12949025165156,41.92847065812038,-0.3576615431541299,-0.27145349754980114,-0.08620804560432876,40.63047285464098,43.193436196174396,39.68356380382561,0.08470075877140297,-3.277108433734943,25.422246483932206,26.58079625292742,36.76814988290388,34014885.9,-524574006.0
2020-02-26,40.88,41.12,40.69,40.72,45905455.0,42.95,39.52,41.235,0.6328571428571433,41.68329372738098,42.074216124135816,41.9164460744575,-0.39811872847747765,-0.29678654373533647,-0.10133218474214117,44.87804878048778,43.19835214484983,39.65564785515017,0.08551679556085781,-3.7352245862884104,24.45862847859052,22.12189616252821,35.44018058690735,34058902.45,-478668551.0
2020-02-27,40.84,40.98,40.21,40.41,49663439.0,42.95,39.52,41.235,0.6442857142857145,41.5620276581066,42.00895274671873,41.90145656127882,-0.45000833260855444,-0.32743090150998005,-0.12257743109857439,40.12944983818765,43.21452375175723,39.56047624824278,0.08828867420149678,-5.738278516445073,24.01407393406969,20.731707317073138,40.13303769401319,34831361.85,-528331990.0
2020-02-28,39.74,40.7,39.35,40.66,59172716.0,42.95,39.35,41.150000000000006,0.7064285714285715,41.47612026209645,41.95605263900427,41.88910375967406,-0.46559126082967595,-0.35506297337391923,-0.11052828745575671,45.04950495049504,43.215482526782054,39.55651747321795,0.08841069573198913,-3.8997872843299586,23.57647581790014,18.907987866531823,41.25379170879667,35161697.15,-469159274.0
2020-03-02,40.65,41.08,40.47,41.08,48070428.0,42.95,39.35,41.150000000000006,0.7307142857142855,41.43839452284917,41.92169763355312,41.88105297599571,-0.4389899509079882,-0.371848368880733,-0.06714158202725518,46.63461538461537,43.11956406702088,39.78643593297911,0.08040740438669751,-2.815235391530646,23.49970758971084,21.896383186705723,39.882697947214005,35098921.95,-421088846.0
2020-03-03,40.98,41.59,40.58,40.82,60845279.0,42.95,39.35,41.150000000000006,0.7342857142857143,41.379499806387344,41.87849380478634,41.870495234941025,-0.4338864750330771,-0.3842559901112019,-0.04963048492187522,37.01754385964914,43.06493128969086,39.91006871030913,0.07604368977117754,-3.2242769084874334,24.645846770649264,17.704280155642028,39.68871595330731,36569978.1,-481934125.0
2020-03-04,41.16,41.31,41.0,41.26,30484819.0,42.95,39.35,41.150000000000006,0.7228571428571426,41.36811887244569,41.85423914577511,41.86442065548888,-0.38984373495976143,-0.3853735390809138,-0.004470195878847616,35.54757630161579,43.0657370873444,39.91426291265559,0.07595743973701652,-2.849069931716508,27.817207087646306,13.142292490118566,40.316205533596765,36054020.65,-451449306.0
2020-03-05,41.41,41.54,40.97,41.08,40889591.0,42.95,39.35,41.150000000000006,0.7185714285714287,41.340678979831814,41.82387682633295,41.85661547483725,-0.3652536253871119,-0.38134955634215345,0.016095930955041526,38.150289017341,43.06188423037013,39.89111576962987,0.07644734875749551,-2.237029985721095,30.280653414381995,15.506958250496966,37.57455268389655,36626555.3,-492338897.0
2020-03-06,40.26,40.42,39.88,40.26,46722259.0,42.95,39.35,41.150000000000006,0.7785714285714285,41.23775717222878,41.7625483233395,41.84072875369459,-0.4072385409596819,-0.3865273532656592,-0.020711187694022748,33.165829145728594,43.08140308794631,39.73459691205369,0.08082511050745324,-4.188481675392685,32.144961169640716,14.311926605504546,43.76146788990816,37334261.5,-539061156.0
2020-03-09,38.24,39.08,38.01,38.64,57629709.0,42.95,38.01,40.480000000000004,0.9264285714285714,40.99035172725461,41.640095447914426,41.80888070639415,-0.5647225797591631,-0.42216639856436,-0.14255618119480307,26.399999999999977,43.359408524562134,39.19459147543787,0.10089921867200297,-4.6632124352331665,34.963962751655686,12.027756360832655,50.96376252891282,38864757.35,-596690865.0
2020-03-10,39.98,40.23,39.32,40.17,46738335.0,42.95,38.01,40.480000000000004,1.0121428571428568,40.9122229913256,41.582444646035434,41.792573435683764,-0.5596206434367161,-0.44965724753883124,-0.1099633958978849,36.8421052631579,43.347162178063925,39.07383782193607,0.10369503782113439,0.07473841554559435,36.79649629862964,17.148906139731782,46.647847565278724,40209016.4,-549952530.0
2020-03-11,39.09,39.31,38.67,38.8,49334103.0,42.95,38.01,40.480000000000004,1.0835714285714282,40.711058896913634,41.47332916972032,41.76279658557746,-0.6585337059369465,-0.4914325392184543,-0.16710116671849218,33.333333333333314,43.361386135605116,38.70961386439488,0.11335970735607545,-4.715127701375255,37.719394914114154,16.018457481872073,44.957152274225415,41152086.7,-599286633.0
2020-03-12,36.15,36.52,35.3,35.8,78686920.0,42.57,35.3,38.935,1.3157142857142854,40.24333900196948,41.25084567286854,41.70346527626823,-0.9678412767740241,-0.5867142867295683,-0.3811269900444558,25.434439178514992,43.83568189164571,37.52831810835429,0.15504065147464288,-11.408067310071768,38.66159231084291,13.192182410423417,55.15743756786101,43913724.65,-677973553.0
2020-03-13,38.5,38.53,36.3,37.8,66172553.0,42.57,35.3,38.935,1.3864285714285711,40.01064004940096,41.115518391579585,41.664624825758104,-1.039602578406793,-0.6772919450650132,-0.3623106333417798,39.635535307517074,43.761381716174434,37.15161828382555,0.16337951707015896,-7.0339399901623185,40.50398105634724,22.874806800618195,43.79185986604843,45775242.3,-611801000.0
2020-03-16,33.88,35.54,33.65,33.91,48153243.0,42.57,33.65,38.11,1.6214285714285712,39.42962671136277,40.83294904289019,41.58746437973066,-1.3942918879093114,-0.8206919336338728,-0.5735999542754385,31.313737252549487,44.34159692638955,35.73540307361045,0.21494795890902757,-17.45374878286271,42.38210607401846,19.559471365638725,48.32599118942731,47135503.5,-659954243.0
2020-03-17,34.9,36.12,34.41,36.01,41371752.0,42.57,33.65,38.11,1.7092857142857143,39.10394797694727,40.64381378630626,41.53196722172339,-1.4887716387969334,-0.954307874666485,-0.5344637641304484,37.05332600329852,44.26508892734809,35.19491107265192,0.22829544059139614,-11.783439490445868,43.48641640206631,20.309235269536114,45.842039281236936,48258250.5,-618582491.0
2020-03-18,33.59,34.56,33.22,33.97,56138817.0,42.37,33.22,37.795,1.8535714285714289,38.61500055057134,40.382095598607975,41.456723766780875,-1.7085632198194602,-1.1051589436970801,-0.6034042761223801,33.83534136546186,44.326027363944604,34.28397263605538,0.2554905159111875,-17.668444013572472,44.15479034536246,18.72832369942193,45.009633911368006,50233169.85,-674721308.0
2020-03-19,33.6,34.57,33.1,34.0,39365229.0,42.19,33.1,37.644999999999996,1.862142857142857,38.175476688612164,40.13181733983904,41.382527510395,-1.8589006326454367,-1.2559072814867516,-0.6029933511586851,33.09644670050763,44.28049230202092,33.527507697979075,0.2763979180557743,-17.234664070107108,44.25037288217466,18.64211737629456,41.963943229766,50542775.6,-635356079.0
2020-03-20,35.55,35.66,34.16,34.46,51232720.0,41.59,33.1,37.345,1.937142857142857,37.821621765887194,39.909393130433585,41.3136466396448,-1.9188071454561566,-1.3884872542806326,-0.530319891175524,33.23201621073963,44.04131227345192,33.01068772654807,0.2863163719800616,-14.406358668653741,44.49407416245523,20.538348082595846,40.33923303834808,51281168.65,-584123359.0
2020-03-23,34.86,34.93,33.94,34.44,37961278.0,41.59,33.1,37.345,1.9357142857142853,37.49956255008841,39.694907125318544,41.24525214571799,-1.945471141014913,-1.4998840316274888,-0.4455871093874242,33.641025641025635,43.93968254159064,32.50331745840937,0.29921287974520283,-10.869565217391308,44.444274644328274,18.671586715867118,41.18081180811808,50444337.4,-622084637.0
2020-03-24,36.38,36.79,36.03,36.77,39428635.0,41.59,33.1,37.345,2.068571428571428,37.430080402460945,39.58020488510997,41.200722273621295,-1.7583221786633416,-1.5515716610346595,-0.20675051762868213,39.50444132772326,43.731621404234986,32.37437859576501,0.2984585396281496,-8.464027881503611,42.48852710558956,23.895027624309353,38.53591160220994,49698364.0,-582656002.0
2020-03-25,36.88,37.74,36.57,37.33,33072470.0,41.59,33.1,37.345,2.111428571428571,37.4205489355599,39.49196155628213,41.16220762413253,-1.5469852744999955,-1.550654383727727,0.0036691092277314485,41.38723013321084,43.42771946478385,32.33928053521616,0.2926983760626047,-3.7886597938144306,40.85641071612199,25.84573748308523,37.75372124492557,49056714.75,-549583532.0
2020-03-26,37.01,38.4,36.93,38.35,34042889.0,41.59,33.1,37.345,2.130714285714286,37.509068084554194,39.44717875015342,41.13422545871828,-1.2824109447480794,-1.4970056959317974,0.21459475118371807,45.653163404642704,43.20227859727768,32.35872140272231,0.2870146555645207,7.12290502793298,37.9224374611793,27.824337914850787,33.75796178343949,48275687.25,-515540643.0
2020-03-27,36.26,36.69,36.02,36.1,39480687.0,41.59,33.1,37.345,2.136428571428571,37.37487112412046,39.3159168383827,41.08413366310914,-1.2399961742045775,-1.4456037915863535,0.20560761738177602,44.38053097345133,42.846436452007886,32.258563547992104,0.28194854947116127,-4.497354497354489,33.83965125089985,27.749916415914385,30.458040789033745,47291085.8,-555021330.0
2020-03-30,36.71,37.42,36.51,37.4,22498082.0,41.59,33.1,37.345,2.117142857142857,37.377264350394704,39.240782844720634,41.047475616710045,-1.0889305143861137,-1.3742691361463057,0.2853386217601921,43.80867232901206,42.395275779447985,32.34172422055201,0.26903813529833887,10.29194927749928,31.053980866967596,26.585695006747624,30.735492577597817,46012468.5,-532523248.0
2020-03-31,37.51,37.9,37.32,37.54,17071311.0,41.54,33.1,37.32,2.051428571428571,37.392762983690446,39.174085478261006,41.01257536181741,-0.9469966724840546,-1.2888146434138557,0.34181797092980104,47.01986754966888,41.96406422153855,32.444935778461456,0.25585959878716535,4.248819772285484,27.706485928509515,29.108635097493014,29.4568245125348,43823770.1,-515451937.0
2020-04-01,36.89,37.01,35.99,36.01,28404671.0,41.54,33.1,37.32,1.912142857142857,37.26107127095802,39.05000369479979,40.9627984925456,-0.9470542416777761,-1.2204625630666397,0.2734083213888636,50.53380782918149,41.32391306454899,32.56008693545101,0.2372320429077467,6.0052987930526935,24.258479561976618,31.228987672768,23.982069480762004,43719762.7,-543856608.0
2020-04-02,36.93,37.46,36.82,37.39,33065546.0,40.42,33.1,36.760000000000005,1.8207142857142853,37.273350197533446,38.98490551069,40.92724825878893,-0.8262212347306672,-1.1416142973994452,0.315393062668778,48.923884514435706,40.693898968868226,32.821101031131775,0.21418208359481603,9.970588235294109,22.222683353377736,26.67712828560219,25.18634758728909,43328560.45,-510791062.0
2020-04-03,37.31,37.44,36.77,36.89,18885261.0,40.23,33.1,36.665,1.5721428571428564,37.23684065491121,38.90275235340804,40.88707663432337,-0.762021913222469,-1.06569582056405,0.30367390734158106,59.51468710089401,40.16625504880652,33.01174495119348,0.19553718597428302,7.051654091700521,21.200196391758144,30.895047705588368,17.355747387551055,41936710.55,-529676323.0
2020-04-06,37.82,38.29,37.72,38.21,23607135.0,40.23,33.1,36.665,1.5142857142857136,37.32952249730062,38.87558559445086,40.86043905587239,-0.5977401437989798,-0.9721046852110361,0.37436454141205633,57.39247311827957,40.09771171275085,33.037288287249154,0.19307919397010176,10.946573751451805,20.57493167644577,33.349056603773604,18.018867924528244,40235581.85,-506069188.0
2020-04-07,39.03,39.1,37.92,38.09,28954668.0,39.31,33.1,36.205,1.3992857142857136,37.40194892612914,38.844778316237104,40.83287249810252,-0.4717901518711827,-0.8720417785430654,0.40025162667188274,65.89506172839506,39.652958129196186,33.274041870803806,0.17493976876581732,3.5898830568398266,21.197721149377397,40.22460438999493,13.425216947422102,39346398.5,-535023856.0
2020-04-08,37.9,38.23,37.67,38.12,14724173.0,39.1,33.1,36.1,1.3342857142857132,37.470334742688266,38.81635563716898,40.8058787419025,-0.3653416949263715,-0.7707017618197267,0.40536006689335524,65.89506172839506,39.527264728927996,33.331735271072,0.17006902257390297,2.1162603803910995,21.886241727495392,42.184154175588915,14.775160599571697,37615902.0,-520299683.0
2020-04-09,38.26,38.51,37.835,37.87,21931508.0,39.1,33.1,36.1,1.2639285714285704,37.50839810052748,38.77924365139765,40.776666018102475,-0.29772148854595315,-0.6761057071649721,0.37838421861901894,63.37254901960783,39.68013637588557,33.385863624114435,0.17229005972055764,-1.251629726206005,22.694786680191715,39.954789488556166,15.597626448149155,34778131.4,-542231191.0
2020-04-13,37.86,37.99,37.51,37.9,21072976.0,39.1,33.1,36.1,1.2274999999999991,37.54569351952486,38.74476350820559,40.748042475633795,-0.2389566945037842,-0.5886759046327346,0.34971921012895035,63.55799373040754,39.69391741603661,33.38208258396338,0.17274713536792466,4.986149584487531,23.03173109048093,41.140529531568305,16.671515856851887,32523152.55,-521158215.0
2020-04-14,38.52,38.65,38.39,38.5,35860653.0,39.1,33.1,36.1,1.1132142857142848,37.636579850998686,38.73516493925635,40.72567389378669,-0.1423295003738403,-0.49940662378095574,0.35707712340711545,57.84224841341794,39.78320538139421,33.751794618605786,0.1640419055630224,2.941176470588247,23.81390996747216,37.66442091754899,18.38306063522616,31908523.05,-485297562.0
2020-04-15,37.69,37.83,37.47,37.61,25451014.0,39.1,33.1,36.1,1.1032142857142848,37.63404843661786,38.69104082399139,40.69467216350026,-0.1359995961367204,-0.4267252182521087,0.29072562211538827,51.23239436619719,39.86348460836531,33.83151539163468,0.16370090824969483,0.18646776771444884,23.407844208527766,31.854969245710624,24.506312722563937,31112486.15,-510748576.0
2020-04-16,37.82,37.84,37.54,37.76,20808159.0,39.1,33.1,36.1,1.0196428571428566,37.64604382360663,38.654529419128984,40.66547144545548,-0.11752460454197688,-0.36488509551008236,0.24736049096810547,47.18779790276452,39.75308154284266,34.32091845715734,0.14666854998205356,4.8597611774507055,23.149689208459954,29.912434325744393,26.51488616462346,29345953.25,-489940417.0
2020-04-17,38.42,38.47,38.09,38.41,29405648.0,39.1,33.94,36.519999999999996,0.903928571428571,37.718801554691716,38.64494003014354,40.64302894351065,-0.04985873244304884,-0.30187982289667564,0.2520210904536268,62.992125984251956,39.62973301420557,34.885266985794445,0.12734257608296648,2.728002139609509,24.677726173683293,38.71987356775984,22.71829316475702,28847974.2,-460534769.0
2020-04-20,38.12,38.48,38.03,38.09,18004873.0,39.1,33.94,36.519999999999996,0.8417857142857136,37.75415378757822,38.62317767602026,40.617625670440894,-0.0218030351297287,-0.24586446534328626,0.22406143021355757,54.36156763590396,39.4357752950571,35.4422247049429,0.10666819600187495,3.252914068853352,25.40219564410135,35.38396266440395,24.904539669070893,27186581.85,-478539642.0
2020-04-21,37.34,37.48,37.06,37.07,25718312.0,39.1,35.99,37.545,0.8739285714285708,37.68899628399934,38.56226874754888,40.58232591252606,-0.08094112942693243,-0.2128797981600155,0.13193866873308308,47.32650739476678,39.002105282266655,36.138894717733336,0.07620900878437388,-2.9835121695891087,25.561929888544615,30.15937883122196,31.916632611360885,26574433.55,-504257954.0
2020-04-22,37.99,38.02,37.87,37.97,16924528.0,39.1,35.99,37.545,0.8310714285714285,37.715758542666066,38.5390425221548,40.55633261986411,-0.05455711636146532,-0.18121526180030548,0.12665814543884016,62.00980392156865,39.02083468140559,36.24016531859441,0.07389403177771174,-0.3150433184562984,26.36153752742808,36.35582294800182,22.131499785131098,25449228.2,-487333426.0
2020-04-23,38.12,38.48,37.8,37.81,19554850.0,39.1,35.99,37.545,0.7760714285714282,37.724733919555014,38.5104526193252,40.52900592712914,-0.04602768029751303,-0.154177745499747,0.10815006520223397,53.02593659942365,39.039555195557305,36.26944480444269,0.07356651638222825,-0.8132214060860288,27.90132100191774,39.024390243902474,23.69995398067192,24773347.2,-506888276.0
2020-04-24,38.15,38.19,37.89,38.19,12783249.0,39.1,35.99,37.545,0.7553571428571425,37.76904497483549,38.4978858499399,40.505732236311935,-0.008507151412104008,-0.1250436266822184,0.1165364752701144,59.53079178885632,39.01640625879955,36.27659374120046,0.07277735028751918,0.8449960390810585,27.707807290421375,40.094562647754174,23.877068557919685,23710365.2,-494105027.0
2020-04-27,38.69,38.99,38.63,38.96,16907034.0,39.1,35.99,37.545,0.7125000000000001,37.882469262946394,38.516007973471666,40.49035181605013,0.08241072337175837,-0.08355275667142306,0.16596348004318143,55.98086124401916,39.07412118110791,36.50487881889208,0.06798826028965273,2.796833773087082,27.34718879536842,42.00501253132837,25.313283208020103,22581682.55,-477197993.0
2020-04-28,39.63,39.64,39.0,39.0,23640115.0,39.64,35.99,37.815,0.6767857142857144,37.9889007617134,38.53498805294337,40.47552244474615,0.15589440619817907,-0.035663324097502634,0.1915577302956817,57.35056542810984,39.24785103618464,36.49114896381536,0.0727947839915837,1.298701298701288,25.419127837114992,42.53298153034301,26.649076517150448,22638784.2,-453557878.0
2020-04-29,39.6,39.8,39.5,39.63,20305941.0,39.8,35.99,37.894999999999996,0.6939285714285717,38.14519592726451,38.57792969792598,40.46710928609196,0.2619469280000999,0.023858726322017874,0.238088201678082,61.11929307805601,39.54991610784061,36.398083892159384,0.0829997423416344,5.370911991491623,24.0977518083789,43.12918167781776,23.417395779722128,22800515.7,-433251937.0
2020-04-30,39.51,39.74,38.48,38.59,45472604.0,39.8,36.77,38.285,0.7357142857142865,38.18755821990599,38.578403043105354,40.44843158175274,0.2590883974688438,0.07090466055138307,0.18818373691746076,54.74934036939319,39.39963694549609,36.8063630545039,0.06805957250064809,2.1980932203389925,21.57563521964894,37.96116504854361,31.990291262135973,23653912.35,-478724541.0
2020-05-01,37.83,37.88,37.2,37.27,54495800.0,39.8,36.77,38.285,0.8007142857142863,38.10017172277208,38.52709311984632,40.41680539685968,0.1485970883920018,0.08644314611950682,0.06215394227249499,46.44870349492674,39.40855351838319,36.7854464816168,0.06885337524651246,-2.967977089299645,18.85003189326554,34.87957181088308,37.91257805530773,24725425.05,-533220341.0
2020-05-04,37.34,37.63,37.22,37.62,28107076.0,39.8,37.06,38.43,0.7764285714285722,38.05444108250807,38.49152084063666,40.38897648743819,0.08825663725325938,0.08680584434625734,0.0014507929070020492,44.89559164733176,39.34004836097559,36.92695163902441,0.06328023186833565,-1.2339196639538086,17.345139151967523,29.898804047838055,39.098436062557454,25186515.8,-505113265.0
2020-05-05,38.0,38.17,37.93,38.0,25306570.0,39.8,37.06,38.43,0.7421428571428582,38.0492562175073,38.47224551355287,40.365205577115425,0.07028897169152515,0.0835024698153109,-0.01321349812378575,52.404438964241685,39.33039999041185,36.91560000958815,0.06334233876724554,2.508767197194506,16.8752956181965,36.477382098171255,32.05004812319532,25271487.55,-479806695.0
2020-05-06,38.42,38.48,38.06,38.1,17364835.0,39.8,37.06,38.43,0.7550000000000006,38.05408895869708,38.457647650276286,40.34266621813915,0.06338793489310746,0.07947956283087021,-0.016091627937762754,52.10918114143924,39.33085073175864,36.91614926824136,0.06333892385319488,0.34237555965237476,17.17683009657446,38.694418164616714,31.504257332071862,24691995.9,-462441860.0
2020-05-07,38.32,38.39,38.1,38.2,16526966.0,39.8,37.06,38.43,0.7250000000000004,38.067985248344975,38.44754382085369,40.32134615626712,0.06523597802947734,0.07663084587059164,-0.011394867841114306,48.60186418109192,39.33533189837878,36.91966810162123,0.06335751876618073,1.03147315524994,15.453227538569118,34.08866995073884,32.807881773398975,24782135.55,-445914894.0
2020-05-08,38.81,39.17,38.78,39.07,27801614.0,39.8,37.06,38.43,0.7621428571428578,38.163415224693075,38.47195386709472,40.308894950732125,0.13534215452629184,0.08837310760173168,0.04696904692456015,56.07940446650123,39.45901587940675,36.91598412059325,0.06659330301311943,2.304268133019116,15.134226580495321,39.73758200562316,30.64667291471409,25075640.85,-418113280.0
2020-05-11,38.87,39.03,38.78,38.89,16171688.0,39.8,37.06,38.43,0.7092857142857147,38.2326137747223,38.488347833091005,40.294776593013395,0.1743673109893109,0.10557194827924754,0.06879536271006337,62.6038781163435,39.538126637311095,36.93587336268891,0.06805589545785981,-0.17967145790555028,17.05085506759811,42.69889224571996,23.162134944612244,24830576.45,-434284968.0
2020-05-12,38.91,39.14,38.55,38.55,39063222.0,39.8,37.06,38.43,0.683571428571429,38.26284103427256,38.49076556512665,40.277415631888886,0.17583297703880874,0.1196241540311598,0.05620882300764894,54.354354354354335,39.54294442475533,36.93605557524468,0.0681726709164778,-1.1538461538461608,16.655122469479135,38.66248693834886,26.436781609195396,24990704.9,-473348190.0
2020-05-13,39.07,39.12,38.38,38.67,42655431.0,39.8,37.06,38.43,0.6878571428571431,38.301618078627556,38.49779436649423,40.26142144649696,0.18455014585777718,0.13260935239648328,0.051940793461293905,56.49546827794561,39.57419090616739,37.01080909383262,0.06694213781640707,-2.4224072672218044,15.55937302450005,33.64485981308405,28.037383177570042,25850925.75,-430692759.0
2020-05-14,38.01,38.6,37.91,38.51,33643344.0,39.8,37.06,38.43,0.7150000000000009,38.321463975901125,38.49827301878858,40.24399436742734,0.17651316819903684,0.141390115556994,0.03512305264204285,52.5,39.58979112721729,37.07020887278271,0.06573394871992126,-0.20730759264059317,13.826585309443775,32.367632367632275,31.66833166833165,26492685.0,-464336103.0
2020-05-15,37.85,38.07,37.8,37.95,25436435.0,39.8,37.06,38.43,0.7085714285714292,38.286086454386734,38.47677211609099,40.22116855282608,0.12353248008237472,0.13781858846207015,-0.014286108379695434,41.841680129240736,39.57739322549094,37.03660677450907,0.06632694940825096,1.8245237456399277,13.104448176286553,24.596774193548274,33.06451612903224,26294224.35,-489772538.0
2020-05-18,39.0,39.54,38.98,39.46,27716919.0,39.8,37.06,38.43,0.7735714285714289,38.39788774444514,38.51533007232272,40.21359473638005,0.20107145685613403,0.15046916214088293,0.0506022947152511,53.00261096605745,39.740822017156134,37.01017798284387,0.07115592068669498,4.891015417331213,11.486322287172085,30.101569713757982,30.28624192059095,26779826.65,-462055619.0
2020-05-19,39.29,39.48,39.04,39.05,21568125.0,39.8,37.2,38.5,0.7478571428571433,38.459993673545604,38.536297520466924,40.20201667930164,0.22682340211356689,0.16574001013541972,0.06108339197814716,46.10215053763437,39.723423325784815,37.22557667421518,0.06492213418159122,2.763157894736845,9.572056591803918,29.608404966571083,31.327602674307535,26572317.3,-483623744.0
2020-05-20,39.66,39.84,39.38,39.62,23697945.0,39.84,37.2,38.52,0.7142857142857147,38.57047046654126,38.578795656919205,40.196225468562325,0.2898846309948766,0.19056893430731112,0.09931569668756549,57.38880918220942,39.88131670564388,37.23268329435612,0.06869397025929821,3.9895013123359524,10.460862442441845,34.59999999999999,22.599999999999966,26910988.15,-459925799.0
2020-05-21,38.82,38.98,38.45,38.54,33184891.0,39.84,37.2,38.52,0.6985714285714286,38.56756851734686,38.57727425860865,40.17974561315375,0.24983420198741157,0.2024219878433312,0.04741221414408037,59.435364041604714,39.87052408995337,37.31647591004663,0.06617819528953693,0.8900523560209317,12.224961936988256,35.378323108384464,19.52965235173828,27592490.2,-493110690.0
2020-05-22,37.69,37.71,37.34,37.5,40135872.0,39.84,37.2,38.52,0.7549999999999996,38.46589532521858,38.53502820925144,40.15308147769949,0.13264558436632257,0.18846670714792949,-0.05582112278160692,49.19137466307279,39.91665897586331,37.20134102413669,0.07041982291362894,-4.018428461735346,11.757589802949452,32.73415326395461,28.57142857142862,28960121.35,-533246562.0
2020-05-26,38.63,38.75,38.19,38.34,40417333.0,39.84,37.2,38.52,0.8049999999999992,38.45390529424539,38.52738004418276,40.13504086598109,0.10632805677867907,0.17203897707407942,-0.06571092029540035,52.15736040609139,39.875381085468774,37.18061891453124,0.06994295501810466,-1.414245307276929,12.258045128185046,35.13753327417928,26.796805678793312,30135636.3,-492829229.0
2020-05-27,38.32,38.33,37.8,38.13,28403007.0,39.84,37.2,38.52,0.8092857142857142,38.423057170983924,38.51179651303834,40.1150902105982,0.06774505873389813,0.15118019340604316,-0.08343513467214503,50.18773466833543,39.823871022848905,37.1451289771511,0.06960573856222121,-1.0894941634241095,11.769248401519617,32.215357458075964,30.097087378640815,30373780.9,-521232236.0
2020-05-28,38.49,38.75,38.19,38.25,28223209.0,39.84,37.2,38.52,0.8328571428571426,38.406575535652124,38.50152998311527,40.09653209904996,0.04631684022321281,0.13020752276947709,-0.08389068254626428,50.31210986267163,39.643994585813665,37.18700541418634,0.06395827651930412,-1.0861132660977546,12.262744769138836,34.905660377358565,29.245283018867962,30769644.3,-493009027.0
2020-05-29,38.72,39.1,38.32,39.05,49137557.0,39.84,37.2,38.52,0.8242857142857142,38.46785405606621,38.523038611228394,40.08611884433304,0.09281818651571427,0.12272965551872453,-0.029911469003010255,49.87405541561711,39.69759365899061,37.17940634100938,0.06551211202261353,1.4022331861853976,11.57319473318543,31.542461005199378,29.549393414211472,30952891.95,-443871470.0
2020-06-01,39.33,39.8,39.23,39.77,22559273.0,39.84,37.22,38.53,0.8571428571428571,38.591867955488475,38.57193905784689,40.0829733831954,0.18562900555951956,0.13530952552688355,0.050319480032636005,55.18867924528303,39.83051098736777,37.29648901263224,0.06571037314391907,4.795783926218711,10.311508407278918,36.1666666666667,28.416666666666696,29356065.6,-421312197.0
2020-06-02,40.08,40.6,40.0,40.48,25645329.0,40.6,37.34,38.97,0.8742857142857139,38.77169005496576,38.646764977147015,40.08692389679545,0.31286678110028276,0.1708209766415634,0.14204580445871937,60.90395480225989,40.15738394109658,37.25561605890341,0.07496849062026197,2.584896097313716,10.652765264386517,41.99346405228766,25.980392156862752,29232978.25,-395666868.0
2020-06-03,40.87,41.24,40.82,41.17,23525748.0,41.24,37.34,39.290000000000006,0.8757142857142861,39.000100525921404,38.745715370200074,40.09770077344425,0.46403179861967914,0.22946314103718657,0.23456865758249257,63.26963906581741,40.64596957626595,37.084030423734056,0.09164901974866568,5.428937259923194,12.254349118530097,47.14518760195763,24.55138662316479,29143937.15,-372141120.0
2020-06-04,40.62,40.85,40.44,40.57,18989289.0,41.24,37.34,39.290000000000006,0.8735714285714289,39.14961476154794,38.81725594391772,40.102400268235854,0.5293145696263863,0.28943342675502653,0.2398811428713598,60.44624746450305,40.884926278974525,37.09207372102548,0.09728131520702378,2.3977788995456883,14.524457656861788,47.26083401471796,23.87571545380213,29225159.85,-391130409.0
2020-06-05,41.45,41.64,41.32,41.48,19373242.0,41.64,37.34,39.49,0.8992857142857146,39.371556212829084,38.921677279450364,40.11610772825341,0.6470225575133952,0.36095125290670027,0.28607130460669494,67.28697355533788,41.31100703765021,36.993992962349786,0.110261517790701,7.628437986507519,16.338741454088005,52.18427323272442,22.319301032565537,29367473.65,-371757167.0
2020-06-08,40.98,41.29,40.86,41.27,16912346.0,41.64,37.34,39.49,0.8300000000000003,39.55236038303584,39.01376836653074,40.12758924339517,0.7151183023534955,0.43178466279605937,0.2833336395574361,60.157126823793504,41.61849906174729,36.90650093825271,0.12001268700400078,10.053333333333336,17.878597803059467,43.88984509466442,28.14113597246129,28823010.25,-388669513.0
2020-06-09,40.87,41.21,40.73,41.07,17030510.0,41.64,37.34,39.49,0.8371428571428581,39.69689748941338,39.094404901176596,40.13696646485393,0.7443657571159292,0.4943008816600334,0.25006487545589584,61.60919540229887,41.85329285789138,36.88970714210863,0.12607052603489213,7.120500782472594,19.105646616315166,43.515358361774766,29.010238907849846,28865951.35,-405700023.0
2020-06-10,41.35,41.65,41.03,41.56,16102057.0,41.65,37.34,39.495000000000005,0.8250000000000003,39.87433582375496,39.191094905052026,40.151126002517074,0.7978859480880232,0.5550178949456314,0.2428680531423918,61.2529002320186,42.154522104671905,36.88947789532809,0.13321806106330178,8.995541568318899,19.08899659966514,44.84848484848483,29.43722943722948,27717893.1,-389597966.0
2020-06-11,40.41,40.64,39.83,39.84,32089191.0,41.65,37.34,39.495000000000005,0.865000000000001,39.87106574530211,39.21654216367744,40.148030221397505,0.6935170270765525,0.5827177213718157,0.11079930570473684,57.01943844492443,42.18515554849834,36.975844451501665,0.1316130694912058,4.1568627450980555,18.24600283554648,42.77456647398839,30.30553261767139,27189581.1,-421687157.0
2020-06-12,40.46,40.49,39.84,40.34,24896269.0,41.65,37.34,39.495000000000005,0.8257142857142868,39.91572615051143,39.2605993337293,40.14994036844828,0.6437292168587163,0.5949200204691958,0.048809196389520526,66.2844036697248,42.24671592710161,37.0972840728984,0.12980015764779226,3.3034571062740214,20.178860388559066,44.809688581314816,22.145328719723235,26752227.35,-396790888.0
2020-06-15,39.14,39.85,39.1,39.65,25936629.0,41.65,37.34,39.495000000000005,0.8250000000000013,39.89041889808177,39.27586994809286,40.144965837418944,0.5423429927067502,0.5844046149167067,-0.04206162220995646,57.64294049008165,42.201293892228726,37.31270610777127,0.12296168685910548,-0.3017349761126553,20.023379950705014,35.84415584415579,28.571428571428626,26777237.05,-422727517.0
2020-06-16,40.61,40.67,39.79,39.96,26454515.0,41.65,37.34,39.495000000000005,0.8592857142857154,39.89704566969303,39.30269857757942,40.14312538132523,0.4814581391095487,0.5638153197552751,-0.08235718064572639,60.55363321799307,42.22373018898428,37.340269811015716,0.12275552707175509,-1.2845849802371467,21.641155036233346,41.23025768911051,24.189526184538714,26714116.85,-396273002.0
2020-06-17,40.08,40.3,40.01,40.12,11592055.0,41.65,37.34,39.495000000000005,0.8392857142857153,39.91827941543655,39.33474961375278,40.14289527802846,0.44103316105920953,0.539258888016062,-0.0982257269568525,60.73478760045922,42.25650001087143,37.41449998912858,0.12154987440204962,-2.550400777265005,22.573702551883883,38.638297872340374,24.765957446808574,26215313.35,-384680947.0
2020-06-18,40.11,40.32,40.06,40.26,11685790.0,41.65,37.34,39.495000000000005,0.7971428571428579,39.950824233014025,39.37103394262522,40.14406049914261,0.41550324194786725,0.514507758802423,-0.0990045168545558,57.51552795031056,42.29342033539688,37.44157966460312,0.12169914518828025,-0.7641114123736803,23.64484652465347,37.724014336917534,26.07526881720437,25614705.6,-372995157.0
2020-06-19,40.85,40.85,40.11,40.32,25652929.0,41.65,37.34,39.495000000000005,0.7964285714285724,39.98598382986983,39.408248297816385,40.145811140942186,0.3955524136760502,0.4907166897771485,-0.09516427610109829,53.721244925575085,42.306785760902876,37.60621423909712,0.11764222396370444,-2.796528447444546,23.949060296493133,36.23318385650226,26.098654708520247,25238107.5,-347342228.0
2020-06-22,40.18,40.63,40.14,40.62,13538152.0,41.65,37.8,39.724999999999994,0.7721428571428584,40.04636632226318,39.45576797241182,40.15052943804724,0.3993453269824414,0.4724424172182071,-0.07309709023576572,51.0028653295129,42.172514052074696,38.0524859479253,0.10271182559425113,-1.5749939423310044,22.649643250124853,29.972247918593865,26.91951896392235,23908221.5,-333804076.0
2020-06-23,41.03,41.15,40.86,40.89,12501942.0,41.65,37.8,39.724999999999994,0.7557142857142866,40.126712386809544,39.51201236565058,40.157887354086576,0.4193045003480478,0.46181483384417527,-0.042510333496127484,47.86585365853658,42.14815424732582,38.33184575267417,0.09483868028458377,-0.43827611395178545,20.647464965536077,29.489603024574613,27.50472589792068,22512451.95,-321302134.0
2020-06-24,40.69,40.8,40.18,40.47,17669382.0,41.65,38.19,39.92,0.754285714285715,40.15940644520863,39.54958050817408,40.16099295255338,0.39665935696955756,0.44878373846925174,-0.05212438149969417,49.21630094043886,41.987112685807304,38.726887314192695,0.08078463145463265,-2.6227141482194516,18.400910517641552,29.54545454545449,30.397727272727316,21975770.7,-338971516.0
2020-06-25,40.26,40.66,40.24,40.57,13556944.0,41.65,38.32,39.985,0.7078571428571431,40.198510593284,39.58959695883392,40.16506267441852,0.3823743089440228,0.435501852564206,-0.05312754362018318,41.831238779174186,41.767426920548495,39.1785730794515,0.06396496037103727,1.8323293172690658,16.672281138199715,23.511604439959612,32.39152371342085,21242457.45,-325414572.0
2020-06-26,40.38,40.41,40.02,40.19,13594754.0,41.65,39.1,40.375,0.7028571428571431,40.197700060590286,39.61314217613455,40.16531080701137,0.3365113874545642,0.4157037595422777,-0.07919237208771346,40.592334494773496,41.64911619264524,39.410883807354764,0.055224090434011185,-0.3718393653941665,15.97311488212537,23.678861788617862,30.182926829268347,19465317.3,-339009326.0
2020-06-29,39.95,40.11,39.8,40.05,12826874.0,41.65,39.1,40.375,0.692142857142857,40.18363338815311,39.63027385550183,40.164163435797335,0.28557592033372003,0.38967819170056617,-0.10410227136684613,41.02112676056337,41.62958788342575,39.458412116574245,0.05355109922187019,1.0088272383354413,15.511943400545738,24.045407636738897,31.57894736842116,18978697.35,-351836200.0
2020-06-30,39.85,39.92,39.49,39.7,17856423.0,41.65,39.1,40.375,0.6878571428571425,40.13757306547186,39.6330082141096,40.159544894147615,0.21449456096173236,0.3546414655527994,-0.14014690459106705,33.212996389891714,41.65443464364406,39.355565356355946,0.05675519780985343,-0.6506506506506415,16.039869213642664,19.626168224299082,34.99480789200422,18589252.05,-369692623.0
2020-07-01,39.98,40.46,39.96,40.16,22455400.0,41.65,39.1,40.375,0.6185714285714278,40.13970896399835,39.65367455865432,40.159549422564055,0.193054811471292,0.32232413473649796,-0.12926932326520596,53.73831775700927,41.56913895500249,39.339861044997505,0.055105808006648986,0.09970089730806375,15.224871143670393,28.060046189376475,25.057736720554324,18535734.65,-347237223.0
2020-07-02,41.37,41.65,41.28,41.46,28374658.0,41.65,39.1,40.375,0.678571428571428,40.26545096742708,39.7245108504718,40.172489229304716,0.2777609358138662,0.3134114949519716,-0.03565055913810544,61.023622047244054,41.70071631647086,39.297283683529145,0.05934548094870776,2.980625931445613,14.595803193238426,38.10526315789474,22.842105263157926,19005003.1,-318862565.0
2020-07-06,44.53,45.43,44.51,45.4,67366900.0,45.43,39.1,42.265,0.8735714285714279,40.754455637195925,39.94707905241408,40.22450426184895,0.6552627604604595,0.3817817480536692,0.2734810124067903,84.51380552220888,43.17220980562046,38.21779019437954,0.12174516798724469,12.599206349206348,18.618667225052896,60.50695012264926,11.692559280457896,21404686.0,-251495665.0
2020-07-07,44.18,44.6,44.11,44.11,24840700.0,45.43,39.1,42.265,0.8928571428571418,41.07403129079631,40.1103308542802,40.26316591098478,0.8406529334974095,0.4735559851424173,0.36709694835499224,72.28786251342643,43.7416974659043,37.932302534095705,0.1422581220904718,8.591826686361404,20.79238835892767,52.64000000000004,14.640000000000002,21801103.7,-276336365.0
2020-07-08,44.94,45.55,44.85,45.53,30425200.0,45.55,39.1,42.325,0.9714285714285705,41.49840926310143,40.32286689921039,40.31557222032822,1.0895979074323705,0.596764369600408,0.4928335378319625,75.59129612109746,44.64512717237694,37.47487282762305,0.17462869811870158,11.347517730496449,23.579405592253643,55.36764705882354,13.455882352941176,22470838.2,-245911165.0
2020-07-09,45.8,45.93,44.97,45.22,33856300.0,45.93,39.1,42.515,1.0214285714285707,41.85284647613939,40.514911334535476,40.36437249674287,1.2474938510289064,0.7269102658861077,0.5205835851427987,73.09124767225326,45.280670511310376,37.20532948868963,0.19579906948138465,11.737089201877925,26.728495024114626,55.17482517482516,12.797202797202795,23358550.35,-279767465.0
2020-07-10,44.66,44.73,44.35,44.55,18269992.0,45.93,39.1,42.515,1.0307142857142846,42.10971824031659,40.673150105730166,40.40602053160115,1.3035377515557798,0.8422357630200422,0.46130198853573756,68.63436123348016,45.716097507030376,37.24090249296963,0.20432742297963388,9.810204584668458,29.142207566531546,51.004851004851005,16.978516978516968,22667590.4,-298037457.0
2020-07-13,44.5,44.85,43.98,44.04,22271191.0,45.93,39.1,42.515,1.057857142857142,42.293554598381675,40.80518343491722,40.44217953128671,1.2919078986744879,0.9321701901509314,0.35973770852355647,64.7923875432526,46.01339304163857,37.313606958361426,0.20881073561455823,9.579497387409797,31.944450127267576,49.69615124915596,19.041188386225542,22536336.5,-320308648.0
2020-07-14,43.27,43.88,43.23,43.7,25194736.0,45.93,39.49,42.71,1.0778571428571422,42.42750177948818,40.91870565315576,40.47459565535351,1.240951086318212,0.9939263693843876,0.24702471693382444,62.080825451418754,46.19826523948789,37.53373476051211,0.2069586413551755,9.113607990012508,33.93941560453338,45.32803180914514,23.65805168986085,22499241.85,-345503384.0
2020-07-15,43.68,43.73,43.4,43.47,21212457.0,45.93,39.49,42.71,1.0507142857142848,42.52678732429883,41.018756411855534,40.504400673708204,1.168538186764799,1.0288487328604699,0.13968945390432919,63.11188811188812,46.33284882488645,37.75015117511355,0.20414822615208536,9.496221662468507,36.73757943346635,46.49898028552007,19.64649898028554,22237138.95,-366715841.0
2020-07-16,42.17,42.55,42.14,42.48,22558169.0,45.93,39.49,42.71,1.115714285714285,42.522331388651324,41.076060081978845,40.52405837844743,1.0195134000860264,1.0269816663055813,-0.0074682662195548755,57.745336577453344,46.3571458314546,37.961854168545386,0.1991316705110169,5.776892430278879,37.351316615892486,43.790012804097316,26.568501920614608,22785444.65,-389274010.0
2020-07-17,42.61,42.71,42.41,42.56,14745389.0,45.93,39.49,42.71,1.0978571428571426,42.525918875446436,41.134253804254186,40.54431650403502,0.8975194686415691,1.001089226772779,-0.10356975813120983,59.85037406483792,46.37800030301629,38.17099969698371,0.19413595917237528,2.6531596719729933,38.495056612883864,45.543266102797666,25.569290826284973,22938424.6,-374528621.0
2020-07-20,42.95,43.23,42.81,43.11,17640980.0,45.93,39.49,42.71,1.1178571428571422,42.581545649213446,41.21173404722461,40.569845693049594,0.8355866794056936,0.9679887172993619,-0.13240203789366822,62.29903536977493,46.426419666356,38.401580333644006,0.18920260604309877,-5.0440528634361215,39.951012473041295,48.05111821086262,23.70607028753991,22537827.15,-356887641.0
2020-07-21,43.72,43.74,43.29,43.33,20675385.0,45.93,39.49,42.71,1.1228571428571428,42.65282701595502,41.29480330027462,40.5973099150093,0.795091341065266,0.9334092420525427,-0.1383179009872767,64.74411047928511,46.48920597353508,38.609794026464925,0.18518224531592975,-1.7683065064611259,40.834623504552084,51.081424936386775,21.62849872773536,22894688.8,-336212256.0
2020-07-22,42.935,43.01,42.51,42.72,24486017.0,45.93,39.49,42.71,1.1271428571428572,42.65922444300692,41.35069336693052,40.61843120938732,0.7056423854872662,0.8878558707394875,-0.18221348525222125,60.27287319422151,46.50265440411951,38.7793455958805,0.18112400760392602,-6.17175488688777,42.45684856535991,47.46514575411915,26.489226869455003,23493892.55,-360698273.0
2020-07-23,42.7,42.84,42.35,42.4,21651740.0,45.93,39.49,42.71,1.0557142857142858,42.63453640081578,41.39184264665874,40.63615826203023,0.6019927207411158,0.8306832407398131,-0.22869051999869738,54.094076655052255,46.464849135640634,39.01015086435936,0.1744299098281667,-6.236178681999116,41.98383961812136,42.62516914749664,29.364005412719862,23693010.45,-382350013.0
2020-07-24,41.8,42.09,41.71,42.05,20134862.0,45.93,39.49,42.71,0.8214285714285714,42.578866267404756,41.41765273894663,40.650226339024954,0.4860051746210132,0.7617476275160532,-0.27574245289503996,28.770595690747797,46.41434843451942,39.20865156548057,0.16831217941531706,-5.611672278338942,39.497381116260826,21.913043478260896,43.30434782608693,24021906.35,-402484875.0
2020-07-27,41.81,42.06,41.66,41.96,17328464.0,45.93,39.49,42.71,0.7578571428571433,42.51992662289002,41.43892125898794,40.663258912766004,0.3824137333631441,0.6858808486854714,-0.3034671153223273,33.93124065769807,46.313706119996006,39.48629388000399,0.15914713846135234,-4.722979109900082,37.57096033133825,23.751178133836017,43.63807728557964,24208591.85,-419813339.0
2020-07-28,41.87,41.94,41.57,41.59,12109125.0,45.93,39.49,42.71,0.6828571428571435,42.43136218261478,41.44484591549822,40.67248021711659,0.2673786869831787,0.6021804163450128,-0.33480172936183417,15.07092198581563,46.183198601724214,39.77080139827578,0.14920532385807375,-4.828375286041187,36.798249999804376,16.422594142259474,49.37238493723844,24172704.4,-431922464.0
2020-07-29,42.12,42.31,41.995,42.22,14436944.0,45.93,39.96,42.945,0.6657142857142863,42.41123245093718,41.47524411489045,40.68787842391146,0.22446087358596145,0.5266365077932026,-0.30217563420724114,24.832214765100645,45.944253244611325,40.26174675538868,0.13183552163939044,-2.8755463538072235,35.93916373732107,16.73819742489279,50.64377682403428,24001730.45,-417485520.0
2020-07-30,41.7,41.85,41.38,41.78,14497844.0,45.93,41.28,43.605000000000004,0.663571428571429,42.35111507465744,41.487195326071216,40.698745305265575,0.15317813233644983,0.45194483270185204,-0.2987667003654022,25.828970331588124,45.75113151407186,40.61686848592815,0.1188927155461214,-1.6478342749529085,35.95544345607527,16.792249730893523,50.75349838536053,23603852.65,-431983364.0
2020-07-31,41.61,41.65,41.09,41.37,21672893.0,45.93,41.09,43.510000000000005,0.6507142857142857,42.25767554373768,41.48259943093117,40.70542445645697,0.06287765833940995,0.37413139782936367,-0.3112537394899537,26.28774422735343,45.75963851117661,40.5993614888234,0.11950756776602815,-2.7960526315789602,36.31541162502176,17.124039517014374,50.8781558726673,23268764.4,-453656257.0
2020-08-03,41.86,42.03,41.78,41.87,18647529.0,45.93,41.09,43.510000000000005,0.64,42.22075406338171,41.49779161011034,40.71701227281063,0.031298909101394656,0.3055649000837699,-0.27426599098237525,34.196891191709796,45.421456227912756,40.584543772087244,0.11247848884555757,-2.8763627928554913,36.45672978170148,21.651785714285847,43.3593749999999,20832795.85,-435008728.0
2020-08-04,42.63,42.84,42.56,42.82,24905703.0,45.93,41.09,43.510000000000005,0.6857142857142863,42.27782510496441,41.54964291951778,40.73793752382744,0.08198451685963448,0.26084882343894283,-0.17886430657930835,45.00768049155146,45.30080284613471,40.57619715386529,0.11003192222060437,-1.1770136164320322,34.77888407862595,28.64583333333346,40.46874999999987,20836046.0,-410103025.0
2020-08-05,42.91,43.13,42.77,42.82,11894382.0,45.93,41.09,43.510000000000005,0.6164285714285721,42.32946080925351,41.59946084424257,40.758654563391346,0.12076116662053948,0.23283129207526218,-0.1120701254547227,53.07971014492757,44.825932732969406,40.7800672670306,0.09452294152136072,0.23408239700375422,33.55380457408677,35.22595596755516,30.417149478563037,19909505.1,-410103025.0
2020-08-06,42.74,42.91,42.57,42.85,17584583.0,44.85,41.09,42.97,0.6192857142857144,42.37903597027699,41.64850159544875,40.77946397072079,0.15215869943467908,0.21669677354714556,-0.06453807411246648,52.650822669104194,44.35893281835117,41.01006718164883,0.07845624610109858,1.0613207547169878,31.616392784961477,33.21799307958488,32.58362168396765,19095919.25,-392518442.0
2020-08-07,42.08,42.208,41.75,42.01,29968915.0,44.85,41.09,42.97,0.6500000000000006,42.343889687393464,41.66267800347037,40.79170811031561,0.10801535677413909,0.19496049019254427,-0.08694513341840518,40.45138888888888,44.0062726202812,41.10872737971879,0.06808541950449176,-0.09512485136742299,30.72152514243695,25.93406593406606,40.05494505494497,19680865.4,-422487357.0
2020-08-10,42.21,42.34,41.99,42.31,14891809.0,43.88,41.09,42.485,0.6300000000000006,42.340662098117896,41.688063179804864,40.80681549230252,0.0961307964928153,0.1751945514525985,-0.07906375495978318,41.26712328767127,43.74286394506251,41.19913605493748,0.05989328930623312,0.834127740705437,29.93913227156178,22.47165532879832,41.32653061224482,19311896.3,-407595548.0
2020-08-11,42.6,42.685,42.23,42.27,21032524.0,43.74,41.09,42.415000000000006,0.6039285714285724,42.333932374487624,41.710884231577225,40.82137454213036,0.08253314047191651,0.1566622692564621,-0.07412912878454558,45.73055028463003,43.53379737120774,41.26520262879227,0.05350522393932648,1.6350084154844957,28.653330183507034,27.522176227084667,33.88527498521574,19103785.7,-428628072.0
2020-08-12,42.77,43.0,42.71,42.89,25270961.0,43.74,41.09,42.415000000000006,0.621071428571429,42.38689119596499,41.75712406563302,40.841957880019606,0.1203978471168341,0.1494093848285365,-0.029011537711702395,54.39856373429085,43.415719191321934,41.32528080867808,0.04933711857645893,1.586925627664626,27.42170005150973,30.38527889591729,31.10983323749277,19306710.9,-403357111.0
2020-08-13,42.83,42.83,42.58,42.81,16505579.0,43.74,41.09,42.415000000000006,0.5939285714285722,42.427187272539754,41.79841331796114,40.86154038867613,0.14231010620197537,0.14798952910322427,-0.005679422901248898,57.16981132075477,43.449768975248055,41.324231024751946,0.05014598698884351,2.465294399234086,25.738933283442176,31.773902585688596,26.39807576668668,19004081.4,-419862690.0
2020-08-14,42.95,43.06,42.91,43.04,13330144.0,43.74,41.09,42.415000000000006,0.5832142857142861,42.48555038944073,41.84710299176659,40.88321660371418,0.17620364131196453,0.15363235154497232,0.022571289766992214,59.92647058823528,43.511237294985115,41.310762705014874,0.05188452500460356,4.036741600193383,24.6660934264684,35.17452541334981,26.270667483159766,18933319.15,-406532546.0
2020-08-17,43.56,43.88,43.53,43.84,21172275.0,43.88,41.09,42.485,0.6153571428571435,42.614545590446376,41.92525581561888,40.91263733402548,0.2645680504002854,0.17581949131603494,0.08874855908425047,69.16524701873934,43.68522074055178,41.20977925944823,0.05831772144657622,4.705039407690492,23.123588812284464,42.85548461984922,23.853743470690628,19109883.9,-385360271.0
2020-08-18,44.1,44.16,43.8,44.01,23645798.0,44.16,41.09,42.625,0.5896428571428578,42.74744601040386,42.00701048951618,40.943456863040154,0.3443456580859987,0.20952472467002772,0.13482093341597098,66.543438077634,43.85157529566904,41.11142470433095,0.06450220899304622,2.7790751985053763,21.482744443024053,43.63416111447607,24.894003634161084,19258404.55,-361714473.0
2020-08-19,43.87,43.87,43.51,43.55,23971386.0,44.16,41.09,42.625,0.5653571428571438,42.82387972369873,42.06751988208418,40.96939261564672,0.3662301580325149,0.2408658113425252,0.12536434668998972,66.2983425414364,43.971528836263516,41.07447116373649,0.06812919296679505,1.7048108360579128,20.39916535246315,45.50852811118127,21.857233101705635,19232673.0,-385685859.0
2020-08-20,43.24,43.76,43.13,43.75,17726208.0,44.16,41.09,42.625,0.5610714285714293,42.912081654775044,42.133499494551465,40.997060350814415,0.395156986674003,0.27172404640882075,0.12343294026518226,72.79693486590038,44.13737426768092,41.04362573231908,0.07263940398356065,2.100350058343059,19.20125800929346,45.85614258434117,23.169955442393356,19036396.4,-367959651.0
2020-08-21,43.77,44.21,43.71,44.14,17512065.0,44.21,41.09,42.650000000000006,0.5496428571428577,43.02902625908218,42.212185788882785,41.0283333821496,0.4444283539951215,0.3062649079260809,0.13816344606904057,72.21135029354207,44.365568765425,41.02443123457501,0.07825594404145662,5.0702213758629044,19.224916522897583,47.71929824561404,23.651721897335918,18905256.55,-350447586.0
2020-08-24,44.77,44.83,44.49,44.62,15717510.0,44.83,41.09,42.96,0.5296428571428571,43.180547567741016,42.30660987559327,41.06407135844662,0.516257164813716,0.3482633593036079,0.16799380551010806,69.3965517241379,44.667217224803494,40.98878277519651,0.08588854136562486,5.459702198061911,20.242088446272334,46.95886716115981,24.54484153742415,18824708.85,-334730076.0
2020-08-25,44.39,44.83,44.315,44.8,24043390.0,44.83,41.09,42.96,0.5407142857142857,43.334781132718064,42.40438988047196,41.10124477776556,0.5810090004714326,0.39481248753717285,0.1861965129342597,70.53941908713689,44.93022224150935,41.046777758490656,0.09033682224359288,5.985332387035713,21.367176950001582,42.1664464993395,26.354029062087246,19421422.1,-310686686.0
2020-08-26,44.6,44.81,44.59,44.72,13407628.0,44.83,41.09,42.96,0.5321428571428574,43.46670673912587,42.49519812045345,41.13725229241466,0.6187375440725305,0.43959749884424437,0.17914004522828608,69.19917864476385,45.16565445197268,41.061345548027326,0.09519776645239546,4.266728841221723,23.29923171846693,42.845637583892604,24.093959731543638,19369956.3,-324094314.0
2020-08-27,44.85,44.85,44.38,44.63,17841098.0,44.85,41.09,42.97,0.48714285714285716,43.577496573494834,42.57891584121998,41.172006000947846,0.6340663170469298,0.4784912624847815,0.15557505456214832,81.7961165048545,45.31406654283858,41.19793345716142,0.0951575061419725,4.251343144125208,25.045980996317507,46.80351906158358,17.37536656891499,19537119.0,-341935412.0
2020-08-28,44.74,45.01,44.65,44.99,10933606.0,45.01,41.75,43.379999999999995,0.4892857142857139,43.71202070935247,42.67346816117214,41.20999599098817,0.6675681612058213,0.5163066422289895,0.15126151897683182,82.0574162679427,45.432459055485815,41.44154094451418,0.09187830906765279,4.530669144981414,26.234807171996646,47.00729927007291,17.29927007299275,19000154.65,-331001806.0
2020-08-31,44.05,44.12,43.65,43.96,18271055.0,45.01,41.75,43.379999999999995,0.5524999999999994,43.73563778465224,42.72392039014578,41.23735921495844,0.6040431882681361,0.5338539514368188,0.07018923683131728,66.3442940038685,45.40604199258707,41.67695800741293,0.08564436193457144,0.27372262773721623,26.46868346519499,37.16871363930182,28.24822236586948,18981330.95,-349272861.0
2020-09-01,44.14,44.53,44.095,44.53,17161953.0,45.01,41.75,43.379999999999995,0.5410714285714283,43.81129132897107,42.794747041512615,41.27012180983448,0.5928593127384048,0.545655023697136,0.04720428904126872,66.01562500000003,45.50898215775834,41.745017842241666,0.08627602896180515,1.1815496478073229,27.472233698123564,39.20792079207921,28.844884488448884,18594143.45,-332110908.0
2020-09-02,44.51,44.55,43.96,44.35,16435398.0,45.01,41.75,43.379999999999995,0.5610714285714279,43.86259691668811,42.85573735361016,41.30076736396548,0.5629818112522784,0.5491203812081645,0.013861430044113887,64.75095785440615,45.57169671003458,41.83530328996542,0.08549414623700992,1.8369690011481143,27.891877542603087,37.810311903246365,27.880330999363466,18821194.25,-348546306.0
2020-09-03,43.8,43.84,43.1,43.44,35560568.0,45.01,41.75,43.379999999999995,0.6324999999999993,43.822349591289246,42.8786496142529,41.32205326084144,0.4605651726377715,0.531409339494086,-0.07084416685631445,53.38983050847456,45.56268619685536,41.903313803144634,0.08367531140581999,-0.7085714285714362,27.239258057537217,30.94297007340483,34.44381705251271,19719993.5,-384106874.0
2020-09-04,43.58,43.78,42.875,43.6,30022320.0,45.01,41.99,43.5,0.6371428571428562,43.80117343973789,42.906937864674354,41.34471939754949,0.38783914326585744,0.5026953002484403,-0.11485615698258289,47.718631178707206,45.45562763383386,42.16937236616614,0.07500725289969135,-1.2233801540552758,27.0677112888706,21.524663677130015,36.71524663677134,19722663.75,-354084554.0
2020-09-08,42.49,42.92,42.46,42.7,24690346.0,45.01,42.23,43.62,0.6928571428571421,43.69629977881047,42.89882265429497,41.35820477667835,0.2546453693332609,0.4530853140654045,-0.1984399447321436,39.06510851419036,45.40793213853866,42.25606786146134,0.07190783621731435,-4.303003137606442,27.86163188127094,16.907216494845386,38.04123711340208,20212590.6,-378774900.0
2020-09-09,42.73,43.07,42.63,42.99,15489148.0,45.01,42.46,43.735,0.6885714285714276,43.629033133209475,42.90239823647948,41.37444154506961,0.1705232345503731,0.3965728981623982,-0.2260496636120251,45.189003436426155,45.32186019743996,42.414139802560044,0.06628340464301806,-4.040178571428566,27.569661696321738,18.568464730290476,35.269709543568496,19935421.8,-363285752.0
2020-09-10,42.72,42.775,42.1,42.14,25749987.0,45.01,42.1,43.555,0.7071428571428565,43.48722045385619,42.87250026642146,41.38205904213359,0.03486602656320059,0.3242315238425587,-0.2893654972793581,37.55795981452859,45.42268453043711,42.23831546956289,0.07265189904003418,-5.769230769230771,27.57628315549398,18.08080808080809,35.85858585858593,19959373.1,-389035739.0
2020-09-11,42.74,42.83,42.39,42.55,18697748.0,45.01,42.1,43.555,0.720714285714285,43.39796136301274,42.85985319715003,41.39368034519694,-0.039108891678182545,0.25156344073841047,-0.290672332416593,37.75038520801229,45.44853938447239,42.186460615527615,0.07444693944074343,-4.660542236164023,28.28039715362072,13.825569871159537,35.18334985133804,20068981.55,-370337991.0
2020-09-14,42.88,42.92,42.74,42.84,11420905.0,45.01,42.1,43.555,0.6978571428571426,43.344822185582956,42.85907464039905,41.40807158554324,-0.07348686019575013,0.18655338055157836,-0.26004024074732845,35.87301587301593,45.46090955540682,42.15409044459319,0.07548522766224126,-4.778839742164919,30.38530718229122,8.853633572159696,36.335721596724724,19973519.6,-358917086.0
2020-09-15,43.3,43.36,43.11,43.22,9936488.0,45.01,42.1,43.555,0.6982142857142851,43.33293435838458,42.87322857606968,41.426100723995546,-0.06927031860472255,0.13538864072031817,-0.20465895932504072,37.84615384615385,45.45046503768274,42.10253496231726,0.07647779231700759,-1.6833484986351288,31.89629619328024,13.350383631713564,34.52685421994887,19411730.25,-348980598.0
2020-09-16,43.24,43.36,43.09,43.09,17583539.0,45.01,42.1,43.555,0.7017857142857135,43.30979775282414,42.88172941622381,41.44265693569709,-0.0755477254082777,0.09320136749459901,-0.1687490929028767,37.55725190839698,45.42784746621554,42.03315253378446,0.07762762676921324,-3.2337749831574114,33.07167131753948,13.282442748091617,34.55470737913486,19108617.3,-366564137.0
2020-09-17,42.6,42.89,42.55,42.73,16547236.0,45.01,42.1,43.555,0.706785714285714,43.25457891922184,42.875779243038565,41.4554663194215,-0.10832292760014184,0.05289650847565084,-0.16121943607579267,36.07038123167153,45.44386268230609,41.9351373176939,0.08031049484686686,-3.6527621195039606,33.232957589917945,13.188479029813038,37.64527539161195,18737409.8,-383111373.0
2020-09-18,43.03,43.03,42.765,42.82,18297978.0,45.01,42.1,43.555,0.7010714285714289,43.213190450724525,42.873591821742934,41.469043768979496,-0.12558756831912632,0.01719969311669541,-0.14278726143582174,33.435114503816806,45.439406940187084,41.8465930598129,0.08232279816635385,-1.4272559852670286,33.411892730824725,13.092205807437626,37.952114111054506,18765998.3,-364813395.0
2020-09-21,42.08,42.45,41.82,42.42,19798373.0,45.01,41.82,43.415,0.6767857142857144,43.13764850303647,42.855803907164784,41.47850602003443,-0.1695916307819303,-0.020158571663029735,-0.14943305911890056,36.99324324324327,45.41679172575137,41.69720827424864,0.08539576764934978,-2.70642201834862,35.87595238459175,13.562005277044891,38.73350923482851,18880313.7,-384611768.0
2020-09-22,42.28,42.28,41.855,42.09,14688564.0,45.01,41.82,43.415,0.6764285714285718,43.03787245512824,42.82577238139362,41.48459053724802,-0.22845986626381887,-0.061818830583187566,-0.1666410356806313,28.521126760563433,45.32961308940013,41.53138691059988,0.08745527172839937,-1.4285714285714235,39.18082492533066,9.239704329461453,38.75395987328405,18828866.4,-399300332.0
2020-09-23,42.0,42.035,41.61,41.63,18059410.0,45.01,41.61,43.31,0.6685714285714296,42.90378936416364,42.778879346829164,41.48603739757391,-0.308673328635507,-0.11118973019365146,-0.19748359844185553,27.181208053691307,45.218403971704596,41.325596028295415,0.08996135938734472,-3.1635264014887143,42.558663208746836,9.348290598290584,40.38461538461534,18529667.4,-417359742.0
2020-09-24,40.96,41.31,40.9,41.11,20126587.0,45.01,40.9,42.955,0.6314285714285727,42.732952281862346,42.7134330979339,41.482295731926406,-0.4094824706231819,-0.17084827827955756,-0.23863419234362432,29.084380610412964,45.1394131868971,41.04358681310289,0.09504951959885849,-2.4442335073564303,46.54439280217771,9.89819004524885,41.063348416289536,18865615.35,-437486329.0
2020-09-25,40.45,40.76,40.225,40.7,23398433.0,45.01,40.225,42.6175,0.630000000000001,42.539337778827836,42.634474937230614,41.47451169479281,-0.5165040779283601,-0.23997943820931808,-0.27652463971904195,25.085910652920973,45.071491624033435,40.71850837596656,0.10147996848273406,-4.347826086956507,49.30149047055097,9.920634920634905,46.25850340136045,19143482.1,-460884762.0
2020-09-28,41.32,41.35,41.15,41.33,16437177.0,44.55,40.225,42.3875,0.5950000000000009,42.42416275227281,42.58331905733922,41.47307376748144,-0.5442104189460508,-0.30082563435666465,-0.24338478458938617,37.65765765765761,44.75839451874009,40.66560548125992,0.09582293120153992,-3.5247432306255932,49.6174513128276,17.587034813925587,43.99759903961578,19418660.65,-444447585.0
2020-09-29,41.01,41.27,40.98,41.17,10398162.0,44.55,40.225,42.3875,0.5885714285714297,42.30471868062778,42.527894780580816,41.470058108103515,-0.5724793708095319,-0.3551563816472381,-0.2173229891622938,33.21033210332102,44.64094843962373,40.50405156037628,0.09717298442063407,-4.743174456270238,50.896797329252,15.958737864077696,46.541262135922246,19025016.0,-454845747.0
2020-09-30,41.65,42.06,41.61,42.0,20421968.0,44.55,40.225,42.3875,0.5885714285714297,42.27569785390133,42.507193024479605,41.47533116175423,-0.5218926023742583,-0.3885036257926422,-0.13338897658161608,48.703703703703695,44.309707679815325,40.58229232018467,0.08781546811550334,-2.5295892318403457,50.12696479551989,25.546116504854368,40.10922330097079,19188016.75,-434423779.0
2020-10-01,42.38,42.58,42.185,42.51,19912810.0,43.84,40.225,42.0325,0.580714285714287,42.29801234400596,42.507303101950995,41.48562637407508,-0.4356278396130122,-0.3979284685567162,-0.037699371056296005,49.63636363636364,43.98967336850425,40.71832663149575,0.07723820033547009,-0.5148607535689131,47.907769452214644,31.611316113161063,40.6519065190651,19361887.35,-414510969.0
2020-10-02,41.88,42.49,41.85,42.03,20352999.0,43.78,40.225,42.0025,0.6014285714285721,42.272487358862534,42.48858533324704,41.49104302706936,-0.40136766548824454,-0.3986163079430219,-0.0027513575452226546,42.88224956063265,43.84180238265951,40.725197617340484,0.07370735074719513,-1.8449322746380226,44.91768704703666,29.453681710213704,43.23040380047502,18601508.9,-434863968.0
2020-10-05,41.92,42.21,41.885,42.19,16323692.0,43.36,40.225,41.792500000000004,0.5875000000000011,42.26463141992325,42.476876104492256,41.49799782281991,-0.357188125470401,-0.39033067144849776,0.03314254597809674,40.58500914076779,43.64280455050482,40.78319544949518,0.06774238033330109,-0.542197076850548,43.77041882230363,24.80243161094219,44.255319148936096,17916577.5,-418540276.0
2020-10-06,42.5,42.72,42.355,42.47,24759464.0,43.36,40.225,41.792500000000004,0.60607142857143,42.28419033231151,42.4766064533357,41.507669486274445,-0.29616782345675574,-0.37149810185014936,0.07533027839339362,44.48398576512451,43.618454109130255,40.78454589086975,0.06715183626791711,0.9028272748871302,41.83283969395933,30.05303476723619,42.66352386564521,17920033.4,-393780812.0
2020-10-07,42.89,43.02,42.705,42.92,19884369.0,43.36,40.225,41.792500000000004,0.6067857142857156,42.34474363399613,42.49399443555783,41.52172252621202,-0.2090873267400042,-0.33901594682812036,0.12992862008811618,51.6637478108582,43.607077339034696,40.788922660965305,0.06678408166428244,3.09872687965409,38.673357655809994,33.54914655679806,36.25662154208349,18139794.45,-373896443.0
2020-10-08,42.93,43.19,42.89,43.13,11784063.0,43.36,40.225,41.792500000000004,0.6067857142857151,42.41952995456793,42.51893583024184,41.537725287145236,-0.12172696803895633,-0.2955581510702876,0.17383118303133127,52.65866209262439,43.71628933318429,40.77871066681571,0.06953260350005515,4.913646314765274,35.43429407635339,33.90229546792221,36.25662154208351,17441498.25,-362112380.0
2020-10-09,42.97,43.34,42.97,43.24,12990409.0,43.36,40.225,41.792500000000004,0.5617857142857154,42.49766995889479,42.54721285650687,41.55466334398956,-0.04312011187102627,-0.24507054323043534,0.20195043135940907,57.40072202166068,43.81185173000599,40.752148269994,0.07236420841048173,6.240786240786234,33.23393490409906,38.525111252383915,27.145581691036156,17156131.3,-349121971.0
2020-10-12,44.26,44.435,44.14,44.4,19034723.0,44.435,40.225,42.33,0.6067857142857151,42.67884424852386,42.619871175859544,41.58297515151205,0.11149346617359868,-0.17375774134962854,0.2852512075232272,68.13186813186815,44.147088193274,40.572911806726,0.08437621309131266,7.428018388579716,31.112005458758354,48.557975279576155,25.13243084167151,17536822.2,-330087248.0
2020-10-13,44.315,44.43,44.16,44.34,16626507.0,44.435,40.225,42.33,0.591785714285715,42.837049558188255,42.68732720817878,41.610408234581584,0.22657255477069072,-0.0936916821255647,0.3202642368962554,72.69681742043561,44.378172802093715,40.45382719790629,0.09252040749215915,7.699781394219096,29.308512044067367,49.78877489438739,22.81231140615568,17871323.15,-346713755.0
2020-10-14,44.21,44.21,43.76,43.78,12554454.0,44.435,40.225,42.33,0.5810714285714295,42.926854362170324,42.73017712158354,41.63199621234694,0.26947984578242057,-0.02105737654396764,0.29053722232638823,72.21297836938446,44.48548325352285,40.415516746477145,0.09587558467027964,4.238095238095241,28.12677763019533,50.70682237246458,19.422249539028837,17619868.9,-359268209.0
2020-10-15,43.28,43.52,43.21,43.45,14441407.0,44.435,40.225,42.33,0.5585714285714296,42.976677756249344,42.75840546975673,41.650085802273836,0.2737008875063367,0.03789427626609323,0.23580661124024346,73.18718381112993,44.567261753228244,40.405738246771755,0.0979493134632528,2.211244413079294,26.92444356678904,52.749360613810644,18.60613810741682,17514577.45,-373709616.0
2020-10-16,44.16,44.19,43.965,44.11,21462405.0,44.435,40.225,42.33,0.5650000000000007,43.08461320803512,42.811409176825094,41.67456256046017,0.32653844569451707,0.095623110151778,0.23091533554273908,73.3221476510068,44.75180272436953,40.35019727563047,0.10344305536271912,4.948846062336432,27.331699437128417,53.160556257901206,18.394437420986048,17672798.8,-352247211.0
2020-10-19,44.22,44.37,43.985,44.09,13715922.0,44.435,40.225,42.33,0.5675000000000006,43.180364331079396,42.86154999342019,41.69859676383867,0.3626187155491465,0.14902223123125172,0.21359648431789477,75.08591065292107,44.93866990419153,40.33033009580848,0.10808945357358594,4.5034368333728425,27.741819616088183,55.19194461925723,16.17369414726237,17368676.25,-365963133.0
2020-10-20,44.18,44.45,44.13,44.28,13319340.0,44.45,40.225,42.337500000000006,0.5296428571428576,43.28509153764326,42.9171754838743,41.724282368178585,0.4019110213834054,0.19959998926168246,0.20231103212172294,72.00772200772211,45.145318935833544,40.342681064166456,0.11235817592333631,4.261831881328004,29.599272319308888,49.56169925826019,17.329737019554894,17300215.05,-352643793.0
2020-10-21,44.76,44.96,44.625,44.68,16028807.0,44.96,40.225,42.5925,0.5367857142857149,43.41793996262962,42.986305857055704,41.75369249386835,0.4600242408104336,0.2516848395714327,0.2083394012390009,71.40039447731766,45.385721184482655,40.40727881551734,0.11605707619421908,4.1006523765144465,32.13999873237574,48.769128409846914,17.099135063206855,17198684.9,-336614986.0
2020-10-22,45.09,45.12,44.825,45.02,11330468.0,45.12,40.225,42.6725,0.5210714285714292,43.570517109045845,43.06605856854372,41.78619306606867,0.5274346065631121,0.30683479296976857,0.22059981359334357,80.32454361054778,45.60450849697725,40.579491503022744,0.11661136623861759,4.382100626014385,35.08679699792978,52.43317340644265,13.02261823166545,16758878.95,-325284518.0
2020-10-23,44.95,45.15,44.7701,45.13,11240494.0,45.15,40.98,43.065,0.5249928571428575,43.71903928913672,43.14699744820867,41.819464776854055,0.5830132736734726,0.3620704891105094,0.22094278456296318,80.12295081967225,45.716824670888045,40.91017532911195,0.11097346882094715,4.3709528214616045,37.24532259404149,52.0415243744812,13.672294861154555,16150982.0,-314044024.0
2020-10-26,44.62,45.0,44.33,44.7,19928917.0,45.15,40.98,43.065,0.5442785714285721,43.812464118742746,43.20789950906324,41.84812681887541,0.585611793219492,0.4067787499323059,0.17883304328718608,72.16699801192853,45.76954614564085,41.194453854359146,0.10521807394511996,0.6756756756756799,38.812732378052324,43.5045079331749,18.963503458050614,16325569.0,-333972941.0
2020-10-27,44.53,44.83,44.395,44.79,13677034.0,45.15,41.61,43.379999999999995,0.5360642857142857,43.90556277410058,43.26994266557056,41.87739918883685,0.58815351886701,0.44305370371924674,0.1450998151477632,70.02141327623133,45.743810570809984,41.58218942919001,0.09531230427638905,1.0148849797022796,41.05010453863171,40.17375314794326,19.254087329611323,16489512.6,-320295907.0
2020-10-28,44.23,44.275,43.815,43.89,15870677.0,45.15,41.85,43.5,0.5842785714285716,43.904080605138624,43.29425863946975,41.89742506755489,0.5116474233615946,0.45677244764771635,0.05487497571387828,57.089552238805986,45.6864361671289,41.82856383287111,0.08816482509873258,0.2512562814070307,42.01311008455139,34.780376288218655,24.755803860682953,16261948.05,-336166584.0
2020-10-29,44.5,44.72,44.34,44.55,12836194.0,45.15,41.85,43.5,0.6171357142857141,43.965596737982565,43.34350339870623,41.92381884797723,0.49852558302701766,0.46512307472357667,0.03340250830344099,61.08291032148901,45.72539868287453,41.99360131712548,0.0850852692289936,2.5316455696202445,42.31735569373406,36.343013229319716,23.43777127050089,15908117.25,-323330390.0
2020-10-30,44.23,44.25,43.89,44.1,15538845.0,45.15,41.885,43.5175,0.5789214285714281,43.97839704865089,43.373169932090306,41.94547239177845,0.4466662997674291,0.4614317197323472,-0.014765419964918092,47.11538461538463,45.61950361018097,42.306496389819046,0.07535898870327148,-0.022670596236673557,40.726222619169185,25.231649989512466,30.537082505644864,15667409.55,-338869235.0
2020-11-02,44.89,45.0,44.66,44.98,13727789.0,45.15,42.355,43.7525,0.6239214285714277,44.07378780592224,43.4361828759299,41.975666696337875,0.4711450231421921,0.4633743804143162,0.007770642727875865,55.31561461794016,45.591800436275435,42.613199563724564,0.06753814120630057,2.0185983216148617,38.50586540702198,31.998076680900734,28.334611729956976,15537614.4,-325141446.0
2020-11-03,45.03,45.33,44.85,45.08,20154449.0,45.33,42.705,44.0175,0.6167785714285701,44.16961753869155,43.500646292560106,42.00655558493153,0.4929315440410278,0.46928581313965856,0.023645730901369233,61.69064748201442,45.56956433086593,42.896435669134064,0.060432904431801285,1.8066847335139968,36.76174515391835,36.19034383721873,24.030388307913405,15307363.65,-304986997.0
2020-11-04,46.22,47.045,46.05,46.96,37695102.0,47.045,42.89,44.9675,0.7164214285714274,44.43536824929235,43.63630722226363,42.05584358906157,0.6543548120496254,0.5062996129216519,0.1480551991279735,74.68354430379753,46.11346421030666,42.756535789693345,0.07554694318922729,5.102954341987465,37.06404761203762,48.25571541092139,15.204538430094171,16197900.3,-267291895.0
2020-11-05,47.96,47.99,47.32,47.7,25797708.0,47.99,42.97,45.480000000000004,0.7371357142857136,44.74628555888356,43.795667723351336,42.112004349369414,0.8324003375600668,0.571519757849335,0.26088057971073186,74.96522948539646,46.78083969131991,42.546160308680086,0.0948129766507288,5.95290981785872,37.45545422790035,49.56443376389313,14.777274973594846,16898582.55,-241494187.0
2020-11-06,47.51,47.96,47.385,47.73,16735954.0,47.99,43.21,45.6,0.7507071428571425,45.030448838989884,43.94995526361207,42.16790480360454,0.9648018138139989,0.6501761690422678,0.31462564477173105,75.2777777777778,47.30129301120126,42.47470698879874,0.10752508515421769,5.761134500332354,37.32064396851392,46.955727456969186,14.510128545466786,17085859.8,-224758233.0
2020-11-09,49.36,49.44,48.15,48.23,25851113.0,49.44,43.21,46.325,0.847135714285714,45.33516799718132,44.11780015523512,42.22822415879256,1.0974263115763208,0.7396261975490784,0.3578001140272423,76.29826897470043,47.90276033999469,42.25623966000531,0.1252569500546674,7.897091722595073,38.24996146010053,53.41529017951244,12.85845580485513,17426679.3,-198907120.0
2020-11-10,47.53,47.69,47.01,47.12,21437683.0,49.44,43.21,46.325,0.8857071428571425,45.505151997449765,44.235533482480804,42.27689854527223,1.1002811025687294,0.8117571785530087,0.2885239240157207,64.8418491484185,48.15973693993886,42.27726306006114,0.13008998263714458,5.20205402991738,37.474207963498955,46.976185291816854,21.492108807329206,17667238.1,-220344803.0
2020-11-11,46.89,47.715,46.88,47.6,19918376.0,49.44,43.21,46.325,0.9139214285714284,45.70466133102598,44.36747334591293,42.32986472890136,1.1282695444850717,0.8750596517394214,0.2532098927456503,65.43062200956939,48.45180850714565,42.36719149285435,0.13399436272787185,8.452950558213711,35.59670266335801,44.27545350100431,21.844641224237854,18035434.2,-200426427.0
2020-11-12,47.42,47.7,46.93,47.1,18036258.0,49.44,43.815,46.6275,0.9417857142857144,45.83755072807113,44.47463125391634,42.37732876144961,1.0974539984709821,0.9195385210857335,0.1779154773852486,61.25714285714287,48.576744368851045,42.60725563114895,0.130932811407749,5.723905723905731,33.911755351504915,42.96549108835797,20.7819491846796,18215176.75,-218462685.0
2020-11-13,47.37,47.57,47.17,47.47,14790860.0,49.44,43.815,46.6275,0.9182142857142855,45.99302208730245,44.59209669493923,42.42800210710683,1.0903198356568566,0.9536947839999582,0.13662505165689842,65.9378596087457,48.77164057407061,42.74835942592939,0.13162764746812114,7.641723356009056,34.12329947951393,44.068455853753406,17.89187086736682,17881599.5,-203671825.0
2020-11-16,47.64,47.845,47.44,47.68,9051918.0,49.44,43.815,46.6275,0.9160714285714288,46.1536866504165,44.71319094219652,42.480260792608256,1.0890572313363052,0.9807672734672277,0.10828995786907747,66.40181611804769,48.959973821320666,42.919026178679324,0.13149789707422463,6.00266785237884,34.764225448055385,46.315789473684184,17.93372319688112,17648399.3,-194619907.0
2020-11-17,47.21,47.53,47.09,47.36,10876503.0,49.44,43.815,46.6275,0.8885714285714285,46.26857363609112,44.81698737583587,42.52881541158728,1.0501300372807592,0.9946398262299341,0.05549021105082508,71.08140947752128,49.07149137534003,43.11550862465997,0.12921524186013353,5.05767524401064,37.012570048106156,47.74919614147908,16.639871382636603,17526257.45,-205496410.0
2020-11-18,47.43,47.44,47.15,47.15,7892329.0,49.44,43.815,46.6275,0.8499999999999999,46.35251900408244,44.90847806697956,42.574797347790394,0.9909120927952983,0.993894279543007,-0.0029821867477086705,66.70951156812342,49.15274055931376,43.281259440686235,0.12704158899598694,0.40459965928449915,38.704475804176084,46.176470588235276,17.394957983193223,17119433.55,-213388739.0
2020-11-19,46.97,47.185,46.905,47.12,10081381.0,49.44,43.815,46.6275,0.8228571428571431,46.42561243226506,44.99520441729409,42.62002324482731,0.9308306594486169,0.9812815555241291,-0.05045089607551223,70.51630434782606,49.22754171052493,43.416458289475074,0.1254497521922598,-1.2159329140461361,41.54785993543535,47.69965277777774,16.189236111111,17056979.2,-223470120.0
2020-11-20,47.19,47.535,47.15,47.44,16898186.0,49.44,43.815,46.6275,0.788214285714286,46.522220772049344,45.091078753870796,42.66798321254047,0.8986776201092113,0.9647607684411456,-0.0660831483319343,68.08823529411765,49.32713938744874,43.54786061255126,0.12445284037464285,-0.6075843285145544,44.42899848651767,46.17127322156765,16.900770276393178,17339863.8,-206571934.0
2020-11-23,47.68,47.68,46.84,47.25,10198974.0,49.44,43.815,46.6275,0.8139285714285717,46.591533079473216,45.17574233215038,42.71357541938087,0.8480884568648435,0.9414263061258852,-0.09333784926104172,65.74746008708274,49.355159399336515,43.77484060066348,0.11983933853050648,-2.0319303338171224,45.652396846083214,41.816586222027134,19.087318999561056,16853366.65,-216770908.0
2020-11-24,47.33,47.5299,47.09,47.51,13005698.0,49.44,43.815,46.6275,0.7049928571428568,46.679006119523386,45.26728184853664,42.76130103709847,0.8195289875780674,0.9170468424163217,-0.09751785483825437,55.21821631878555,49.390205713299565,44.011794286700436,0.11516694346157746,0.8276740237691094,43.1284478963684,30.902035481615737,22.03669743361112,16819799.85,-203765210.0
2020-11-25,47.13,47.3,47.0,47.23,8510105.0,49.44,43.89,46.665,0.6678499999999994,46.73148172718783,45.34425118780972,42.805765703396,0.765477790984967,0.8867330321300508,-0.12125524114508379,45.11434511434504,49.21529497171379,44.5207050282862,0.10016621028052376,-0.7773109243697562,39.52809519428843,22.51360977122741,24.224858019871746,16451771.25,-212275315.0
2020-11-27,48.27,48.71,48.27,48.62,12164433.0,49.44,43.89,46.665,0.7324928571428566,46.9113406103128,45.47271192554267,42.86361878097415,0.8252897846401197,0.8744443826320647,-0.04915459799194499,57.21231766612642,49.27387455584497,44.86912544415503,0.09357571166608113,3.2271762208067933,37.3023751849225,34.276297184760416,22.08700231109019,16418183.2,-200110882.0
2020-11-30,47.65,47.66,46.97,47.0,16723922.0,49.44,44.66,47.05,0.7282071428571422,46.91978436171158,45.53260557552139,42.90477680305401,0.7335152522088038,0.8462585565474126,-0.1127433043386088,41.56378600823047,48.92064077748782,45.512359222512174,0.07218412112239672,-0.990099009900991,34.882768029083074,19.96096087259314,34.968464624469036,16477437.05,-216834804.0
2020-12-01,47.61,47.7,47.37,47.48,14399210.0,49.44,44.85,47.144999999999996,0.6910642857142852,46.97313823202476,45.60897398432447,42.95030141197885,0.6915435786263302,0.8153155609631961,-0.12377198233686593,52.702702702702695,48.68309802593075,45.999901974069246,0.05667746167446111,-0.4194630872483285,32.77973364689675,21.447250100776277,25.064858551509495,16511008.1,-202435594.0
2020-12-02,47.11,47.285,46.98,47.15,9374966.0,49.44,46.05,47.745,0.6671357142857138,46.98998220992716,45.66940637709606,42.992089457630804,0.6244541639548586,0.7771432815615287,-0.15268911760667003,46.54377880184329,48.27312406903062,46.61687593096938,0.0349088025726893,-0.44341216216216006,31.271931944655574,22.216511954089487,28.74763113095426,15972033.95,-211810560.0
2020-12-03,47.09,47.315,47.01,47.13,9781534.0,49.44,46.84,48.14,0.6339214285714279,47.00331723755315,45.72668455838641,43.03326269685836,0.5631795038680352,0.73435052602283,-0.17117102215479485,50.24875621890549,48.26396510364985,46.643034896350144,0.03415828563329802,-0.042417815482498344,29.651178332857597,23.718577110728077,30.253862015346634,14576355.55,-221592094.0
2020-12-04,47.215,47.32,47.065,47.19,9731314.0,49.44,46.84,48.14,0.6185642857142852,47.02109654826237,45.784069477665376,43.074623267038874,0.5135406162915501,0.690188544076574,-0.17664792778502392,47.55244755244754,48.237901878411925,46.61809812158808,0.03415290032942232,0.14855687606112333,27.490058754230365,24.36517742699117,31.00497696278245,13773035.85,-211860780.0
2020-12-07,46.6,46.7922,46.55,46.73,10088265.0,49.44,46.55,47.995,0.6353499999999995,46.993373067475474,45.821164792266735,43.11099517482953,0.43210227854596184,0.6385712909704516,-0.20646901242448978,42.04355108877718,48.23168797456577,46.52431202543423,0.036037315824465906,-1.4966273187183798,26.27116383420451,20.62979909835984,35.97567145218044,13440651.4,-221949045.0
2020-12-08,46.48,46.61,46.345,46.58,10093564.0,48.71,46.345,47.5275,0.6207071428571425,46.95400420390638,45.850923035707254,43.145512635776505,0.35140725861941036,0.5811384845002434,-0.22973122588083306,43.27586206896549,48.12094979765237,46.47005020234762,0.03490606073103679,-1.4179894179894181,24.60218301377954,21.116468543941924,35.15575553228463,12652773.95,-232042609.0
2020-12-09,46.48,46.49,45.85,46.0,16174689.0,48.71,45.85,47.28,0.6521357142857137,46.8631466606772,45.85676919116972,43.17391549512202,0.2379122172681818,0.5124932310538312,-0.27458101378564936,40.680713128038875,48.24697678569155,46.23202321430845,0.04265399869564883,-3.1782782572089996,23.64314270459459,20.098796262828834,38.883229827270846,12389624.25,-248217298.0
2020-12-10,46.07,46.7,46.05,46.57,12962396.0,48.71,45.85,47.28,0.6821357142857138,46.835227931088895,45.884739026810124,43.2077073807427,0.19175043595576113,0.4483446720342172,-0.25659423607845605,45.9016393442623,48.222817044608625,46.15318295539138,0.04385933053355187,-1.3974168960406486,21.80248196854069,21.413836794102664,34.60769222714376,12041825.25,-235254902.0
2020-12-11,46.32,46.34,46.115,46.15,13570467.0,48.71,45.85,47.28,0.6849928571428566,46.76996812812805,45.89514141791561,43.236983924217895,0.11989433451775966,0.3826546045309257,-0.26276027001316604,40.52863436123345,48.274760250477115,46.00623974952288,0.04812253796532152,-5.080213903743314,20.78762154161126,17.67484541027556,34.46334164068449,11818535.7,-248825369.0
2020-12-14,45.67,45.68,45.39,45.42,11240078.0,48.71,45.39,47.05,0.6792785714285711,46.641399734973,45.87650842113461,43.25870547721075,0.003996883710009058,0.3069230603667424,-0.3029261766567333,37.55102040816324,48.395437213832146,45.68056278616785,0.05771662119274414,-3.3617021276595715,20.79306705285634,17.82353126741622,39.11713056919639,11640996.6,-260065447.0
2020-12-15,45.5,45.52,45.28,45.49,10793098.0,48.71,45.28,46.995000000000005,0.6650000000000001,46.53174261735652,45.86135122814894,43.2809074127609,-0.08126746531269902,0.22928495523085413,-0.31055242054355314,35.893854748603346,48.41506120309551,45.44193879690449,0.06335430295430333,-4.191238416175224,22.357075799527586,18.20622986036535,41.13856068743292,11728055.6,-249272349.0
2020-12-16,45.65,45.75,45.5,45.54,10822094.0,48.71,45.28,46.995000000000005,0.6471428571428574,46.43729093951304,45.84874921920193,43.30338594596726,-0.1431552890163914,0.15479690638140503,-0.29795219539779644,37.80663780663778,48.43176439068012,45.243235609319875,0.06807640846245525,-3.4146341463414664,24.38404063669436,21.247240618101664,41.28035320088301,11725335.15,-238450255.0
2020-12-17,46.0,46.0,45.74,45.83,10497890.0,48.71,45.28,46.995000000000005,0.5742857142857142,46.37945370717846,45.84801395570381,43.32852638431584,-0.16687759774131905,0.09046200555686022,-0.2573396032981793,26.072041166380714,48.41967315136007,45.12332684863992,0.07047766915151647,-2.7583280288563605,27.556286227494464,9.514925373134426,46.517412935323414,11855613.2,-227952365.0
2020-12-18,45.74,45.8,45.57,45.75,12230707.0,48.71,45.28,46.995000000000005,0.4749999999999999,46.31950573506623,45.84417027116641,43.35262064914853,-0.18994347953159973,0.03438090853916823,-0.22432438807076796,35.43123543123535,48.403242707139135,45.002757292860856,0.07281085613939746,-3.051493960584861,29.509517520011453,11.503759398496358,39.24812030075188,11963079.5,-240183072.0
2020-12-21,45.24,45.59,45.15,45.38,16399282.0,48.71,45.15,46.93,0.46785714285714264,46.23002899839326,45.8259675154344,43.372793578012725,-0.23536611079713055,-0.01956849532809152,-0.21579761546903903,24.880382775119557,48.36076538382142,44.83923461617858,0.07556932977774343,-2.888936443398238,33.33859198157594,11.068702290076363,46.25954198473286,11938134.3,-256582354.0
2020-12-22,45.41,45.41,45.175,45.23,10515469.0,48.71,45.15,46.93,0.4489285714285712,46.134788141403426,45.802596240319325,43.39127324390315,-0.2802372195003642,-0.07170224016254606,-0.20853497933781812,25.999999999999886,48.33299362910574,44.66500637089427,0.0788831428248235,-2.8982395878059286,36.488180197248546,11.535401750198915,42.00477326968977,11953959.05,-267097823.0
2020-12-23,45.73,45.73,45.555,45.61,7815711.0,48.71,45.15,46.93,0.46285714285714263,46.08480831841263,45.79504344658131,43.413350127048396,-0.28188566968665185,-0.11373892606736723,-0.1681467436192846,32.56880733944948,48.214174751674605,44.5938252483254,0.0780180480852772,-0.8478260869565268,38.798971970383505,15.663580246913597,40.74074074074077,11694459.7,-259282112.0
2020-12-24,45.18,45.235,44.645,44.85,12799387.0,48.71,44.645,46.6775,0.5135714285714279,45.967207526182854,45.7579829192644,43.427645150659856,-0.34059159881053347,-0.15910946061600048,-0.181482138194533,26.877470355731234,48.17758386451737,44.392416135482634,0.08177957716397838,-3.6933648271419317,41.92112171387678,14.047287899860908,49.37413073713494,11908923.8,-272081499.0
2020-12-28,44.9,45.0,44.71,44.92,9131370.0,47.7,44.645,46.1725,0.4885714285714278,45.8674734760702,45.72512084399913,43.442494452643345,-0.3771208413000622,-0.20271173675281284,-0.17440910454724934,30.62098501070666,47.73773913481506,44.462260865184945,0.07105158936290919,-2.665222101841813,43.56052002073146,14.76608187134502,44.37134502923979,11757270.65,-262950129.0
2020-12-29,45.36,45.675,45.3,45.5,16663447.0,47.7,44.645,46.1725,0.514999999999999,45.83247600215876,45.71629257560701,43.462967144656844,-0.3551751385063824,-0.23320441710352677,-0.12197072140285561,39.41176470588236,47.626177198523955,44.42382280147604,0.06957858548718984,0.1761338617349173,43.58987974578857,23.370319001386942,39.25104022191406,11754246.9,-246286682.0
2020-12-30,46.39,46.4612,46.21,46.25,13806474.0,47.32,44.645,45.9825,0.5315142857142848,45.87224019242935,45.73722227852438,43.490698814859265,-0.2741045720611197,-0.24138444809504536,-0.03272012396607435,52.371916508538895,47.41705136784621,44.50994863215378,0.06324807152833081,1.6706968564519586,41.51745935016936,33.20969736064076,31.37934741708333,11724610.1,-232480208.0
2020-12-31,46.82,46.82,46.0542,46.43,13164309.0,47.32,44.645,45.9825,0.5362142857142845,45.92536017410275,45.76439003230774,43.51994559282087,-0.1931050733127151,-0.23172857313857934,0.038623499825864244,48.565573770491795,47.2901425565284,44.56485744347159,0.05933885173494777,1.9543258673693442,40.2460567804464,34.900759291328136,31.104302650859278,11914077.25,-219315899.0
2021-01-04,46.73,46.88,46.17,46.3,18623743.0,47.32,44.645,45.9825,0.5544285714285705,45.96104015752154,45.78539434476626,43.54760782572812,-0.13781367032393632,-0.21294559257565074,0.07513192225171442,51.633986928104555,47.14072412569418,44.63127587430583,0.054688755859921306,1.0255291293912228,38.437439774321945,34.52718371553729,30.082452976037168,12356187.7,-237939642.0
2021-01-05,46.755,47.57,46.73,47.56,30140714.0,47.57,44.645,46.1075,0.5908571428571422,46.11332204728139,45.85498672340288,43.58753212596964,0.007589151622532597,-0.1688386437360141,0.1764277953585467,70.89843749999999,47.24795156417463,44.56104843582537,0.05853245604133053,3.9562841530054627,38.29067145847846,40.73984526112187,19.46324951644102,13376657.7,-207798928.0
2021-01-06,47.48,47.64,46.73,47.01,21916086.0,47.64,44.645,46.1425,0.6387142857142852,46.198719947540305,45.900281361700806,43.62158653267641,0.07754761153361756,-0.11956139268208776,0.19710900421570532,63.57142857142851,47.30336974497475,44.53363025502524,0.06031859686073185,3.591890700749212,38.33558011019827,38.47014090807426,16.774770744799834,13968048.75,-229715014.0
2021-01-07,47.14,47.37,46.85,47.34,18565335.0,47.64,44.645,46.1425,0.6572857142857137,46.3074132858698,45.956740916143914,43.658585671654755,0.15779942358322785,-0.06408922942902465,0.2218886530122525,65.30612244897958,47.45485383356087,44.45814616643913,0.06520748244800496,4.6650453239000855,38.64035850538544,34.8837209302326,16.300804173005883,14391637.3,-211149679.0
2021-01-08,47.68,48.38,47.45,48.32,25334554.0,48.38,44.645,46.5125,0.698714285714285,46.499088211025054,46.0494177429618,43.70496790377759,0.29705312905134207,0.008139242267048697,0.28891388678429336,68.9497716894977,47.906631086407344,44.238368913592666,0.07961934283606659,5.941679456259585,37.1487625913826,40.58474749539982,15.334287466775725,14849630.55,-185815125.0
2021-01-11,47.84,47.9669,47.67,47.67,9597544.0,48.38,44.645,46.5125,0.7265714285714279,46.61060361949886,46.11296998833585,43.7444209594614,0.3509179623491434,0.07669498628346763,0.2742229760656758,63.44537815126049,48.086187799205746,44.16881220079425,0.08492494929080259,6.287625418060205,36.80195216910051,39.028706252457816,13.075108139992132,14681387.95,-195412669.0
2021-01-12,48.24,48.43,48.15,48.29,13110669.0,48.43,44.645,46.5375,0.737999999999999,46.77054613192754,46.19834371428346,43.789650601655815,0.43857937917962175,0.14907186486269847,0.2895075143169233,69.68876860622457,48.41913991975067,44.049860080249324,0.0945025865858038,7.5022261798753265,37.12713480755497,42.906504065040735,8.807588075880737,14658398.05,-182302000.0
2021-01-13,48.18,48.67,48.115,48.43,12447421.0,48.67,44.645,46.6575,0.7608571428571419,46.92858935745825,46.28585964705666,43.83582323248511,0.5134300119763822,0.22194349428543522,0.2914865176909469,71.68021680216802,48.74135311445913,44.02864688554088,0.10159978934824296,6.439560439560443,37.87658207073692,43.87063462260619,8.542996620352964,14718765.2,-169854579.0
2021-01-14,49.17,49.22,48.63,48.65,12323021.0,49.22,44.645,46.932500000000005,0.7815714285714276,47.092533228176514,46.3785710334466,43.8837254888783,0.583772473432802,0.2943092901149086,0.28946318331789345,71.05263157894734,49.064646078931375,44.02135392106862,0.1083576941293589,5.189189189189181,39.607422040397424,44.809906781210096,8.316578322061758,14795261.35,-157531558.0
2021-01-15,48.83,48.91,48.54,48.62,11997771.0,49.22,44.645,46.932500000000005,0.7390714285714276,47.238006254064466,46.46647020860556,43.9308525984417,0.6298382483809064,0.36141508176810816,0.26842316661279825,79.04468412942981,49.33428009809565,44.059719901904344,0.11295287055252592,4.716777945293993,42.51408423673462,47.3866821300861,0.8698173383589787,14854045.2,-169529329.0
2021-01-19,50.72,50.825,50.52,50.71,25097391.0,50.825,44.645,47.735,0.8758571428571423,47.56867232510594,46.63288314160142,43.99830680144228,0.825475670367247,0.45422719948793594,0.37124847087931107,84.01880141010571,50.0932483204384,43.78875167956161,0.13430682433004817,9.52483801295898,45.89498126828939,55.60349045832665,0.7339748817485195,15584020.25,-144431938.0
2021-01-20,51.99,52.32,51.8,52.27,18731667.0,52.32,44.645,48.4825,0.9369285714285712,48.016417817953,46.85394654781313,44.08061220640306,1.0937901671329868,0.5821397930169462,0.5116503741160406,85.66912539515275,51.16175815072706,43.372241849272946,0.1647981953890476,9.903280067283426,51.06004742445067,58.230540519936035,0.6861324998094338,15909068.25,-125700271.0
2021-01-21,52.01,52.065,51.76,51.97,11494745.0,52.32,44.645,48.4825,0.9047000000000003,48.39294945433843,47.05457609495772,44.15911357748363,1.2676116085633211,0.7192341561262212,0.5483774524370999,81.63716814159284,51.9114545341293,43.281545465870714,0.18131394258524436,10.550946607104873,57.734493544627306,54.09764878649597,1.0263860158853173,15663841.4,-137195016.0
2021-01-22,51.34,51.92,51.31,51.71,14328128.0,52.32,44.645,48.4825,0.8971428571428574,48.70885903011572,47.23714173829271,44.23424677571763,1.3686100414951952,0.849109333200016,0.5195007082951791,78.94736842105257,52.45482511081319,43.386174889186805,0.18924364774212257,9.231094212082791,63.29506998072179,51.69665605095545,4.6178343949044445,15854474.35,-151523144.0
2021-01-25,53.02,53.1423,52.41,52.9,18919199.0,53.1423,44.645,48.89365,0.9487357142857142,49.10801531296184,47.459214611300844,44.32047317595925,1.527071947165524,0.9847018559931177,0.5423700911724064,82.41650294695478,53.19385987406277,43.37614012593724,0.20332856473284716,9.47847682119205,68.94043461641756,57.63610218109816,4.366713596289787,16409648.75,-132603945.0
2021-01-26,52.26,52.38,52.06,52.35,13241283.0,53.1423,44.71,48.92615,0.918021428571428,49.41677575934643,47.651010116740025,44.40036896525319,1.5899458396745771,1.1057506527294096,0.4841951869451675,75.29039070749734,53.60970068207479,43.710299317925205,0.20344022532161082,9.817495280050338,71.87619271726953,54.19574706472776,7.236058915524795,16431743.55,-145845228.0
2021-01-27,50.83,51.06,50.4,50.43,21406253.0,53.1423,45.3,49.221149999999994,0.9923071428571423,49.51327330607534,47.75999011216199,44.460365293957146,1.467924577797909,1.1781854377431096,0.2897391400547995,65.7749077490775,53.614683352053255,44.256316647946754,0.19123880831107273,4.431559329053636,72.3132285621843,49.63468972020476,18.64342117575922,17045487.7,-167251481.0
2021-01-28,49.9011,50.59,49.82,50.53,17207447.0,53.1423,46.0542,49.59825,1.0101642857142856,49.61010441978245,47.868617950900735,44.520759669141654,1.363572596808524,1.2152628695561924,0.1483097272523315,65.0329877474081,53.623091689056004,44.75090831094399,0.18037659093077466,4.336155275655584,72.36367209189129,48.757274276461416,22.415024430255297,17072687.7,-150044034.0
2021-01-29,49.69,49.825,49.15,49.36,20255070.0,53.1423,46.0542,49.59825,1.03445,49.58628495123174,47.927103521453645,44.56891131422482,1.1729427245597677,1.2067988405569077,-0.03385611599714,54.81481481481482,53.55764000517016,45.127359994829845,0.17085230805776586,1.4594039054470764,70.64053870921877,40.6385726024181,26.51512535992208,17395117.5,-170299104.0
2021-02-01,50.35,50.74,50.24,50.71,18430538.0,53.1423,46.17,49.65615,1.0865928571428576,49.693305432066815,48.03623671669076,44.63001667428229,1.1179142750821427,1.1890219274619547,-0.07110765237981198,63.21739130434781,53.57924206036616,45.53375793963385,0.1623497244707013,4.2986425339366585,69.06989167823652,44.70329930385276,25.242731210927964,17658428.95,-151868566.0
2021-02-02,51.41,51.505,51.115,51.43,13502583.0,53.1423,46.73,49.93615,1.0890928571428578,49.85870491472712,48.16932547289897,44.69767819991132,1.1194969511314952,1.1751169321958628,-0.05561998106436761,63.53448275862068,53.6092868284996,46.016713171500406,0.15242152966091568,1.4198382961940315,66.48962608837425,46.58070609222614,25.1847868147147,17402370.95,-138365983.0
2021-02-03,51.71,51.78,51.41,51.55,10872234.0,53.1423,46.73,49.93615,1.0758785714285726,50.01978063713406,48.30190094454999,44.765860506379866,1.1175517890490028,1.163603903566491,-0.04605211451748814,63.47150259067356,53.728784930443304,46.2962150695567,0.14861424365681783,-1.3774631719915886,63.820755955973105,47.3851934963451,25.494114444673073,16438946.95,-127493749.0
2021-02-04,51.24,51.37,50.97,51.3,15567331.0,53.1423,46.85,49.99615,1.0608785714285724,50.141706290740345,48.41947345652842,44.83087681974922,1.083349148795783,1.1475529526123494,-0.06420380381656643,61.41257536606373,53.70092149110278,46.753078508897225,0.1383288466801831,-1.289205310756214,60.430768867698205,44.35205321734676,28.817085569238365,16121509.2,-143061080.0
2021-02-05,51.55,51.73,51.34,51.69,11038235.0,53.1423,47.45,50.29615,1.065164285714287,50.28916283447936,48.54772939940966,44.89912680164227,1.0753174602920268,1.1331058541482848,-0.057788393856258,62.82372598162072,53.694863380499726,47.19413661950027,0.12886889078094652,-0.03867723844518389,55.31379185331196,46.58771618060253,28.09761069720959,15745154.2,-132022845.0
2021-02-08,51.5,51.64,51.34,51.52,7220978.0,53.1423,47.67,50.40615,0.9326642857142861,50.40638542167181,48.664289030805364,44.96500613694931,1.0432092432558377,1.1151265319697954,-0.07191728871395764,54.02985074626867,53.727059510204356,47.48194048979563,0.12341034928531501,-2.608695652173909,49.009429948115574,38.540126978778076,32.08932934067524,14839475.4,-139243823.0
2021-02-09,51.75,52.3,51.73,52.2,11734826.0,53.1423,48.115,50.62865,0.8733785714285714,50.57720585770306,48.802944362930646,45.036996125636385,1.0604098225778458,1.1041831900914054,-0.04377336751355965,49.61832061068702,53.7045666449883,47.95743335501171,0.11306354960509508,-0.2865329512893977,42.03915843096555,34.32728402836268,34.267581559297554,14946339.5,-127508997.0
2021-02-10,53.08,53.18,52.37,52.71,12609304.0,53.18,48.115,50.6475,0.9069499999999994,50.78032910935039,48.95616223105101,45.11334442289374,1.1024853781996171,1.103843627713048,-0.001358249513430776,53.94456289978679,53.77885359459354,48.32514640540647,0.10682651393064073,4.521118381915534,35.88011854817405,39.98724138202608,32.68411394548443,14921271.25,-114899693.0
2021-02-11,53.43,53.805,53.35,53.63,21151892.0,53.805,48.54,51.1725,0.9380214285714281,51.051726337031305,49.13944998669607,45.19808726445699,1.196276934561979,1.1223302890828342,0.07394664547914487,59.56175298804783,53.97713236563371,48.64686763436629,0.10387949663368062,6.134969325153383,31.429834058456642,43.42194436618107,28.174805631915177,15356494.8,-93747801.0
2021-02-12,53.4,53.755,53.225,53.58,10001799.0,53.805,48.54,51.1725,0.8735714285714283,51.292514304933086,49.31358920290407,45.28148938122856,1.2521389580987332,1.148292022886014,0.10384693521271915,53.82022471910113,54.095852743983684,49.02114725601632,0.09842616616013584,8.54943273905997,25.856430369712733,36.631234668847085,31.27555192150447,15240433.7,-103749600.0
2021-02-16,53.88,53.97,53.56,53.61,9689118.0,53.97,49.15,51.56,0.8428571428571426,51.51322722827279,49.4820759008294,45.36436013365415,1.284029273313017,1.1754394729714148,0.10858980034160215,57.51789976133651,54.09802964817214,49.51797035182788,0.08840447993252508,5.71879313744823,21.46290906005422,39.78813559322029,29.449152542372897,15125001.05,-94060482.0
2021-02-17,54.32,54.525,54.07,54.47,13314207.0,54.525,49.15,51.8375,0.768928571428571,51.79482463510395,49.67768076746354,45.45496351540884,1.3629857393833191,1.2129487262537957,0.15003701312952344,77.59562841530054,54.512634343937705,49.4793656560623,0.09680107484951546,5.910946918141158,21.69363767774132,48.76915931258705,16.86019507663724,14535841.85,-80746275.0
2021-02-18,53.06,53.3,52.62,53.3,17581348.0,54.525,49.15,51.8375,0.846071428571428,51.938174669855954,49.81973250207282,45.53302357993214,1.3159802841462778,1.2335550378322921,0.08242524631398562,66.50774731823597,54.62906113519922,49.465938864800776,0.09920019732741144,3.3947623666343407,21.358866240381552,44.322498944702375,22.66779231743355,14478325.9,-98327623.0
2021-02-19,53.73,53.88,53.495,53.61,8680924.0,54.525,49.15,51.8375,0.7889285714285711,52.09739612986967,49.968370443168006,45.613391504509934,1.288885066691087,1.2446210436040512,0.0442640230870357,78.22045152722443,54.80323560871256,49.455764391287424,0.10258052000163322,4.502923976608186,23.330164436848897,52.784065187867824,18.243549117247635,14337634.85,-89646699.0
2021-02-22,52.07,52.185,51.63,51.64,20300176.0,54.525,49.15,51.8375,0.8317857142857135,52.05383459369161,50.03392454343593,45.6733577581964,1.095817473907779,1.2148603296647968,-0.11904285575701778,55.70552147239264,54.80222986976528,49.44977013023472,0.10268310899609713,-0.09673050880246725,22.183434987381748,42.206955775010776,33.31902103907255,14636237.25,-109946875.0
2021-02-23,51.28,52.14,50.67,51.81,17886224.0,54.525,49.15,51.8375,0.879999999999999,52.030612251435265,50.1035745613404,45.73441887503027,0.9456269955287411,1.1610136628375858,-0.2153866673088447,52.50000000000001,54.725666734149506,49.41733326585048,0.10194316407821988,0.5628881987577605,20.60211611172196,33.685064935064965,39.2857142857143,14584588.5,-92060651.0
2021-02-24,50.32,50.77,49.87,50.69,25505709.0,54.525,49.15,51.8375,0.9921428571428562,51.90293489415571,50.12657163736627,45.78372813995534,0.7278352874479737,1.0743779877596633,-0.34654270031168966,45.00000000000001,54.70898970050622,49.26801029949378,0.10465736462895528,-2.892720306513419,19.78156022124221,27.897768178545746,40.604751619870456,15197809.8,-117566360.0
2021-02-25,50.83,51.04,49.88,49.92,18316947.0,54.525,49.15,51.8375,1.0335714285714275,51.71408395185517,50.1184707888421,45.824885073886136,0.48748183767018816,0.9569987577417683,-0.4695169200715802,42.434210526315816,54.75365432810684,49.17234567189316,0.10740928461046666,-5.2931132612407445,19.071408431372408,28.645473393227366,35.93642017968215,15043344.5,-135883307.0
2021-02-26,49.16,49.44,48.67,49.07,22178803.0,54.525,48.67,51.5975,1.092142857142856,51.46226643263087,50.07735428731888,45.85717477464349,0.22580911391072078,0.8107608289755589,-0.5849517150648381,36.32567849686849,54.90579002480579,48.87420997519421,0.11623781170960834,-8.502703710609739,19.142163339347096,24.754741661216485,41.92282537606285,15291912.3,-158062110.0
2021-03-01,49.9,50.44,49.75,50.37,14927577.0,54.525,48.67,51.5975,1.1649999999999991,51.3582410580946,50.08883058977697,45.90207850822913,0.12192525211728622,0.6729937136039044,-0.5510684614866181,44.63118580765637,54.808093709758154,49.072906290241846,0.11041840990202843,-5.9910414333706585,19.526599924947675,29.337829552421823,39.30104230533421,15025537.65,-143134533.0
2021-03-02,49.8,49.86,49.37,49.4,14809996.0,54.525,48.67,51.5975,1.1807142857142854,51.171741909704636,50.06181762547199,45.93688369720198,-0.038233616833323936,0.5307482475164588,-0.5689818643497827,37.272727272727266,54.91556435205395,48.83443564794605,0.11722657742858597,-7.8530124976683435,21.264378854412907,24.954627949183312,41.076830006049654,14844510.55,-157944529.0
2021-03-03,50.37,50.5,49.69,49.78,18773028.0,54.525,48.67,51.5975,1.1892857142857143,51.03919506116134,50.050765953884856,45.9751236604139,-0.13296511111845888,0.39800557578947526,-0.5309706869079341,36.52253909843608,54.97034352568182,48.614656474318174,0.1227144287563575,-8.610244171103353,22.490349412047717,23.33333333333332,40.780780780780816,15108032.8,-139171501.0
2021-03-04,49.14,49.29,48.145,48.35,27292496.0,54.525,48.145,51.335,1.2278571428571428,50.78308124581264,49.98406924981094,45.99875427075804,-0.31974374497583824,0.25445571163641256,-0.5741994566122508,26.80140597539544,55.16427382002625,48.10072617997376,0.1368042926461529,-9.287054409005624,24.095564608344414,18.964514252472355,48.48749272833043,15929045.9,-166463997.0
2021-03-05,49.05,49.19,47.95,48.85,21489102.0,54.525,47.95,51.2375,1.278571428571428,50.59897827002096,49.93959594589679,46.02712487502911,-0.422550438226196,0.11905448166389085,-0.5416049198900869,30.008453085376175,55.25391857761658,47.76608142238343,0.14536666968031742,-8.87894049617608,26.682670731811932,18.21229050279329,46.95530726256985,16225134.45,-144974895.0
2021-03-08,47.64,47.74,47.1,47.13,24025783.0,54.525,47.1,50.8125,1.3742857142857139,50.26859938716182,49.82941571272437,46.038098756869616,-0.6354895803656362,-0.03185433074201455,-0.6036352496236217,26.035502958579897,55.504563950471564,47.05943604952844,0.16468015874854958,-8.73353989155693,29.222322470347162,15.826403326403337,48.10291060291063,16874511.85,-169000678.0
2021-03-09,47.775,48.51,47.695,48.15,22518632.0,54.525,47.1,50.8125,1.4074999999999993,50.06682801695593,49.76355627300969,46.05911269958733,-0.7137126737185753,-0.1682259993373267,-0.5454866743812485,26.900584795321635,55.55914020610501,46.66785979389499,0.17395170380056194,-7.064273306311531,29.17107671623784,16.544024359299666,46.967774676478086,17639394.55,-146482046.0
2021-03-10,48.38,48.47,47.63,47.77,15503370.0,54.525,47.1,50.8125,1.3353571428571418,49.84808249153156,49.685377595636766,46.0761364538203,-0.7971784856193906,-0.2940164965937395,-0.5031619890256511,28.549262994569446,55.546254872810934,46.23774512718907,0.1829071316832088,-5.760505030578011,29.82067992521413,17.437817598288316,42.09681733083714,17827821.75,-161985416.0
2021-03-11,49.12,49.52,48.77,49.49,28000819.0,54.525,47.1,50.8125,1.41892857142857,49.81397939709998,49.677715729141205,46.110105245324576,-0.7162792956770758,-0.3784690564104068,-0.33781023926666903,35.5944055944056,55.34304327363979,46.11895672636021,0.18182347178805036,-0.8613782051282048,28.89639097709054,18.776743015353638,39.617417568587996,18597397.5,-133984597.0
2021-03-12,47.96,48.17,47.66,48.1,26286329.0,54.525,47.1,50.8125,1.408214285714285,49.65074326404284,49.61584452407685,46.129905193132295,-0.7556172033213855,-0.45389868579260256,-0.3017185175287829,37.09912536443148,54.99729985541367,45.911700144586334,0.18007511145343502,-1.9767678826166701,30.285283142286676,18.919604362160783,36.08927212782152,18854119.35,-160270926.0
2021-03-15,47.67,48.075,47.52,48.01,11334771.0,54.525,47.1,50.8125,1.3446428571428564,49.494482000800666,49.552870229015014,46.1486126041459,-0.7850059662527329,-0.5201201418846286,-0.26488582436810426,36.07038123167153,54.59322656497783,45.75877343502217,0.17606929866780258,-4.685328568592418,31.56462887457125,19.814077025232397,33.43957503320056,18920767.95,-171605697.0
2021-03-16,48.26,48.645,48.2,48.44,19448635.0,54.525,47.1,50.8125,1.2514285714285707,49.394055143581554,49.50922825924972,46.17141247873152,-0.7647834190764016,-0.5690527973229833,-0.19573062175341827,41.312741312741295,54.08671991946594,45.748280080534066,0.1670444200717559,-1.9433198380566785,31.1110891359179,24.54337899543379,31.364155251141558,19408743.8,-152157062.0
2021-03-17,47.92,48.635,47.78,48.41,18425744.0,53.88,47.1,50.49,1.2296428571428564,49.3003356060976,49.466121268690905,46.19368698143071,-0.7426172249174385,-0.6037656828418744,-0.13885154207556416,43.81654381654379,53.23541860982489,45.99358139017511,0.14596211227866412,-2.7521092808356906,31.65857404748552,23.409817020040684,34.359570142317764,19664320.65,-170582806.0
2021-03-18,48.29,48.465,47.98,47.98,19675616.0,53.88,47.1,50.49,1.1749999999999996,49.17458935789782,49.40784200325205,46.211461240321945,-0.7510896685260278,-0.6332304799787051,-0.11785918854732269,45.37743850720948,52.59134004831809,46.105659951681915,0.1314260838046987,-0.7652533609100454,30.371403852388518,24.498480243161108,28.601823708206688,19769034.05,-190258422.0
2021-03-19,47.48,48.02,47.44,47.99,14442846.0,52.185,47.1,49.6425,1.1185714285714288,49.061771323812316,49.3522403560657,46.22915814340332,-0.7483704757005469,-0.6562584791230734,-0.09211199657747349,38.666666666666686,51.66535235187317,46.46964764812684,0.10588892247916298,-1.7604912998976485,31.246544062147514,19.34865900383142,33.49297573435502,20057130.15,-175815576.0
2021-03-22,47.92,48.09,47.69,47.92,14117811.0,52.14,47.1,49.620000000000005,1.0757142857142863,48.95303119773495,49.296074067592535,46.245982440483886,-0.7432956610857104,-0.6736659155156008,-0.06962974557010959,42.291666666666686,51.22397080530612,46.53902919469389,0.09584283646394295,1.676214725228098,31.08536593486769,20.584329349269588,32.3041168658698,19748011.9,-189933387.0
2021-03-23,47.01,47.23,46.8,46.84,18525035.0,51.04,46.8,48.92,1.077142857142858,48.751790131284004,49.19975743749087,46.25189306296664,-0.817002907058864,-0.7023333138242536,-0.11466959323461046,35.72815533980584,50.70642178409593,46.55957821590406,0.08526810125206896,-2.7206645898234627,32.006540287489905,16.312997347480096,38.16312997347474,19779952.45,-208458422.0
2021-03-24,46.02,46.03,45.09,45.11,37134387.0,51.04,45.09,48.065,1.0853571428571438,48.40495297592362,49.039374792883386,46.24053094293712,-1.0034458729118043,-0.7625558256417637,-0.2408900472700406,34.716981132075475,50.740103628584045,45.967896371415954,0.09869312274409751,-5.568348335775597,31.829391496472688,16.18953603158933,38.960184271141756,20361386.35,-245592809.0
2021-03-25,45.13,45.5495,45.09,45.34,20548951.0,50.5,45.09,47.795,1.029607142857144,48.11305269250232,48.89430127159384,46.231570436042226,-1.1197365627064215,-0.8339919730546953,-0.2857445896517262,33.01064859632142,50.74585160929046,45.50414839070954,0.10891850843804517,-8.385532430794097,31.528230200831242,17.066148669742258,39.71695168059931,20472986.55,-225043858.0
2021-03-26,45.88,46.74,45.69,46.67,39379246.0,50.5,45.09,47.795,1.0046071428571441,47.9756191027402,48.807073770747024,46.235932919265686,-1.0919901052781995,-0.8855915994993961,-0.20639850577880337,47.686116700201204,50.66317903638922,45.34682096361079,0.11074592381581976,-2.972972972972976,28.947872278901183,25.95541967364639,34.66173699740472,21333008.7,-185664612.0
2021-03-29,46.21,46.55,46.15,46.42,20908968.0,50.5,45.09,47.795,0.9431785714285732,47.82746490247923,48.7134630346393,46.23776443250683,-1.077750116064884,-0.9240233028124938,-0.15372681325239013,40.56706652126502,50.30810939941568,45.30689060058433,0.10461159439065722,-3.3118100395750805,27.363209132604286,21.814532924381837,36.919232079972616,21632078.25,-206573580.0
2021-03-30,46.33,46.7,46.14,46.61,15553072.0,50.5,45.09,47.795,0.9231785714285736,47.71151586414787,48.630974288182856,46.2414682689993,-1.0391546815978714,-0.9470495785695694,-0.092105103028302,43.541202672605785,50.10502666119865,45.230973338801334,0.10225000676339088,-3.7778695293146147,26.025828412152958,23.44771557893925,37.216139889357294,21669232.05,-191020508.0
2021-03-31,46.25,46.81,46.25,46.66,18459805.0,49.52,45.09,47.30500000000001,0.8381785714285738,47.611371496133785,48.55368117884235,46.245632763835125,-0.9930852707579305,-0.9562567170072417,-0.03682855375068883,30.642954856361143,49.77285777853477,45.25114222146523,0.09516996878829645,-3.6149555876884953,26.29158073323484,17.814989986791087,40.99024244748376,21653570.9,-172560703.0
2021-04-01,47.7,47.79,47.33,47.45,19981509.0,49.52,45.09,47.30500000000001,0.7881785714285735,47.59600278221628,48.51039956398579,46.25761651742881,-0.8826538489231268,-0.9415361433904188,0.058882294467291985,45.15648286140092,49.693189569651295,45.2408104303487,0.0937994636126697,-1.1046269278866094,24.726234173264583,27.826362771308123,33.53119760750354,21288021.55,-152579194.0
2021-04-05,47.82,47.82,47.385,47.49,10611278.0,49.52,45.09,47.30500000000001,0.777821428571431,47.58590727914807,48.47038389480988,46.26987903964345,-0.7828838876688167,-0.9098056922460984,0.12692180457728175,46.09609609609613,49.52829343359244,45.269706566407564,0.08984550026761903,-1.0418837257762048,23.391437498452948,28.472381652050082,32.69204279351655,20744130.35,-141967916.0
2021-04-06,47.43,47.97,47.21,47.58,20383288.0,49.52,45.09,47.30500000000001,0.786750000000002,47.58534468113397,48.43546687932714,46.28291506909974,-0.6886152982226363,-0.8655676134414061,0.17695231521876975,43.19620253164559,49.54833382173768,45.294666178262325,0.08969913738442169,-0.7095158597662854,23.893167611622637,22.974261201143918,33.909846111943196,20562005.6,-121584628.0
2021-04-07,46.39,46.57,46.17,46.5,27398981.0,49.52,45.09,47.30500000000001,0.826392857142859,47.48197852102597,48.35956621739274,46.28507511816342,-0.6930645196169678,-0.8310669946765185,0.13800247505955066,37.042062415196774,49.47483855097089,45.20316144902911,0.09023589644778673,-0.7258753202391222,24.431986484365726,21.872163879165026,37.64207614849371,20806023.05,-148983609.0
2021-04-08,47.28,47.39,47.1,47.11,20173216.0,49.52,45.09,47.30500000000001,0.85532142857143,47.44655199521397,48.310563620632244,46.29328332594289,-0.6399912370100509,-0.792851843143225,0.1528606061331741,44.23841059602651,49.43418083917565,45.17781916082434,0.08997509149687802,4.433606739082241,24.811172920163123,27.98029145267024,36.36895068687613,21039515.35,-128810393.0
2021-04-09,46.51,46.56,46.35,46.53,24017197.0,48.645,45.09,46.86750000000001,0.8681785714285724,47.35926132900312,48.24073759629373,46.295638715734505,-0.6373840641754569,-0.7617582873496714,0.12437422317421454,41.00985221674876,49.04466902238404,45.27133097761596,0.08001480225556812,2.624614027348904,23.995168788041095,27.565922086470035,37.558106051256615,20840334.25,-152827590.0
2021-04-12,46.36,46.56,46.16,46.47,16844683.0,48.645,45.09,46.86750000000001,0.8681785714285724,47.274569773859966,48.17129690624299,46.2973736538864,-0.6328640961235621,-0.7359794491044496,0.10311535298088748,41.060419235511695,48.93240692825345,45.22059307174654,0.07884642776134393,-0.428540818512968,23.72305272223832,26.990003702332473,39.12131309391575,20368251.95,-169672273.0
2021-04-13,46.28,46.6107,46.21,46.44,19135294.0,48.645,45.09,46.86750000000001,0.8168000000000006,47.195086938254256,48.10340290991974,46.29879282150942,-0.6245038465544326,-0.7136843285944462,0.08918048204001361,47.16713881019826,48.82016297151491,45.175837028485084,0.07754214951763537,0.04308487720809939,21.38792759010307,29.13110395970337,33.79914649503281,20758278.1,-188807567.0
2021-04-14,46.93,47.02,46.53,46.59,17805159.0,48.635,45.09,46.8625,0.7332285714285725,47.13745961080147,48.044053776197394,46.301690405375005,-0.5988711285552029,-0.6907216885865975,0.09185056003139469,63.503649635036524,48.603008700860386,45.20799129913962,0.07237994268733441,-0.04290924694271281,20.359685479376026,36.4386470794529,20.993258777227897,20676104.3,-171002408.0
2021-04-15,46.64,46.86,46.56,46.65,16239733.0,48.465,45.09,46.7775,0.7218357142857152,47.09103488596323,47.98938500066024,46.3051561724857,-0.5671774477460616,-0.6660128404184904,0.0988353926724288,62.33521657250467,48.36221424712987,45.272785752870135,0.06598875408254894,-0.021431633090440716,19.431353372583317,37.013764509138404,21.324598988689534,20566803.75,-154762675.0
2021-04-16,47.07,47.07,46.81,46.91,16294583.0,48.09,45.09,46.59,0.6518357142857154,47.07379346825245,47.94705617710494,46.311174519028135,-0.5151419149440741,-0.6358386553236072,0.12069674037953304,52.830188679245225,48.21016225340748,45.31783774659251,0.061849382148981544,-1.1380400421496462,19.28467218718,30.244255235214833,23.614626823147784,20397752.1,-138468092.0
2021-04-19,46.85,46.975,46.67,46.9,13209916.0,48.09,45.09,46.59,0.6364785714285723,47.05724170937126,47.90599515055181,46.31703347903781,-0.4693004927779114,-0.602531022814468,0.1332305300365566,55.99999999999997,48.03853566148404,45.38046433851597,0.05690643922474163,-1.2423668140661315,18.10478505324514,30.973997553503107,25.75555231351071,20336105.6,-151678008.0
2021-04-20,46.98,47.17,46.61,46.77,11086909.0,47.97,45.09,46.53,0.6364785714285723,47.02988535609781,47.86144632111841,46.321540608599626,-0.43840706523715056,-0.5697062312990046,0.131299166061854,52.03045685279193,47.85395630011699,45.45004369988301,0.05152860756739218,-1.7023959646910392,17.19790958065321,31.479008383179725,25.75555231351071,20184560.5,-162764917.0
2021-04-21,46.36,46.84,46.19,46.83,16469841.0,47.97,45.09,46.53,0.642907142857144,47.010848655517066,47.820997445780435,46.326599906026495,-0.4044203961925419,-0.5366490642777121,0.1322286680851702,52.151898734177244,47.85313528928021,45.44986471071979,0.051515397759137944,0.7096774193548372,14.40930230204877,29.942115613230037,30.164320552845876,20081800.8,-146295076.0
2021-04-22,46.83,47.12,46.71,46.97,23509272.0,47.97,45.09,46.53,0.5914785714285722,47.006958307372585,47.787624996926304,46.33300189701131,-0.362015793423204,-0.5017224101068105,0.1397066166836065,42.72727272727263,47.708143852108705,45.7808561478913,0.041230256056165024,-0.2971768202080227,14.837083423636928,24.092166121221574,32.78708321760237,19400545.05,-122785804.0
2021-04-23,47.42,47.7,47.35,47.59,14122470.0,47.97,45.69,46.83,0.6125500000000008,47.062486087622815,47.779874997046846,46.34550934082214,-0.27520858847943686,-0.4564196457813358,0.18121105730189896,51.28865979381445,47.63836452846204,46.07563547153796,0.03335102667529044,2.2781001504405873,14.57515897350427,29.67687768928482,31.659223153795025,19079221.0,-108663334.0
2021-04-26,46.71,46.9,46.61,46.87,19239101.0,47.97,46.14,47.055,0.6282642857142869,47.04415407927779,47.74419362461364,46.35072815335128,-0.26149686280008666,-0.417435089185086,0.15593822638499932,42.12860310421285,47.64339111143655,46.09060888856346,0.03313167522719805,0.8607703894985885,14.103280550203761,28.934593039780765,37.290948986436575,18072213.75,-127902435.0
2021-04-27,46.9,47.14,46.9,47.06,14398266.0,47.97,46.14,47.055,0.546835714285716,47.045663214584664,47.71736250207977,46.357785584661215,-0.23261734139546775,-0.38047153962716235,0.1478541982316946,57.73480662983428,47.65016470968465,46.147835290315335,0.0320332932337431,1.3350559862187916,12.985284733051055,36.37812348968736,29.25924474574503,17746678.65,-113504169.0
2021-04-28,47.19,47.54,47.09,47.28,11296183.0,47.97,46.16,47.065,0.5175500000000015,47.06798100367184,47.70021103140998,46.366961847500406,-0.189790168313273,-0.3423352653643845,0.15254509705111152,52.63157894736845,47.68913729753633,46.17586270246367,0.03224363916417533,1.481004507405026,12.248020290941072,32.64004858053735,30.91488745048791,17533834.2,-102207986.0
2021-04-29,47.46,47.47,46.845,47.24,19172264.0,47.97,46.16,47.065,0.5079071428571444,47.084363765226904,47.682163539982135,46.37564879429145,-0.15726414759858187,-0.305321041811224,0.14805689421264212,63.197026022304826,47.71862127932194,46.204378720678065,0.03224433969621652,1.2647374062165095,12.249630284300801,33.2597353284486,24.39984811621933,17569457.15,-121380250.0
2021-04-30,46.38,46.5,46.135,46.28,27070209.0,47.97,46.135,47.052499999999995,0.5582642857142872,47.00775769234815,47.62717673449264,46.37469706499502,-0.206569810598765,-0.2855707955687322,0.07900098496996721,47.35376044568249,47.681692561468374,46.12430743853164,0.0332043818718789,-1.342997228735865,11.108996692801849,30.259605665519345,28.852182146192963,17923892.15,-148450459.0
2021-05-03,46.06,46.32,45.915,46.03,10627478.0,47.97,45.915,46.942499999999995,0.5585714285714302,46.91463791212452,47.564542352747836,46.371267243452785,-0.26278855157499237,-0.28101434676998427,0.0182257951949919,44.61942257217853,47.64965332852995,46.010346671470046,0.03500548061199882,-1.8550106609808048,10.818824733056791,29.594629156010182,31.649616368286466,17924702.15,-159077937.0
2021-05-04,45.89,46.01,45.355,45.57,20673270.0,47.7,45.355,46.5275,0.5653571428571443,46.78657715858885,47.48632500558126,46.36329443506022,-0.3405349890740297,-0.29291847523079334,-0.04761651384323634,37.62135922330092,47.64880122205116,45.81019877794884,0.03934564769797068,-2.565747273893526,10.531760494562166,24.068224889450363,38.344914718888226,17939201.25,-179751207.0
2021-05-05,45.86,46.0,45.72,45.8,6916417.0,47.7,45.355,46.5275,0.5746428571428588,46.69261742919944,47.420194613205524,46.35768951530838,-0.3792191211422349,-0.31017860441308165,-0.06904051672915323,40.09324009324007,47.69986403463017,45.68913596536983,0.04306134703788109,-2.1994448003416656,10.244696256067538,23.679303915475398,37.72529521441892,16915073.05,-172834790.0
2021-05-06,45.78,45.98,45.63,45.93,13464968.0,47.7,45.355,46.5275,0.5696428571428582,46.61998719784711,47.361755608766096,46.35343389824064,-0.39483524602596276,-0.32710993273565786,-0.0677253132903049,38.221153846153896,47.676076257364585,45.594923742635416,0.04462592906110514,-2.2141792633595947,11.484610000149658,21.253918495297768,39.184952978056444,16579660.65,-159369822.0
2021-05-07,45.98,46.27,45.935,46.05,17933837.0,47.7,45.355,46.5275,0.5721428571428585,46.56570270281405,47.3103142123439,46.35041465547208,-0.3929979051681869,-0.3402875272221637,-0.05271037794602318,40.046838407494135,47.68397426666284,45.53902573333716,0.04601758221309494,-3.2359739441059188,12.264746520842268,24.781523096129863,37.265917602996254,16275492.65,-141435985.0
2021-05-10,45.4,45.43,44.7,44.74,28302710.0,47.7,44.7,46.2,0.6285714285714293,46.391826254927,47.20951757656571,46.33439062904947,-0.4915812089956475,-0.3705462635768605,-0.12103494541878701,31.376146788990823,47.88582792137771,45.164172078622286,0.05849878221935357,-4.5444847450394565,14.438504543185976,20.340909090909136,47.95454545454547,16848394.0,-169738695.0
2021-05-11,43.98,44.82,43.92,44.73,17486208.0,47.7,43.92,45.81,0.6464285714285717,46.23355708779109,47.11228159317098,46.31842654318829,-0.5640144959374425,-0.4092399100489769,-0.15477458588846554,30.555555555555586,48.01996595395188,44.85903404604812,0.06806558873165643,-4.95112622184446,17.540602565877,19.77900552486194,50.607734806629864,16765939.7,-187224903.0
2021-05-12,44.63,44.6997,44.105,44.18,17073740.0,47.7,43.92,45.81,0.6617857142857149,46.037980222287175,46.997290158144665,46.29714866713667,-0.6582113504253115,-0.4590341981242439,-0.19917715230106764,25.989672977624835,48.191638442642876,44.44636155735713,0.08085832779821989,-6.556683587140444,20.049451482118183,16.297895304911073,49.433351322180265,16729368.75,-204298643.0
2021-05-13,44.15,44.29,43.41,43.55,24902934.0,47.7,43.41,45.555,0.6725000000000004,45.801029724926494,46.86210230880566,46.269813854528344,-0.7747677310021288,-0.5221809046998209,-0.2525868263023079,15.292096219931267,48.39933725231798,43.928662747682026,0.09684330873918966,-7.81117696867063,24.820325402809946,9.877854487519981,56.02761550716943,17162528.8,-229201577.0
2021-05-14,43.9,44.32,43.75,44.21,19724298.0,47.7,43.41,45.555,0.6575000000000004,45.6495030844573,46.758098296695636,46.249318194284285,-0.8046079980523189,-0.5786663233703205,-0.22594167468199833,26.90972222222227,48.39683623189482,43.661163768105176,0.10288453939450436,-4.472774416594638,28.56611961180322,10.429114611624197,49.266702878870184,17334014.55,-209477279.0
2021-05-17,44.42,44.64,44.32,44.64,16472650.0,47.7,43.41,45.555,0.6689285714285715,45.55335993355661,46.67503561839385,46.23330507792325,-0.7845158084414692,-0.6198362203845503,-0.16467958805691885,29.83333333333333,48.324182542482134,43.50781745751786,0.10489513644403423,-3.019769715402998,32.269320455757686,11.10517885744801,48.42498665242928,17497151.25,-193004629.0
2021-05-18,44.95,45.24,44.85,45.0,18898245.0,47.7,43.41,45.555,0.6775000000000004,45.5006589875036,46.60934794708429,46.22103338560561,-0.731115764633067,-0.6420921292342537,-0.0890236353988133,31.433224755700323,48.23363142223642,43.42136857776358,0.10500819037636443,-1.2508229098090906,36.150880186549614,13.073273589878841,47.81233526620981,17887718.05,-174106384.0
2021-05-19,44.5,45.215,44.43,45.13,20449219.0,47.7,43.41,45.555,0.6889285714285721,45.46535813155087,46.55133430210059,46.210177332017494,-0.6705759495167101,-0.6477888932907451,-0.022787056225964997,33.065810593900494,48.11944961530632,43.36555038469368,0.10392740297562761,-1.4628820960698619,39.21898547744647,12.85640228097468,48.833592534992185,18086686.95,-153657165.0
2021-05-20,45.3099,45.68,45.29,45.58,19089394.0,47.7,43.41,45.555,0.6492857142857146,45.4762764047365,46.51324276084175,46.20390691080339,-0.5796051433769236,-0.6341521433079809,0.05454699993105727,43.88111888111885,47.97905701303956,43.366942986960446,0.10098119296037292,-0.7620291748312691,41.922336756608445,18.756875687568808,44.00440044004398,17865693.05,-134567771.0
2021-05-21,45.63,45.63,45.1027,45.14,15642231.0,47.54,43.41,45.474999999999994,0.658021428571429,45.44425008047588,46.45939010355384,46.19332077238744,-0.536826248043738,-0.6146869642551324,0.07786071621139434,42.47038917089677,47.681429868691936,43.41957013130806,0.09356340188107425,-1.9761129207383155,44.53147219140106,18.507864485524834,43.06524972048239,17941681.1,-150210002.0
2021-05-24,45.14,45.23,44.97,45.08,12100872.0,47.54,43.41,45.474999999999994,0.6283785714285715,45.40955959662104,46.40529637400271,46.18224295375672,-0.5019786662522776,-0.5921453046545615,0.0901666384022839,45.55353901996368,47.50726386116106,43.41473613883894,0.09002282664970232,0.7599463567277587,45.396558387127946,19.38094642674463,40.23961897400337,17584769.65,-162310874.0
2021-05-25,46.1,46.24,45.98,46.15,20917154.0,47.54,43.41,45.474999999999994,0.6805214285714288,45.48007773027618,46.3952847514928,46.18192212834621,-0.3835997498486847,-0.5504361936933861,0.16683644384470142,52.75590551181104,47.349445789263356,43.48155421073665,0.08516677298558221,3.1746031746031855,44.70476942385089,28.497055829038754,37.156382185928834,17910714.05,-141393720.0
2021-05-26,46.43,46.48,46.335,46.43,13140186.0,47.47,43.41,45.44,0.6790928571428577,45.57054651786893,46.3966461337872,46.184390564880076,-0.26414504611540224,-0.4931779641777894,0.22903291806238718,53.846153846153854,47.166697739020506,43.57930226097949,0.07906454230579898,5.092802172928934,43.13764709842251,31.081379571487204,36.28790508346218,18002914.2,-128253534.0
2021-05-27,46.31,46.44,46.08,46.4,14877233.0,46.5,43.41,44.955,0.6805214285714288,45.6495420875957,46.39677765795241,46.18653593239371,-0.16993814095553006,-0.4285299995333376,0.25859185857780753,52.73010920436818,46.973602556285165,43.68839744371483,0.0724714899863303,6.544202066590121,42.866633260291685,27.972248171045294,38.88824745730693,17788162.65,-143130767.0
2021-05-28,46.08,46.345,46.08,46.24,13714180.0,46.48,43.41,44.94499999999999,0.6069500000000007,45.70577617449135,46.3906295145033,46.18706791316591,-0.10695622789915404,-0.3642152452065009,0.25725901730734685,64.25855513307982,46.96682782978547,43.691172170214514,0.07226401772752451,4.591721330015841,40.24983726326444,31.36290351052683,29.06805691219568,17120361.2,-156844947.0
2021-06-01,47.57,47.59,47.23,47.45,24185960.0,47.59,43.41,45.5,0.639092857142858,45.8718927293017,46.43217345511102,46.19963440159212,0.04013166669372481,-0.28334586282645574,0.32347752952018055,71.05263157894741,47.272133598476955,43.52786640152304,0.08247284574788356,6.294802867383509,39.95296576741334,43.70033417902605,18.88837973466859,17798285.3,-132658987.0
2021-06-02,47.36,47.36,47.12,47.26,13856717.0,47.59,43.41,45.5,0.6180214285714298,46.004093421749154,46.4646372411851,46.21018530306882,0.13975743406199825,-0.19872520344876496,0.33848263751076324,75.24590163934421,47.53317582394069,43.435824176059306,0.090082371970262,5.022222222222217,38.991694732035015,45.190296221813796,20.803716930758302,17457457.65,-146515704.0
2021-06-03,46.54,46.5925,46.28,46.32,20710043.0,47.59,43.41,45.5,0.6251642857142866,46.03417976253495,46.45896519251118,46.211277986620374,0.14123337790823598,-0.13073348717736477,0.27196686508560075,71.606864274571,47.58901642436041,43.43198357563959,0.09134228032477817,2.6368269443828973,36.38718650852172,44.6739714132285,22.222730025250478,18147138.95,-167225747.0
2021-06-04,46.71,46.82,46.66,46.8,9954977.0,47.59,43.41,45.5,0.605878571428572,46.1071150232459,46.47233910653035,46.217135917101764,0.17907084527598727,-0.06877262068669436,0.24784346596268164,70.78651685393257,47.70464641445781,43.40335358554218,0.09442184723439512,2.676612549363755,34.29217885929278,48.424366032797685,22.93010150548788,17971639.4,-157270770.0
2021-06-07,46.34,46.35,46.06,46.3,11943938.0,47.59,43.41,45.5,0.6280214285714288,46.125485021032006,46.46558071019582,46.217960435339556,0.16678885138717447,-0.021660326271920594,0.18844917765909508,63.17460317460315,47.73213859550389,43.400861404496105,0.09505398024881845,2.569782897651751,31.215780273855675,43.077465509593615,28.94578210479617,17672144.45,-169214708.0
2021-06-08,46.205,46.29,45.945,46.08,11244482.0,47.59,43.41,45.5,0.6105214285714285,46.12115311426705,46.45045989803128,46.216587694689416,0.1377156214014974,0.010214863262763003,0.1275007581387344,58.76623376623376,47.77424532028829,43.49275467971171,0.0938234113223088,2.2182786157941337,27.784685421518557,37.29247832648907,31.1209387759877,16819233.05,-180459190.0
2021-06-09,46.12,46.31,46.0,46.08,12670092.0,47.59,43.41,45.5,0.576592857142857,46.11723377005114,46.4359320588928,46.21522861315022,0.11336804096940511,0.030845498804091428,0.08252254216531368,57.87728026533994,47.80664054512723,43.59535945487277,0.09214855452297455,-0.1516793066088873,24.88762205280258,39.73464811763691,27.749216456276343,16578427.25,-180459190.0
2021-06-10,46.04,46.23,45.93,46.18,13073480.0,47.59,43.41,45.5,0.5587357142857142,46.12321150623675,46.42589550756367,46.21487807968604,0.10097756580500317,0.04487191220427378,0.05610565360072939,55.28169014084508,47.7891851020518,43.8128148979482,0.0868184145346958,-0.538444970923968,22.625639800222075,35.06002071002144,29.530956368331506,16378414.25,-167385710.0
2021-06-11,46.17,46.22,45.9485,46.07,10256998.0,47.59,43.75,45.67,0.5404642857142851,46.11814374373801,46.41193882099255,46.213436506753844,0.08134425830235159,0.052166381423889345,0.029177876878462246,58.691588785046726,47.6106064048158,44.243393595184216,0.07331662877243411,-0.7112068965517193,20.686794316993627,36.245291746514376,28.053921892552662,15646117.45,-177642708.0
2021-06-14,46.08,46.29,45.96,46.21,14797667.0,47.59,44.32,45.955,0.5454642857142851,46.12689195862011,46.404019651541866,46.21340231265679,0.07620312839797094,0.056973730818705666,0.019229397579265277,60.40515653775325,47.506403862876816,44.547596137123186,0.06428417506580116,-0.0648788927335664,19.411136884782476,36.82969946965247,26.059058469193964,15399785.9,-162845041.0
2021-06-15,45.8,45.84,45.525,45.58,17225286.0,47.59,44.43,46.010000000000005,0.5115357142857135,46.074807010180095,46.37170515540297,46.20709980208309,0.02105035564213864,0.049789055783392266,-0.028738700141253626,44.28857715430861,47.421737285042944,44.72626271495705,0.05850315948443574,-3.9409905163329872,19.520820194989938,25.16930810584381,33.86162116874957,15437417.7,-180070327.0
2021-06-16,45.26,45.36,44.72,44.88,24469215.0,47.59,44.43,46.010000000000005,0.5493928571428565,45.96101586635342,46.31320691401462,46.19389482892804,-0.07824085213683674,0.024183074199346465,-0.1024239263361832,35.67467652495381,47.43677355784396,44.69922644215603,0.059424049572109304,-5.035971223021574,21.45407816941292,20.314633036468948,41.994409412988375,15715966.2,-204539542.0
2021-06-17,45.22,45.57,45.14,45.51,21106378.0,47.59,44.72,46.155,0.5729642857142849,45.91806197431976,46.28170860366111,46.18708990525711,-0.1048850650447335,-0.0016305536494695269,-0.10325451139526397,42.595673876871864,47.41076019454162,44.76323980545838,0.057446142927143014,-1.7487046632124414,22.097120310665694,22.096864676182886,37.08782646637161,15748824.15,-183433164.0
2021-06-18,45.65,45.75,45.46,45.56,16942875.0,47.59,44.72,46.155,0.5708214285714277,45.883960833908354,46.25340630547832,46.18085020470729,-0.1205762852427199,-0.025419699968119602,-0.0951565852746003,44.237288135593225,47.41140202442016,44.760597975579834,0.05751864012585879,-2.64957264957264,23.30807884779034,24.432209222298827,37.22705374460363,15641498.2,-166490289.0
2021-06-21,45.38,45.56,45.15,45.55,12181377.0,47.59,44.72,46.155,0.5036785714285708,45.852155040202796,46.22582174447917,46.174573088242546,-0.13229360835803305,-0.046794481646102296,-0.08549912671193076,29.787234042553138,47.38203951434399,44.83096048565601,0.05533013845527159,-1.6198704103671746,25.08777100016788,10.033326242643467,46.5858328015316,15468455.5,-178671666.0
2021-06-22,45.06,45.26,45.04,45.18,12445908.0,47.59,44.72,46.155,0.5165357142857131,45.78814027446919,46.18480912704862,46.164676838608294,-0.16948189731324703,-0.07133196477953124,-0.09814993253371579,28.688524590163922,47.370777570681426,44.85222242931856,0.05461880748539665,-1.953125,27.059616195899363,9.783585701445134,45.42626011201001,15485707.3,-191117574.0
2021-06-23,45.75,46.03,45.715,45.75,13061592.0,47.59,44.72,46.155,0.5072499999999991,45.78450786737689,46.167757788732985,46.160550700910704,-0.1512165180352696,-0.08730887543067892,-0.06390764260459067,43.68070953436807,47.360868263938784,44.82213173606121,0.05508036249368267,-0.7161458333333259,26.424211413428676,20.80546363444355,34.42934591283538,15092929.2,-178055982.0
2021-06-24,46.0,46.23,45.965,46.23,11515618.0,47.59,44.72,46.155,0.5058214285714274,45.82693568953147,46.17019865976307,46.16124173871259,-0.09689217224158142,-0.08922553479285943,-0.007666637448721994,43.68070953436807,47.34276544642159,44.82023455357841,0.05474064196788687,0.10827197921177145,25.696820960386706,20.475887876862334,34.52658335098504,15011700.8,-166540364.0
2021-06-25,46.945,47.12,46.8,47.11,21358415.0,47.59,44.72,46.155,0.5165357142857135,45.94913229052847,46.20705361428217,46.17068211942192,0.016973251639413434,-0.06798577750640486,0.0849590291458183,58.282208588957076,47.45372183463099,44.78027816536902,0.05797089293019864,2.25743433904928,25.14017483365282,32.358431860609926,25.513378967019406,15335759.9,-145181949.0
2021-06-28,47.13,47.31,47.09,47.22,9699493.0,47.59,44.72,46.155,0.5068928571428566,46.07016731047813,46.246777001957376,46.18112309335802,0.11476555523119458,-0.03143551095888497,0.14620106619007955,61.92468619246862,47.590660993847266,44.74133900615274,0.061719057048358596,2.1856740965159105,25.837202947899076,35.65137743958305,24.378214612837397,15135025.55,-135482456.0
2021-06-29,46.61,46.9,46.48,46.87,16192959.0,47.36,44.72,46.04,0.5376071428571423,46.14634185233736,46.27121711952768,46.187977589941525,0.16215535941015702,0.007282663114923427,0.1548726962952336,57.69980506822611,47.472429755397236,44.801570244602765,0.057889752493540364,2.8301886792452713,24.81896823862098,33.34883411944473,31.090148143227438,14735375.5,-151675415.0
2021-06-30,46.26,46.44,46.2,46.33,13995699.0,47.31,44.72,46.015,0.5640357142857135,46.1638331044957,46.27352233052659,46.18939074825057,0.15435927596735155,0.03669798568540905,0.1176612902819425,51.34649910233392,47.32200699295842,44.858993007041576,0.05343864757199087,3.2308377896613116,24.263996458685217,31.786234407649065,32.29278794402593,14742324.6,-165671114.0
2021-07-01,46.38,46.445,45.815,46.09,17653382.0,47.31,44.72,46.015,0.5896428571428568,46.15680138025802,46.266325376388295,46.18840178558141,0.1273468541706535,0.054827759382457944,0.07251909478819556,50.175438596491254,47.30576982785996,44.852230172140025,0.05324637374335243,1.2744451768842202,23.91155862016812,30.405814657783242,35.55420956995774,14589491.55,-183324496.0
2021-07-02,45.42,45.56,45.34,45.49,16276805.0,47.31,44.72,46.015,0.6196428571428569,46.09329648690011,46.23588124398091,46.18145251408309,0.05686878177528598,0.05523596386102356,0.0016328179142624244,44.15584415584416,47.21786530566719,44.80913469433281,0.05234834584055499,-0.15364354697102733,23.87260861765745,28.12680115273782,39.308357348703225,14905582.95,-199601301.0
2021-07-06,44.55,44.6,44.15,44.22,27165222.0,47.31,44.15,45.730000000000004,0.6664285714285713,45.91488729767153,46.15682707755029,46.161935573644456,-0.10030769980826904,0.02412723112716504,-0.12443493093543408,39.99999999999999,47.34646280581095,44.47253719418905,0.06259980203709253,-2.9198682766190975,24.68629172948486,26.152197213290517,44.640943193997934,15666647.15,-226766523.0
2021-07-07,44.62,44.68,44.16,44.3,17880050.0,47.31,44.15,45.730000000000004,0.6421428571428572,45.76108850741709,46.084010329411065,46.14340885151864,-0.21592679278901983,-0.023883573656071935,-0.1920432191329479,45.30744336569575,47.4238579893854,44.217142010614594,0.06998430787029392,-1.9477644975652963,23.221417830003336,28.03114571746388,37.374860956618534,15998425.55,-208886473.0
2021-07-08,42.86,43.08,42.72,42.92,35008881.0,47.31,42.72,45.015,0.7057142857142858,45.49050864956784,45.95993149296358,46.111335131603035,-0.4141363181410114,-0.10193412255305982,-0.31220219558795154,31.313131313131336,47.71739787171487,43.60760212828513,0.09000373924839294,-6.185792349726771,23.913701862619746,23.380566801619455,48.58299595141703,17115365.0,-243895354.0
2021-07-09,43.77,44.25,43.62,44.15,20892253.0,47.31,42.72,45.015,0.7800000000000001,45.36284115913281,45.88895378735716,46.09181935914928,-0.46658952098783857,-0.1748652022400156,-0.291724318747823,41.30702836004929,47.70680030463895,43.415199695361046,0.09419460962836433,-4.499242915855506,23.75424690864426,30.21978021978025,43.956043956043985,17506303.65,-223003101.0
2021-07-12,43.95,44.0599,43.84,44.0,11539684.0,47.31,42.72,45.015,0.7728571428571424,45.23304676302492,45.81487716824512,46.07100523617267,-0.5143338876514463,-0.24275893932230175,-0.2715749483291445,40.6060606060606,47.697545817205054,43.21745418279494,0.09855560984238279,-6.6015707917639554,20.234064593577774,30.499075785582313,41.497227356746805,17570437.95,-234542785.0
2021-07-13,44.31,44.725,44.3,44.5,17991311.0,47.31,42.72,45.015,0.7882142857142854,45.163232785593976,45.7633133577257,46.05537334327543,-0.5059930479987003,-0.2954057610575815,-0.21058728694111878,45.942720763723145,47.621627805477544,43.122372194522455,0.09916370472879946,-5.760271071579837,15.977866920057311,35.932034435885896,39.69188944268242,17730120.15,-216551474.0
2021-07-14,44.67,44.69,44.31,44.31,13427167.0,47.31,42.72,45.015,0.7546428571428565,45.08197252029931,45.706320677030575,46.03800644433736,-0.5088485947323136,-0.3380943277925279,-0.17075426693978568,41.0,47.60462281901898,43.01237718098101,0.10135505783766768,-5.461915937700013,15.333341617162151,30.24230951254147,41.45764316138199,17540214.2,-229978641.0
2021-07-15,44.68,44.865,44.55,44.74,13922208.0,47.31,42.72,45.015,0.7599999999999996,45.049403708842235,45.668425748519574,46.025090957329034,-0.47098500776027663,-0.36467246378607765,-0.10631254397419898,40.62893081761008,47.603968012239925,42.99903198776007,0.10165085095371798,-3.431901575652918,14.653297479068614,29.79417293233096,41.16541353383464,17012863.85,-216056433.0
2021-07-16,44.86,44.89,44.37,44.4,13862112.0,47.31,42.72,45.015,0.7335714285714283,44.987555736571544,45.61868356230312,46.00892089805213,-0.46307496089887934,-0.384352963208638,-0.07872199769024135,31.713900134952738,47.58059474675981,42.91140525324018,0.10319563040975169,-3.6667389889347035,16.18925655441472,22.201557935735273,44.401168451801404,16650650.55,-229918545.0
2021-07-19,43.83,43.87,43.515,43.81,19439898.0,47.31,42.72,45.015,0.7810714285714282,44.87540757118378,45.54775479515398,45.987041088121266,-0.498665950270734,-0.40721556062105724,-0.09145038964967678,28.390367553865644,47.57334248151834,42.743657518481655,0.106949632140941,-3.6931193668938267,18.012294554570577,19.113854595336147,49.519890260631016,16775501.7,-249358443.0
2021-07-20,43.3535,43.72,43.22,43.59,15981716.0,47.31,42.72,45.015,0.7703571428571426,44.75298780249961,45.4709800973048,45.963189933015585,-0.5384176832512892,-0.43345598514710365,-0.1049616981041856,28.865979381443296,47.56583304856454,42.55516695143547,0.11119863510456109,-1.4246947082767858,20.752049690390916,19.379694019471554,47.2878998609179,16965518.65,-265340159.0
2021-07-21,43.27,43.76,43.21,43.72,11914138.0,47.31,42.72,45.015,0.7617857142857142,44.65460801178536,45.40231421113599,45.940869635174636,-0.5530560189682348,-0.4573759919113299,-0.09568002705690487,32.24489795918363,47.56229176470602,42.41270823529398,0.11446698592746966,-1.3092550790067659,23.460087291107566,19.972808251289322,45.19456165025787,16938930.15,-253426021.0
2021-07-22,43.9,43.98,43.74,43.9,10301692.0,47.31,42.72,45.015,0.7353571428571425,44.58274058209152,45.343399928346344,45.92056247462563,-0.5438631934590816,-0.47467343222088026,-0.06918976123820136,34.97942386831269,47.487316582359625,42.30268341764038,0.11548353190153121,2.2833178005591703,25.097394275156933,22.82758620689661,43.07916464303057,16800935.15,-243124329.0
2021-07-23,43.05,43.07,42.57,42.78,23712374.0,47.31,42.57,44.94,0.7767857142857137,44.41105100284471,45.242874440960215,45.88931309676867,-0.619807695485143,-0.5037002848737329,-0.11610741061141017,32.65044814340584,47.39856840444739,42.04643159555262,0.11967436545127776,-3.1030577576443896,26.5675903521096,21.610114942528792,47.1724137931035,17410772.95,-266836703.0
2021-07-26,41.0,41.2,40.41,40.49,54676467.0,47.31,40.41,43.86,0.8503571428571425,44.037617574002354,45.056487207981384,45.83558858834311,-0.8549231008276692,-0.5739448480645202,-0.28097825276314903,28.878822197055456,47.43639408683089,41.346605913169114,0.13718365393514015,-7.977272727272721,27.871905442944563,19.740445191096224,51.23897522049563,19076675.55,-321513170.0
2021-07-27,38.712,39.26,38.24,39.16,71721040.0,46.9,38.24,42.57,0.9739285714285708,43.57308256695451,44.82525241551153,45.76916482129492,-1.1354844799327495,-0.6862527744381661,-0.44923170549458336,24.50396825396821,47.5473009512395,40.429699048760504,0.1618059697984472,-12.00000000000001,30.917533519508904,16.649064906490707,60.65273193986066,22177752.9,-393234210.0
2021-07-28,40.33,41.62,40.31,41.52,67904004.0,46.445,38.24,42.3425,1.0367857142857138,43.37755089391123,44.695634673726765,45.72688457431686,-1.1540954239047352,-0.77982130433148,-0.3742741195732552,43.67088607594937,47.17043565178504,40.27156434821495,0.15779308120971822,-6.296547054840895,29.787181414244277,31.898725456424447,47.05477092662764,24763305.15,-325330206.0
2021-07-29,41.34,41.34,40.71,40.94,31458927.0,46.445,38.24,42.3425,0.9996428571428569,43.14540318972921,44.54835488260023,45.679253882035106,-1.201792369479314,-0.8642155173610468,-0.33757685211826716,34.5821325648415,46.8848612501017,40.018138749898306,0.15803188613059144,-8.49351810460439,30.803641011281318,24.723829939264057,48.80314397999285,25636466.55,-356789133.0
2021-07-30,40.25,40.72,40.22,40.54,23611289.0,45.56,38.24,41.900000000000006,1.0289285714285714,42.89726955261214,44.39116449504728,45.6281170274875,-1.257374963653362,-0.9428474066195099,-0.31452755703385205,33.77110694183865,46.606595458099086,39.74140454190091,0.159012158155329,-8.693693693693694,32.270054970822706,24.020131898646333,50.815688996876084,25934361.9,-380400422.0
2021-08-02,40.99,41.29,40.91,41.12,18268635.0,44.89,38.24,41.565,1.0307142857142857,42.728005785696695,44.26288353445719,45.58326014164185,-1.2403257144888329,-1.0023430681933745,-0.2379826462954584,34.26443202979516,46.32308839215276,39.58791160784724,0.15679428208973292,-6.140150650536413,34.55882114728064,23.31947331947333,50.72765072765073,26033953.4,-362131787.0
2021-08-03,40.76,40.82,40.555,40.81,17385726.0,44.89,38.24,41.565,1.0439285714285715,42.545338568011296,44.127476337027495,45.53576501585437,-1.2375626193942395,-1.0493869784335477,-0.18817564096069184,33.88581952117863,46.22748686119323,39.34251313880678,0.16092026930902062,-6.377609543473273,36.23009381467984,23.02429011289772,52.514539856311984,25544978.6,-379517513.0
2021-08-04,41.21,41.545,41.18,41.36,25099644.0,44.89,38.24,41.565,1.0567857142857144,42.43244918058165,44.0189478532225,45.49421511519911,-1.1774198797116497,-1.0749935586891681,-0.10242632102248161,34.60837887067393,46.059114622922166,39.21688537707783,0.1604725654543913,-5.397987191216835,37.40272287369224,26.461642446772547,51.87563366002025,25905958.3,-354417869.0
2021-08-05,40.91,41.06,40.78,40.9,14741685.0,44.89,38.24,41.565,1.0610714285714284,42.28650163957387,43.89663617270397,45.4485015319633,-1.153576765946525,-1.0907102001406397,-0.06286656580588534,34.23423423423422,46.04131974028042,39.03268025971958,0.16476572115007745,-6.833712984054674,37.42907072925813,26.35476270615954,53.147088522383015,24892598.5,-369159554.0
2021-08-06,40.8,40.86,40.315,40.42,17649402.0,44.89,38.24,41.565,1.039642857142857,42.108739578662075,43.7602974992646,45.39846669084924,-1.1600406880285874,-1.1045762977182292,-0.055464390310358214,34.57688808007278,45.89021438039148,38.81078561960852,0.16716281415291345,-5.516596540439456,36.51008518158718,26.897973205084156,51.56303675712815,24730455.95,-386808956.0
2021-08-09,40.91,41.25,40.87,41.17,21931826.0,44.89,38.24,41.565,1.056785714285714,42.019335809265684,43.6587172051758,45.356392395417906,-1.0920561177164885,-1.102072261717881,0.010016144001392613,39.496527777777764,45.696957628909175,38.72104237109082,0.1652708014361477,1.6794270190170435,35.32195925195689,29.09766813112539,48.732679959445775,25250063.05,-364877130.0
2021-08-10,41.84,41.86,41.5,41.62,19495017.0,44.89,38.24,41.565,1.066785714285714,41.98130382743086,43.57876751085518,45.31921436163265,-0.9904493333669393,-1.0797476760476927,0.08929834268075343,41.13175675675675,45.388640996512265,38.74135900348773,0.15802405783964188,6.281920326864143,33.937561584547204,32.64144626715769,48.27586206896553,25325248.35,-345382113.0
2021-08-11,42.19,42.19,41.72,41.97,16984399.0,44.89,38.24,41.565,1.0889285714285712,41.98022727243744,43.51567858886086,45.28588884559651,-0.8716354785817728,-1.0381252365545088,0.16648975797273602,41.96502914238135,45.0991575149813,38.7968424850187,0.15024113259184227,1.0838150289017134,33.045958633689295,32.69924565431289,47.294194817973114,25503109.95,-328397714.0
2021-08-12,41.5,41.51,41.24,41.33,19500565.0,44.89,38.24,41.565,1.0460714285714283,41.91830086553863,43.42996570302318,45.246526767530874,-0.8196686638232293,-0.994433922008253,0.17476525818502364,43.712055507372064,44.649204976785825,38.90579502321418,0.13747615232054677,0.9526135808500369,31.34439317282487,34.038921133492664,44.520314100375536,25782027.8,-347898279.0
2021-08-13,41.33,41.39,41.105,41.35,13863952.0,43.98,38.24,41.11,0.8971428571428568,41.86417697358257,43.34839842055168,45.20775535690868,-0.768017527886208,-0.949150643183844,0.18113311529763598,54.643628509719214,44.221025301963174,39.028974698036826,0.124733948442675,1.9980266403551994,28.54380651210226,39.68949044585988,35.788216560509554,25782119.8,-334034327.0
2021-08-16,40.73,40.74,40.42,40.66,20821931.0,43.98,38.24,41.11,0.8028571428571425,41.749493452288995,43.24297103151044,45.16250405982501,-0.77384051223315,-0.9140886169937052,0.14024810476055527,58.70069605568445,43.881179218212864,39.05382078178714,0.11641305688613314,-1.1186770428015635,26.242265939207304,44.350533807829194,26.779359430604977,25851221.45,-354856258.0
2021-08-17,39.52,39.91,39.45,39.52,38465796.0,43.98,38.24,41.11,0.7135714285714277,41.53716074254719,43.09697216752964,45.10635974082178,-0.8605241551005989,-0.903375724615084,0.0428515695144851,36.48648648648647,43.60953461530417,38.91846538469582,0.11368430667430084,-3.160989953442783,26.3364512228913,26.276276276276306,39.83983983983986,26975425.45,-393322054.0
2021-08-18,40.0,40.185,39.8,39.84,29694396.0,43.98,38.24,41.11,0.7032142857142846,41.375526386114124,42.969247768802994,45.05395815136087,-0.8931050815055741,-0.9013215959931821,0.008216514487607962,42.29691876750703,43.19134019208072,38.94865980791929,0.10330363730609765,-3.675048355899413,25.11850276157469,29.456576942610567,40.42661249365164,27864438.35,-363627658.0
2021-08-19,39.03,39.279,38.93,39.04,32988786.0,43.07,38.24,40.655,0.7167857142857136,41.1530953017223,42.8151596210068,44.99411777174534,-0.9722712764780752,-0.9155115320901608,-0.056759744387914424,40.05305039787797,42.67981691656948,38.97418308343052,0.09076429404901074,-4.547677261613692,23.99738865719427,28.898854010961717,43.44793223716987,28998793.05,-396616444.0
2021-08-20,38.46,38.99,38.44,38.67,33103578.0,42.19,38.24,40.215,0.7060714285714279,40.916610034891605,42.65260434175163,44.93119122675285,-1.052731728077859,-0.9429555712877005,-0.10977615679015851,33.28785811732607,42.47396663440634,38.76903336559366,0.09120621515238682,-4.329539831766449,23.860459137118863,23.571067273647017,49.06423874557409,29468353.25,-429720022.0
2021-08-23,39.04,39.44,38.905,39.42,30171402.0,42.19,38.24,40.215,0.720714285714285,40.77407574585431,42.525835544035886,44.87635350310357,-1.0439445408346373,-0.9631533651970878,-0.08079117563754945,41.05534105534105,42.49669303988866,38.639306960111334,0.09508445276516782,-4.250667962108334,22.75574685776517,27.55203171456892,44.549058473736395,28243100.0,-399548620.0
2021-08-24,40.26,40.83,40.26,40.8,37310291.0,42.19,38.44,40.315,0.7689285714285704,40.77654472243962,42.45815571877958,44.83579277172941,-0.9150777184550805,-0.9535382358486865,0.03846051739360601,46.744186046511615,42.46259918059221,38.83740081940779,0.08918077149285158,-1.970206631427196,21.383062659347416,32.00185787273576,41.75568973525316,26522562.55,-362238329.0
2021-08-25,40.5,40.54,40.27,40.46,20182213.0,42.19,38.44,40.315,0.7653571428571416,40.7463976060168,42.379796670984305,44.79225254514504,-0.8308079548419798,-0.9289921796473452,0.09818422480536537,47.4056603773585,42.363901540166104,38.8300984598339,0.08704591670153473,-3.59780795806528,19.59166520457293,32.15118992067201,38.21745216985539,24136473.0,-382420542.0
2021-08-26,40.01,40.1375,39.81,39.82,29059088.0,42.19,38.44,40.315,0.7699999999999986,40.658169262586625,42.27941248780845,44.742777395442104,-0.8063708699047467,-0.9044679176988255,0.0980970477940788,46.52777777777777,42.33294572286491,38.74905427713508,0.08840165377592643,-3.653520445197189,17.957663492273436,31.957328385899874,37.940630797773686,24016481.05,-411479630.0
2021-08-27,40.11,40.25,39.94,40.14,16713126.0,42.19,38.44,40.315,0.7414285714285701,40.608819809006945,42.195513958874784,44.696978615387955,-0.7525085284877733,-0.8740760398566151,0.12156751136884181,43.72716199756394,42.32189919061186,38.72010080938814,0.08888720370236954,-2.926239419588872,17.06359385703153,30.51541425818885,39.40269749518308,23671572.9,-394766504.0
2021-08-30,39.98,40.29,39.72,40.2,15599482.0,42.19,38.44,40.315,0.7328571428571417,40.56988458910152,42.117258509507145,44.65223255951345,-0.6969467677936976,-0.8386501854440316,0.141703417650334,40.920716112532006,42.25839121073752,38.69160878926248,0.08812309873934625,-1.1313330054107062,17.506256344495892,24.926900584795337,42.00779727095518,23538115.25,-379167022.0
2021-08-31,40.81,41.015,40.73,40.94,30038760.0,42.19,38.44,40.315,0.7503571428571415,40.60513367585376,42.07109150913432,44.615294922105356,-0.5864417214630819,-0.7882084926478417,0.20176677118475972,43.72716199756394,42.270969489161835,38.69203051083817,0.08840924813368237,3.593117408906865,17.538165490732663,28.10566396953837,41.028081865778226,24170766.95,-349128262.0
2021-09-01,41.46,41.96,41.45,41.85,29113043.0,42.19,38.44,40.315,0.7710714285714276,40.72369237339149,42.06242125387415,44.5877795497461,-0.4205880045776951,-0.7146843950338124,0.29409639045611735,53.06603773584907,42.35842259587109,38.65357740412891,0.0914641088170192,5.045180722891551,16.647556813164584,36.10467809170918,35.479388605836064,24371436.9,-320015219.0
2021-09-02,41.75,41.75,41.36,41.4,16801952.0,42.19,38.44,40.315,0.7857142857142847,40.78810262354468,42.036443949800656,44.55606035024614,-0.3217500440027834,-0.6360975248276066,0.3143474808248232,50.280583613916924,42.418966324412295,38.6430336755877,0.09316159603327313,6.045081967213117,16.382956148643423,35.43181818181824,34.40909090909092,24474450.25,-336817171.0
2021-09-03,41.33,41.55,41.275,41.47,10364552.0,42.19,38.44,40.315,0.7389285714285704,40.85304523082614,42.01423046157318,44.52535328208449,-0.23506218265204382,-0.5558904563924941,0.3208282737404503,54.88540410132692,42.51633293584946,38.65066706415054,0.09525215596730008,7.24075510731832,15.337032414541161,37.67520541324318,30.787820202996684,24110207.75,-326452619.0
2021-09-07,42.14,42.55,42.11,42.45,29195040.0,42.55,38.44,40.495,0.7296428571428564,41.00513616122365,42.031319463080116,44.504703000670716,-0.08628893307351859,-0.46197015172869904,0.37568121865518045,68.01968019680197,42.740253160189596,38.554746839810406,0.10297081789480755,7.686453576864549,16.565641588694067,47.9441997063143,21.683798335780768,24473368.45,-297257579.0
2021-09-08,42.39,42.41,41.88,41.99,21434343.0,42.55,38.44,40.495,0.7228571428571422,41.09893271729759,42.029699091978934,44.47968108026603,-0.0054405018302432495,-0.3706642217490079,0.3652237199187647,62.99879081015718,42.801064648351776,38.53093535164823,0.10500490081895303,2.9166666666666785,17.645096700589686,45.67687747035573,24.160079051383423,24570334.75,-318691922.0
2021-09-09,41.34,41.705,41.22,41.6,23933583.0,42.55,38.44,40.495,0.7128571428571421,41.1466534108883,42.01284814719545,44.45102753717881,0.026853175090607806,-0.2911607423810848,0.3180139174716926,66.28498727735371,42.74099745138541,38.55400254861459,0.10300743964009644,2.817597627286217,18.69550399830418,46.31763527054108,22.39478957915841,24917793.95,-342625505.0
2021-09-10,42.08,42.1499,41.54,41.57,18903793.0,42.55,38.44,40.495,0.7135642857142851,41.18697213366084,41.99548155318779,44.422360596510366,0.04945530743498239,-0.2230375324178714,0.2724928398528538,69.281914893617,42.772133427741274,38.546866572258715,0.10391831811710817,4.3947764942240175,19.67210379573357,50.72523248480969,17.46764231874199,24887955.35,-361529298.0
2021-09-13,41.48,41.64,41.2,41.48,18022837.0,42.55,38.44,40.495,0.6899928571428566,41.21487954950266,41.97526659031768,44.39308337664459,0.05942045035510546,-0.16654593586327604,0.2259663862183815,65.01457725947517,42.78835618817473,38.54364381182528,0.10437988433456583,3.3383158943697033,20.687075037360046,47.799666663216044,21.584074369299916,25095899.6,-379552135.0
2021-09-14,40.85,40.88,40.5,40.54,28698822.0,42.55,38.44,40.495,0.6592785714285709,41.15060530669288,41.9189816259915,44.35474423856853,-0.00843501260327173,-0.13492375121127517,0.12648873860800344,47.97507788161995,42.783105967062944,38.53689403293705,0.10443216758794628,0.8457711442785953,20.268071121523302,34.966792706313235,30.173674687699826,25489744.15,-408250957.0
2021-09-15,40.06,40.3,39.835,40.26,25411836.0,42.55,38.44,40.495,0.6717785714285712,41.06578575367451,41.85392352301144,44.31400051480168,-0.08383818144412203,-0.12470663725784455,0.04086845581372252,48.42767295597482,42.76143671430692,38.632563285693074,0.10145399976936492,-1.660967269174396,19.890424206947397,34.31615434507548,36.6830056672586,24837046.15,-433662793.0
2021-09-16,39.54,39.77,39.35,39.67,25555549.0,42.55,38.44,40.495,0.6903499999999997,40.932853777134085,41.7682794632855,44.26779155445539,-0.189024844422633,-0.13757027869080224,-0.05145456573183077,48.81141045958797,42.76913021829279,38.60786978170721,0.1022711684280713,-5.209080047789727,19.542863207466095,33.39299941023709,35.954846920299254,24630103.8,-459218342.0
2021-09-17,39.99,40.08,39.73,39.92,23903353.0,42.55,38.44,40.495,0.688921428571428,40.83639151264512,41.69579791570568,44.22452994694837,-0.24933889838673906,-0.15992400262998963,-0.08941489575674944,48.237179487179496,42.700516634506485,38.76448336549352,0.09663127156479387,-3.5748792270531293,18.68679955369641,35.50995863098636,36.02940414104868,24175832.15,-435314989.0
2021-09-20,38.59,38.755,37.86,38.18,52657804.0,42.55,37.86,40.205,0.7953499999999997,40.58340184477416,41.557923487638796,44.16438537036182,-0.4325554489468004,-0.2144502918933518,-0.21810515705344863,37.24747474747474,42.79285869772598,38.62314130227403,0.10242992521008042,-7.9334458644803485,18.284349222847197,30.758246594042177,46.02645735480338,25153543.45,-487972793.0
2021-09-21,38.56,38.73,38.42,38.65,30514429.0,42.55,37.86,40.205,0.7764214285714282,40.39926833574805,41.44388727243727,44.10951586418907,-0.5336788951240976,-0.278296012539501,-0.2553828825845966,35.03267973856212,42.87920562459761,38.45979437540239,0.10866647608638466,-8.951707891637229,19.162933426892568,24.83831497989863,47.148547824727025,25170694.8,-457458364.0
2021-09-22,39.09,39.775,39.09,39.39,42655968.0,42.55,37.86,40.205,0.7839214285714279,40.30314754186728,41.36334267351817,44.06255550733147,-0.547793516543635,-0.3321955133403278,-0.21559800320330713,33.55614973262034,42.879996088971765,38.31800391102824,0.11236710702094935,-6.19195046439629,21.19619540915802,25.511849766284918,46.69746421379698,25437978.65,-414802396.0
2021-09-23,39.0,39.11,38.85,39.06,28138022.0,42.55,37.86,40.205,0.7874928571428563,40.18475253787992,41.273015509850794,44.01277883561673,-0.5789341057863666,-0.3815432318295356,-0.19739087395683103,34.10326086956525,42.91162040619348,38.146379593806515,0.11757607669537773,-6.105769230769232,23.281010102683734,25.39614871790224,47.84623896815394,25835769.1,-442940418.0
2021-09-24,38.47,38.52,38.21,38.24,25009761.0,42.55,37.86,40.205,0.8285642857142851,39.999538010462786,41.15407372515077,43.95533825018771,-0.6621475690872387,-0.43766409928107625,-0.22448346980616246,30.086313193588197,43.02833891855916,37.87166108144085,0.1274827648236912,-8.010584556170308,25.070412935326157,24.1372770454918,50.25905395736172,25633302.75,-467950179.0
2021-09-27,38.43,38.8599,38.19,38.79,21781034.0,42.55,37.86,40.205,0.7992714285714284,39.88434391422823,41.061364951615445,43.90394184968833,-0.6759228173248175,-0.48531584288982454,-0.19060697443499297,26.17187499999997,43.063645670282106,37.70135432971791,0.13278750301650954,-6.485053037608479,25.68377016151634,19.122772524978117,52.10102057230692,25886698.15,-446169145.0
2021-09-28,39.03,39.16,38.64,38.84,22064822.0,42.55,37.86,40.205,0.7956999999999995,39.78488258906364,40.9742526005717,43.8535543685969,-0.67502396261267,-0.5232574668343937,-0.15176649577827628,28.3356258596974,43.08270652561007,37.54629347438992,0.13733056471542873,-4.193389245189927,26.290567965362936,21.902547622039855,50.27020233756445,26209965.15,-424104323.0
2021-09-29,38.97,39.11,38.54,38.56,15947188.0,42.55,37.86,40.205,0.7814142857142851,39.668227104390915,40.879576028000265,43.8008821858248,-0.688963333278501,-0.5563986401232152,-0.13256469315528585,28.7709497206704,43.05365159260748,37.33734840739251,0.14221251595862644,-4.222553402881257,26.28665831558342,22.302967147479812,46.07031207151871,25505386.55,-440051511.0
2021-09-30,38.87,39.205,38.87,38.93,23070095.0,42.55,37.86,40.205,0.7839214285714274,39.59791976111559,40.8031220661179,43.75241569641361,-0.662517389118932,-0.5776223899223586,-0.0848949991965734,32.400000000000006,42.84952612769918,37.249473872300825,0.13982826890219235,-1.8653894630703327,25.758414305088642,19.04345369889468,45.92296968537305,25203239.15,-416981416.0
2021-10-01,38.84,39.02,38.28,38.62,27433523.0,42.55,37.86,40.205,0.8053499999999991,39.50478454577125,40.71750943607406,43.70134688351397,-0.6589769213116483,-0.5938932962002166,-0.06508362511143173,31.476683937823836,42.70424847227235,37.11675152772765,0.14000067512420783,-3.2565130260521102,26.15676809509247,18.536749771616527,46.91837621619708,25734817.7,-444414939.0
2021-10-04,38.05,38.05,37.455,37.66,29372506.0,42.55,37.455,40.0025,0.8185642857142851,39.329090779507325,40.597607105247626,43.6412339792004,-0.7252745385986827,-0.6201695446799098,-0.10510499391877293,31.395348837209283,42.58469618119169,36.85530381880832,0.1442445207045157,-1.3619696176008445,28.79574459008301,18.237506435483652,47.25172121920787,26685215.4,-473787445.0
2021-10-05,37.9,38.34,37.88,38.19,24315993.0,42.41,37.455,39.9325,0.8167785714285714,39.22060594336377,40.50319114033596,43.586992845079,-0.7266726770589074,-0.6414701711557094,-0.085202505903198,37.04630788485607,42.14124492327439,36.8727550767256,0.13335585710250814,-1.1901681759379112,30.93190165050766,20.81347453847428,41.53949750325758,26441263.05,-449471452.0
2021-10-06,37.56,38.07,37.48,38.02,19991299.0,42.1499,37.455,39.80245,0.8024928571428573,39.10626252018627,40.405811095616905,43.531599881446375,-0.7330481681367615,-0.6597857705519199,-0.07326239758484165,39.10171730515192,41.74589528790073,36.87110471209926,0.1240136503759103,-3.478040111703473,32.98476961553642,21.183989176583637,41.52239895326176,26369110.85,-469462751.0
2021-10-07,39.0,39.71,38.95,39.57,41061255.0,42.1499,37.455,39.80245,0.8939214285714289,39.15042799445425,40.37303418990644,43.49218097715338,-0.6060426620793891,-0.6490371488574137,0.04299448677802464,48.0270574971815,41.399360899988025,37.014639100011976,0.11183517739118139,1.3056835637480724,33.747404443747364,29.644663561035244,37.27556752351202,27225494.45,-428401496.0
2021-10-08,39.69,40.048,39.575,39.95,22003448.0,41.64,37.455,39.5475,0.7809214285714289,39.22657770926813,40.35644461383168,43.45693539529116,-0.4693170643184388,-0.6130931319496188,0.14377606763118,61.78428761651134,41.05460353078439,37.197396469215604,0.09858424223198861,4.471757322175729,33.634992969198535,37.02585773216621,25.565037638686967,27380477.2,-406398048.0
2021-10-11,40.56,40.6225,39.9,39.92,24026727.0,40.88,37.455,39.167500000000004,0.7932428571428579,39.29261792743307,40.339329138779455,43.42174200827334,-0.35924068927133135,-0.5623226434139613,0.20308195414262997,58.981612446959,40.67895838793159,37.41704161206842,0.0835360780542709,2.913121938643992,33.18110666945894,41.62389468186646,25.167936319268158,27680671.7,-430424775.0
2021-10-12,40.02,40.18,39.66,39.7,22368957.0,40.6225,37.455,39.03875,0.7500285714285724,39.33141622005849,40.31425740784693,43.38470974948456,-0.28645446165013055,-0.5071490070611951,0.2206945454110646,52.36641221374048,40.5137958817622,37.4982041182378,0.07731097173574317,2.214212152420192,31.671462906457133,34.07013066168904,28.903660812921476,27364178.45,-452793732.0
2021-10-13,40.13,40.56,40.13,40.5,26706754.0,40.6225,37.455,39.03875,0.7728857142857153,39.44270991338625,40.321541431068624,43.3560061698877,-0.1623461128112993,-0.438188428211216,0.2758423153999167,60.25641025641025,40.5709611782202,37.4650388217798,0.07960229525963407,5.031120331950212,30.71175384971409,36.57443347750544,25.830838046652666,27428924.35,-426086978.0
2021-10-14,40.41,40.55,40.005,40.31,26951650.0,40.6225,37.455,39.03875,0.7511000000000004,39.525308969254226,40.321088825928676,43.32569765078434,-0.07841682397391025,-0.3662341073637549,0.28781728338984464,66.19718309859157,40.68380086398691,37.416199136013084,0.08367738099804933,3.544824043154393,30.12476391103568,37.63527778306104,21.682484736671995,27498729.4,-453038628.0
2021-10-15,40.49,40.875,40.36,40.7,25678761.0,40.875,37.455,39.165,0.7436071428571428,39.63718430551573,40.335948087656966,43.29957130600042,0.019344491485291826,-0.28911838759394554,0.30846287907923736,65.32905296950244,40.84305575138134,37.33494424861867,0.08974677026177884,5.385810460901097,28.72593846709729,37.87137985687533,21.900965371500007,27587499.8,-427359867.0
2021-10-18,40.7,41.085,40.66,40.94,17807952.0,41.085,37.455,39.269999999999996,0.7368214285714291,39.76126199070471,40.35963639794493,43.27609298454769,0.11486296380819283,-0.20832211731351788,0.32318508112171074,66.35514018691589,41.109519029052215,37.34448097094778,0.09598078002662548,8.709506107275633,27.749999588136944,37.34671125975485,22.102661044059975,25845007.2,-409551915.0
2021-10-19,41.55,42.14,41.465,42.11,34020776.0,42.14,37.455,39.7975,0.7818214285714292,39.98495132492331,40.42827810782945,43.26449006927856,0.28172372743658514,-0.11031294836349728,0.3920366758000824,74.28180574555405,41.65778652666881,37.14221347333119,0.11460845313039641,10.264467137994249,28.015862819662427,44.83577726006129,19.91686081037874,26020324.55,-375531139.0
2021-10-20,42.42,42.45,41.985,42.19,20715817.0,42.45,37.455,39.9525,0.768964285714287,40.1949559606449,40.49736524085574,43.25379862580315,0.41562633452507214,-0.005125091785783403,0.42075142631085555,73.21937321937324,42.11949811520057,36.96050188479943,0.1304753725442879,10.96791162546027,27.938716081518006,47.58255538525854,20.249872277181765,24923317.0,-354815322.0
2021-10-21,42.03,42.25,41.94,42.15,16639328.0,42.45,37.455,39.9525,0.7382500000000013,40.38115063105967,40.562174447096695,43.242815554899636,0.5126084188875666,0.09842161034888659,0.41418680853868,76.14814814814821,42.512109849352065,36.876890150647945,0.1419647482322266,6.5200909780136485,28.527922465099177,49.56218857336372,15.81926370277209,24348382.3,-371454650.0
2021-10-22,42.39,42.695,42.05,42.2,16138983.0,42.695,37.455,40.075,0.7011071428571444,40.55437438048256,40.626402900151724,43.23243928072153,0.5867384460218616,0.1960849774834816,0.39065346853838,88.86986301369876,42.83359807635602,36.95140192364398,0.14745117886098993,5.63204005006257,30.691808130614852,56.72151189445269,8.252254087922243,23904843.4,-355315667.0
2021-10-25,42.35,42.39,42.07,42.33,15178875.0,42.695,37.455,40.075,0.6753928571428582,40.723481582341364,40.69321062955754,43.22345978539097,0.6485014194630025,0.28656826587938583,0.3619331535836167,88.05147058823542,43.15382693331747,36.98517306668253,0.15394886052071877,6.037074148296595,33.559540891473496,55.814076463434006,8.56644281106243,23574735.45,-340136792.0
2021-10-26,42.12,42.12,41.4,41.48,30385634.0,42.695,37.455,40.075,0.6911071428571438,40.79553095545171,40.72406511467293,43.20611192682987,0.6216946160967964,0.35359353592286796,0.2681010801739285,78.26797385620915,43.2902386285988,37.112761371401206,0.15366285479889044,4.483627204030216,35.95882875215259,54.544984755309834,11.162213839078124,23990776.05,-370522426.0
2021-10-27,41.01,41.43,40.98,41.01,26347174.0,42.695,37.455,40.075,0.606107142857144,40.815956578742025,40.735278247430855,43.18426006686141,0.5561144184042206,0.3940977124191385,0.1620167059850821,64.28571428571428,43.33190117418996,37.31609882581004,0.14918664686985222,1.2592592592592489,38.116175490826265,42.86724412232636,17.67721407106245,24510775.35,-396869600.0
2021-10-28,40.885,41.13,40.63,41.1,23245644.0,42.695,37.455,40.075,0.6076785714285725,40.843008333147544,40.749581061257096,43.16352116072349,0.5055759225664076,0.4163933544485923,0.08918256811781528,62.10526315789474,43.38471504708243,37.48028495291758,0.14603178369294134,1.9598114611758755,38.81886702436977,38.78342638848079,21.745518660005857,24519552.8,-373623956.0
2021-10-29,40.65,40.73,40.17,40.33,28991007.0,42.695,37.455,40.075,0.6225000000000007,40.7941503966573,40.733126901992115,43.135326920318285,0.3987941845445633,0.4128735204677865,-0.014079335923223246,53.73406193078322,43.345612718216564,37.69038728178344,0.13957316344422546,-0.909090909090915,37.64776864676047,31.267928858290368,26.506024096385538,24597427.0,-402614963.0
2021-11-01,40.24,41.08,40.22,41.06,25325899.0,42.695,37.48,40.0875,0.6467857142857147,40.819469406499465,40.74594545485517,43.11467690121064,0.36882223384888135,0.4040632631440055,-0.03524102929512413,61.333333333333336,43.18117890506106,38.194821094938945,0.12255106690233275,0.2931118710307823,38.457009282947844,33.959138597460054,22.860298177802306,24395096.65,-377289064.0
2021-11-02,40.268,40.28,39.89,39.94,31256011.0,42.695,37.48,40.0875,0.6689285714285721,40.73571041540428,40.7143397507432,43.08308807632298,0.25179210457051227,0.37360903142930685,-0.12181692685879458,45.56962025316455,43.00884042942277,38.54215957057723,0.10954325167920774,-5.1531702683448195,37.640876726054145,28.777362520021406,25.627335824879832,24742097.55,-408545075.0
2021-11-03,40.08,40.325,39.88,40.28,24156879.0,42.695,38.95,40.822500000000005,0.6617857142857153,40.69230942346101,40.697306819341506,43.05519665267798,0.1843549137732623,0.33575820789809796,-0.15140329412483566,49.768160741885616,42.7289493158522,39.0480506841478,0.09002283360124227,-4.527139132495838,36.382190717089934,29.57366432811662,24.554776038855856,24950376.55,-384388196.0
2021-11-04,40.52,40.54,39.98,40.04,21496142.0,42.695,39.575,41.135000000000005,0.6614285714285728,40.630184716464726,40.671530081328115,43.025194695934914,0.11027329803441432,0.29066122592536126,-0.18038792789094693,44.77848101265821,42.692592450195875,39.13140754980412,0.08704499658759658,-5.0059311981020205,34.990674846243486,28.401727861771025,24.568034557235354,23972120.9,-405884338.0
2021-11-05,39.93,39.97,39.26,39.34,27004583.0,42.695,39.26,40.9775,0.6867857142857154,40.507309981563324,40.61931321539368,42.98852609199527,-0.004864985499260399,0.23155598364043695,-0.23642096913969735,38.20058997050155,42.7501924784345,39.012807521565506,0.0914199566275453,-6.777251184834121,33.91757348619629,25.169006760270385,31.149245969838713,24222177.65,-432888921.0
2021-11-08,39.68,39.82,39.5239,39.78,26559676.0,42.695,39.26,40.9775,0.6353571428571436,40.43804236427158,40.586398971652756,42.9566004592391,-0.05991788586896263,0.17326120973855705,-0.23317909560751968,30.743801652892614,42.75933672335151,38.989663276648486,0.09222555497200025,-6.024096385542165,33.83915033983954,15.34569983136594,33.67060146149515,24348825.1,-406329245.0
2021-11-09,39.582,39.84,39.35,39.46,28067622.0,42.695,39.26,40.9775,0.6371428571428578,40.34489547243619,40.54222646296049,42.921808414868565,-0.1278947407356057,0.11303001964372451,-0.2409247603793302,28.298887122416602,42.78156638485591,38.94343361514409,0.09392799681154652,-4.869816779170677,34.5357036360106,11.82735426008967,35.52578475336312,24633758.35,-434396867.0
2021-11-10,39.83,40.155,39.58,39.82,29855570.0,42.695,39.26,40.9775,0.6646428571428576,40.294905427442266,40.51390385656988,42.89094464954649,-0.15097752171961076,0.06022851137105746,-0.2112060330906682,32.37518910741305,42.798039353038696,38.858960646961314,0.0964786535404774,-2.9017312850524224,33.6370706237212,14.723267060720005,33.572272971520576,24791199.15,-404541297.0
2021-11-11,40.83,41.41,40.74,41.4,56716558.0,42.695,39.26,40.9775,0.7321428571428571,40.40015252959062,40.54865272493969,42.876109379401754,-0.041301894037907516,0.03992243028926447,-0.08122432432717198,45.085995085995066,42.852451967589424,38.91354803241057,0.09634576560376824,0.7299270072992581,29.57979503498991,21.26829268292676,30.477073170731632,26279444.55,-347824739.0
2021-11-12,41.12,41.47,41.04,41.42,26364923.0,42.695,39.26,40.9775,0.74,40.497280860105796,40.58282320631461,42.861620728860444,0.04669242273879348,0.041276428779170274,0.005415993959623208,44.33374844333751,42.9006516237485,38.93734837625149,0.09685728506310051,2.7027027027027195,25.51483726407952,21.62162162162157,30.153474903474827,26313752.65,-321459816.0
2021-11-15,41.46,41.47,41.11,41.11,24685617.0,42.695,39.26,40.9775,0.6992857142857142,40.55563506390524,40.60349680606698,42.844191666881734,0.09037238690584815,0.05109562040450585,0.0392767665013423,47.53004005340456,42.91098842088877,38.94401157911122,0.0969269279036724,0.1217730150998575,21.124308517864097,22.880490296220586,25.065372829417676,26657635.9,-346145433.0
2021-11-16,41.68,41.8,41.38,41.63,27896321.0,42.695,39.26,40.9775,0.7128571428571426,40.6579555340095,40.64375183328004,42.832110157758535,0.1650461777842409,0.07388573188045286,0.09116044590378805,54.111405835543785,42.83774839204161,38.96925160795838,0.09457618013331952,4.231347020530807,18.984211083583375,25.751503006011962,20.379759519037968,26351413.15,-318249112.0
2021-11-17,41.77,41.77,41.08,41.16,23236671.0,42.695,39.26,40.9775,0.7264285714285715,40.705769292675264,40.66399685942592,42.81547224574104,0.18417753898202704,0.0959440933007677,0.08823344568125935,50.378787878787854,42.69470510534741,39.0092948946526,0.09021370338526416,2.1847070506454624,17.892919875577245,25.270403146509267,19.50737463126842,26477455.85,-341485783.0
2021-11-18,40.51,40.565,40.065,40.27,35991979.0,42.695,39.26,40.9775,0.7382142857142858,40.66426745527762,40.648546002193534,42.79014416369387,0.12607045685513896,0.10196936601164196,0.024101090843497,49.626865671641816,42.51155998802122,39.00444001197877,0.08604740114928226,0.5744255744255744,17.34766542806957,24.86695694242857,24.566037735849036,27445088.4,-377477762.0
2021-11-19,40.5,40.805,40.44,40.51,18674671.0,42.39,39.26,40.825,0.7149999999999999,40.64957531667975,40.643112825636926,42.76745616206507,0.09825356394256346,0.10122620559782626,-0.0029726416552628004,46.357615894039704,42.29217099482371,39.0548290051763,0.07959339593709429,2.97407219115402,16.065152538040923,24.575424575424517,25.36363636363635,27571872.8,-358803091.0
2021-11-22,40.36,40.45,39.79,39.99,23952389.0,42.12,39.26,40.69,0.6828571428571425,40.58675861985311,40.61750055796489,42.739819782343034,0.033858521758148186,0.08775266882989065,-0.05389414707174246,50.35971223021585,41.999804322875356,39.113195677124644,0.07117499403919747,0.5279034690799378,16.18727259505126,25.732217573221703,29.904811715481173,28010548.5,-382755480.0
2021-11-23,39.96,40.18,39.65,39.78,22084406.0,41.8,39.26,40.53,0.6889285714285711,40.509924465581385,40.58465739882901,42.710368839235144,-0.03373142322118383,0.06345585041967576,-0.09718727364085959,46.334310850439884,41.885747428664146,39.05725257133585,0.06988856003183215,0.8109477952356725,16.295345281257585,25.03888024883352,31.092794193882845,27595487.1,-404839886.0
2021-11-24,39.61,39.93,39.45,39.89,19579643.0,41.8,39.26,40.53,0.683214285714285,40.45088404028792,40.557415932208265,42.682305467700466,-0.07752717586059532,0.03525924516362155,-0.11278642102421688,48.87892376681615,41.82866330490327,39.002336695096716,0.06993174920034535,0.17579105976897047,17.099945589477464,23.000522739153144,33.443805541035005,27257110.55,-385260243.0
2021-11-26,38.94,39.02,38.5,38.77,33937175.0,41.8,38.5,40.15,0.7267857142857136,40.29079984597478,40.48732118976873,42.64337705508653,-0.20030131623779113,-0.01185286711666099,-0.18844844912113012,45.99156118143459,41.85182967514442,38.746170324855576,0.07706541974463005,-6.352657004830908,17.900897188243423,21.6216216216216,33.69926289926292,27791687.1,-419197418.0
2021-11-29,38.84,38.85,38.285,38.4,25197330.0,41.8,38.285,40.0425,0.7328571428571428,40.11072367016766,40.40546545683662,42.60115439782199,-0.3237249154935711,-0.07422727679204301,-0.24949763870152808,40.19886363636361,41.9719825291767,38.4330174708233,0.08802848226735645,-7.291163689039115,16.99536103721842,21.442495126705612,35.51559454191035,27602003.25,-444394748.0
2021-11-30,38.29,38.545,37.83,38.19,39205348.0,41.8,37.83,39.815,0.7489285714285714,39.92779760634217,40.31858445852931,42.55726231426158,-0.43348728054589003,-0.1460792775428124,-0.2874080030030776,40.83694083694081,41.99348374726429,38.1245162527357,0.09658172931247885,-7.102894672828997,15.432296711536525,20.982355746304204,37.43443013829284,28295975.7,-483600096.0
2021-12-01,38.61,38.975,38.1,38.1,36373389.0,41.8,37.83,39.815,0.7617857142857142,39.75372164383339,40.23158114643012,42.512911445462954,-0.5217228966917702,-0.221208001372604,-0.3005148953191662,37.08708708708709,42.09103885384426,37.84296114615574,0.10628963163831469,-8.479461926495313,14.48749822931232,21.706516643225488,36.802625410220394,28551844.6,-519973485.0
2021-12-02,38.58,38.88,38.05,38.36,49075647.0,41.8,37.83,39.815,0.7075000000000006,39.620986249182586,40.158185807354435,42.47158894351805,-0.5641670643651295,-0.2897998139711091,-0.27436725039402043,21.535580524344553,42.106125335001636,37.63587466499837,0.11211784680603112,-6.802721088435371,17.351669536367265,10.70166582534075,40.13124684502782,29797783.0,-470897838.0
2021-12-03,38.29,38.33,37.125,37.47,50425810.0,41.8,37.125,39.4625,0.7650000000000006,39.4161304159271,40.05276675608563,42.421821889353694,-0.6619889385893885,-0.36423763889476496,-0.2977512996946235,18.19645732689206,42.219169027886494,37.265830972113505,0.1246357943202614,-6.953066799106045,20.896170490576118,9.337068160597566,45.75163398692813,31244266.4,-521323648.0
2021-12-06,37.33,38.2,37.19,38.18,40764990.0,41.8,37.125,39.4625,0.8114285714285724,39.298403709648326,39.97932492251365,42.37961470637505,-0.6744477980119328,-0.42627967071819856,-0.24816812729373422,27.836611195158824,42.253468459786205,37.115531540213794,0.12946961457426479,-5.751666255245613,25.29222168411169,8.802816901408441,43.133802816901415,31932286.75,-480558658.0
2021-12-07,38.8,38.885,38.58,38.69,33573937.0,41.8,37.125,39.4625,0.812500000000001,39.240460499205625,39.928763160846444,42.34290212223202,-0.6358392371833048,-0.4681915840112198,-0.16764765317208502,27.72727272727265,42.236413143323986,37.02358685667602,0.1315373779118841,-3.2508127031758094,28.508663465229866,11.91208791208787,43.07692307692307,32282999.8,-446984721.0
2021-12-08,38.61,39.045,38.4675,38.86,30989132.0,41.8,37.125,39.4625,0.8044642857142864,39.204226165947944,39.88685088002894,42.30824637972225,-0.5847830799849945,-0.4915098832059748,-0.09327319677901968,31.74603174603172,42.228371519042355,36.97162848095765,0.13274603631527038,-2.312719959778786,31.19290823749685,13.451720310765808,40.84350721420641,32429075.3,-415995589.0
2021-12-09,38.79,39.17,38.73,38.87,25096109.0,41.8,37.125,39.4625,0.7576785714285725,39.17239510252433,39.846974374929765,42.274034972958844,-0.5373199017813661,-0.500671886921053,-0.036648014860313105,37.084870848708405,42.198409454632355,36.906590545367635,0.13379227379469616,-2.557031837553281,33.808346721424904,15.460758897006817,33.79684185717649,32191102.25,-390899480.0
2021-12-10,38.83,39.02,38.69,38.86,20489671.0,41.8,37.125,39.4625,0.743035714285716,39.1426431879982,39.80826949748154,42.24006447571548,-0.4948080681257423,-0.4994991231619909,0.004691055036248615,34.104046242774544,41.93852690207123,36.91247309792877,0.12748230977774444,0.23213825122516685,36.858365273480764,13.458303292477725,34.847392453737,30379757.9,-411389151.0
2021-12-13,38.19,38.19,37.59,37.77,29845356.0,41.8,37.125,39.4625,0.7823214285714302,39.01191526533171,39.728337360325405,42.19558622222577,-0.5428138045137771,-0.5081620594323482,-0.034651745081428986,30.729166666666643,41.67498943903668,36.81101056096331,0.1239451336053148,-1.6406249999999845,39.81256359519379,12.782469755763485,37.20611732481157,30553779.55,-441234507.0
2021-12-14,37.23,37.72,37.2,37.68,30267030.0,41.8,37.125,39.4625,0.785178571428573,38.88506619244298,39.648010405018525,42.15065501603447,-0.5814187113190599,-0.5228133898096905,-0.05860532150936937,31.38297872340422,41.43184141152378,36.71115858847622,0.12082164296347858,-1.335428122545168,42.69159945235298,12.73595633386396,39.34500795997259,30832850.2,-471501537.0
2021-12-15,36.9,36.9,36.11,36.59,60296078.0,41.77,36.11,38.94,0.863035714285716,38.66648845982936,39.52808842835113,42.09532511537741,-0.6919904336158567,-0.5566487985709238,-0.1353416350449329,25.075528700906332,41.10469698563692,36.534303014363076,0.11773448836986167,-3.9632545931758467,45.4894594962658,11.587006000413787,43.161597351541424,32452838.05,-531797615.0
2021-12-16,37.16,37.425,36.721,36.78,37298772.0,40.805,36.11,38.457499999999996,0.8233928571428584,38.48682289222656,39.4203202546903,42.042436308259234,-0.7555780743484988,-0.5964346537264388,-0.15914342062206,32.51318101933211,40.77825814229255,36.42274185770744,0.11283574784225872,-4.118873826903025,46.63024047057867,16.699197571025756,36.998481891129856,33155943.1,-494498843.0
2021-12-17,36.23,36.57,36.03,36.34,33169314.0,40.805,36.03,38.417500000000004,0.8366071428571438,38.28236356915737,39.29952338195735,41.98569564847556,-0.831886589744741,-0.6435250409300992,-0.18836154881464173,32.11805555555554,40.65545005905669,36.15254994094332,0.11725081028313127,-3.015745930077385,47.88284114456974,16.435432230522903,40.47812166488784,33014809.85,-527668157.0
2021-12-20,35.76,35.8,35.375,35.57,35018238.0,40.45,35.375,37.9125,0.8544642857142867,38.02404322923762,39.153267563057064,41.921857880829045,-0.9436167759982652,-0.7035433879437325,-0.2400733880545327,29.27215189873415,40.51692952615663,35.79707047384336,0.1236957583749579,-6.836039811419592,49.00879325234887,16.091954022988464,41.304075235109636,33831988.2,-562686395.0
2021-12-21,35.9,36.655,35.9,36.62,30001210.0,40.18,35.375,37.7775,0.8694642857142867,37.89032482645308,39.053923737054824,41.86910307604468,-0.9366405199177166,-0.7501628143385294,-0.1864777055791872,39.83516483516479,40.27754277856701,35.69945722143299,0.12051240657393729,-5.350219695011626,49.704199061507936,19.305812281782696,40.59149722735666,34134429.25,-532685185.0
2021-12-22,36.25,36.57,36.09,36.54,20008258.0,39.93,35.375,37.6525,0.8480357142857144,37.76172246202898,38.95533849246444,41.81607717479051,-0.9268825925621016,-0.7855067699832439,-0.14137582257885772,37.183098591549275,40.039022018922,35.613977981077994,0.11698264544285102,-5.97014925373135,48.07542058306489,19.79364076647716,41.19604127184662,34030621.85,-552693443.0
2021-12-23,36.32,36.68,36.17,36.63,14961069.0,39.17,35.375,37.2725,0.79625,37.65393937040717,38.864148747661915,41.76447441683239,-0.9014952410149704,-0.8087044641895892,-0.09279077682538117,43.33333333333335,39.710045484727,35.616954515273,0.10867526834877259,-5.762799073835856,45.02787388076814,22.067728190177178,35.577483740748995,33799693.15,-537732374.0
2021-12-27,36.44,36.865,36.44,36.53,22307694.0,39.17,35.375,37.2725,0.7544642857142857,37.54689752560649,38.77261350265557,41.71239009427685,-0.8793086238083632,-0.822825296113344,-0.05648332769501918,35.500878734622134,39.58822880141907,35.51477119858094,0.10847656159775594,-5.99588265568708,41.733599132137655,25.041420118343222,37.54792899408279,33218219.1,-560040068.0
2021-12-28,36.38,36.38,36.06,36.11,21858753.0,39.17,35.375,37.2725,0.7376785714285715,37.4100501422154,38.66819728686515,41.65664491920942,-0.8854096089164756,-0.8353421586739703,-0.05006745024250525,26.964285714285708,39.5295944611775,35.34440553882249,0.11179284991732806,-4.395022504633317,40.38805058796358,18.978455579762844,42.081820382473865,33051290.25,-581898821.0
2021-12-29,35.86,35.91,35.42,35.69,23265481.0,39.17,35.375,37.2725,0.7457142857142856,37.246235842956786,38.55140523639985,41.59727531802326,-0.913603718514949,-0.8509944706421662,-0.06260924787278288,22.905982905982867,39.511163477325674,35.11283652267432,0.1178796889647125,-5.281316348195331,40.13804260964478,17.241379310344872,47.75862068965508,32254296.9,-605164302.0
2021-12-30,35.8,37.18,35.79,36.99,48073537.0,39.17,35.375,37.2725,0.8207142857142854,37.22183242934185,38.49017365850182,41.55143178252054,-0.8215779785306765,-0.8451111722198683,0.023533193689191823,36.834733893557456,39.42777927365726,35.08522072634275,0.11655841389595131,1.093194861984137,39.31729827623526,25.630983463881712,43.39425587467356,32839304.3,-557090765.0
2021-12-31,36.73,37.08,36.56,36.58,22705444.0,39.17,35.375,37.2725,0.8342857142857133,37.1607055313093,38.41526488758018,41.50196479960989,-0.7728218804970695,-0.8306533138753086,0.05783143337823915,34.88063660477454,39.293785369767456,35.04121463023255,0.1144163782749688,-0.5437737901033302,37.965826549293254,25.214041095890504,42.34589041095887,31520794.15,-579796209.0
2022-01-03,36.46,36.6,36.03,36.55,24485164.0,39.17,35.375,37.2725,0.7842857142857136,37.10254309975603,38.34211724492997,41.45269151802173,-0.7282087338268965,-0.8101643978656262,0.08195566403872967,40.58641975308638,39.26000193507478,34.98299806492521,0.1152163535996544,0.5778756191524348,35.87211673150951,26.8214936247724,39.85428051001823,30223761.85,-604281373.0
2022-01-04,36.29,36.29,35.75,35.89,35152730.0,39.17,35.375,37.2725,0.8007142857142847,36.987062804541175,38.24595578434449,41.39734135366331,-0.7376063114063669,-0.7956527805737744,0.05804646916740752,37.3049645390071,39.152085938654466,34.86191406134553,0.11592865882965211,0.8996345234748349,33.5312261205148,26.27118644067806,38.055307760927775,29943148.85,-639434103.0
2022-01-05,35.45,35.99,35.225,35.24,39640797.0,39.17,35.225,37.197500000000005,0.7432142857142848,36.82067587077535,38.12807516535059,41.336074275517404,-0.7884151677845068,-0.794205258015921,0.005790090231414191,39.788199697428134,38.96455040711349,34.704449592886505,0.1156551823488031,-3.76843255051883,30.224319380823555,28.303700144161564,35.56943777030272,30246491.85,-679074900.0
2022-01-06,35.59,36.07,35.4199,35.86,40368549.0,39.17,35.225,37.197500000000005,0.7428571428571422,36.729182930701505,38.03913104121919,41.281585974268474,-0.7697791986473348,-0.7893200461422039,0.019540847494869062,43.46590909090908,38.62835915669181,34.74064084330819,0.10597713784796346,-1.8609742747673796,28.90752909369155,24.03846153846163,35.58653846153843,30715462.7,-638706351.0
2022-01-07,36.42,36.82,36.315,36.63,37717668.0,39.02,35.225,37.1225,0.7578571428571423,36.71973693730136,37.98387100038707,41.235301536713564,-0.6849814541820578,-0.7684523277501747,0.08347087356811689,51.96743554952509,38.221995935765534,34.923004064234476,0.09020416628699317,0.0,26.16393205028115,30.63147973609811,28.36946277097078,31346540.65,-600988683.0
2022-01-10,36.75,36.93,36.37,36.65,35178232.0,38.19,35.225,36.707499999999996,0.7289285714285708,36.713095324225044,37.93156233370522,41.18967664580099,-0.6091429768467904,-0.7365904575694979,0.1274474807227075,58.15709969788517,37.71462839451226,35.209371605487746,0.06870870465209024,0.3284971256501512,24.282411123298285,32.92503674669289,23.076923076923066,32080968.7,-565810451.0
2022-01-11,36.93,37.84,36.755,37.82,43829231.0,37.84,35.225,36.5325,0.7364285714285711,36.81851481715599,37.92718734022659,41.15614752494725,-0.4494502327596521,-0.6791624126075289,0.22971217984787673,58.90207715133532,37.728270049037256,35.200729950962746,0.06931508996625513,4.735530324009973,23.056262587772597,33.123181377303666,22.841901066925292,32780162.45,-521981220.0
2022-01-12,38.545,38.82,38.29,38.66,44415414.0,38.82,35.225,37.0225,0.7700000000000001,36.99389435837923,37.95592509159025,41.13131023614181,-0.25220434798756486,-0.5937707996835361,0.3415664516959712,64.1333333333333,38.027021860117735,34.999978139882266,0.08290204226479161,8.321658727934999,22.708432879081137,40.76994434137294,21.846011131725383,33487581.65,-477565806.0
2022-01-13,38.345,38.35,37.7,37.74,36251252.0,38.82,35.225,37.0225,0.8021428571428569,37.06495203853359,37.94745744093966,41.09756585568269,-0.1681831636449047,-0.5086532724758098,0.3404701088309051,56.662665066026406,38.18105916857658,34.960940831423414,0.08805114263085961,2.0275750202757514,22.35827898626539,38.15672306322355,26.22439893143361,32285340.35,-513817058.0
2022-01-14,38.0,38.2,37.815,38.12,33318126.0,38.82,35.225,37.0225,0.8046428571428567,37.165432796768485,37.954223815804774,41.06793833473063,-0.07012459285056849,-0.42094753655076156,0.35082294370019307,59.233449477351904,38.389950491971064,34.88604950802893,0.09563570565920987,4.209950792782946,22.102047391207698,36.39591655570354,26.14292055037723,32086308.05,-480498932.0
2022-01-18,37.34,37.865,37.23,37.7,41903208.0,38.82,35.225,37.0225,0.8346428571428568,37.216343958981014,37.94425425440067,41.03442651050445,-0.02600321011597373,-0.341958671263804,0.3159554611478303,59.23344947735195,38.51392873636974,34.898071263630264,0.0985086218258453,3.146374829001375,20.335366507101725,35.087719298245645,26.957637997432606,32523002.75,-522402140.0
2022-01-19,37.88,38.08,37.72,37.86,31112433.0,38.82,35.225,37.0225,0.8124999999999994,37.27764453431615,37.9409501659928,41.0028401770666,0.021624690432396676,-0.2692419989245639,0.2908666893569606,62.99401197604794,38.615516199898195,35.025483800101796,0.09750091388754634,5.488994148787962,18.870886816021063,37.93406593406594,22.065934065934062,32327712.5,-491289707.0
2022-01-20,39.38,39.78,38.92,39.03,52574969.0,39.78,35.225,37.5025,0.8432142857142851,37.44453553104795,37.98365800262054,40.983209926548525,0.1520268952445747,-0.1849882200907362,0.3370151153353109,62.40875912408762,38.98556558247837,34.89643441752163,0.1106935698805322,10.75482406356414,19.233164011722256,40.19483269800933,21.26217704362558,33456400.45,-438714738.0
2022-01-21,39.02,39.06,38.205,38.26,39613309.0,39.78,35.225,37.5025,0.8671428571428572,37.52219881380528,37.99449494369424,40.95611331036397,0.19103686317155422,-0.10978320343827813,0.30082006660983235,59.790209790209815,39.14396008465031,34.91003991534969,0.11434683256274117,6.692693809258232,18.784129397810716,39.08566721581546,26.565074135090615,34436653.0,-478328047.0
2022-01-24,37.81,37.82,36.895,37.65,49737518.0,39.78,35.225,37.5025,0.9239285714285711,37.53437035534763,37.98098533805918,40.9232166605096,0.1707622014257808,-0.05367412246546635,0.22443632389124715,56.004366812227104,39.20381724223207,34.952182757767936,0.11466730903673697,2.7846027846027743,17.99203174192007,36.68341708542713,30.962504831851547,36175475.45,-528065565.0
2022-01-25,37.5,37.945,37.38,37.69,37831007.0,39.78,35.225,37.5025,0.9071428571428568,37.549192226266904,37.96957414833137,40.89104535045478,0.1561223701272283,-0.011714823946927421,0.1678371940741557,60.53864168618268,39.26216184956112,35.009838150438874,0.11450677776610954,2.8376534788540297,17.635064896146506,38.346456692913385,29.330708661417294,36951641.1,-490234558.0
2022-01-26,37.86,37.88,36.91,36.97,39073607.0,39.78,35.225,37.5025,0.9217857142857143,37.49403106186053,37.930375162122296,40.852029973833346,0.0854373470856089,0.007715610259579845,0.07772173682602906,60.04645760743322,39.25191201224973,35.10608798775026,0.11150983147743286,-2.247488101533579,17.826226248429595,37.73731111972102,28.4385896939171,37812383.8,-529308165.0
2022-01-27,36.75,36.77,36.27,36.31,37948007.0,39.78,35.225,37.5025,0.9124999999999999,37.3812661988262,37.8668310381175,40.806835645735504,-0.023565874352534877,0.0014593133371569003,-0.025025187689691777,52.60115606936419,39.20628075232625,35.21371924767375,0.1072980785985622,-6.078634247283999,16.81957491832815,37.495107632093934,33.7377690802348,38546510.1,-567256172.0
2022-01-28,36.05,36.2,35.61,36.2,32211397.0,39.78,35.225,37.5025,0.8939285714285715,37.26876465608085,37.80146511505407,40.76099648508142,-0.11747363047242487,-0.022327275424759454,-0.09514635504766542,47.309136420525654,39.21577156863742,35.12522843136257,0.1100481063551701,-4.080551139374666,17.283003402628,32.28126248501797,39.71234518577705,37753403.1,-599467569.0
2022-01-31,36.92,37.96,36.81,37.94,45325310.0,39.78,35.225,37.5025,0.9796428571428569,37.332691831692195,37.80689785564019,40.73292686831444,-0.05090593363789253,-0.02804300706738607,-0.02286292657050646,56.64263645726057,39.29152626434937,35.18547373565063,0.11026363920938652,-0.4721930745015701,16.509354799134943,41.48742253007655,36.237695953335766,38884396.4,-554142259.0
2022-02-01,38.04,38.2,37.66,38.19,27685715.0,39.78,35.225,37.5025,0.9332142857142856,37.41434022867389,37.82192146914449,40.70762411340584,0.02177138933659961,-0.018080127786588934,0.039851517123188546,52.1046643913538,39.38868990271382,35.25231009728617,0.11083398682835578,1.2997347480105947,15.232898843302893,38.42326827401452,38.040566398775354,39044423.95,-526456544.0
2022-02-02,38.35,38.365,37.56,37.86,24978043.0,39.78,35.225,37.5025,0.9192857142857142,37.456784016419235,37.823414744864316,40.67928954511325,0.05213941856919746,-0.004036218515431655,0.05617563708462912,45.169082125603865,39.38547587537311,35.45252412462688,0.10510574175542445,0.0,13.669731160244194,32.672882672882665,38.61693861693861,38535689.6,-551434587.0
2022-02-03,37.6,37.94,37.43,37.63,29764993.0,39.78,35.4199,37.59995,0.8871428571428572,37.47328077676026,37.815829852908855,40.64894835560964,0.0569902743090438,0.008169080049463437,0.04882119425958036,49.275362318840585,39.216798323648554,35.860201676351444,0.0894174420207816,-3.586984370996671,12.595861628429065,33.85668276972623,36.31239935587766,38041899.4,-581199580.0
2022-02-04,37.59,38.105,37.525,37.98,34561485.0,39.78,35.61,37.695,0.8957142857142857,37.52153975040214,37.82226789789282,40.62239165555383,0.08806156841508539,0.02414757772258783,0.06391399069249756,49.07407407407407,39.13355445095154,36.15544554904846,0.07911139480941663,-0.731834814427601,11.537430947925989,34.84848484848483,35.964912280701796,37751546.2,-546638095.0
2022-02-07,37.79,37.945,37.605,37.75,26002765.0,39.78,35.61,37.695,0.8589285714285714,37.54329786941146,37.819433862681336,40.59381064405578,0.09305404592363686,0.03792887136279764,0.05512517456083922,50.33921302578017,39.111083679117776,36.28991632088222,0.07483103296337067,0.26560424966799445,10.984661607976992,36.34095634095632,32.64033264033267,37165801.05,-572640860.0
2022-02-08,37.45,38.12,37.43,38.12,28352739.0,39.78,35.61,37.695,0.8810714285714286,37.59822188184847,37.831220770027166,40.569195612771644,0.125420755699011,0.05542724823004032,0.06999350746897069,51.7150395778364,39.10506051901004,36.44293948098996,0.07047495732567573,1.1408861767046918,9.298922194161195,33.684637211187685,31.820024321037728,36824526.4,-544288121.0
2022-02-09,38.42,38.79,38.26,38.77,35321910.0,39.78,35.61,37.695,0.7917857142857143,37.7098197978629,37.868035641790804,40.55129316886347,0.20120184448941814,0.08458216748191588,0.11661967700750225,48.158640226628904,39.225288483094005,36.417711516905996,0.07423230083915257,4.868812550716806,7.909006285278179,28.191249436175013,35.408209291835846,36399160.35,-508966211.0
2022-02-10,38.18,38.9,38.12,38.3,29612271.0,39.78,35.61,37.695,0.7864285714285713,37.76602743616167,37.88497542054411,40.5288922418101,0.22078871639655517,0.11182347726484375,0.10896523913171142,50.29585798816568,39.17077581632197,36.43622418367803,0.07233593801219311,5.480583861195254,6.794962376826674,28.383287920072668,30.42688465031791,35659003.2,-538578482.0
2022-02-11,38.32,38.49,37.545,37.65,41388734.0,39.78,35.61,37.695,0.7564285714285717,37.75497720414627,37.87576069816983,40.50024654786174,0.18176659362982406,0.1258121005378398,0.05595449309198425,50.0,39.167747410477325,36.430252589522674,0.07242241384572745,4.00552486187844,6.825524845716664,29.50897072710103,24.693106704438158,35915877.3,-579967216.0
2022-02-14,37.44,37.49,37.08,37.29,32253930.0,39.78,35.61,37.695,0.7567857142857147,37.71069366089424,37.85278969039846,40.468303796141726,0.12040434253189858,0.12473054893665157,-0.004326206404752994,47.19101123595506,39.135566914578796,36.379433085421205,0.07299566520976206,-1.7132314180284602,5.967959903693197,28.315243039169403,29.07031618688064,35862667.5,-612221146.0
2022-02-15,37.49,37.88,37.42,37.86,32642801.0,39.78,35.61,37.695,0.7296428571428574,37.724913312237646,37.853072447637736,40.44235052453833,0.11642646098757581,0.12306973134683642,-0.006643270359260614,56.38450502152082,39.14401903753492,36.386980962465074,0.07300414598164578,-0.864100549882163,5.892851171675804,33.18649045521292,25.55066079295153,35399647.15,-579578345.0
2022-02-16,37.82,38.26,37.715,38.1,26391290.0,39.78,35.61,37.695,0.7185714285714287,37.7606358539293,37.862755881063705,40.41904355414491,0.13112838899715484,0.12468146287690011,0.0064469261202547284,63.66412213740459,39.16364004001416,36.39135995998585,0.07338442406269101,0.6339144215530945,7.756005439011239,37.47514910536774,19.58250497017898,35163590.0,-553187055.0
2022-02-17,38.02,38.3382,37.69,37.79,32792197.0,39.06,35.61,37.335,0.7148714285714287,37.763432439269366,37.859902709257284,40.39288391679024,0.11642330821836566,0.12302983194519324,-0.006606523726827573,61.777777777777764,38.97047703900313,36.46052296099687,0.06654966997670082,0.42519266542651035,10.53352137821781,38.450470614096425,13.089266801223017,34174451.4,-585979252.0
2022-02-18,37.18,37.19,36.61,36.71,43084395.0,38.9,35.61,37.254999999999995,0.6734428571428575,37.66310554029133,37.81480848536484,40.3562383056779,0.01742162603306241,0.10190819076276708,-0.08448656472970467,39.901477832512334,38.94188246160766,36.334117538392334,0.06928542757891833,-3.343865192206419,10.532456629285068,22.14844827220466,25.34948346450011,34348005.7,-629063647.0
2022-02-22,35.9,36.099,35.59,35.73,42451898.0,38.9,35.59,37.245000000000005,0.7148714285714283,37.47900025073978,37.73305128986034,40.310206083730854,-0.1385189697079383,0.05382275866862601,-0.19234172837656432,31.964809384164212,39.100104111109495,35.98389588889051,0.08300591929622786,-5.350993377483448,12.618290840181087,18.46685717711476,34.072060910053736,33983724.7,-671515545.0
2022-02-23,36.02,36.06,35.29,35.31,28959348.0,38.9,35.29,37.095,0.7123714285714284,37.272428798288374,37.638029670650134,40.260452789365374,-0.29262035987871116,-0.015465865040841426,-0.27715449483786975,31.54848046309698,39.27022950444949,35.575770495550515,0.09872161528736269,-7.371458551941224,14.707061016208586,16.87723097902378,37.1996951830907,33540141.75,-700474893.0
2022-02-24,33.9,35.12,33.87,35.05,47219575.0,38.9,33.87,36.385,0.7788000000000004,37.0607689127371,37.5365383110168,40.208607487978654,-0.4307611030623306,-0.09852491264513928,-0.3322361904171913,31.412103746397676,39.45202978307378,35.20197021692621,0.11386019680519652,-9.595047717307214,18.002004383311718,15.437669674957796,45.85809670555431,33947440.15,-747694468.0
2022-02-25,34.8211,35.26,34.51,35.22,37215512.0,38.9,33.87,36.385,0.7909428571428576,36.88545758771452,37.445693671369085,40.158969602526135,-0.520520818057328,-0.18292409372757704,-0.33759672432975096,29.5857988165681,39.557258423255,34.98774157674499,0.12259754098893322,-8.041775456919053,21.47444478803111,14.974894339486324,45.15406567207309,33910815.4,-710478956.0
2022-02-28,34.66,35.01,34.605,34.9,42867431.0,38.9,33.87,36.385,0.808085714285715,36.69636638888456,37.34586254700167,40.106641546779606,-0.6104405854402231,-0.26842739207010624,-0.3420131933701168,29.197080291970835,39.68644608336154,34.728553916638454,0.133249806268174,-7.304116865869858,24.676306554179114,14.65721458119718,44.19616023759852,34443617.1,-753346387.0
2022-03-01,34.81,35.25,34.63,34.83,38538884.0,38.9,33.87,36.385,0.803085714285715,36.5186172089908,37.24720127064867,40.05413765079175,-0.6795180033562715,-0.3506455143273393,-0.32887248902893224,24.885496183206186,39.72040855390044,34.38359144609956,0.14403587141857074,-6.59694288012872,27.68479359897201,16.883093781129936,44.47132488971108,34104295.8,-791885271.0
2022-03-02,34.83,34.86,34.22,34.57,32643834.0,38.9,33.87,36.385,0.8009428571428577,36.33303461765834,37.14221298552519,39.99956911695303,-0.7466354333092298,-0.4298434981237174,-0.31679193518551235,15.90909090909095,39.700617046807096,34.04138295319291,0.15348740456223556,-8.68991019545694,31.373970396053597,10.95316234437984,48.24670923554382,34352201.75,-824529105.0
2022-03-03,34.38,34.47,33.64,33.69,37919353.0,38.9,33.64,36.269999999999996,0.8116571428571433,36.08131703502421,37.00683208413205,39.9367873346948,-0.8609110786192815,-0.5160570142228302,-0.3448540643964513,14.916286149162914,39.78468462652471,33.540315373475295,0.17032033421205353,-11.574803149606305,35.789781702236546,10.808575049281895,51.48197690791325,34999267.25,-862448458.0
2022-03-04,33.17,33.49,32.845,32.97,38167242.0,38.9,32.845,35.8725,0.8045142857142861,35.785001126926666,36.84852494357785,39.86746606768291,-0.9980682243337782,-0.6124592562450198,-0.38560896808875833,14.75903614457836,39.92132187403676,32.93767812596325,0.1917029810475989,-12.754697009790949,39.89387944310473,10.904538674621781,53.892321897862104,35419379.7,-900615700.0
2022-03-07,32.22,32.58,31.72,31.72,52304628.0,38.9,31.72,35.31,0.8530857142857146,35.39785816245746,36.647406318339506,39.78639675357662,-1.1938686293883336,-0.7287411308736826,-0.46512749851465096,13.014608233731778,40.109437317446094,32.12356268255391,0.2211143005244745,-13.5930264233179,44.73801760258198,10.283676066715794,56.35005693616453,36306536.85,-952920328.0
2022-03-08,31.59,31.83,31.0,31.27,62576828.0,38.9,31.0,34.95,0.8702285714285714,35.00472881365199,36.43652763918894,39.70165648737188,-1.3695656005349193,-0.85690602480593,-0.5126595757289892,5.533063427800329,40.25173229172683,31.33326770827318,0.24917132313902776,-12.482507696613487,49.50756432477222,6.879965854619481,61.14978002495243,38135240.0,-1015497156.0
2022-03-09,31.52,31.84,31.27,31.79,40441978.0,38.9,31.0,34.95,0.8720142857142861,34.69856416473275,36.254310869024664,39.62293353724878,-1.4501308559855488,-0.9755509910418538,-0.474579864943695,8.972691807542276,40.1338034127235,30.8181965872765,0.26258898481923,-9.968847352024934,53.56579253550421,3.8351272095804982,61.02455726478924,38739701.95,-975055178.0
2022-03-10,30.805,30.81,30.255,30.35,59032932.0,38.9,30.255,34.5775,0.935357142857143,34.28441519666296,36.022769266317816,39.53066554185327,-1.6115978697319306,-1.1027603667798693,-0.5088375029520613,7.823129251700692,39.973975075101784,30.136024924898212,0.28064327913859854,-13.409415121255341,56.564673216546154,2.9782359679267207,64.6429935089729,39925253.05,-1034088110.0
2022-03-11,30.555,30.63,29.05,29.07,54458441.0,38.49,29.05,33.77,0.9639285714285715,33.7878042255522,35.750111648030845,39.42657931755622,-1.821845839251381,-1.2465774612741718,-0.5752683779772092,7.649667405764973,39.94362159232195,29.24337840767803,0.30931369143463155,-17.46166950596252,62.605724379195536,2.889959244164536,63.65320489070028,41167561.55,-1088546551.0
2022-03-14,27.77,28.16,27.06,27.12,88118799.0,38.3382,27.06,32.6991,1.0275000000000003,33.15277525169009,35.41167589712768,39.3041257920084,-2.121363811504498,-1.421534731320237,-0.6998290801842608,6.906906906906926,40.17014879903439,27.963851200965596,0.35830268582701147,-22.292263610315178,67.06705470541381,2.711157455683031,66.45811609315263,43504064.8,-1176665350.0
2022-03-15,26.44,27.4675,26.13,27.07,116703755.0,38.3382,26.13,32.2341,1.0680357142857146,32.5734633229577,35.084551352142284,39.18239319706304,-2.3358424072981947,-1.6043962665158287,-0.731446140782366,7.172557172557177,40.209497378703716,26.902502621296282,0.3965608164682154,-22.27964398507034,70.99897914256171,2.6082594883798964,68.14913893997661,47726556.05,-1293369105.0
2022-03-16,30.24,32.97,29.86,32.82,165327124.0,38.3382,26.13,32.2341,1.3866071428571427,32.59694300648554,34.99574541676416,39.119085802067396,-2.0185724477941385,-1.6872315027714908,-0.33134094502264766,42.620780939774995,39.64559335780726,26.962406642192732,0.3808307325130473,-5.062192652588948,68.85583436812769,30.354153251770782,45.177076625885405,54360772.2,-1128041981.0
2022-03-17,31.73,31.74,30.85,31.61,80360726.0,38.3382,26.13,32.2341,1.4737499999999997,32.5029484344393,34.86297108669498,39.04436853040504,-1.8435196596038423,-1.7184891341379611,-0.12503052546588123,38.8235294117647,38.9405506844979,27.01844931550209,0.36150036747057457,-6.17393885425942,66.75493156106054,27.880770628862244,42.505755482854745,57059244.0,-1208402707.0
2022-03-18,31.64,33.49,31.515,33.17,90910924.0,37.19,26.13,31.659999999999997,1.5708928571428569,32.56647715496889,34.79658006368733,38.98591710224181,-1.560916823732775,-1.686974672056924,0.126057848324149,45.025876940770566,38.26622750705396,27.23077249294604,0.3369758924563849,0.606612071580237,63.72625103895492,34.113902466750055,39.87723087416167,59965180.35,-1117491783.0
2022-03-21,31.84,32.2,31.225,31.78,78956385.0,36.099,26.13,31.1145,1.6655357142857141,32.491574568781374,34.678282806287825,38.91421643455781,-1.4325993104579169,-1.6360995997371226,0.20350028927920571,41.84927846071621,37.70613843417903,27.29786156582096,0.3202349661054112,0.1891551071879105,61.30104053232719,31.14613487723814,38.854937278867816,61758779.85,-1196448168.0
2022-03-22,32.96,33.43,32.78,33.18,50664004.0,36.06,26.13,31.095,1.7376785714285712,32.5571388955641,34.61952661780595,38.85715955461196,-1.2040588164624246,-1.549691443082183,0.34563262661975847,46.498740554156164,37.366263637284945,27.38273636271505,0.3083762613961573,6.1080908218740015,56.86695312171184,34.90905354023225,35.55646901654506,62169385.15,-1145784164.0
2022-03-23,32.68,33.675,32.37,32.97,46903380.0,35.26,26.13,30.695,1.7644642857142856,32.596459000748474,34.554839299460625,38.79858085257602,-1.0280335426316256,-1.4453598629920716,0.41732632036044603,48.12304483837331,37.06588686157011,27.449113138429894,0.29812520260839226,3.711859075180879,52.20819503511604,34.37911142596903,34.328509260196356,63066586.75,-1192687544.0
2022-03-24,32.5,32.72,32.11,32.61,53219514.0,35.26,26.13,30.695,1.7655357142857142,32.59774861972481,34.47857109163864,38.73700293364492,-0.9071244700561323,-1.337712784404884,0.43058831434875167,49.04357066950053,36.76609152751895,27.50490847248105,0.2881916589142196,7.446457990115318,47.70736736978247,34.35824820471326,32.14321836755335,63366583.7,-1245907058.0
2022-03-25,31.83,32.23,31.685,32.12,33940867.0,35.25,26.13,30.689999999999998,1.7423214285714284,32.55224875117959,34.386078107652814,38.67116210843453,-0.8411458579806848,-1.2383993991200442,0.3972535411393594,51.10741971207087,36.37803268142531,27.58296731857469,0.2750133788668289,10.49191606467148,43.33545325731711,34.816029517269655,29.701752587885625,63202851.45,-1279847925.0
2022-03-28,32.41,32.72,32.1911,32.62,35459278.0,35.25,26.13,30.689999999999998,1.7258928571428573,32.55870125106725,34.316820142646826,38.6109515401914,-0.7399814655229235,-1.13871581240062,0.3987343468776965,53.72722252898951,36.058785019437906,27.674214980562102,0.2631154986859493,20.280235988200566,38.76927587254425,37.17537506466632,27.00465597516814,62832443.8,-1244388647.0
2022-03-29,33.45,33.73,33.2,33.32,44333742.0,34.86,26.13,30.494999999999997,1.7644642857142858,32.631205893822745,34.277729156660676,38.5583052562094,-0.5964483208278466,-1.0302623140860654,0.4338139932582188,54.18261344997266,35.80934687140621,27.77265312859378,0.2527977648646608,23.088289619504977,33.9672005168994,40.41088958607427,26.414330533346835,63122186.7,-1200054905.0
2022-03-30,33.11,33.62,33.06,33.14,44718756.0,34.47,26.13,30.299999999999997,1.6948214285714283,32.679662475363436,34.23311232698771,38.50439177107299,-0.4915554203308119,-0.9225209353350148,0.4309655150042029,58.19142689371696,35.57732854111276,27.86167145888724,0.24324649134524576,0.9750152346130525,29.433149064548864,42.07143609735539,23.81203245179645,63725932.8,-1244773661.0
2022-03-31,32.74,32.77,31.96,31.97,42766011.0,33.73,26.13,29.93,1.6662499999999998,32.61207557294787,34.144362823968585,38.43937294748022,-0.497105935094325,-0.8374379352868768,0.34033200019255183,58.56973995271866,35.38149469190109,27.885505308098903,0.23696364246138388,1.1388801012337746,24.952027463915538,42.792841067409704,23.77022827135358,63968265.7,-1287539672.0
2022-04-01,33.49,33.78,32.96,33.2,53655741.0,33.78,26.13,29.955,1.6519642857142856,32.668068375524264,34.107328987734526,38.387239883326195,-0.39766994597633953,-0.7494843374247694,0.35181439144842985,68.76543209876543,35.411626300046635,27.878373699953364,0.2380550671541561,0.09044317154054404,22.020943102427747,47.52999675710733,15.371311209598979,64742690.65,-1233883931.0
2022-04-04,33.97,34.39,33.78,34.33,40553922.0,34.39,26.13,30.259999999999998,1.641428571428571,32.82634757785529,34.116061184293955,38.346869337223445,-0.22508995511778807,-0.6446054609633731,0.41951550584558506,71.00694444444443,35.729272216103865,27.82172778389614,0.2488566484306376,8.023914411579591,19.911802513317294,50.48955613577023,11.4229765013055,64155155.35,-1193330009.0
2022-04-05,34.15,34.16,33.36,33.39,40261647.0,34.39,26.13,30.259999999999998,1.289285714285714,32.88002876091669,34.08758819667459,38.297547254266,-0.16229833885974898,-0.5481440365426483,0.38584569768289934,52.28548516439454,35.89148372486437,27.871516275135626,0.251555524355151,0.6329113924050667,20.896183904640544,33.795013850415515,16.86980609418286,63039396.3,-1233591656.0
2022-04-06,32.98,33.05,32.46,32.74,43614197.0,34.39,26.13,30.259999999999998,1.2149999999999996,32.86669268844843,34.03474160072657,38.24224827661161,-0.16310492624891992,-0.47113621448390264,0.3080312882349827,54.7439126784215,35.956886477257925,27.901113522742076,0.2523027014474568,-0.6976038823172437,20.94442365384379,35.8612580834803,23.192239858906557,63198007.25,-1277205853.0
2022-04-07,32.5429,32.64,32.035,32.25,34133673.0,34.39,26.13,30.259999999999998,1.124285714285714,32.80796005145334,33.96475173403141,38.182623915650304,-0.2009664414256349,-0.41710225987224914,0.21613581844661423,45.75645756457564,35.984135032253,28.063864967747005,0.24732294730533336,-1.1039558417663242,20.40443385848635,27.63659466327824,27.763659466327884,61953044.3,-1311339526.0
2022-04-08,32.31,32.595,32.19,32.28,26536032.0,34.39,26.13,30.259999999999998,1.0142857142857142,32.75767814179112,33.8986830385792,38.12389133937518,-0.22594664344242688,-0.3788711365862847,0.1529244931438578,52.63713080168776,35.89272400390692,28.47627599609308,0.2304353961631792,0.49813200498132204,19.84660820043715,30.633802816901373,28.73239436619725,60556923.85,-1284803494.0
2022-04-11,31.7,31.96,31.415,31.51,49128461.0,34.39,26.13,30.259999999999998,0.9582142857142859,32.638851652096726,33.80500919392904,38.0580814753018,-0.3043676376898645,-0.3639704368070007,0.059602799117136174,40.56497175141244,35.27523960025967,29.53276039974034,0.17721513395010882,-3.402820355610048,21.334945111322384,23.25754752143121,36.19083115915025,58607406.95,-1333931955.0
2022-04-12,31.94,31.97,31.34,31.39,41435780.0,34.39,29.86,32.125,0.9100000000000001,32.519913399516085,33.71030295102986,37.99173240589581,-0.37191266010378143,-0.36555888146635684,-0.00635377863742459,40.98173515981737,34.12805556228603,31.11194443771397,0.09246202098626793,-5.792316926770702,22.638585024230913,24.48979591836732,35.47880690737835,54844008.2,-1375367735.0
2022-04-13,31.59,32.08,31.49,32.0,32892339.0,34.39,30.85,32.620000000000005,0.8978571428571429,32.47039783765741,33.64323224706791,37.93211317797645,-0.37193325988558,-0.3668337571502015,-0.005099502735378514,46.61487236403996,34.10859437347382,31.049405626526163,0.09390063375019672,-3.4399517199758645,23.382932910857228,25.696101829753353,33.890214797136075,48222268.95,-1342475396.0
2022-04-14,31.93,31.995,31.62,31.64,24839657.0,34.39,31.225,32.807500000000005,0.8589285714285714,32.39131232930908,33.56467411973191,37.8695050866533,-0.3964287923654979,-0.3727527641932608,-0.023676028172237074,47.29729729729732,34.10614705858295,31.054852941417053,0.09365399908429567,-1.0322177040975822,23.428391073616062,26.860706860706834,31.891891891891934,45446215.5,-1367315053.0
2022-04-18,31.29,31.51,30.98,31.35,33395647.0,34.39,30.98,32.685,0.8632142857142855,32.29213972651774,33.47782415425223,37.804634389273666,-0.43423664496525305,-0.38504954034765926,-0.04918710461759379,42.67589388696657,34.082715550221586,30.89628444977841,0.09807571986159147,-5.572289156626509,24.014102025278984,22.672734795200626,37.02937525858508,42570451.65,-1400710700.0
2022-04-19,30.86,31.09,30.53,31.04,29185357.0,34.39,30.53,32.46,0.8424999999999999,32.17288832399224,33.382223207026655,37.73732459435552,-0.4836389608771441,-0.40476742445355623,-0.07887153642358785,36.231884057971,34.146288963426585,30.758711036573416,0.10438573074041041,-9.583454704340221,25.94724422449109,14.667231877914343,41.75498092412043,40081900.25,-1429896057.0
2022-04-20,30.88,30.91,30.13,30.13,42372484.0,34.39,30.13,32.26,0.8675000000000003,31.978327531231074,33.25468504204522,37.66162982227238,-0.5894255165246101,-0.441699042867767,-0.14772647365684305,33.29633740288567,34.24811649927068,30.351883500729315,0.12062640862357167,-9.763402216232409,27.536469207675697,14.244545080279918,42.69246603540555,39667324.25,-1472268541.0
2022-04-21,30.07,30.18,29.185,29.24,51838723.0,34.39,29.185,31.7875,0.8542857142857146,31.71753443301859,33.0972464129454,37.57783251060798,-0.7365867721854471,-0.500676588731303,-0.23591018345414405,34.36426116838487,34.46413507655939,29.76286492344062,0.14639544593765133,-10.69028711056812,28.982057727375917,14.464882943143781,42.05685618729099,39914091.4,-1524107264.0
2022-04-22,29.73,30.33,29.47,29.51,47891540.0,34.39,29.185,31.7875,0.802857142857143,31.50729305844539,32.95657008302597,37.49755557020393,-0.8219514394731675,-0.5649315588796759,-0.25701988059349157,26.25482625482624,34.566070153467834,29.35092984653216,0.16318476483363342,-8.496124031007746,30.366547128590202,7.740213523131648,44.750889679715335,39647692.7,-1476215724.0
2022-04-25,28.63,29.23,28.52,29.18,54395284.0,34.39,28.52,31.455,0.788571428571429,31.285646100498212,32.80846929545633,37.41479382323673,-0.9057904074111462,-0.6331033285859701,-0.2726870788251762,13.055954088952703,34.697365919486906,28.9256340805131,0.18143538779918603,-9.603469640644368,32.40704967647283,2.3550724637680966,54.16666666666667,40670413.55,-1530611008.0
2022-04-26,29.02,29.04,28.55,28.56,37196979.0,34.39,28.52,31.455,0.7642857142857148,31.02606075759362,32.64186265641882,37.326686422010496,-1.0106125001555881,-0.7086051628998937,-0.3020073372556944,13.684210526315837,34.80894256807888,28.40805743192111,0.20250518487614952,-9.362107267534125,36.525553903762784,2.4299065420560546,51.962616822429894,40757298.6,-1567807987.0
2022-04-27,29.11,29.7,29.11,29.47,61489564.0,34.39,28.52,31.455,0.7792857142857148,30.877864494965657,32.51747588557887,37.248510437711886,-1.0086285272327942,-0.7686098357664739,-0.24001869146632027,26.3386396526773,34.64600016294483,28.185999837055167,0.20562771600107155,-6.116597642561327,39.78067034470432,8.43263061411547,42.713107241063256,41615089.7,-1506318423.0
2022-04-28,29.75,29.85,29.2383,29.7,38035822.0,34.39,28.52,31.455,0.7726214285714289,30.765686924016546,32.40698663516401,37.173400881117736,-0.9772322119544476,-0.8103343110040687,-0.16689790095037893,30.827067669172948,34.453757492067965,28.03424250793203,0.20546392856663465,-7.187500000000002,44.025766034494715,9.892111272384366,39.15242171826895,41280943.0,-1468282601.0
2022-04-29,31.59,31.79,30.88,30.94,66729026.0,34.39,28.52,31.455,0.8929785714285716,30.782288169348302,32.34945774751052,37.11137699175338,-0.8425800309021305,-0.8167834549836811,-0.025796575918449416,41.475826972010196,34.38622328498326,27.998776715016746,0.20477507637946665,-2.212389380530966,45.00472071915884,24.076725565323095,33.87539294655925,42479093.75,-1401553575.0
2022-05-02,30.81,31.18,30.48,31.07,48913902.0,34.39,28.52,31.455,0.8811928571428572,30.809689296077035,32.29928293388266,37.05126378785534,-0.717110885850861,-0.7968489411571171,0.0797380553062561,46.95290858725762,34.13671104739998,28.03528895260003,0.1962755611786639,-0.8931419457735235,44.3345170584417,24.398745207389318,31.28875631246605,42242001.8,-1352639673.0
2022-05-03,31.49,31.69,31.25,31.52,37495439.0,34.16,28.52,31.339999999999996,0.8804785714285716,30.87733793454589,32.26872281882844,36.99622633722991,-0.574739209404985,-0.7524269948066907,0.1776877854017057,50.86092715231788,33.60028693762826,28.290713062371736,0.17157822220537802,1.546391752577314,43.28473455580649,28.555898983507337,30.70570387857253,42089077.65,-1315144234.0
2022-05-04,30.85,31.69,30.68,31.66,41497156.0,33.05,28.52,30.784999999999997,0.9033357142857147,30.951877178874852,32.244851335737124,36.94312955775499,-0.44547662290858625,-0.6910369204270699,0.24556029751848363,47.598870056497184,33.280951366366295,28.4370486336337,0.15696888210028176,5.077995353468312,43.17175774644891,26.963555710185254,34.43586073837442,42150853.1,-1273647078.0
2022-05-05,30.63,30.76,29.715,30.0,52242829.0,32.64,28.52,30.58,1.0151214285714292,30.861222209458198,32.156817950021946,36.874043691508675,-0.4715475124295416,-0.6471390388275643,0.17559152639802267,40.21479713603819,33.00175621965229,28.442243780347706,0.14841196664620102,2.59917920656636,44.12284626073921,23.994314543650642,37.43394527044616,42582284.7,-1325889907.0
2022-05-06,29.56,29.66,29.0,29.07,52125022.0,32.595,28.52,30.557499999999997,1.0394071428571434,30.69062961808123,32.03576626570736,36.796391515473765,-0.5607876963855105,-0.6298687703391536,0.06908107395364305,37.36141906873615,32.837611360671445,28.28838863932855,0.14884738806213058,-1.491019993222642,44.0154809063551,23.433688160146225,37.074706048090576,43481852.15,-1378014929.0
2022-05-09,28.44,28.71,27.89,28.01,57234938.0,32.08,27.89,29.985,1.065121428571429,30.43533155921635,31.877893078816875,36.70896473422527,-0.7088728810075864,-0.6456695924728402,-0.06320328853474622,34.493346980552744,32.74396269107232,27.95503730892768,0.15779256271584838,-4.009595613433847,42.582341261535184,22.86794932837972,40.60569888074463,45016797.45,-1435249867.0
2022-05-10,28.68,28.735,27.9941,28.33,46312268.0,32.08,27.89,29.985,1.0530428571428576,30.234823791671936,31.73876001690249,36.62559195080014,-0.7912886480931753,-0.6747934035969072,-0.11649524449626814,40.196078431372555,32.68089819263594,27.700101807364057,0.16497892997041722,-0.8053221288515378,40.75795522826188,23.299824996947603,38.358227178380986,44875987.8,-1388937599.0
2022-05-11,28.93,29.26,28.28,28.34,42376628.0,32.08,27.89,29.985,1.051971428571429,30.054364382941277,31.605475310357296,36.543148249797156,-0.8460441505323892,-0.7090435529840037,-0.13700059754838556,44.57831325301206,32.59185446562021,27.484145534379795,0.17004157837540493,-3.834407872412615,37.88895172710505,26.888291371302852,31.98077079768595,44923030.2,-1346560971.0
2022-05-12,28.25,28.715,27.83,28.34,47234605.0,31.995,27.83,29.9125,1.037328571428572,29.891091584565917,31.477417455049167,36.461524884127535,-0.8793022319245658,-0.7430952887721162,-0.13620694315244963,42.714819427148186,32.34050746697933,27.36949253302067,0.16650527328617196,-4.579124579124583,33.927644059091406,26.234971699282493,35.530827813201476,45640143.5,-1346560971.0
2022-05-13,28.96,29.63,28.94,29.61,39524860.0,31.79,27.83,29.81,1.0587571428571432,29.8643209574644,31.404185397988417,36.39335050717104,-0.7940280537341131,-0.7532818417645156,-0.04074621196959749,52.396878483835,32.09363292469721,27.413367075302794,0.15730135444214685,-4.2986425339366585,27.791728584899488,31.876998637216143,28.402574447128032,46374403.65,-1307036111.0
2022-05-16,29.47,29.78,29.335,29.57,17894439.0,31.79,27.83,29.81,1.0455428571428576,29.836290390086837,31.33225655885162,36.32545647227382,-0.7213599306078713,-0.7468974595331868,0.025537528925315467,56.0190703218117,31.8811116864281,27.447888313571895,0.1494454102666893,-4.82780817508851,21.809904709640755,33.304640104935245,28.761545608569705,45599343.25,-1324930550.0
2022-05-17,30.67,30.83,30.1,30.47,38858269.0,31.79,27.83,29.81,1.054114285714286,29.896643686269044,31.298442576151555,36.267193223793484,-0.5844107181231166,-0.7144001112511728,0.12998939312805613,55.966587112171844,31.791974806997892,27.480025193002113,0.14549701761357062,-3.3312182741116803,17.817724355216793,35.67653276955602,28.527673876511084,46082988.85,-1286072281.0
2022-05-18,30.11,30.32,29.59,29.62,29222091.0,31.79,27.83,29.81,1.0732785714285715,29.870296668529136,31.232621298655417,36.201051997686086,-0.5382606431778179,-0.6791722176365018,0.14091157445868396,49.555555555555564,31.753900888403646,27.467099111596358,0.144773029054129,-6.443461781427661,13.843122281920287,34.04122215640992,31.412427874536647,45425469.2,-1315294372.0
2022-05-19,29.75,30.445,29.74,30.3,31645663.0,31.79,27.83,29.81,0.9829214285714285,29.911220795335886,31.19604791439442,36.142335062385726,-0.4417241383838899,-0.6316826017859795,0.18995846340208955,46.2085308056872,31.8207035992019,27.5062964007981,0.1454449811520488,1.0000000000000009,13.90008821766753,23.980989615504807,34.30008211672204,44415816.2,-1283648709.0
2022-05-20,30.7,30.89,29.955,30.42,31331670.0,31.79,27.83,29.81,0.999707142857143,29.95967595768485,31.165614662849542,36.085396405048556,-0.35148358176888905,-0.5756427977825614,0.2241592160136724,46.14472123368922,31.890818652309957,27.52718134769005,0.14687930608973396,4.643962848297223,13.525583759259634,26.757836223465446,30.86618223908432,43587822.7,-1252317039.0
2022-05-23,30.39,30.43,30.11,30.35,23514129.0,31.79,27.83,29.81,0.9782785714285716,29.99684967600058,31.133629774110346,36.0283277841028,-0.2823608256543544,-0.51698640335692,0.23462557770256565,42.732919254658384,31.95233649875788,27.582663501242124,0.1467934155544052,8.354159228846836,14.292276459711205,23.62020750735621,31.542286377675094,42043764.95,-1275831168.0
2022-05-24,29.67,29.69,29.07,29.19,44341640.0,31.79,27.83,29.81,0.9975642857142858,29.92000684971481,31.05740899865504,35.96028472157442,-0.3175226455001834,-0.4770936517855727,0.15957100628538934,36.38368246968027,31.92798691004589,27.670013089954107,0.14288982248034446,3.0356512530886004,14.807058851114673,23.163562677664878,34.29782541762438,42400998.0,-1320172808.0
2022-05-25,29.46,29.68,29.3233,29.56,28305128.0,31.79,27.83,29.81,0.8936357142857142,29.885720483075303,30.998687077139156,35.896600296484124,-0.3119369186500478,-0.4440623051584678,0.13212538650841998,47.172236503856034,31.92993784172633,27.677062158273678,0.14269718937214254,4.304869442484116,13.841227486784437,25.85745230159301,30.573340047478624,40741776.2,-1291867680.0
2022-05-26,29.715,30.8,29.7,30.72,45761633.0,31.79,27.83,29.81,0.9107785714285715,29.96517567516337,30.987758172153306,35.84509183582259,-0.2114701877144718,-0.3975438816696686,0.1860736939551968,60.2996254681648,32.01907094326104,27.689929056738947,0.14500801844017136,8.398023994354276,13.422214685855339,34.15445184261503,24.39043518496736,41128066.75,-1246106047.0
2022-05-27,30.82,30.94,30.49,30.94,20686055.0,31.69,27.83,29.759999999999998,0.8586357142857146,30.05801608705257,30.9858853026571,35.79628495188406,-0.11279716276250085,-0.34059453788823507,0.22779737512573422,70.43235704323573,32.01907094326105,27.689929056738954,0.1450080184401713,4.491725768321508,14.170007828139427,37.39320683143524,16.637689357702023,38825918.2,-1225419992.0
2022-05-31,32.32,32.4,31.82,31.86,49882446.0,32.4,27.83,30.115,0.9100000000000001,30.229633602571376,31.020164310396037,35.75711793743746,0.03918651391226291,-0.2646383275281355,0.3038248414403984,72.71557271557273,32.17752820272065,27.610471797279345,0.15277501858036083,7.7443354751437266,15.965450388068266,46.54631083202511,15.69858712715858,38874345.4,-1175537546.0
2022-06-01,32.04,32.12,31.295,31.53,36495965.0,32.4,27.83,30.115,0.8989285714285712,30.3534780213741,31.040157866851096,35.71505706243808,0.13149068778665196,-0.185412524465178,0.31690321225182994,69.7156983930779,32.179531152612604,27.609468847387394,0.1528730136053525,3.478831637676416,17.94168335584925,42.94795391338895,20.063567739372292,38824371.7,-1212033511.0
2022-06-02,31.66,32.47,31.64,32.44,31535629.0,32.47,27.83,30.15,0.9028571428571424,30.552194400290855,31.095053636778506,35.68246942997601,0.2749028959470792,-0.09334944038272656,0.36825233632980575,72.7777777777778,32.36719569519922,27.49980430480078,0.16260682480827307,9.520594193112753,20.22372304418579,45.53006329113926,16.416139240506332,38326295.35,-1180497882.0
2022-06-03,32.14,32.23,31.82,31.87,32678850.0,32.47,27.83,30.15,0.8549999999999994,30.67769969550125,31.12544369023817,35.64453441077227,0.3386600060904712,-0.006947551088087018,0.34560755717855823,63.61445783132534,32.610527576170114,27.443472423829892,0.1720802994751464,5.181518151815179,22.668129376760103,40.434419381787826,17.335004177109443,37348096.4,-1213176732.0
2022-06-06,33.0,33.22,32.565,32.75,42953575.0,33.22,27.83,30.525,0.9196428571428564,30.875061629263037,31.189151780817067,35.615733073351656,0.4549522148228675,0.0854324020941039,0.3695198127287636,67.39606126914663,33.02173805628385,27.400261943716153,0.1860738178996954,7.659434582511504,25.465727957681676,44.11650485436896,16.116504854368937,36889524.05,-1170223157.0
2022-06-07,32.6799,33.28,32.555,33.25,30512145.0,33.28,27.83,30.555,0.8814285714285709,31.10124623599989,31.269969358039926,35.592193440780996,0.5807657434328846,0.18449907036186003,0.39626667307102453,65.9038901601831,33.394586447191195,27.55141355280881,0.1917491843396575,9.55518945634266,27.43146198982925,38.00648298217186,16.81523500810373,35553384.4,-1139711012.0
2022-06-08,33.74,34.3,33.615,34.16,56216125.0,34.3,27.83,31.064999999999998,0.8935714285714279,31.392556118285615,31.383303893018752,35.5779427597782,0.7453117758944892,0.2966616114683859,0.4486501644261033,75.79545454545456,33.93829052802486,27.590709471975153,0.20632810726810785,17.026378896882477,31.214296031836565,45.64348521183057,12.509992006394876,36048577.25,-1083494887.0
2022-06-09,33.37,33.555,32.7,32.72,49351449.0,34.3,27.83,31.064999999999998,0.9389285714285703,31.518979345115557,31.43572334819449,35.54950551838738,0.7508642312317129,0.3875021354210513,0.3633620958106616,62.65690376569039,34.05572035256719,27.911279647432814,0.1983133185448506,10.69012178619757,32.69957848596164,42.48763788512748,18.866489159376183,36397318.3,-1132846336.0
2022-06-10,33.11,33.315,32.5021,32.74,32614657.0,34.3,28.94,31.619999999999997,0.9302071428571416,31.635267026533125,31.486871452186865,35.52155023959745,0.7482530297867243,0.4596523142941859,0.28860071549253835,62.26215644820298,34.10403552224087,28.302964477759122,0.18591090885579337,6.575520833333348,34.43983132420065,39.46893549055899,20.56300823933229,35666320.9,-1100231679.0
2022-06-13,31.87,32.12,31.13,31.31,48884060.0,34.3,29.07,31.685,1.022349999999999,31.60428921448235,31.479935316806987,35.479644267064145,0.6236060425601693,0.4924430599473826,0.1311629826127867,54.43622920517559,34.090373621251594,28.486626378748404,0.17909926146997107,1.1958629605688387,34.26121475796164,35.911660110809166,28.29615242194108,36134280.9,-1149115739.0
2022-06-14,31.91,32.415,31.785,32.28,42078614.0,34.3,29.07,31.685,1.0098499999999988,31.668642622626887,31.5113104024224,35.44780701067545,0.5962204423962341,0.5131985364371529,0.08302190595908121,64.5343367826905,34.13664019768516,28.71135980231484,0.1726476704229354,1.318267419962349,34.92823397679773,38.44276731339173,21.290290637223386,37343489.65,-1107037125.0
2022-06-15,32.75,33.13,32.39,32.92,47354154.0,34.3,29.07,31.685,1.0355642857142848,31.78781951571004,31.56655313173917,35.422654702111515,0.6190240839498884,0.5343636459397,0.08466043801018841,65.41284403669727,34.29873373395287,28.79426626604713,0.17448742231010542,4.408499841420865,36.77984365341327,42.41993668048483,20.761627546058424,37768283.9,-1059682971.0
2022-06-16,31.75,31.96,31.43,31.65,47397161.0,34.3,29.07,31.685,1.0534214285714276,31.77469384754718,31.569825557945478,35.385115849354186,0.528525238056595,0.533195964363079,-0.004670726306484019,54.22343324250681,34.246522657202085,29.04947734279792,0.16421402029841264,-2.4352651048088703,36.429839932344585,34.10655076315956,26.919086785237262,38677037.4,-1107080132.0
2022-06-17,32.88,32.99,31.97,32.23,52803683.0,34.3,29.07,31.685,1.1169928571428562,31.818056338256973,31.595714751751537,35.353721661798424,0.4978663104985266,0.5261300335901685,-0.028263723091641935,55.67282321899735,34.274692212376706,29.214307787623305,0.15940980090262566,1.1295889551302007,35.09432000384928,37.85674547093926,25.387040459396758,39734938.4,-1054276449.0
2022-06-21,32.93,33.16,32.74,33.03,42013560.0,34.3,29.07,31.685,1.0791357142857136,31.93347954413726,31.651961232075006,35.330600053223314,0.5319897568789784,0.5273019782479306,0.004687778631047856,55.20000000000001,34.38671989722148,29.363280102778518,0.15759811119821066,0.854961832061063,32.102590041093784,30.646218203721272,26.277642822629254,40269032.9,-1012262889.0
2022-06-22,32.38,32.77,32.33,32.44,33056294.0,34.3,29.07,31.685,1.0702071428571427,31.98171958755276,31.682864713170105,35.301837863639,0.5055965623693162,0.5229608950722078,-0.017364332702891616,53.95308427454386,34.39618302474662,29.56281697525337,0.1511395127970497,-2.436090225563914,30.160874675979358,30.901894826769205,25.729331437839193,40746141.15,-1045319183.0
2022-06-23,32.91,33.275,32.53,32.94,42129112.0,34.3,29.3233,31.81165,1.0627071428571429,32.07298438873821,31.73216413618304,35.27833698937394,0.5190423893219211,0.5221771939221505,-0.0031348046002293017,52.252252252252255,34.22816063369364,30.105839366306363,0.12815373728937351,-3.57142857142857,27.572672249414854,32.16179702780632,25.910914846853437,40635514.75,-1003190071.0
2022-06-24,33.5,33.89,33.425,33.84,44152608.0,34.3,29.7,32.0,1.0862785714285719,32.241271589810765,31.814824366136648,35.2640251785344,0.5954567279392435,0.5368331007255691,0.05862362721367442,58.61767279090113,34.173756184436726,30.58824381556326,0.11072889561389294,3.4229828850855792,25.90896799286929,35.50786104590375,25.34866746888135,41427888.75,-959037463.0
2022-06-27,34.43,34.51,34.005,34.12,33253644.0,34.51,30.49,32.5,1.037707142857143,32.42019810506688,31.905223410601877,35.25264184342461,0.6708758624349827,0.5636416530674518,0.10723420936753081,56.32502308402584,34.325294819148596,30.776705180851405,0.10901630175101197,4.215027489309708,23.533139261360997,34.62303567618165,26.535149608684033,40802489.3,-925783819.0
2022-06-28,34.55,34.825,34.03,34.13,28941822.0,34.825,31.13,32.9775,1.042707142857143,32.5830363807748,31.99246955136259,35.2414712778184,0.7231173397472048,0.5955367904034025,0.12758054934380236,54.255319148936174,34.44817509530316,30.97282490469685,0.10624570674879033,9.006707122325142,21.889615913455938,36.20383753827603,26.407907986765267,41215277.65,-896841997.0
2022-06-29,33.81,33.96,33.67,33.94,26596584.0,34.825,31.13,32.9775,1.0005642857142862,32.7122710111772,32.06884329444641,35.22852131485503,0.7406499235132173,0.6245594170253654,0.11609050648785191,48.85654885654886,34.586486396524705,31.04251360347529,0.10800020701364997,5.142503097893414,17.862021458050734,30.44710484797863,30.090163407791348,40050984.55,-923438581.0
2022-06-30,33.6,33.92,33.235,33.91,42275551.0,34.825,31.13,32.9775,0.946635714285715,32.826340438684134,32.14104551819361,35.21540169978185,0.7435526609536822,0.6483580658110288,0.09519459514265338,57.247259439707626,34.66139223591708,31.205607764082913,0.10493219584417583,3.007290400972029,15.585257885293656,32.18163571746559,28.182510997593035,40339963.85,-965714132.0
2022-07-01,33.73,34.12,33.48,33.94,40276560.0,34.825,31.13,32.9775,0.9342857142857152,32.93240325404755,32.21159275277425,35.202711135604915,0.7397465132394672,0.6666357552967166,0.07311075794275057,57.29927007299265,34.775963540901586,31.24103645909841,0.10709141832567902,7.2353870458135905,14.164014611445726,34.13608562691125,27.042048929663633,40777010.4,-925437572.0
2022-07-05,33.29,33.83,33.08,33.78,44096977.0,34.825,31.13,32.9775,0.8807142857142863,33.01312675366207,32.27309891933213,35.188554805897404,0.7155707962184792,0.6764227634810691,0.03914803273741008,67.76978417266184,34.81804599827602,31.38995400172398,0.10355521980884609,4.809183990071375,15.247322386810074,36.21248986212484,20.802919708029222,41347916.75,-969534549.0
2022-07-06,33.5,33.55,32.97,33.35,38022801.0,34.825,31.13,32.9775,0.8596428571428579,33.04520991997997,32.31533033426028,35.170260728226786,0.6541730601340205,0.6719728228116594,-0.01779976267763883,58.34633385335411,34.842953511731295,31.425046488268702,0.10315407205476529,0.9688162276718204,14.756289784981055,34.648940589945916,22.22683838803491,41101378.05,-1007557350.0
2022-07-07,33.77,34.26,33.7,34.07,35909242.0,34.825,31.13,32.9775,0.8639285714285718,33.14280897521997,32.38414090938733,35.15931286028423,0.6560503545392606,0.6687883291571797,-0.012737974617919035,58.859784283513065,34.93427616694327,31.415723833056727,0.10606035671097343,5.024660912453771,13.863729052728287,34.435717238528234,22.116577097974393,41371232.9,-971648108.0
2022-07-08,33.67,33.925,33.45,33.62,31902436.0,34.825,31.13,32.9775,0.8017857142857144,33.18825573948474,32.432605971764296,35.14399631441076,0.6141473760300897,0.6578601385317617,-0.043712762501672,67.37213403880065,34.85955331112931,31.436446688870685,0.10326736521837293,2.064359441408614,15.585964221945499,37.104677060133554,17.50556792873054,40155548.45,-1003550544.0
2022-07-11,32.49,32.54,32.06,32.17,49526043.0,34.825,31.13,32.9775,0.8174999999999996,33.091279002390955,32.42230769836178,35.11440431128229,0.45864906094706726,0.6180179230148228,-0.15936886206775558,49.54128440366976,34.87806380433581,31.362936195664204,0.1061314777455535,-4.9349881796690305,14.419745990895487,27.391874180864946,29.31411096548716,40164278.15,-1053076587.0
2022-07-12,32.05,32.17,31.745,31.98,29610018.0,34.825,31.13,32.9775,0.781428571428571,32.98544290692515,32.40496229842602,35.08321620868247,0.31643643162621515,0.5577016247371014,-0.24126519311088623,41.146711635750435,34.906317569361384,31.25868243063862,0.11025875126495173,-6.271981242672908,14.630535446791068,27.102376599634347,33.546617915905,40014046.2,-1082686605.0
2022-07-13,31.36,32.035,31.31,31.74,33039523.0,34.825,31.31,33.0675,0.783214285714285,32.866829296741805,32.37888534554657,35.04995037576026,0.1822648681226866,0.4826142734142185,-0.30034940529153187,43.72759856630826,34.848240446967566,31.35975955303243,0.10537943734700148,-7.00263697626723,14.761049410540164,27.040583675330588,33.69813041495674,39221819.35,-1115726128.0
2022-07-14,31.49,31.51,31.09,31.29,36673508.0,34.825,31.09,32.9575,0.769999999999999,32.71665507800449,32.33618395944671,35.01253793421041,0.03917016887493929,0.3939254525063627,-0.3547552836314234,35.08137432188069,34.94708358641683,31.161916413583178,0.11451291572504961,-7.807896287566285,15.622452305031304,22.820037105751428,36.31725417439711,38951564.05,-1152399636.0
2022-07-15,30.96,31.04,30.42,31.03,35448504.0,34.825,30.42,32.6225,0.764285714285713,32.55602126105168,32.28496105907625,34.97291069108394,-0.0941281871610542,0.29631472457287933,-0.39044291173393353,21.26789366053167,35.05841042596169,30.861589574038316,0.12733072973068488,-8.493069890887629,17.473814707119523,17.242990654205627,42.85046728971971,38356281.55,-1187848140.0
2022-07-18,31.86,32.15,31.56,31.63,33670029.0,34.825,30.42,32.6225,0.7964285714285703,32.46782875999914,32.259276311661495,34.939647898137835,-0.14962828733556677,0.20712612219119012,-0.35675440952675685,26.10364683301347,35.06005637590524,30.85794362409475,0.12749515312389603,-6.8061284619917455,18.851665788024405,20.94170403587448,41.12107623318392,37669924.95,-1154178111.0
2022-07-19,31.82,31.995,31.62,31.95,26265355.0,34.825,30.42,32.6225,0.7664285714285702,32.41851173523732,32.24714782885124,34.909900157857855,-0.16587904060806835,0.13252508963133844,-0.2984041302394068,30.25362318840577,35.07010309347334,30.819896906526672,0.1290091421140285,-5.417406749555953,20.50800166512833,18.825722273998128,42.73066169617901,36343008.55,-1127912756.0
2022-07-20,31.87,32.01,31.57,31.75,26856498.0,34.825,30.42,32.6225,0.7649999999999986,32.354843950929,32.22765183556296,34.87845836524236,-0.1926751687775976,0.06748503794955123,-0.26016020672714885,30.198915009041585,35.07141836907336,30.690581630926637,0.1332330749717687,-4.797601199400303,23.02460583478338,18.860877684407093,39.915966386554715,35585155.45,-1154769254.0
2022-07-21,31.63,32.01,31.63,32.01,23871067.0,34.825,30.42,32.6225,0.7417857142857128,32.322001669888145,32.21911646946245,34.84991649096134,-0.19073281712947932,0.015841466933745114,-0.20657428406322442,33.50694444444443,35.07642508716472,30.642574912835286,0.13493358615710632,-6.0463751100675145,24.7698215831988,19.45113143957631,36.97640828117484,35125894.1,-1130898187.0
2022-07-22,31.77,31.81,31.21,31.3,24651335.0,34.825,30.42,32.6225,0.7532142857142841,32.22466817751785,32.18307268634628,34.81459393881247,-0.2436756149307655,-0.03606194943915701,-0.20761366549160848,29.50310559006209,35.10066367776338,30.454336322236617,0.1417535613004885,-6.900654372397375,26.808098213215008,17.259364627785722,40.39829302987205,34252005.25,-1155549522.0
2022-07-25,31.48,31.58,31.285,31.56,25447128.0,34.825,30.42,32.6225,0.7128571428571411,32.16136644632567,32.15863846335231,34.78220991952081,-0.2616373440921045,-0.08117702836974651,-0.180460315722358,33.02752293577977,34.99089542701254,30.336104572987473,0.1425074120662227,-1.8961765620143067,27.44298863683784,18.236472945891833,38.677354709418935,33316731.25,-1130102394.0
2022-07-26,31.88,31.985,31.375,31.45,18563724.0,34.825,30.42,32.6225,0.6985714285714266,32.093617260961324,32.130848719691436,34.74905360191364,-0.28150323053939275,-0.12124226880367577,-0.16026096173571697,34.726688102893846,34.81147689931317,30.248523100686832,0.1402690992507328,-1.657285803627273,27.706006699245254,22.750511247443843,38.3435582822087,32582235.25,-1148666118.0
2022-07-27,31.56,31.86,31.28,31.81,24480047.0,34.26,30.42,32.34,0.6749999999999982,32.06660609325072,32.11826641695844,34.71980928746674,-0.26514170874693477,-0.15002215679232758,-0.11511955195460719,30.71672354948801,34.586249864467334,30.241750135532666,0.1340315829251147,0.2205419029615685,29.255044093726493,16.03174603174608,40.68783068783079,32359146.5,-1124186071.0
2022-07-28,31.55,31.635,30.92,31.4,25356785.0,34.26,30.42,32.34,0.6942857142857124,32.00311979865541,32.09009910648948,34.68677635923324,-0.28200784741384766,-0.1764192949166316,-0.10558855249721605,30.927835051546353,34.379121562331605,30.194878437668393,0.12959528988952865,0.3515500159795515,29.87774958206419,15.586419753086467,40.68930041152272,32297156.55,-1149542856.0
2022-07-29,30.24,30.44,30.07,30.38,42773723.0,34.26,30.07,32.165,0.6778571428571413,31.84853696068823,32.023036396431074,34.64392286312147,-0.3733758153447475,-0.2158105990022548,-0.1575652163424927,33.39517625231905,34.22162815936331,29.99937184063669,0.13149145353471983,-2.094747019013865,32.3884440994971,15.964172813487925,35.98524762908332,32322065.15,-1192316579.0
2022-08-01,29.95,30.16,29.62,29.97,33022011.0,34.26,29.62,31.939999999999998,0.7017857142857125,31.66962867871792,31.942525165198482,34.59741616796603,-0.4734119632638887,-0.2673308718545816,-0.20608109140930708,32.085561497326154,34.0452811397108,29.778718860289196,0.13369774001697188,-5.248182105595955,34.499316888241786,15.419847328244321,36.13231552162857,31959337.7,-1225338590.0
2022-08-02,29.38,30.21,29.28,29.76,54806912.0,34.26,29.28,31.77,0.7164285714285697,31.487759280744786,31.856935943033836,34.54928267375742,-0.5631449912545072,-0.3264936957345667,-0.23665129551994052,32.25806451612901,33.86068198382267,29.561318016177335,0.1355795770440963,-6.854460093896709,36.50454862184373,15.104685942173521,34.446660019940204,32494834.45,-1280145502.0
2022-08-03,29.72,30.08,29.52,30.01,27209237.0,34.26,29.28,31.77,0.7099999999999983,31.347020301626234,31.784507082522705,34.50411568197874,-0.6070880189821501,-0.3826125603840834,-0.22447545859806672,38.104089219330845,33.6764401639024,29.411559836097606,0.13520416966157725,-5.480314960629917,37.46076268641692,15.241448692152959,32.54527162977871,31954156.25,-1252936265.0
2022-08-04,30.64,30.85,30.29,30.48,30154026.0,33.925,29.28,31.6025,0.7078571428571413,31.264446939566593,31.73334994203162,34.464074729919254,-0.5971050575837822,-0.4255110598240232,-0.17159399775975898,45.08050089445437,33.18292586639409,29.54607413360591,0.11595439853299698,-4.779756326148076,34.829365768893425,23.05751765893046,25.88294651866805,31666395.45,-1222782239.0
2022-08-05,29.93,30.19,29.86,30.14,21419293.0,32.54,29.28,30.91,0.6721428571428559,31.157356754845964,31.6708656305794,34.421049110716076,-0.6096015401624548,-0.46232915589170953,-0.1472723842707453,36.02251407129454,32.747372370793194,29.633627629206817,0.09982990787535873,-3.706070287539931,35.62441098787925,12.486716259298685,31.827842720510123,31142238.3,-1244201532.0
2022-08-08,29.99,30.14,29.81,29.87,18355998.0,32.17,29.28,30.725,0.6689285714285703,31.03475134962254,31.600243448988053,34.37576503996269,-0.6339836670812176,-0.49666005812961117,-0.1373236089516064,30.30303030303027,32.667129089293844,29.483870910706155,0.10243626582316259,-5.354879594423312,36.0157381097279,12.546716497597501,32.51468232781637,29583736.05,-1262557530.0
2022-08-09,29.82,29.955,29.63,29.68,16900177.0,32.15,29.28,30.715,0.6607142857142847,30.905727411563248,31.524939784321855,34.3290410097143,-0.6610182831334548,-0.5295317031303799,-0.1314865800030749,30.36053130929787,32.60833079100399,29.312669208995995,0.10644729839660208,-5.627980922098564,36.74109028669738,12.702702702702767,34.324324324324344,28948244.0,-1279457707.0
2022-08-10,29.35,29.575,29.12,29.53,23083664.0,32.15,29.12,30.634999999999998,0.6735714285714275,30.77470575331913,31.446706851603352,34.281289357876354,-0.6866320902041956,-0.560951780545143,-0.12568030965905252,25.968992248061994,32.5724462408513,29.127553759148704,0.11166588271321216,-7.167557371895628,38.21166671935191,12.460233297985218,39.077412513255574,28450451.05,-1302541371.0
2022-08-11,29.99,30.605,29.97,30.07,35109465.0,32.15,29.12,30.634999999999998,0.6932142857142848,30.707590919669688,31.392718347618906,34.239385981181066,-0.6557980975649862,-0.5799210439491117,-0.07587705361587449,37.67535070140278,32.53212363301949,29.045876366980504,0.11323028568771261,-4.23566878980891,36.72929877939231,22.720247295208743,33.64245234415251,28372248.9,-1267431906.0
2022-08-12,29.72,30.24,29.705,30.24,19525324.0,32.15,29.12,30.634999999999998,0.7103571428571421,30.663058451129718,31.347513706535814,34.19959109579618,-0.6106056748697064,-0.5860579701332307,-0.024547704736475717,36.53061224489793,32.5053860411384,28.9936139588616,0.11420582716066274,-0.4608294930875556,35.814174204567585,22.171945701357544,35.49522373051786,27576089.9,-1247906582.0
2022-08-15,29.88,30.16,29.83,30.08,18439304.0,32.01,29.12,30.564999999999998,0.6960714285714279,30.60752907483165,31.297807286671667,34.158600139619104,-0.5810035696256044,-0.5850470900317054,0.004043520406101009,36.161616161616124,32.40087063836523,28.943129361634778,0.11273282722777934,0.36703370036703653,36.309515173426256,18.471010774756344,36.22370446382761,26814553.65,-1266345886.0
2022-08-16,29.652,29.84,29.6,29.73,20140390.0,32.01,29.12,30.564999999999998,0.6889285714285707,30.523954877228636,31.236324647978662,34.11453446658807,-0.579110141646602,-0.5838597003546848,0.004749558708082802,28.947368421052616,32.22835719028367,28.893642809716326,0.10911666439472993,-0.10080645161291146,35.6420943699804,18.66251944012448,37.99896319336443,26508305.4,-1286486276.0
2022-08-17,29.69,29.895,29.62,29.67,27302097.0,32.01,29.12,30.564999999999998,0.6449999999999994,30.4426258413021,31.1749001519795,34.07031024303993,-0.575813465689869,-0.5822504534217217,0.006436987731852639,31.15468409586056,32.07070577113052,28.843294228869485,0.10596616680109776,-1.132955681439518,34.463082099284094,20.542635658914794,36.600221483942406,26530585.35,-1313788373.0
2022-08-18,29.52,29.535,29.155,29.35,25479059.0,31.985,29.12,30.552500000000002,0.5867857142857138,30.338566237368568,31.10333544013717,34.02334198191515,-0.5921956886218886,-0.5842395004617551,-0.007956188160133548,36.76092544987146,31.833902750437822,28.81409724956218,0.09958466893799106,-3.70734908136483,33.303375754207686,22.580645161290388,35.544735240413836,26610984.95,-1339267432.0
2022-08-19,29.275,29.44,29.1138,29.18,25977861.0,31.985,29.1138,30.5494,0.5557999999999996,30.228226595714418,31.027910520916105,33.97514952438366,-0.6118433483136805,-0.5897602700321402,-0.022083078281540325,39.17808219178081,31.737038477039626,28.698961522960374,0.10053865093915056,-3.1851360318513655,31.507046971950054,23.839510615329324,32.27265717370067,26677311.25,-1365245293.0
2022-08-22,29.33,29.56,29.33,29.4,25185790.0,31.985,29.1138,30.5494,0.5165142857142853,30.149347872313044,30.964070892644887,33.92962564851915,-0.6027143825643577,-0.5923510925385836,-0.010363290025774075,45.0819672131147,31.531296665202635,28.688703334797356,0.09440695218881699,-1.5734851021091512,29.056892583932413,27.312202677287356,30.025445292620827,26664244.35,-1340059503.0
2022-08-23,29.27,29.44,28.96,29.35,22461779.0,31.86,28.96,30.41,0.5107999999999997,30.073219503521326,30.90077399489411,33.884057234106024,-0.5926821229879415,-0.5924172986284553,-0.0002648243594862709,40.46242774566471,31.3154358455311,28.694564154468907,0.08734783173011802,-1.1118598382749312,27.365932754439715,27.61774247678715,35.53529477570191,26859147.1,-1362521282.0
2022-08-24,28.93,29.81,28.86,29.48,30344418.0,31.635,28.86,30.247500000000002,0.5186571428571425,30.016722407947867,30.84505736764336,33.84023576909004,-0.5676975079581261,-0.5874733404943895,0.01977583253626336,33.97435897435892,30.904483319377135,28.872516680622866,0.06798489849789283,-0.16931933626820328,28.630212067780402,21.690629647992026,34.99697019776338,27152365.65,-1332176864.0
2022-08-25,30.3,30.96,30.16,30.96,77117845.0,30.96,28.86,29.91,0.5800857142857139,30.10655836909569,30.849564921853425,33.81157670671104,-0.42359050178994195,-0.5546967727535,0.1311062709635581,59.624413145539926,30.75583505614849,28.9771649438515,0.059554019128354285,2.959760558696378,26.419261987196684,33.554154558439635,25.996158203221135,29740418.65,-1255059019.0
2022-08-26,31.65,31.72,30.66,30.7,39041440.0,31.72,28.86,30.29,0.6322285714285708,30.163076619658007,30.84369963080035,33.780615744455204,-0.32659965078307707,-0.5090773483594154,0.18247769757633836,59.764705882352935,30.820894485552706,28.944105514447294,0.06280562105263657,1.5211640211640232,25.08775018849085,39.37319233550252,23.2872378886478,29553804.5,-1294100459.0
2022-08-29,30.63,30.95,30.4,30.42,24036030.0,31.72,28.86,30.29,0.6482999999999995,30.18754551302391,30.82708395900426,33.74717678182381,-0.2692239167944166,-0.4611066620464157,0.1918827452519991,58.52534562211986,30.873330087255468,28.93666991274452,0.06476041379404608,1.1303191489361764,23.509726680249255,38.39712655075911,23.591370838015866,29104505.45,-1318136489.0
2022-08-30,30.17,30.24,29.49,29.6,50495624.0,31.72,28.86,30.29,0.6747285714285712,30.131588797497823,30.778963019435466,33.70591134120865,-0.28661644524438756,-0.4262086186860101,0.13959217344162256,50.69860279441118,30.872987489129244,28.921012510870753,0.0652899949245239,-0.4372687521022489,20.939406710997226,36.89314221591748,26.901822955262407,28888941.05,-1368632113.0
2022-08-31,30.4,30.65,30.14,30.21,33956694.0,31.72,28.86,30.29,0.6729428571428568,30.13905653106946,30.756650744163487,33.67112615373394,-0.24831581716109596,-0.3906300583810273,0.14231424121993136,51.37795275590552,30.89191998071443,28.92208001928557,0.06586551514457686,1.8200202224469164,19.98304898009661,30.41013883581705,26.97320935761896,29226313.9,-1334675419.0
2022-09-01,29.82,29.97,29.55,29.87,31903144.0,31.72,28.86,30.29,0.6818714285714282,30.113432099539036,30.72188012674531,33.63330400295052,-0.24260089980625565,-0.36102422666607303,0.11842332685981738,46.476190476190496,30.823768094097264,28.929231905902736,0.06341225338291061,1.771720613287897,18.334276773900196,30.01194192453538,30.024512371414776,29313769.8,-1366578563.0
2022-09-02,29.57,29.655,29.2147,29.26,32560429.0,31.72,28.86,30.29,0.6993928571428568,30.03215285196389,30.664551494323927,33.58978854023459,-0.28401968649626497,-0.34562331863211143,0.061603632135846464,42.807017543859665,30.80951748084876,28.855482519151238,0.06550020821914099,0.274160383824551,16.412067457223475,29.260072511872504,32.69672675279576,29870826.6,-1399138992.0
2022-09-06,28.96,28.99,28.66,28.68,27760809.0,31.72,28.66,30.189999999999998,0.7079642857142857,29.90337638987209,30.58672594552691,33.54093492291883,-0.3595014175326412,-0.3483989384122174,-0.01110247912042378,41.146711635750414,30.877080469983838,28.668919530016154,0.07416655828998367,-2.4489795918367308,14.713440101700224,28.905816475810873,35.57685516823891,30341067.15,-1426899801.0
2022-09-07,28.72,29.09,28.595,29.03,23371324.0,31.72,28.595,30.1575,0.7236785714285716,29.82019768607475,30.52567786923174,33.49604999831267,-0.3866224157231599,-0.35604363387440596,-0.030578781848753955,44.85530546623794,30.89329933890449,28.587700661095518,0.0775238707422193,-1.0902896081771751,13.390097032116971,28.722301732221243,34.804323150569985,30664624.5,-1403528477.0
2022-09-08,28.54,28.77,28.42,28.66,29173501.0,31.72,28.42,30.07,0.7304642857142858,29.709702668353344,30.452514031222652,33.44793009783195,-0.43298077708925575,-0.37143106251737595,-0.0615497145718798,44.497607655502385,30.94497267176119,28.449027328238817,0.08404705335631114,-2.7815468113975617,12.176074135968447,28.45548330318287,31.645235417787088,30969116.35,-1432701978.0
2022-09-09,29.28,29.52,29.23,29.37,27717987.0,31.72,28.42,30.07,0.7685928571428572,29.677350033272074,30.41006250058647,33.40735367894805,-0.407729000073072,-0.3786906500285152,-0.029038350044556793,51.39500734214391,30.905180979325788,28.41881902067421,0.08382313932477845,-5.13565891472868,11.587094330615257,34.013921544938306,29.69248069291745,30599542.45,-1404983991.0
2022-09-12,29.56,29.765,29.38,29.75,25003298.0,31.72,28.42,30.07,0.7696642857142858,29.68426907772235,30.384177696641903,33.37096210005304,-0.35298496964645665,-0.3735495139521035,0.02056454430564686,52.51076040172167,30.85169455650303,28.423305443496968,0.08193636821614719,-3.0944625407166138,11.85285706375069,35.12663220513581,29.651146603806822,30873441.15,-1379980693.0
2022-09-13,28.79,29.06,28.455,28.5,44055693.0,31.72,28.42,30.07,0.8278785714285716,29.5714815465107,30.310288375204966,33.3224948154754,-0.40578682649572784,-0.3799969764608284,-0.02578985003489942,44.798041615667074,30.85432771758943,28.262672282410573,0.08767885498854332,-6.31163708086786,10.990529228161643,32.65661803404571,32.35464138115493,32154260.6,-1424036386.0
2022-09-14,28.52,28.565,28.32,28.53,26794457.0,31.72,28.32,30.02,0.7775214285714289,29.472292827795396,30.24047314480477,33.27480829989853,-0.4401382889674288,-0.3920252389621485,-0.04811305000528027,44.11400247831475,30.86981938004754,28.12718061995246,0.09297553299642637,-3.614864864864864,9.773761363970594,31.372585045887586,35.69033467152946,32486963.95,-1397241929.0
2022-09-15,28.43,28.715,28.32,28.42,25180997.0,31.72,28.32,30.02,0.7000214285714288,29.372074463243454,30.169082041086938,33.22650174965079,-0.4708109357590189,-0.40778237832152264,-0.06302855743749625,31.044776119402997,30.886087474671484,27.985912525328516,0.0985247638722302,-5.9251903343263805,10.533872116017156,24.642102792771635,39.64164362315436,32380908.95,-1422422926.0
2022-09-16,28.12,28.14,27.86,27.99,28082362.0,31.72,27.86,29.79,0.6643071428571433,29.240448323886934,30.083627843397256,33.17439725462939,-0.5237788392480525,-0.4309816705068286,-0.09279716874122385,30.27656477438137,30.95605541464662,27.77994458535337,0.10814869345182686,-6.293940408436571,11.902565137923176,17.79512488844446,46.71892304549311,32511074.1,-1450505288.0
2022-09-19,27.76,28.09,27.74,28.09,22361585.0,31.72,27.74,29.729999999999997,0.6500214285714291,29.13088181685008,30.00544635934246,33.12380623717039,-0.5513317113349245,-0.45505167867244783,-0.0962800326624767,32.585949177877424,31.000456462168337,27.626543537831658,0.11509758044370953,-3.998632946001368,13.3047562795592,18.186213641308527,46.207267892267225,32330260.3,-1428143703.0
2022-09-20,27.96,28.11,27.78,27.87,23566802.0,31.72,27.74,29.729999999999997,0.6071642857142859,29.01079783429293,29.921703364858445,33.071529558193575,-0.5841855944646959,-0.4808784618308975,-0.10330713263379837,35.79638752052547,31.04207005258108,27.431929947418922,0.12347847266005949,-2.8242677824267703,14.514325027787269,19.705186875757327,38.763337764549455,32249310.9,-1451710505.0
2022-09-21,27.56,27.59,27.105,27.13,33565679.0,31.72,27.105,29.4125,0.5868071428571433,28.831674231026938,29.812224801530665,33.012409861097126,-0.6622997696294526,-0.5171627233906085,-0.14513704623884405,25.241157556270124,31.160289220235647,27.091710779764348,0.1396888841746652,-6.544953496383055,17.777326646396517,15.398098669555582,48.32446776137202,32804505.9,-1485276184.0
2022-09-22,27.21,27.325,26.963,26.97,19118979.0,31.72,26.963,29.3415,0.5655214285714288,28.654371923310087,29.700765005392206,32.95228637989218,-0.7287162912584826,-0.5594734369641834,-0.1692428542942992,25.993377483443737,31.24197953956836,26.75902046043164,0.15458213062315201,-5.896720167480818,21.14358302053095,15.97766915488866,44.48486226365044,32243233.95,-1504395163.0
2022-09-23,26.57,26.685,26.415,26.61,53997939.0,31.72,26.415,29.0675,0.5583571428571431,28.459669835375795,29.57955853459251,32.88917905272908,-0.8011655171358321,-0.6078118529985131,-0.19335366413731891,27.11571675302247,31.06767756563913,26.498322434360865,0.15875187198270732,-9.397344228804904,24.275733601600997,16.182678777024435,47.776640654982714,31087238.65,-1558393102.0
2022-09-26,26.86,27.07,26.725,26.77,34716655.0,30.95,26.415,28.682499999999997,0.5483571428571431,28.298748898673338,29.46937976853006,32.82829169897058,-0.8360341070153972,-0.65345630380189,-0.18257780321350714,32.21601489757917,30.852907080075994,26.320092919924008,0.15856485264554898,-10.016806722689076,25.799415287699315,21.492770613520925,41.42243063696755,30870999.4,-1523676447.0
2022-09-27,26.87,27.13,26.37,26.53,57383518.0,30.65,26.37,28.509999999999998,0.5672857142857143,28.13029662260921,29.354109973685745,32.765622129826596,-0.8729706477242836,-0.6973591725863688,-0.17561147513791475,26.235741444866946,30.663550363214128,26.120449636785878,0.16001340963751232,-6.912280701754381,27.90387309445824,19.51649458574667,44.51019894233191,32538373.8,-1581059965.0
2022-09-28,26.22,26.87,26.16,26.82,28951284.0,30.65,26.16,28.405,0.5744285714285715,28.005506468075,29.25473311197258,32.706461710624346,-0.8688272463113087,-0.7316527873313569,-0.13717445897995184,32.23938223938225,30.55335329094126,25.952646709058747,0.1628395774566422,-5.993690851735023,30.34285742478778,19.27381248445661,44.39194230290976,31461156.8,-1552108681.0
2022-09-29,26.06,26.09,25.72,25.95,35587931.0,29.97,25.72,27.845,0.5915714285714289,27.809743947305954,29.12513573503248,32.639233235891766,-0.9250815358446047,-0.7703385370340065,-0.15474299881059828,17.97752808988764,30.366135263294865,25.713864736705133,0.16591549666867803,-8.691062631949343,34.625185777138014,9.65950253561942,48.41825645979236,31542718.65,-1587696612.0
2022-09-30,25.75,26.15,25.74,25.86,30430860.0,29.765,25.72,27.7425,0.5926428571428575,27.62405404756253,28.997091196403755,32.571778178818214,-0.9657926568653394,-0.8094293610002731,-0.15636329586506637,11.485148514851517,30.19260746393523,25.486392536064766,0.1690481124973675,-7.609860664523039,39.26466315873574,7.412317705194625,48.33072194769198,31469104.45,-1618127472.0
2022-10-03,25.81,26.05,25.645,25.97,24684230.0,29.765,25.645,27.705,0.5290714285714289,27.466525090651814,28.878381737721256,32.5060888437056,-0.9779077214044882,-0.8431250330811162,-0.13478268832337204,17.64705882352942,30.06961237385885,25.280387626141152,0.17305238474138018,-7.547169811320753,44.05926557314141,8.302956662616419,42.93236127987041,31075294.5,-1593443242.0
2022-10-04,26.58,27.27,26.54,27.02,62108224.0,29.765,25.645,27.705,0.6044285714285716,27.423998891542116,28.8055040225165,32.45150089501201,-0.8924946497881017,-0.8529989564225133,-0.039495693365588336,34.68559837728195,29.954804756168947,25.229195243831057,0.17126737867272723,-3.0498744169357828,45.37046027334353,21.685180808319505,35.98440085086273,32792665.25,-1531335018.0
2022-10-05,27.17,27.385,26.97,27.22,36720520.0,29.765,25.645,27.705,0.6058571428571433,27.404570425680962,28.743327394182522,32.39944615973826,-0.7994502814301008,-0.8422892214240308,0.04283893999393007,38.047808764940214,29.76913289519123,25.23386710480877,0.16490976093603843,0.3317360855142004,45.53926463719433,21.221410044800745,35.89955199245465,33460125.05,-1494614498.0
2022-10-06,27.02,27.23,26.93,27.01,23202121.0,29.765,25.645,27.705,0.5872857142857146,27.366992289901823,28.675353770881248,32.34581982979062,-0.734193864267219,-0.8206701499926685,0.08647628572544952,39.791666666666686,29.628481005977257,25.209518994022744,0.16116422962013613,0.14831294030404063,43.668602813142684,21.892483580637307,31.92653855509611,33161556.05,-1517816619.0
2022-10-07,26.63,26.75,26.33,26.37,34014778.0,29.765,25.645,27.705,0.6108571428571433,27.272040643244505,28.584947740650613,32.28635893596186,-0.7257542911137698,-0.8016869782168888,0.07593268710311907,33.89513108614233,29.322627342811348,25.21537265718865,0.15061992319566905,-0.9019165727170209,42.460756114955636,21.04770813844714,36.30729653882134,33476395.6,-1551831397.0
2022-10-10,25.91,25.92,25.475,25.57,32658284.0,29.06,25.475,27.2675,0.6512142857142863,27.109941534364076,28.466714495919216,32.219529493812985,-0.7746890495705934,-0.7962873924876298,0.02159834291703644,30.57432432432431,28.889017567751065,25.23098243224894,0.13518237751301274,-4.482629809488225,42.84529330324216,19.523966216957326,43.43534057255673,33859144.9,-1584489681.0
2022-10-11,25.07,25.18,24.7,24.87,38691830.0,28.715,24.7,26.7075,0.6587142857142864,26.896613769186544,28.325666868628268,32.14639984710838,-0.8600403383949384,-0.8090379816690916,-0.051002356725846854,30.782312925170075,28.822660216482223,24.934339783517782,0.14466285071579296,-6.257067470787792,41.94312570856759,19.301669919757096,44.02515723270438,33590951.75,-1623181511.0
2022-10-12,24.75,25.04,24.66,24.71,26592420.0,28.715,24.66,26.6875,0.6600000000000007,26.688364838787827,28.183876011035004,32.07240581877894,-0.9298735095434125,-0.8332050872439558,-0.09666842229945671,30.782312925170075,28.697955565022706,24.677044434977294,0.15066645920544872,-7.8672632363907535,41.286622080803724,19.264069264069256,42.83549783549781,33580849.9,-1649773931.0
2022-10-13,23.94,24.695,23.78,24.5,42197076.0,28.14,23.78,25.96,0.6867857142857149,26.479949139855652,28.039410285112062,31.997058497199053,-0.9907413956620914,-0.864712348927583,-0.12602904673450843,31.588132635253046,28.554428679529455,24.42857132047055,0.15574268573160843,-5.587668593448935,40.71190367206964,18.512740509620382,44.61778471138841,34431653.85,-1691971007.0
2022-10-14,24.83,24.85,24.14,24.16,28036119.0,28.11,23.78,25.945,0.7046428571428578,26.259001602726542,27.887276548441,31.919077815634886,-1.0542619173144843,-0.9026222626049633,-0.151639654709521,27.91878172588831,28.484702798041905,24.115297201958096,0.16613709490812958,-6.573859242072699,41.80053149961519,15.712113532691326,43.48707551951338,34429341.7,-1720007126.0
2022-10-17,24.73,25.06,24.7,24.9,29210248.0,28.11,23.78,25.945,0.7146428571428578,26.129572878657346,27.77012844850214,31.84923624533006,-1.032982987927447,-0.9286944076694601,-0.10428858025798693,37.285491419656765,28.23904561165415,24.041954388345857,0.16055894964932924,-4.120138621486335,41.740175388694624,17.591204397801068,39.33033483258366,34771774.85,-1690796878.0
2022-10-18,25.17,25.225,24.54,24.7,30537009.0,27.59,23.78,25.685000000000002,0.7128571428571436,25.99342308068998,27.649731254443232,31.77809956627205,-1.0204939921065197,-0.9470543245568721,-0.07343966754964759,33.227848101265806,28.00814074431455,23.95585925568545,0.1559649560707066,-8.586232420429319,41.19769553724076,19.2885771543086,37.32464929859713,35120285.2,-1721333887.0
2022-10-19,24.09,24.175,23.59,23.66,39803301.0,27.385,23.59,25.4875,0.7135714285714292,25.771192311100457,27.493271205249382,31.697322456159892,-1.0820425681202508,-0.9740519732695478,-0.10799059485070295,32.35747303543914,28.007622073628145,23.60937792637186,0.1704184337430027,-13.078618662747976,39.10941219895742,19.269269269269255,42.39239239239232,35432166.3,-1761137188.0
2022-10-20,23.74,24.255,23.71,23.77,30604664.0,27.385,23.59,25.4875,0.7267857142857148,25.580602567186126,27.347260569749405,31.61844362575034,-1.1091584887222297,-1.0010732763600843,-0.10808521236214541,33.94777265745007,27.95483247249082,23.342167527509183,0.17984150905439453,-11.995557201036656,36.512955825802,19.115479115479104,41.62162162162155,36006450.55,-1730532524.0
2022-10-21,23.61,23.93,23.43,23.92,31666455.0,27.385,23.43,25.4075,0.7335714285714291,25.422449941739828,27.212858194465117,31.5418421966384,-1.1057973611172578,-1.022018093311519,-0.08377926780573874,34.35114503816796,27.896722017044254,23.131277982955744,0.18677761362736187,-9.290860826697001,34.46264096425725,18.93865628042842,43.03797468354425,34889876.35,-1698866069.0
2022-10-24,21.75,21.755,20.935,21.53,101762203.0,27.385,20.935,24.16,0.853928571428572,25.051740423478893,26.990001010368445,31.442221876273837,-1.2812175903598906,-1.0738579927211935,-0.20735959763869705,15.209125475285163,28.14988743379173,22.354112566208276,0.22951745871944612,-15.799765350019545,38.478773852911786,6.06440819740695,57.84190715181927,38242153.75,-1800628272.0
2022-10-25,22.01,22.18,21.85,21.94,39349512.0,27.385,20.935,24.16,0.8707142857142861,24.75538419267138,26.79196175505988,31.347672404868128,-1.3713477689362001,-1.133355947964195,-0.2379918209720051,17.40740740740742,28.20706722664679,21.837932773353213,0.2545362954658238,-11.781262565339768,41.92632169031885,8.490566037735848,56.72682526661195,37340453.45,-1761278760.0
2022-10-26,21.97,22.955,21.94,22.76,65975083.0,27.385,20.935,24.16,0.9217857142857143,24.56534760289315,26.63384560780263,31.262222928202775,-1.3609215809952886,-1.1788690745704138,-0.1820525064248748,25.60275545350173,28.039035599067663,21.599964400932333,0.25943597566974885,-7.891541885876164,44.76024118358672,14.02557148392095,53.27392483533514,39191643.4,-1695303677.0
2022-10-27,22.2645,22.585,22.14,22.16,52382416.0,27.385,20.935,24.16,0.9174999999999999,24.33626687880809,26.45840068200645,31.171653545832598,-1.3851070852467657,-1.2201166767056844,-0.16499040854108138,25.720876585928494,28.01144783689822,21.248552163101785,0.2745796051074476,-9.551020408163268,46.804542759811156,14.091086025690922,48.8516932658622,40031367.65,-1747686093.0
2022-10-28,21.39,21.55,21.23,21.54,35759019.0,27.385,20.935,24.16,0.9199999999999999,24.069955747493033,26.26552222388855,31.075816197117845,-1.4377298354694723,-1.263639308458442,-0.17409052701103023,26.266195524146056,28.00974251170816,20.818257488291835,0.2945639806429232,-10.844370860927155,48.058054292068334,14.052795031055892,49.14596273291927,40297775.6,-1783445112.0
2022-10-31,20.92,21.1561,20.87,20.95,36103701.0,27.385,20.87,24.1275,0.9057142857142855,23.772817104874647,26.057070371971353,30.975061807096772,-1.5096396274049866,-1.3128393722477512,-0.19680025515723543,26.610978520286395,27.99452079192139,20.331479208078612,0.3171394935994196,-15.863453815261042,49.065058769614105,14.274447949526808,46.64826498422713,40868749.15,-1819548813.0
2022-11-01,22.15,22.265,21.81,21.84,52793385.0,27.385,20.87,24.1275,0.9724999999999999,23.588739285362777,25.891695063266596,30.884165669712726,-1.4777781865863169,-1.3458271351154643,-0.13195105147085262,34.24807903402855,27.62095631000747,20.187043689992535,0.3109903204490853,-11.578947368421055,48.75490666456129,21.43885420492105,43.15093646713184,40403007.2,-1766755428.0
2022-11-02,22.03,22.405,21.875,21.94,62052280.0,27.23,20.87,24.05,0.9464285714285714,23.431716496280607,25.736726629413006,30.79516899638225,-1.4279975342459217,-1.3622612149415558,-0.06573631930436585,35.777777777777786,27.10690822369968,20.17309177630032,0.29330864836714715,-7.269653423499578,47.518362323106786,23.086037735849068,37.69811320754718,41669595.2,-1704703148.0
2022-11-03,21.6,22.28,21.59,22.16,45230127.0,26.75,20.87,23.810000000000002,0.9450000000000001,23.310600639491977,25.596462840024262,30.709246916816262,-1.3551722649279903,-1.3608434249388428,0.0056711600108525495,38.73873873873874,26.53470542756032,20.260294572439683,0.26816586623017996,-6.77324358435002,46.24093564489947,21.94935752078609,39.9092970521542,42770995.5,-1659473021.0
2022-11-04,23.75,23.85,23.21,23.84,82292490.0,25.92,20.87,23.395000000000003,1.0014285714285716,23.361019626207028,25.527581944337037,30.640896201226052,-1.1486547774005196,-1.3184056954311782,0.16975091803065867,44.60285132382893,26.091592696202618,20.450407303797384,0.24241267639573863,-0.33444816053512794,44.27344957739102,30.412981455064212,37.660485021398,45184881.1,-1577180531.0
2022-11-07,24.17,24.37,23.835,23.96,37483918.0,25.225,20.87,23.0475,0.9907142857142858,23.418065376092073,25.46610814259833,30.574419622109378,-0.9641905945524947,-1.2475626752554416,0.28337208070294695,46.201232032854215,25.82026865101693,20.56073134898307,0.22679706354040932,11.286576869484444,42.474886202811824,33.3013698630137,38.06777217015141,45426162.8,-1539696613.0
2022-11-08,23.79,24.075,23.56,23.94,28763657.0,25.225,20.87,23.0475,0.9482142857142859,23.467773435511877,25.40626076445722,30.50840549651625,-0.8102748889644111,-1.1601051179972357,0.34983022903282457,51.60550458715598,25.679942884957395,20.6080571150426,0.21914473599700976,9.115770282588876,39.80707873680349,34.7939736346516,34.68926553672319,44929754.15,-1568460270.0
2022-11-09,23.34,23.405,22.95,22.96,49711097.0,25.225,20.87,23.0475,0.9764285714285718,23.41941406070122,25.310328969772623,30.433296984113106,-0.7586283972476586,-1.0798097738473205,0.32118137659966184,45.77685088633995,25.48335219552485,20.629647804475155,0.2105134947216488,0.8787346221441172,37.65540517670301,33.2033650329188,38.14923189465985,46085688.0,-1618171367.0
2022-11-10,24.07,24.41,23.97,24.36,53806156.0,25.225,20.87,23.0475,1.0442857142857147,23.508993673967773,25.273061167036442,30.37286616835079,-0.5978383721448175,-0.9834154935068199,0.3855771213620024,52.02952029520294,25.45957075676379,20.639429243236215,0.2091213047366569,9.927797833935003,35.29299086694578,37.919972640218866,33.755129958960325,46666142.0,-1564365211.0
2022-11-11,25.3,25.605,25.16,25.45,66301268.0,25.605,20.87,23.2375,0.9200000000000002,23.693851419304174,25.27999994479972,30.323882425382127,-0.3780987413987731,-0.8623521430852106,0.4842534016864375,70.54507337526204,25.711005563088644,20.516994436911357,0.22471277693939978,18.152274837511605,32.85110841081385,52.32065217391304,18.944099378881994,48579399.45,-1498063943.0
2022-11-14,25.7,25.83,25.45,25.59,39972241.0,25.83,20.87,23.35,0.9007142857142859,23.874436998418062,25.292156809709535,30.276779117666884,-0.19046115330544922,-0.7279739451292584,0.5375127918238092,69.68716289104637,25.861162510286423,20.43583748971358,0.2343704784574742,22.147971360381867,30.828829404437744,51.85487708168118,19.349722442505954,49117499.1,-1458091702.0
2022-11-15,26.93,27.13,26.6007,26.91,65263858.0,27.13,20.87,24.0,0.9382142857142861,24.16353823666396,25.35560164070132,30.243278827938855,0.0640179958081859,-0.5695755569417695,0.6335935527499554,71.23848515864891,26.3861503759271,20.1318496240729,0.2688980932909498,23.214285714285722,30.138380667294022,53.77921583555384,18.576322801674916,50853841.55,-1392827844.0
2022-11-16,26.65,26.7,26.22,26.31,33901717.0,27.13,20.87,24.0,0.9432142857142861,24.367963166505486,25.393029027340486,30.204141725173297,0.21480344886521507,-0.41269975578037266,0.6275032046455877,71.23848515864891,26.801925347754825,19.981074652245177,0.29159526731973784,19.917958067456688,29.25992747685438,53.49413101098066,21.36084816357441,50558762.35,-1426729561.0
2022-11-17,25.74,26.98,25.72,26.93,51788590.0,27.13,20.87,24.0,0.9667857142857148,24.611966674457346,25.453302398817332,30.171563200544707,0.3799509867433386,-0.2541696072756304,0.634120594018969,77.58444216990787,27.308718703818023,19.79028129618198,0.3192610207280852,21.525270758122737,28.80164948073837,52.18987809383078,17.81086073143702,51617958.65,-1374940971.0
2022-11-18,26.38,26.39,26.01,26.09,50705339.0,27.13,20.87,24.0,0.9846428571428577,24.752731753080457,25.478270932197045,30.13095063138506,0.43800161058809906,-0.11573536370288454,0.5537369742909836,75.64870259481037,27.583815235481094,19.73218476451891,0.33188056771333946,9.437919463087251,28.934699949552282,51.24338048603552,14.876314834965553,52569902.85,-1425646310.0
2022-11-21,25.76,25.94,25.59,25.69,42197099.0,27.13,20.87,24.0,0.9264285714285718,24.841995395644222,25.486574032895202,30.086762067888692,0.4465825653315676,-0.0032717778959941097,0.4498543432275617,70.199370409234,27.75775863372022,19.97424136627978,0.32613413506412625,7.220367278798001,29.487406640866595,45.91364687740937,19.049344641480364,49591647.65,-1467843409.0
2022-11-22,25.275,25.51,25.17,25.44,27663313.0,27.13,20.87,24.0,0.923214285714286,24.898948215106678,25.484747600232645,30.04052562940224,0.42827325562537766,0.08303722880828024,0.3452360268170974,68.07851239669421,27.88254519349474,20.199454806505262,0.3195828121537988,6.265664160400997,30.169645976930155,44.99032882011603,22.365183752417806,49007337.7,-1495506722.0
2022-11-23,25.68,25.86,25.595,25.77,23211057.0,27.13,20.87,24.0,0.9039285714285715,24.98190552795366,25.495933968850974,29.99803283706988,0.43537253428149114,0.15350428990292242,0.2818682443785687,68.43718079673135,28.057504465374343,20.325495534625652,0.31961676335691014,12.23867595818815,30.994494179173294,48.71592256025283,20.590280521533007,46869136.4,-1472295665.0
2022-11-25,25.458,25.54,25.32,25.33,18347198.0,27.13,20.87,24.0,0.8153571428571428,25.015057382434264,25.48942675438623,29.951584749138835,0.4008734217268035,0.20297811626769866,0.19789530545910486,58.713450292397646,28.124155883314554,20.57584411668545,0.30999226967675997,3.9819376026272613,31.871997093757596,40.25405168637754,25.236092860271587,45167375.5,-1490642863.0
2022-11-28,25.19,25.865,25.17,25.55,31342236.0,27.13,20.87,24.0,0.826785714285714,25.066004298392905,25.491802175782848,29.907787885963327,0.3868257019563046,0.23974763340541985,0.14707806855088476,59.190751445086704,28.116423369011663,20.984576630988336,0.29049700568311554,0.39292730844793233,32.88549560580612,38.01295896328291,24.887257019438465,44946536.35,-1459300627.0
2022-11-29,26.74,26.975,26.67,26.85,57973207.0,27.13,21.59,24.36,0.891785714285714,25.235908650926913,25.54506483555607,29.87736213585424,0.4751150872990024,0.28682112418413636,0.18829396311486607,64.6525679758308,28.121688253697286,21.569311746302716,0.2637248800545197,4.9237983587338885,35.43088822862692,44.13295955146175,20.870644773728472,46040011.65,-1401327420.0
2022-11-30,27.74,28.37,27.68,28.16,85043177.0,28.37,21.59,24.98,0.9296428571428567,25.514393541314824,25.647611312593085,29.860273955397982,0.6433746902051176,0.35813183738833265,0.28524285281678496,75.3411306042885,28.436266524418823,21.886733475581178,0.2602997853402081,4.6451133407655165,38.87551320567637,53.054168267383794,15.333845562812144,47652501.25,-1316284243.0
2022-12-01,27.81,28.02,27.59,27.74,52796656.0,28.37,21.59,24.98,0.8667857142857139,25.726356061189602,25.729665770922768,29.839176702110443,0.7343658356135521,0.43337863703337653,0.30098719858017553,68.21120689655172,28.54744148591209,22.35555851408791,0.24328165223362783,5.435195743063481,41.87218491791794,48.619695096827364,17.187474248042854,47189720.05,-1369080899.0
2022-12-02,27.49,28.6965,27.43,28.53,63439140.0,28.6965,22.95,25.82325,0.8683214285714281,25.993369769647735,25.839482799514034,29.8261500682586,0.8603062961402337,0.518764168854748,0.3415421272854857,67.14922048997772,28.74860440651456,22.79139559348544,0.2311683668230159,5.941329372447091,41.67950191107434,44.2684983342245,17.157076461152474,48100170.7,-1305641759.0
2022-12-05,28.972,29.0,28.31,28.44,34671338.0,29.0,22.95,25.975,0.8904642857142855,26.22638217253843,25.941463866199758,29.812357530265977,0.9419940495883132,0.6034101450014611,0.33858390458685217,65.95744680851064,29.060388692200796,22.939611307799204,0.23541451478467662,9.007282483710233,41.612918039976485,43.797376970280375,16.73043757269482,45719113.1,-1340313097.0
2022-12-06,28.9,29.06,28.575,28.8,42318590.0,29.06,22.95,26.005,0.8247499999999997,26.471488632296673,26.05356332242722,29.8022843210096,1.0239774000152941,0.6875235960042277,0.3364538040110664,61.85696361355082,29.387440141568913,23.09655985843109,0.23972564145788522,12.105877773452711,40.55538202424499,36.54787164941757,18.063482440566407,45960846.7,-1297994507.0
2022-12-07,28.04,28.37,27.88,28.18,45339117.0,29.06,22.95,26.005,0.8411785714285711,26.63420400064937,26.136952996057527,29.786142188462243,1.0270814221445193,0.755435161232286,0.2716462609122332,61.702127659574465,29.516619449869637,23.391380550130364,0.23154301427909854,10.770440251572321,39.4528866772283,35.83407633847068,20.379569481594693,46789619.7,-1343333624.0
2022-12-08,28.98,29.21,28.815,29.1,58068953.0,29.21,23.97,26.59,0.8247499999999997,26.869041714873237,26.25315091778076,29.77931490300491,1.09119903011306,0.8225879350084409,0.2686110951046192,63.08805790108565,29.569317720813686,23.95268227918632,0.20988137370155696,12.922002328288706,39.18788205350996,43.82280344693197,16.455202875330183,47207512.5,-1285264671.0
2022-12-09,29.38,29.475,28.93,28.95,40721271.0,29.475,25.16,27.317500000000003,0.7979642857142856,27.067228218218645,26.358909705318773,29.771063013422772,1.11703249470251,0.8814768469472547,0.2355556477552554,68.81578947368419,29.72180371800428,24.259196281995727,0.2023900052243772,14.291354125542831,38.64523770716788,47.665935639797695,17.007563890256446,46553268.25,-1325985942.0
2022-12-12,28.76,28.78,28.3,28.61,43727902.0,29.475,25.17,27.3225,0.8086785714285712,27.214158864102583,26.447187756090585,29.759510147617572,1.0974201664497691,0.9246655108477576,0.17275465560201153,69.36339522546416,29.87016570513548,24.426834294864523,0.20050210546700395,11.976516634050881,38.78010806495416,47.03440356843175,18.637106390495926,45424599.95,-1369713844.0
2022-12-13,28.91,29.13,28.205,28.36,52967672.0,29.475,25.17,27.3225,0.8376071428571427,27.32328659133091,26.522200000949777,29.745584673511924,1.0496051495400778,0.9496534385862216,0.09995171095385613,69.36339522546416,29.956146127999762,24.617853872000236,0.19563500040310502,5.623836126629422,40.24558149829836,48.39466166375303,14.41180232806036,46074371.5,-1422681516.0
2022-12-14,28.44,28.69,28.3,28.54,43071426.0,29.475,25.17,27.3225,0.8354642857142858,27.439164058823202,26.601329412677238,29.733588806113797,1.0145409038183537,0.9626309316326481,0.05190997218570559,68.74154262516912,30.088238958059158,24.648761041940844,0.1987495813113,1.3494318181818121,41.04814037689431,45.52643953319368,14.448766725088683,44964749.9,-1379610090.0
2022-12-15,28.63,28.88,27.745,27.86,57045986.0,29.475,25.17,27.3225,0.8843928571428571,27.479243672268613,26.650689043552642,29.7149461314261,0.9212621824828879,0.9543571818026961,-0.033094999319808194,66.57929226736564,30.1267964252567,24.76520357474331,0.19535061030800074,0.43258832011536796,42.69519556018964,43.00771312038121,15.910834713079987,46121963.35,-1436656076.0
2022-12-16,28.07,28.3,27.93,27.94,31091934.0,29.475,25.17,27.3225,0.8661785714285717,27.52312522729065,26.701250257530972,29.697284975889524,0.8440636152544414,0.9322984684930452,-0.0882348532386038,65.95460614152202,30.174419656038147,24.818580343961848,0.1947825836770607,-2.0679985979670468,44.309804413854444,41.2320125345318,16.24541293860552,45087130.55,-1405564142.0
2022-12-19,28.1,28.135,27.75,27.78,21400811.0,29.475,25.17,27.3225,0.7918928571428575,27.547589491358206,26.743554169000348,29.678207513442864,0.7611979159699978,0.8980783579884357,-0.13688044201843796,57.32283464566928,30.177466424724564,24.984533575275435,0.18827935352050792,-2.320675105485237,43.811358329889664,35.08771929824557,19.392955396202566,43621904.15,-1426964953.0
2022-12-20,27.37,27.72,27.34,27.36,29347575.0,29.475,25.17,27.3225,0.7147500000000004,27.529723825514566,26.76772851531406,29.655140772015574,0.6540957536705605,0.8492818371248607,-0.19518608345430022,42.67399267399268,30.107806431001798,25.221193568998196,0.1766383944045113,-5.000000000000004,39.96346687060473,24.933793034527515,25.583370808974138,42979427.95,-1456312528.0
2022-12-21,27.6,28.15,27.44,28.13,32658980.0,29.475,25.17,27.3225,0.7304642857142861,27.58689298498937,26.821150926478218,29.63996524194577,0.6241542219126472,0.804256314082418,-0.1801020921697708,53.35628227194492,30.012013187580816,25.585986812419183,0.15921530900973538,-0.17743080198723282,37.15415305348191,28.60216105216834,24.152935999608836,43229211.3,-1423653548.0
2022-12-22,28.22,28.355,27.735,27.96,25589108.0,29.475,25.17,27.3225,0.6842857142857147,27.622426986418954,26.865811674459465,29.62324916988661,0.5800216346731126,0.759409378200557,-0.17938774352744435,44.50867052023122,29.90492074459755,25.912079255402443,0.1430690108459827,-3.9175257731958735,34.02544601942943,25.61064718162836,25.782881002087656,43348113.85,-1449242656.0
2022-12-23,28.11,28.18,27.7738,27.8,17315101.0,29.475,25.17,27.3225,0.6640142857142859,27.639338701998103,26.902446510755173,29.60510738710167,0.5260713553866054,0.7127417736377667,-0.18667041825116126,43.916349809885936,29.62078437475313,26.44321562524687,0.11335504956857366,-3.9723661485319472,31.326033380865066,23.12772960994813,26.56999634259158,43296509.0,-1466557757.0
2022-12-27,28.4,29.305,28.3,29.12,59256530.0,29.475,26.67,28.0725,0.7272285714285717,27.78035406371257,26.989409392686344,29.60028044792653,0.5831066481919187,0.6868147485485971,-0.10370810035667843,52.57234726688103,29.369110329111212,27.05188967088878,0.08214036115001266,1.7825934987766523,29.844426754258965,31.57781008132635,24.260401524378246,44692223.7,-1407301227.0
2022-12-28,28.81,28.9,28.16,28.16,46898813.0,29.475,27.34,28.4075,0.7300857142857146,27.816510819549467,27.035314906698645,29.585949299190943,0.5445661323192503,0.6583650253027278,-0.11379889298347745,49.84756097560976,29.243044330332687,27.30895566966732,0.06840036287541967,-0.7052186177715081,29.69076128814319,31.4542323797597,18.73556920909481,44138504.0,-1454200040.0
2022-12-29,28.59,29.015,28.48,29.01,44262086.0,29.475,27.34,28.4075,0.7175857142857145,27.930176455782853,27.1127535378085,29.580218460393024,0.5759709574068239,0.641886211723547,-0.06591525431672307,49.30662557781202,29.33740085256368,27.29959914743632,0.07196008634381613,1.6468114926419197,27.380121975077174,24.785491031434784,19.061933865541185,42099449.45,-1409937954.0
2022-12-30,28.5,28.745,28.24,28.3,32770448.0,29.475,27.34,28.4075,0.7336571428571431,27.965397745708295,27.159312222600327,29.56747996824981,0.537373929114672,0.6209837552017721,-0.0836098260871001,45.39007092198583,29.328576746913765,27.364423253086233,0.0692908646156503,1.5793251974156597,24.108216919743192,21.662512656748977,20.980995404626533,41098139.05,-1442708402.0
2023-01-03,29.06,29.54,29.04,29.32,41414461.0,29.54,27.34,28.439999999999998,0.7758000000000003,28.094407484212265,27.244045076616,29.565017481003544,0.5823776940810532,0.6132625429776283,-0.030884848896575057,54.59249676584734,29.45853560853039,27.313464391469616,0.07556792845278568,4.9391553328561155,23.369064322573582,27.805399035097402,14.040805804146887,39996905.1,-1401293941.0
2023-01-04,30.35,31.19,30.195,31.19,70109143.0,31.19,27.34,29.265,0.8433000000000003,28.38922581904919,27.398788406944785,29.581186461292067,0.760174060432707,0.6426448464686441,0.1175292139640629,65.13368983957218,30.174366120360887,26.872633879639118,0.11575480711419597,12.275017998560124,22.91987748904167,36.59094374142401,12.91694194575733,41768795.35,-1331184798.0
2023-01-05,30.69,31.23,30.61,31.12,37011540.0,31.23,27.34,29.285,0.8597285714285717,28.649299550568315,27.544718273339107,29.596498038791648,0.8852262100195283,0.691161119178821,0.19406509084070733,63.96103896103896,30.65740381075533,26.621596189244666,0.14091753073589497,13.742690058479546,22.659576642547016,36.22405742676261,12.670111829314914,41503442.85,-1368196338.0
2023-01-06,30.85,31.25,30.585,31.2,39044790.0,31.25,27.34,29.295,0.8261571428571433,28.89222340289514,27.68806265477679,29.612453282186756,0.9794952592967299,0.7488279472024028,0.23066731209432711,69.3287037037037,31.095218044174906,26.485781955825097,0.16010267582535245,10.913615357269823,23.86300980927955,37.696045373588575,8.602652556587302,41188726.5,-1329151548.0
2023-01-09,31.56,31.61,31.16,31.2,36571719.0,31.61,27.34,29.475,0.8268714285714288,29.11201165023846,27.8257856879228,29.628249766941117,1.042190437399416,0.8075004452418054,0.23468999215761055,69.04205607476634,31.43860605776486,26.352393942235135,0.17602090690694835,11.587982832618016,25.41353335395124,40.773310758279926,8.595221229764523,40113864.8,-1329151548.0
2023-01-10,31.34,31.62,31.15,31.59,35854816.0,31.62,27.34,29.48,0.8329428571428574,29.34801054069194,27.97340193545524,29.647769669757626,1.1105448881932674,0.8681093338320979,0.24243555436116948,71.67235494880545,31.84208513349164,26.212914866508353,0.19392542475181423,13.633093525179852,28.395182769940824,40.47610880526876,6.9889891263334905,39870542.05,-1293296732.0
2023-01-11,31.685,32.03,31.54,31.91,40911082.0,32.03,27.34,29.685000000000002,0.8365142857142861,29.59200953681652,28.12777833014327,29.6702794242874,1.176970228408468,0.929881512747372,0.24708871566109603,76.1795166858458,32.27791475502315,26.10708524497684,0.21138407159531755,9.581043956043956,34.400896917798704,43.804221599836055,3.4582280210396963,39729701.05,-1252385650.0
2023-01-12,31.75,31.75,31.332,31.64,52925059.0,32.03,27.34,29.685000000000002,0.821371428571429,29.7870562475959,28.265512513274906,29.689878633995985,1.1940616462020515,0.9827175394383079,0.2113441067637436,71.42857142857143,32.60022284493073,26.112777155069285,0.22098839064130402,12.357954545454541,39.29309619000247,40.872408515374985,5.330805621260603,39727570.4,-1305310709.0
2023-01-13,31.76,32.14,31.75,32.09,51831483.0,32.14,27.34,29.740000000000002,0.8128000000000003,30.00638422401534,28.415492414715107,29.713760438632843,1.2297422539183671,1.0321224823343198,0.1976197715840473,74.3801652892562,32.972282312892126,26.09571768710787,0.23283553280233815,10.617028610823853,44.81922867038474,42.92920416197975,5.38702193475815,40165573.25,-1253479226.0
2023-01-17,31.638,31.665,31.33,31.39,48179629.0,32.14,27.34,29.740000000000002,0.8380714285714294,30.138157155061496,28.53213977100079,29.73043943924346,1.187842533423531,1.063266492552162,0.12457604087136898,69.92230854605991,33.14937665256668,26.271623347433312,0.23149234463012633,10.91872791519435,48.97373941013179,41.63470553140712,8.804227392823663,39722255.4,-1301658855.0
2023-01-18,31.72,31.8,31.07,31.08,33976592.0,32.14,27.34,29.740000000000002,0.7827142857142866,30.227856473627067,28.632055858412524,29.74386790253457,1.1167491053045175,1.0739630151026331,0.0427860902018844,62.249999999999964,33.252319827279955,26.48268017272005,0.22665571790608208,6.00272851296042,51.52501228901904,34.31283080854168,11.799598466873498,39866488.3,-1335635447.0
2023-01-19,31.41,31.8,31.39,31.7,48123492.0,32.14,27.34,29.740000000000002,0.7655714285714296,30.36806061899592,28.75236739337674,29.763331903504376,1.0977813299371455,1.0787266780695357,0.019054651867609795,73.10704960835506,33.3928860663698,26.734113933630212,0.22149025006202153,1.635139467778135,53.50516734908025,35.08117186042169,10.7576040306027,41202622.35,-1287511955.0
2023-01-20,32.14,32.51,32.03,32.49,59463197.0,32.51,27.44,29.975,0.7623571428571437,30.570150083853452,28.89894122108746,29.790462929340155,1.1334301517440544,1.0896673728044395,0.04376277893961489,72.89473684210523,33.561701957141935,27.078298042858073,0.21383258292492946,4.4023136246786665,56.72518701709797,40.80389768574901,10.802960742059378,42708403.45,-1228048758.0
2023-01-23,32.75,33.04,32.56,32.85,32347334.0,33.04,27.735,30.3875,0.7466428571428576,30.78727864729598,29.05388470261344,29.820906084272096,1.1771615061312986,1.1071661994698114,0.06999530666148712,81.37931034482754,33.81360260572603,27.298397394273973,0.21322179642139216,5.288461538461542,61.50434473101826,46.732995312350475,8.734334640772946,42692821.15,-1195701424.0
2023-01-24,32.63,32.87,32.55,32.79,24177615.0,33.04,27.7738,30.4069,0.680928571428572,30.97801401422017,29.20039902800115,29.850449307314165,1.1932226925471632,1.1243774980852819,0.06884519446188131,77.58346581875986,33.95951051963892,27.635489480361088,0.20534202579033461,5.09615384615385,63.667377140953285,42.90359802790304,9.682156718766402,42622246.5,-1219879039.0
2023-01-25,32.7,32.88,32.39,32.86,22231984.0,33.04,28.16,30.6,0.5823571428571436,31.15725077477063,29.34391279160895,29.88039508535084,1.1977923093396825,1.139060460336162,0.058731849003520464,68.59688195991085,34.00562739060919,28.095372609390804,0.19034330465591176,4.020259575815133,63.0030671297072,29.927633999754626,13.283453943333706,42868090.65,-1197647055.0
2023-01-26,33.22,33.335,33.01,33.29,34186840.0,33.335,28.16,30.747500000000002,0.5720000000000007,31.360369748602,29.49866130958507,29.91432150241203,1.2220244329310859,1.1556532548551468,0.06637117807593906,72.37113402061848,34.22901789822583,28.288982101774177,0.19002641787810387,4.324663115010963,62.77621988933728,35.65184815184807,13.523976023975987,41614606.15,-1163460215.0
2023-01-27,33.36,33.375,33.05,33.23,30644925.0,33.375,28.24,30.807499999999997,0.5477142857142867,31.538429772544667,29.644988317052324,29.947313328258677,1.2222971857969291,1.1689820410435032,0.053315144753425914,71.01449275362309,34.222931117386686,28.802068882613316,0.1720226016588138,5.0252844500632055,61.60711745622304,37.7543035993739,13.797600417318698,40801911.75,-1194105140.0
2023-01-30,32.21,32.34,31.875,32.0,60027616.0,33.375,28.24,30.807499999999997,0.6123571428571436,31.582388841826127,29.737341716383607,29.967738071261078,1.1104619102838846,1.1572780148915796,-0.04681610460769492,56.60066006600659,34.10820952753942,29.215790472460576,0.1545202152447365,-0.280461202866944,57.403870315974636,29.569578910532996,26.04689140324267,41590188.25,-1254132756.0
2023-01-31,31.78,31.965,31.58,31.8,39135908.0,33.375,29.04,31.2075,0.608785714285715,31.603113714033164,29.818230276525426,29.98596953323858,0.9942324276422205,1.1246688974417078,-0.1304364697994873,51.78875638841568,33.70231893702807,29.971681062971935,0.11717931570361945,1.3061484549219404,52.37438596641109,29.743048222456803,29.660917517306057,41908461.25,-1293268664.0
2023-02-01,32.25,32.68,32.03,32.51,43140679.0,33.375,30.195,31.785,0.6366428571428576,31.689483836506195,29.92378987352443,30.011084264251135,0.9484773352290397,1.0894305849991743,-0.14095324977013468,54.792332268370586,33.457289620644666,30.53571037935533,0.09130933824916278,4.601029601029594,46.691983602681255,31.86357006619538,28.363065185683794,41994772.15,-1250127985.0
2023-02-02,32.28,32.29,31.74,31.87,46926240.0,33.375,30.585,31.98,0.6503571428571434,31.706675852077034,30.000111839268573,30.029580938238688,0.8507663387773583,1.0416977357548112,-0.19093139697745287,51.734539969834096,33.44311198903759,30.617888010962417,0.08820417970606678,0.5362776025236604,41.49881636951172,31.191652937946117,28.665568369028016,40835627.0,-1297054225.0
2023-02-03,31.43,31.59,31.035,31.09,45202627.0,33.375,30.585,31.98,0.6742857142857149,31.647944818545888,30.04285255145412,30.04013237168905,0.7022945741639042,0.9738171034366299,-0.2715225292727257,42.816091954022966,33.44574051406894,30.61225948593107,0.08846610971737699,-4.309018159433675,37.02048453651936,25.953389830508407,35.116525423728795,41245181.35,-1342256852.0
2023-02-06,30.4,30.69,30.23,30.62,38468170.0,33.375,30.23,31.802500000000002,0.6814285714285716,31.55004531201771,30.06548578473043,30.045902198836426,0.5404743075959395,0.8871485442684919,-0.34667423667255237,44.27934621099554,33.5089347933294,30.4910652066706,0.09430842458308752,-6.788432267884326,33.82303067717413,25.681341719077516,38.78406708595386,41216350.35,-1380725022.0
2023-02-07,30.88,30.992,30.5,30.88,26173457.0,33.375,30.23,31.802500000000002,0.6644285714285717,31.486231472777927,30.09742751866257,30.054201679445022,0.4282735368364712,0.7953735427820878,-0.36710000594561665,48.50299401197605,33.53485579091166,30.433144209088347,0.09697697541968826,-5.82494663007015,31.129361349821846,29.585035476241607,36.98129434530208,40696437.25,-1354551565.0
2023-02-08,30.64,30.69,30.3,30.45,21434691.0,33.375,30.23,31.802500000000002,0.6544285714285714,31.38754276108479,30.111253890479727,30.05813997119184,0.3011843456507144,0.6965357033558132,-0.39535135770509877,40.36979969183358,33.61643590710157,30.237564092898428,0.1058311715539556,-7.33414485696896,28.33143735065581,30.037109801353367,39.72931674306921,39975431.0,-1375986256.0
2023-02-09,31.25,31.35,30.92,31.02,42052555.0,33.375,30.23,31.802500000000002,0.660857142857143,31.352538688600525,30.146890992813855,30.067710717747143,0.24365082724990117,0.6059587281346308,-0.36230790088472964,38.27751196172245,33.62002243453713,30.14497756546288,0.10899536953106706,-6.818864523881041,25.235484718928607,29.204496325118868,39.34284479031561,40032504.65,-1333933701.0
2023-02-10,30.44,30.49,29.97,30.14,42700058.0,33.375,29.97,31.6725,0.696571428571429,31.237058813495715,30.146620757801546,30.06843001408797,0.12559863104128866,0.5098867087159624,-0.38428807767467377,30.044182621502188,33.7106926085545,29.904307391445492,0.11966942441590854,-9.298826361721325,22.896361131481164,22.272354388843276,47.06726825266613,39521254.6,-1376633759.0
2023-02-13,30.56,30.77,30.41,30.64,25953402.0,33.375,29.97,31.6725,0.7187142857142861,31.180196069353265,30.165968963377956,30.074117277629384,0.07156231058107565,0.4222218290889851,-0.35065951850790944,35.13139695712309,33.702274363439386,29.76772563656062,0.12398136842220785,-4.249999999999998,20.545355267935552,24.368912741005737,45.51778970383617,38227350.55,-1350680357.0
2023-02-14,30.15,30.45,30.02,30.36,23639855.0,33.375,29.97,31.6725,0.7280000000000003,31.10208215798629,30.173578023637646,30.076961881832077,0.0060744548292746,0.338992354237043,-0.3329178994077684,33.19892473118277,33.74067511983723,29.626324880162773,0.12985781999067192,-4.528301886792452,20.113361380142333,24.058084772370457,47.193877551020414,37000361.85,-1374320212.0
2023-02-15,29.9,30.12,29.82,30.12,29638537.0,33.375,29.82,31.5975,0.7326428571428573,31.008550523892357,30.171476924671463,30.07739012181385,-0.06444821796577571,0.25830423979647926,-0.322752457762255,28.137931034482733,33.79425670845716,29.47674329154284,0.13647685090845169,-7.35158412796062,19.970675426260392,19.46963049624646,48.84469143024277,36783459.1,-1403958749.0
2023-02-16,29.9,30.335,29.83,30.14,26926860.0,33.375,29.82,31.5975,0.7455,30.9258314263788,30.170242535468663,30.078013105676398,-0.1173711300648499,0.18316916582421344,-0.30054029588906334,28.571428571428555,33.816832691420004,29.29816730857999,0.14318831919005032,-5.428302478820212,19.473848329668012,20.81057775222766,48.002299511353854,35723627.5,-1377031889.0
2023-02-17,29.61,29.69,29.34,29.53,35919105.0,33.375,29.34,31.3575,0.7058571428571432,30.79289510005701,30.145134985058128,30.07256023895325,-0.206158356010679,0.10530366145723495,-0.31146201746791397,31.25948406676781,33.79586014399224,29.02313985600776,0.15195148881658363,-5.0176905757478245,21.38845396814324,21.97935640558591,43.76644403966809,34546422.9,-1412950994.0
2023-02-21,29.29,29.52,29.16,29.19,29086199.0,33.375,29.16,31.2675,0.7022857142857146,30.640238423861103,30.10767871113428,30.06377854503332,-0.3004941215692547,0.024144104851937024,-0.3246382264211917,30.609212481426425,33.70721530431141,28.745784695688595,0.15888526119234675,-4.670150228608749,23.659547196465887,22.091131000813665,42.81936533767289,34383366.15,-1442037193.0
2023-02-22,29.15,29.245,28.82,28.94,28235920.0,33.375,28.82,31.0975,0.6697857142857148,30.47831095492195,30.061887389129016,30.052596668963336,-0.3909224949092298,-0.05886921510029635,-0.33205327980893345,21.5311004784689,33.59991750287705,28.46808249712295,0.1653617002563027,-6.282383419689108,26.92224061436075,15.538018556041374,48.52298176389034,34586281.4,-1470273113.0
2023-02-23,29.38,29.44,28.58,28.78,32680825.0,33.375,28.58,30.9775,0.6762142857142864,30.316567054453195,30.011617295437684,30.039934015540815,-0.4700795111168006,-0.1411112743035972,-0.32896823681320336,23.316062176165786,33.4331398045623,28.226860195437684,0.16887056792489843,-5.484400656814447,30.26956749237314,15.390303158339485,47.53353755149462,35108723.45,-1502953938.0
2023-02-24,28.0,28.19,27.75,27.91,47133996.0,33.375,27.75,30.5625,0.6901428571428578,30.087370192124318,29.929200930910717,30.018740642251853,-0.5961417943436231,-0.2321173783116024,-0.36402441603202074,22.95918367346937,33.20536560892686,27.91663439107314,0.1730549137087701,-10.025789813023856,32.9184098060533,15.079693645208023,47.86793624508378,35756081.25,-1550087934.0
2023-02-27,28.31,28.34,28.13,28.28,29314707.0,32.68,27.75,30.215,0.6594285714285721,29.915239697636288,29.864526384600495,30.0014397403389,-0.6585992322638567,-0.3174137491020533,-0.34118548316180347,29.757785467128016,32.829530917722956,27.79746908227704,0.16600068733224194,-6.171201061712006,34.379294824758965,17.406845753899454,41.37781629116113,35689570.35,-1520773227.0
2023-02-28,28.02,28.22,27.88,27.96,29855647.0,32.68,27.75,30.215,0.6528571428571437,29.7290263930995,29.789839075400476,29.981126907101697,-0.7255547835430818,-0.399041955990259,-0.3265128275528228,25.000000000000014,32.70493523454501,27.518064765454987,0.1722554661537959,-8.746736292428192,37.260062635759326,14.277899343544837,44.52954048140039,34180971.9,-1550628874.0
2023-03-01,29.26,29.315,28.99,29.12,52401006.0,32.68,27.75,30.215,0.7082142857142867,29.671023879470976,29.763570876365165,29.97255848016536,-0.6772087934223272,-0.45467532347667267,-0.22253346994565454,39.87823439878236,32.47890907658281,27.476090923417193,0.16688576943259498,-4.084321475625819,37.94239196574032,24.20574886535551,39.03177004538574,34844226.8,-1498227868.0
2023-03-02,29.08,29.68,29.02,29.65,33074092.0,32.29,27.75,30.02,0.6910714285714293,29.669021605235645,29.75911711650771,29.96934894304929,-0.5893341995280323,-0.4816070986869446,-0.10772710084108772,39.509954058192946,32.03525082881181,27.633749171188196,0.14753059905892893,-1.5604249667994785,38.99592496418728,21.757105943152435,39.99999999999997,34340897.45,-1465153776.0
2023-03-03,29.57,29.68,29.49,29.61,19891249.0,31.59,27.75,29.67,0.629642857142858,29.663400499975108,29.753269386448586,29.965773331675667,-0.516961407166086,-0.48867796038277295,-0.028283446783313015,45.3427065026362,31.70338931657326,27.739610683426744,0.1333640170632881,-1.7584605175846035,37.600228834618356,23.879750425411206,33.125354509358985,32989147.9,-1485045025.0
2023-03-06,29.42,29.59,29.25,29.28,22389718.0,31.35,27.75,29.55,0.6103571428571437,29.626886166644145,29.73470980266629,29.958949716435114,-0.4806925652054055,-0.4870808813472995,0.0063883161418940015,37.681159420289845,31.51253241016876,27.74946758983124,0.126997564049054,-0.8465966813410053,37.3515631235244,21.35751901696895,36.98069046225854,31848502.45,-1507434743.0
2023-03-07,29.11,29.13,28.71,28.75,36243421.0,31.35,27.75,29.55,0.6067857142857151,29.54337319839232,29.696093731973498,29.946920366022827,-0.48907803016264495,-0.4874803111103686,-0.0015977190522763474,36.04852686308492,31.397832454722604,27.6771675452774,0.1259641103493933,-1.5073655361425242,37.097905141584285,21.483225426721564,38.96409652736892,31737265.0,-1543678164.0
2023-03-08,28.41,28.56,28.34,28.44,22861197.0,31.35,27.75,29.55,0.5975000000000009,29.43829003664067,29.646835154249047,29.93192613352509,-0.5148036448138953,-0.492944977851074,-0.021858666962821294,35.616438356164366,31.224454044974838,27.606545955025158,0.12299325491491492,-1.727712508638557,36.25484276242773,21.81709503885232,41.60191273161974,31571652.0,-1566539361.0
2023-03-09,27.99,27.99,27.31,27.39,51527950.0,31.35,27.31,29.33,0.642142857142858,29.243214795055845,29.558331814866733,29.906633336176583,-0.6128530164658592,-0.516926585574031,-0.09592643089182817,29.985443959243085,31.21497616064401,27.31002383935599,0.13344561542205968,-4.829742876997923,36.81699744886371,17.908787541712982,50.16685205784196,33076314.95,-1618067311.0
2023-03-10,27.34,27.59,27.195,27.37,36040954.0,30.77,27.195,28.9825,0.6132142857142865,29.064813386002907,29.472514880950392,29.88139320347831,-0.6842836863759061,-0.5503980057344061,-0.13388568064149997,32.80254777070063,31.02310657398991,27.13689342601008,0.13363869147110838,-1.9347903977069092,37.58934676392263,18.753640069889315,48.165404775771606,32775734.9,-1654108265.0
2023-03-13,27.41,27.75,27.34,27.54,45574567.0,30.77,27.195,28.9825,0.6160714285714294,28.919593063526438,29.396729983658222,29.858095758667584,-0.7188885281985833,-0.5840961102272416,-0.13479241797134167,36.49754500818328,30.941793690433574,26.958206309566425,0.13760232749109325,-2.6166902404526238,38.03451645808546,20.52173913043475,45.85507246376803,32919460.35,-1608533698.0
2023-03-14,27.47,27.765,27.37,27.72,24364995.0,30.45,27.195,28.822499999999998,0.6139285714285722,28.80534610509535,29.330975866652018,29.83682117400423,-0.7234491475388722,-0.6119667176895678,-0.11148242984930445,39.9006622516556,30.699972462599323,26.90802753740068,0.13164647011521463,-0.8583690987124526,36.7772993489456,20.7678883071553,42.05933682373467,32840040.0,-1584168703.0
2023-03-15,27.26,27.38,26.99,27.33,45984619.0,30.335,26.99,28.6625,0.6046428571428576,28.664836952229127,29.25250622482253,29.81187767973553,-0.7498889587309634,-0.639551165897847,-0.1103377928331164,38.4370015948963,30.508776692166876,26.796223307833117,0.12957170872816542,-6.1469780219780334,35.66849984955929,21.086828115770807,44.359125812167704,33957278.2,-1630153322.0
2023-03-16,27.17,27.72,27.15,27.68,30244969.0,30.335,26.99,28.6625,0.5717857142857147,28.571042956778733,29.190839314045174,29.790664966504334,-0.7341379394799681,-0.6584685206142713,-0.07566941886569678,47.99999999999999,30.299347082137697,26.761652917862303,0.12399692133945754,-6.6441821247892,33.07946093909146,26.545908806995605,36.53966271080573,33987599.8,-1599908353.0
2023-03-17,27.82,27.885,27.41,27.61,27744035.0,29.69,26.99,28.34,0.5750000000000005,28.47951505613314,29.12884561545517,29.768966807633646,-0.7190151985912436,-0.6705778562096658,-0.04843734238157782,43.853211009174295,30.045480717935856,26.762519282064137,0.11558095464975777,-6.754474839581226,31.273812777365833,26.58385093167705,36.33540372670805,34028458.55,-1627652388.0
2023-03-20,27.38,27.8301,27.28,27.59,25374685.0,29.68,26.99,28.335,0.5857214285714291,28.39479933650141,29.068498728574575,29.74728554586615,-0.7005684335235394,-0.6765759716724405,-0.023992461851098823,46.40776699029125,29.896784493832016,26.71721550616798,0.11232447760850793,-5.7718579234972704,28.559960401228313,26.097242716552266,34.206899915854656,33501237.55,-1653027073.0
2023-03-21,27.85,28.05,27.76,27.98,30148464.0,29.68,26.99,28.335,0.5217928571428576,28.35529463778699,29.02581250392459,29.72970061506151,-0.6470210428462941,-0.6706649859072112,0.023643943060917105,36.98630136986299,29.78610042662722,26.706899573372777,0.10901176617472755,-2.678260869565219,29.588263867196737,17.315300269674605,38.39783165185962,33554350.8,-1622878609.0
2023-03-22,28.24,28.475,28.05,28.07,21821668.0,29.68,26.99,28.335,0.5100071428571434,28.328123719902514,28.988329660633433,29.7131861810808,-0.5905150126251328,-0.6546349912507956,0.06411997862566277,29.94923857868021,29.70889158762198,26.697108412378025,0.10678946123617897,-1.3009845288326383,30.038184667682717,18.555762524334416,39.285164073332254,33233638.2,-1601056941.0
2023-03-23,29.01,29.31,28.71,28.95,42660293.0,29.68,26.99,28.335,0.5850071428571432,28.38735003229275,28.986826536687023,29.70559228873174,-0.46931496031367814,-0.6175709850633722,0.14825602474969402,43.09623430962343,29.732943566584787,26.690056433415215,0.10785981366356173,5.6955093099671394,29.807778016115943,26.372083368945425,34.24866607245331,33732611.6,-1558396648.0
2023-03-24,28.62,28.93,28.62,28.83,19793604.0,29.68,26.99,28.335,0.582864285714286,28.429507172074395,28.980676476424787,29.696879927649835,-0.3785819853082515,-0.5697731851123481,0.1911911998040966,45.07658643326036,29.796096421208286,26.718903578791714,0.10889826921760849,5.334307636097901,28.629372530881483,26.469038369627818,32.53636597590716,32365592.0,-1578190252.0
2023-03-27,28.28,28.36,28.09,28.24,28465359.0,29.68,26.99,28.335,0.595007142857143,28.411458869972073,28.951630340094404,29.68238360996178,-0.3502460990754166,-0.5258677679049618,0.17562166882954522,44.4924406047516,29.794077264873795,26.716922735126207,0.10890462139220994,2.541757443718229,27.284855505194052,25.92886039783436,31.75231990012128,32323124.6,-1606655611.0
2023-03-28,29.07,29.42,28.945,29.4,45880024.0,29.68,26.99,28.335,0.6500071428571432,28.505605644260445,28.96921346401227,29.67957382279798,-0.23151859733658142,-0.4669979337912858,0.23547933645470437,58.759124087591225,29.94081140335559,26.714188596644405,0.1139042558189457,6.060606060606055,26.28478131617587,35.383127657937834,24.999725277744208,33124343.45,-1560775587.0
2023-03-29,29.29,29.54,29.09,29.41,31586264.0,29.68,26.99,28.335,0.6014357142857144,28.591738440045166,28.986499210521593,29.676891496202977,-0.13506236552026962,-0.4006108201370826,0.265548454616813,72.74774774774774,29.990138982382803,26.693861017617188,0.11630364705262915,7.610684229784126,26.163757749166564,39.66579969359033,14.786047671642862,32083606.35,-1529189323.0
2023-03-30,29.71,30.01,29.62,29.91,38116952.0,30.01,26.99,28.5,0.6160785714285717,28.717287160040865,29.02271492775604,29.67921098380295,-0.018066031584179854,-0.3241018624265021,0.3060358308423222,75.81300813008129,30.050014361059286,26.659985638940707,0.11955664687422252,8.056358381502893,26.899388039681025,44.1722414812582,13.101297376262327,32335749.35,-1491072371.0
2023-03-31,29.68,29.78,29.45,29.53,27696419.0,30.01,26.99,28.5,0.6196500000000003,28.794688382894115,29.042608460000903,29.67772629739695,0.0434902531986161,-0.25058343930147847,0.2940736925000946,69.39571150097467,30.033878486399626,26.668121513600372,0.11871739877955818,6.954002173125695,27.56422714485737,42.073290221438384,14.985418035527012,32726007.85,-1518768790.0
2023-04-03,29.5,29.57,29.3,29.4,27890684.0,30.01,26.99,28.5,0.6107214285714289,28.852337108332772,29.056623814510672,29.67496285165171,0.08085212585523749,-0.18429632627013529,0.26514845212537275,66.53543307086612,30.054615665383402,26.659384334616597,0.11973168285667754,6.560347952156564,28.212763411744046,42.512953064876434,16.95886597817572,33001056.15,-1546659474.0
2023-04-04,29.13,29.346,29.01,29.27,39702118.0,30.01,26.99,28.5,0.5864357142857143,28.892114526586795,29.064991508059276,29.670933370540748,0.09883248618899998,-0.12767056377830824,0.22650304996730822,70.12448132780082,30.121397326028966,26.644602673971033,0.1224956717773996,4.610436025732656,28.925969737276027,44.27351676593466,16.564962667933393,33173991.0,-1586361592.0
2023-04-05,29.2,29.2,28.75,28.93,34422438.0,30.01,26.99,28.5,0.5828642857142857,28.895722666911862,29.0596977234295,29.663560899192085,0.08467085982725564,-0.08520227905719546,0.1698731388844511,62.993762993762985,30.16300712420791,26.651992875792104,0.12359462284311551,3.0637691485571716,30.228571418167686,40.37818163993091,19.852697883604378,33752053.05,-1620784030.0
2023-04-06,28.96,29.41,28.89,29.29,29216909.0,30.01,26.99,28.5,0.5860785714285713,28.933272889110732,29.068729185255798,29.659843875319527,0.10132860715264513,-0.04789610181522735,0.1492247089678725,66.47058823529412,30.231605336046613,26.773394663953383,0.12133008234692502,1.1744386873920654,31.59839878181196,40.705171174025914,19.74381786937394,32636501.0,-1591567121.0
2023-04-10,29.06,29.2,28.964,29.19,23139682.0,30.01,26.99,28.5,0.5700714285714285,28.957723090147805,29.073484903481063,29.655168811883513,0.105247598850287,-0.017267361682124477,0.12251496053241148,65.44401544401546,30.26216192848225,26.924838071517748,0.11671617175107989,1.248699271592102,33.37361826906291,41.848139330910925,18.66933968174417,31991437.4,-1614706803.0
2023-04-11,29.46,29.53,29.18,29.21,31524046.0,30.01,26.99,28.5,0.5622142857142857,28.98174946251468,29.078838436677884,29.65073927146676,0.10871407270057176,0.007928925194414772,0.100785147506157,62.7858627858628,30.289896707622965,27.064103292377034,0.11248712958977339,3.4348441926345785,33.50468175193512,43.831787574641126,18.93025028585951,31288911.35,-1583182757.0
2023-04-12,29.04,29.075,28.33,28.41,44014055.0,30.01,26.99,28.5,0.5897142857142857,28.927297132751377,29.05260947837679,29.638393607074057,0.04637340038725668,0.015617820232983155,0.030755580154273526,53.07971014492754,30.266691983406076,27.15630801659391,0.10833233954381226,-3.367346938775506,31.85677462289002,36.640019379844986,28.343023255813993,32271364.35,-1627196812.0
2023-04-13,29.0,29.13,28.92,29.07,29611945.0,30.01,27.15,28.58,0.5525714285714286,28.94088788201315,29.05329145961692,29.632737949292228,0.04965209415446381,0.022424675017279287,0.027227419137184523,51.13207547169812,30.216953939659273,27.380046060340728,0.09850887648032172,-1.1560693641618491,31.076686156961237,29.0201654601862,30.24819027921411,31452730.65,-1597584867.0
2023-04-14,28.93,28.98,28.61,28.71,21020153.0,30.01,27.28,28.645000000000003,0.561857142857143,28.91889855991666,29.039829049435863,29.62355647715997,0.02293708677373374,0.02252715736857018,0.0004099294051635588,48.9169675090253,30.16875539409753,27.531244605902472,0.09142151778839024,-4.012036108324968,30.810472367394933,28.54055428426142,32.54513094330034,30991489.85,-1618605020.0
2023-04-17,29.39,29.495,29.254,29.49,29762678.0,30.01,27.28,28.645000000000003,0.5650714285714289,28.97328917325793,29.057482812203084,29.622227556989223,0.06396735635550854,0.030815197165957854,0.03315215918955069,60.90750436300175,30.15413961786426,27.733860382135738,0.08361937657989642,-0.13545546901456706,31.177910923337212,34.88813045127043,25.66047275944891,31092422.0,-1588842342.0
2023-04-18,29.61,29.66,29.3,29.37,17830547.0,30.01,27.76,28.885,0.5065000000000001,29.011071156757172,29.06973838819512,29.619717830054007,0.08581195666766561,0.04181454906629941,0.0439974076013662,49.68017057569299,30.073831651278805,27.99216834872119,0.07169990364611357,-0.10204081632652073,30.25221484659537,26.300944859681312,28.627838104639746,30715215.1,-1606672889.0
2023-04-19,28.97,29.09,28.88,29.01,19982770.0,30.01,28.05,29.03,0.5093571428571432,29.010969141827918,29.067395706305117,29.61365098597387,0.07323080925790038,0.04809780110461961,0.02513300815328077,46.03174603174604,30.00038266312867,28.168617336871336,0.06298080854947938,-0.8882815169115044,28.188959855141167,24.470621231243914,34.357032674239306,30206930.4,-1626655659.0
2023-04-20,29.02,29.21,28.73,28.82,23301796.0,30.01,28.09,29.05,0.5007857142857145,28.992781604510974,29.057693913900994,29.605753961237813,0.047382550640474363,0.04795475101179056,-0.0005722003713161949,38.47780126849893,29.916337857317078,28.327662142682914,0.05455242478655875,-0.38022813688213253,26.756350023210207,18.185708172871223,37.08458137212956,30280936.8,-1649957455.0
2023-04-21,28.43,28.5,28.245,28.4,27016699.0,30.01,28.09,29.05,0.5090000000000001,28.936326213605167,29.0319019957088,29.593756409384703,-0.006913179622642929,0.03698116488490386,-0.04389434450754679,38.15513626834378,29.949663265414515,28.239336734585486,0.058785218196876696,-3.038579720040968,26.161144674549462,17.89222565254002,40.90653943306206,29498757.1,-1676974154.0
2023-04-24,28.24,28.26,28.02,28.11,24197787.0,30.01,28.02,29.015,0.5168571428571429,28.857628478976103,28.99574897626924,29.578992664017694,-0.07250768989007028,0.015083393929909034,-0.08759108381997932,36.91683569979715,30.015144904691514,28.101855095308483,0.06584269006944718,-3.6998972250770867,25.9641891962893,17.620232172471006,41.32117191818692,29718966.25,-1701171941.0
2023-04-25,27.6,27.64,27.28,27.35,42267363.0,30.01,27.28,28.645000000000003,0.5482857142857144,28.714044814311713,28.93120980072927,29.556813632534933,-0.18369988238004709,-0.024673261332082193,-0.1590266210479649,32.73381294964028,30.188866621764067,27.839133378235932,0.08098618747942839,-6.36768230058199,25.99081990452914,16.610213652944267,44.81500781657118,30409066.45,-1743439304.0
2023-04-26,28.03,28.08,27.74,27.8,29979057.0,30.01,27.28,28.645000000000003,0.5632857142857143,28.626992927234408,28.88684863207322,29.539332899872896,-0.232825390657041,-0.06630368719707395,-0.16652170345996703,40.035273368606695,30.211603018809836,27.65639698119016,0.08831153790072843,-2.147131291798665,25.69442638859523,21.747400456505197,40.32462591935079,29614018.1,-1713460247.0
2023-04-27,27.89,28.27,27.845,28.19,23274933.0,30.01,27.28,28.645000000000003,0.5597142857142856,28.585374553212084,28.859521234737016,29.525906701864212,-0.23754964482668228,-0.10055287872299562,-0.13699676610368666,40.350877192982466,30.171243347551364,27.574756652448638,0.08992784591496297,-3.0271757825937384,25.393386111507056,21.630934150076577,40.58192955589591,29198451.55,-1690185314.0
2023-04-28,28.15,28.345,28.075,28.33,20404152.0,29.78,27.28,28.53,0.5557142857142855,28.561053167191886,28.83875569611988,29.514007132691436,-0.22737577393592545,-0.12591745776558158,-0.10145831617034387,42.5087108013937,30.016635634489848,27.57136436551016,0.08492294467526873,-1.3235806339254697,24.692232430374496,22.750642673521853,40.87403598971728,28312811.55,-1669781162.0
2023-05-01,28.24,28.46,28.1925,28.22,20397610.0,29.66,27.28,28.47,0.5498214285714285,28.52857191317361,28.814490766860278,29.501131439828836,-0.22558854433278697,-0.14585167507902266,-0.0797368692537643,41.50943396226411,29.925202047069817,27.531797952930177,0.08331114030108222,-4.306544591386907,24.30957446143298,20.20136407924651,41.31211432283214,27947871.1,-1690178772.0
2023-05-02,27.92,27.93,27.47,27.69,32574504.0,29.66,27.28,28.47,0.540535714285714,28.44870792144279,28.770393089728504,29.48311023147233,-0.2638966858763929,-0.16946067723849673,-0.0944360086378962,43.5251798561151,29.881319744436365,27.404680255563637,0.08646578531832307,-5.720122574055154,25.71910418499343,20.548397753551377,40.33696729435089,28182062.1,-1722753276.0
2023-05-03,27.61,27.745,27.49,27.56,23905372.0,29.66,27.28,28.47,0.5073214285714285,28.36406907178157,28.722926694052877,29.463974806283552,-0.3012731878165269,-0.19582317935410276,-0.10545000846242414,34.990059642147074,29.84855220245379,27.266447797546206,0.09041773281651344,-4.998276456394358,28.00697331732889,21.11932418162619,42.97782470960932,27392224.8,-1746658648.0
2023-05-04,28.11,28.39,28.1,28.3,32222986.0,29.66,27.28,28.47,0.5337500000000001,28.35796725542142,28.706341333501783,29.45239296741506,-0.26809212024464557,-0.21027696753221134,-0.05781515271243423,46.210720887245834,29.8095050693881,27.242494930611908,0.08998843647115579,-1.8043025676613422,28.41192994324035,28.70525259284041,36.70123787219805,27282252.2,-1714435662.0
2023-05-05,28.48,28.72,28.35,28.67,19259492.0,29.66,27.28,28.47,0.5076785714285713,28.387684659667,28.70491618316838,29.444607962764167,-0.2095247069590478,-0.21012651541757865,0.0006018084585308614,41.800000000000026,29.729836447720327,27.260163552279668,0.0866703946461014,0.9507042253521281,28.511930054228266,27.57650369328172,38.58600070348224,26784381.35,-1695176170.0
2023-05-08,29.0,29.01,28.78,28.89,21775260.0,29.66,27.28,28.47,0.5062499999999999,28.43552421588919,28.71217437206374,29.439089475572484,-0.14370095345085687,-0.1968414030242343,0.053140449573377435,45.29411764705881,29.68624689799988,27.27375310200012,0.08470834957864319,2.77481323372466,29.18219332656074,29.41798941798944,38.69488536155203,26716160.25,-1673400910.0
2023-05-09,28.19,28.47,28.14,28.44,22820118.0,29.66,27.28,28.47,0.5248214285714283,28.4359504810426,28.701500867276927,29.429148286760817,-0.12638945479399766,-0.182751013378187,0.05636155858418934,44.508670520231206,29.59776030578055,27.285239694219452,0.0813079693954643,3.9853747714807986,29.223559246962584,28.376998979244668,40.31983667914256,26280963.85,-1696221028.0
2023-05-10,28.14,28.345,28.04,28.24,22425585.0,29.66,27.28,28.47,0.5191071428571428,28.417288530467115,28.68340279405038,29.417315965499515,-0.12734039510792527,-0.17166888972413466,0.044328494616209385,44.423076923076906,29.592729551044478,27.27327044895553,0.0815763057745911,1.5827338129496216,27.963897157853513,28.689370485036136,40.075679394564865,25201540.35,-1718646613.0
2023-05-11,28.22,28.57,28.17,28.54,27595020.0,29.66,27.28,28.47,0.5066071428571427,28.428975337089295,28.677779155068013,29.408586453404993,-0.10270263728997264,-0.15787563923730227,0.05517300194732963,51.37795275590552,29.528552161273442,27.28444783872656,0.07899967692418572,1.2415750266051795,25.345282845421156,32.569615791328914,34.22629538244629,25100694.1,-1691051593.0
2023-05-12,28.12,28.13,27.73,27.79,30844627.0,29.66,27.28,28.47,0.5373214285714284,28.36812054308079,28.642964286241817,29.39248111556017,-0.1420582100845671,-0.15471215340675523,0.012653943322188138,47.11191335740072,29.50536450588217,27.21563549411782,0.08073655301438096,-1.9061066007765581,22.952622916068858,30.707876370887384,35.127949484878734,25591917.8,-1721896220.0
2023-05-15,28.56,29.06,28.415,29.04,48130434.0,29.66,27.28,28.47,0.5687499999999999,28.43210906278738,28.658534314232334,29.388973840778476,-0.07155835161782775,-0.13808139304896974,0.06652304143114199,64.0132669983416,29.404397773118934,27.271602226881075,0.07526274070992511,2.905740609496821,21.530584726631137,40.69073783359501,23.89324960753537,26510305.6,-1673765786.0
2023-05-16,28.5,28.8199,28.49,28.74,26526230.0,29.21,27.28,28.245,0.5558928571428573,28.46143200918858,28.661729047007537,29.382516389626453,-0.0394395639117775,-0.11835302722153129,0.0789134633097538,57.993197278911545,29.277495690806905,27.335504309193094,0.06860584606411285,3.7919826652220934,20.756091462486772,35.97815611949892,24.4458721490524,26945089.75,-1700292016.0
2023-05-17,28.25,28.4766,28.16,28.44,26237575.0,29.21,27.28,28.245,0.5637500000000001,28.459390865456335,28.653033790262143,29.373138117092857,-0.03775744176131823,-0.10223391012948868,0.06447646836817045,52.15889464594129,29.19395449208218,27.362045507917816,0.06478212688890178,3.19303338171264,19.137093011273553,33.06936965473554,28.286347798542938,27257830.0,-1726529591.0
2023-05-18,28.4,28.43,27.9,28.05,34716901.0,29.06,27.28,28.17,0.5830357142857147,28.4204012592224,28.629385406330293,29.35997256368895,-0.06712036666609933,-0.09521120143681082,0.02809083477071149,47.68211920529804,29.12371181076838,27.35528818923162,0.06262234180976158,-0.8833922261484051,17.16284316034543,31.056661562021464,30.535987748851472,27828585.25,-1761246492.0
2023-05-19,27.89,27.965,27.8,27.9,22347082.0,29.06,27.28,28.17,0.5817857142857145,28.37083923453455,28.60078205706244,29.34544547350299,-0.10132641476339188,-0.09643424410212703,-0.00489217066126485,47.368421052631575,29.10783143492102,27.321168565078988,0.06332427899987711,-2.6857342169515297,14.957307068458686,29.711479435236356,31.829343155310006,27595104.4,-1783593574.0
2023-05-22,28.32,28.615,28.31,28.35,23553230.0,29.06,27.28,28.17,0.5792857142857145,28.36885454553126,28.5909474665894,29.335540543418386,-0.09107387222123364,-0.09536216972594835,0.004288297504714711,55.499999999999986,29.12036858800277,27.332631411997227,0.06333541799392566,-1.869158878504673,14.37088860358118,37.8545006165228,23.057953144266342,27562876.55,-1760040344.0
2023-05-23,27.82,27.9,27.48,27.49,36146201.0,29.06,27.47,28.265,0.6232142857142858,28.28515411262352,28.547773056134915,29.31717695592169,-0.1506073631386755,-0.10641120840849379,-0.04419615473018172,49.47994056463595,29.100248916467176,27.366751083532822,0.06139861628683494,-3.340365682137847,12.393055507568786,35.18624641833811,30.945558739255002,27256818.45,-1796186545.0
2023-05-24,27.2,27.2595,26.8901,26.94,37998102.0,29.06,26.8901,27.97505,0.6067785714285713,28.157044197135566,28.48472313236492,29.29352345387272,-0.23940873222625925,-0.13301071317204688,-0.10639801905421237,39.602446483180444,29.21818979550052,27.162810204499486,0.07291036310108139,-4.603399433427757,12.600845446365197,28.546539688519008,38.7279426479417,27657770.7,-1834184647.0
2023-05-25,26.72,26.73,26.34,26.39,35351857.0,29.06,26.34,27.7,0.6196357142857144,27.988754273598847,28.40257712717414,29.26463267323717,-0.3501287936797617,-0.17643432927358985,-0.17369446440617184,33.03571428571429,29.406074686926853,26.794925313073147,0.09292181184867551,-7.533286615276802,13.512400328566992,24.150134295496226,44.26563994974005,28261616.9,-1869536504.0
2023-05-26,26.53,26.915,26.43,26.83,25118918.0,29.06,26.34,27.7,0.63285,27.87839672373229,28.34090743591241,29.240407472508444,-0.3977854937509733,-0.22070456216906656,-0.17708093158190671,35.158501440922194,29.443095815006153,26.60790418499385,0.10116471178078192,-3.4544800287873323,14.806152646815374,22.46075012133318,43.341346967798735,28497355.2,-1844417586.0
2023-05-30,26.41,26.48,25.91,26.04,41485880.0,29.06,25.91,27.485,0.644992857142857,27.70331132147207,28.25067577175898,29.208562622035725,-0.49361013917712526,-0.2752856775706783,-0.21832446160644697,33.516483516483504,29.58429116450681,26.248708835493197,0.1194842594527828,-10.330578512396693,15.72850116897966,22.037896322218394,41.19646950686053,29551768.7,-1885903466.0
2023-05-31,25.87,25.98,25.51,25.97,37158937.0,29.06,25.51,27.285,0.6542785714285709,27.538234052760444,28.161237506199807,29.176338118333877,-0.5686452871414645,-0.33395759948483555,-0.2346876876566289,34.125874125874134,29.711255447318266,25.949744552681736,0.13515786258373114,-9.638135003479476,16.95841253540687,21.725128003580828,43.886941997183364,29780990.35,-1923062403.0
2023-06-01,25.97,26.74,25.96,26.63,43154094.0,29.06,25.51,27.285,0.6814214285714281,27.451735571545164,28.101188976544915,29.151001420639012,-0.5683036476589187,-0.3808268091196522,-0.1874768385392665,37.28362183754994,29.73749511334951,25.830504886650495,0.14062014924773306,-6.36427566807315,18.412816316588334,26.467782681160145,42.13880648644115,30743426.45,-1879908309.0
2023-06-02,27.33,27.615,27.33,27.43,58101811.0,29.06,25.51,27.285,0.693921428571428,27.44966551711229,28.07486784020982,29.13387702839385,-0.49774192273488893,-0.4042098318426996,-0.09353209089218933,47.61904761904762,29.684337495911603,25.796662504088392,0.14014437345481195,-2.2103386809269154,18.117460291079524,34.9977869046516,36.8506109172508,32037367.7,-1821806498.0
2023-06-05,27.26,27.44,27.145,27.39,20666947.0,29.06,25.51,27.285,0.6242785714285711,27.44398308691112,28.04801027784865,29.116525018161077,-0.43997713058375254,-0.41136329159091023,-0.02861383899284231,37.007874015748044,29.575245014888626,25.77775498511137,0.1372099083980004,-1.8279569892473035,17.743252935839617,28.261192919827423,43.07829609034423,32107740.45,-1842473445.0
2023-06-06,27.37,28.06,27.3148,27.99,39715002.0,29.06,25.51,27.285,0.6382214285714279,27.49598469768149,28.04573536499184,29.10531581400027,-0.3418425825384652,-0.39745914978042124,0.055616567241956016,44.3609022556391,29.450120356200102,25.812879643799896,0.1316338494978632,-1.2698412698412764,17.083341104673618,34.58271312016649,42.13718928719317,33004727.55,-1802758443.0
2023-06-07,27.69,27.9599,27.49,27.5,30327201.0,29.06,25.51,27.285,0.6325071428571424,27.49636710742611,28.024333978129416,29.089342522318677,-0.30014921774470693,-0.3779971633732784,0.07784794562857145,43.12865497076022,29.36329290826999,25.805707091730007,0.1289704658971518,0.03637686431430254,16.90418368876545,34.89514517057961,38.791205068265725,33380081.7,-1833085644.0
2023-06-08,27.67,27.92,27.65,27.79,31272286.0,29.06,25.51,27.285,0.6239357142857137,27.5243321448141,28.015144410359635,29.076413741002074,-0.24092906905735134,-0.350583544510093,0.10965447545274165,48.07121661721067,29.317108033857618,25.80689196614237,0.12735708829966072,3.155159613956937,16.940711777550423,35.37452347425897,36.34760907144734,33822416.75,-1801813358.0
2023-06-09,27.92,28.02,27.78,27.82,20194863.0,29.06,25.51,27.285,0.6232214285714279,27.55249098816514,28.00749168838475,29.063912111738375,-0.18939272385719974,-0.3183453803795144,0.12895265652231463,49.39577039274926,29.225292732126775,25.826707267873225,0.1234681924091241,5.418719211822665,16.826011639285888,36.561185545151275,35.243149075655275,33452408.9,-1781618495.0
2023-06-12,27.82,27.89,27.74,27.75,18292981.0,29.06,25.51,27.285,0.5828642857142852,27.57130137024465,27.99739397511476,29.05083835938277,-0.15244096936868345,-0.2851644981773482,0.13272352880866473,45.19230769230768,29.22207817065923,25.82592182934077,0.12338890936340863,3.4289973909802596,15.817189850064837,31.127069521206778,38.173551794708416,32824826.6,-1799911476.0
2023-06-13,28.09,28.31,28.0,28.07,22651868.0,28.8199,25.51,27.16495,0.5607214285714279,27.618796477840398,28.0002412702083,29.04107877371727,-0.09622588001877475,-0.2473767745456335,0.15115089452685876,55.08771929824563,29.04154059905222,25.90945940094778,0.11399542130641616,7.795698924731198,16.278398499479454,37.70652603151544,29.107909453382796,31550898.3,-1777259608.0
2023-06-14,28.07,28.57,28.025,28.45,35568800.0,28.615,25.51,27.0625,0.5567999999999996,27.697958718046074,28.017878867455032,29.035197392884264,-0.02077273730851914,-0.20205596709821064,0.1812832297896915,63.65280289330922,28.982479888995137,25.939520111004867,0.11081023189214774,9.549480169426271,17.413446931000948,41.307471264367734,21.745433087027934,32003026.8,-1741690808.0
2023-06-15,28.93,29.08,28.76,29.08,39549431.0,29.08,25.51,27.295,0.5589428571428565,27.82958169727978,28.059530676574443,29.035643189969996,0.08883610939961173,-0.14387755179864617,0.2327136611982579,73.97504456327988,29.124145545148814,25.86185445485119,0.11865897102162815,9.200150206533975,19.10086033197795,47.66651331595351,14.632213873127853,32668619.6,-1702141377.0
2023-06-16,29.24,29.25,28.79,28.91,31172922.0,29.25,25.51,27.380000000000003,0.5542999999999996,27.932478678491233,28.092882414747994,29.03439300897527,0.16013835557379252,-0.08307437032415843,0.24321272589795095,69.47565543071165,29.2710067495655,25.8009932504345,0.1260173409039439,5.395552314983587,20.61144889707385,47.872477513466094,14.754774361485534,32491420.65,-1733314299.0
2023-06-20,28.09,28.17,27.61,27.67,52582891.0,29.25,25.51,27.380000000000003,0.5814428571428569,27.907480709111116,28.07629879064023,29.020816959134724,0.11525962131625533,-0.04340757199607568,0.158667193312331,64.07599309153717,29.252382488690134,25.796617511309858,0.12555232528766289,1.0222709017889686,20.91885789585191,45.63769931942697,22.173902361121357,34003211.1,-1785897190.0
2023-06-21,27.52,27.73,27.43,27.5,21544707.0,29.25,25.51,27.380000000000003,0.5650142857142857,27.868673022529105,28.053698838066104,29.005684452078658,0.06522346631315656,-0.021681364334229233,0.0869048306473858,62.988115449915135,29.165637665728227,25.798362334271772,0.12252657490198875,-1.7506252232940334,21.376832251261355,46.9646785163459,20.037420039948433,33902784.95,-1807441897.0
2023-06-22,27.41,27.5099,27.23,27.44,15072142.0,29.25,25.51,27.380000000000003,0.5292928571428571,27.827847020383476,28.029632216965474,28.990105502306733,0.02049173841827212,-0.013246743783728962,0.03373848220200108,57.65595463138,29.163236133842283,25.79576386615772,0.12254488865097843,-0.21818181818181737,21.508380843080122,39.87800434542037,24.088743741649914,32849082.0,-1822514039.0
2023-06-23,27.03,27.05,26.76,26.87,28700548.0,29.25,25.51,27.380000000000003,0.5075071428571428,27.73662349463267,27.984156443751143,28.969009925169352,-0.0602580966950228,-0.022649014365987732,-0.037609082329035065,44.46640316205534,29.16474166794028,25.787258332059718,0.12292485572428892,-3.310543360921192,21.612531723051198,29.27474630898924,31.73776583017831,32384204.3,-1851214587.0
2023-06-26,27.0,27.21,26.955,27.01,18872605.0,29.25,25.51,27.380000000000003,0.5107214285714284,27.667421257048606,27.945954230270708,28.94951728909802,-0.11166884390122078,-0.040452980273034345,-0.07121586362818644,46.31782945736435,29.13341484964416,25.880585150355834,0.11825461516298859,-2.911574406901507,20.410708002402707,31.328233171563973,28.950644046936418,31560241.7,-1832341982.0
2023-06-27,27.47,27.61,27.4,27.6,26468337.0,29.25,25.51,27.380000000000003,0.50035,27.661000184948737,27.93238739771107,28.936089256370675,-0.10360981286446957,-0.053084346791321395,-0.05052546607314818,46.213592233009734,29.140590824005745,25.95040917599425,0.115814984226516,-0.540540540540535,19.794684199120663,28.83695698725172,29.55074305129267,31627712.65,-1805873645.0
2023-06-28,27.38,27.39,27.19,27.37,16775588.0,29.25,25.51,27.380000000000003,0.4939214285714285,27.633285881620285,27.9103329899577,28.920506278695346,-0.11446259694832861,-0.06535999682272284,-0.04910260012560577,48.67075664621678,29.045532258732766,26.178467741267237,0.10383400396441869,-2.493765586034913,19.84890957812551,29.212280727125428,32.97227725635942,30392198.05,-1822649233.0
2023-06-29,26.92,27.03,26.88,26.94,24342116.0,29.25,25.96,27.605,0.49892142857142857,27.567258654799307,27.87228071584171,28.900799748559074,-0.15596306770407864,-0.08348061099899401,-0.07248245670508463,41.550695825049715,28.914520481653504,26.406479518346487,0.09067229310052305,-5.307557117750427,20.63517253154305,28.919526406963534,37.07998682873055,29751357.0,-1846991349.0
2023-06-30,27.17,27.32,27.0899,27.19,19670846.0,29.25,26.76,28.005000000000003,0.5089214285714286,27.531329259104137,27.845524609338117,28.883776865488834,-0.1667573047041202,-0.10013594974001926,-0.06662135496410095,44.00000000000001,28.86846030262673,26.508539697373266,0.08523107446244702,-6.499312242090771,21.069534823946054,31.017979199708023,36.351387387893155,28577194.6,-1827320503.0
2023-07-03,27.76,27.97,27.6548,27.71,26578806.0,29.25,26.76,28.005000000000003,0.5539214285714282,27.548345520141837,27.840209918775837,28.872097493692927,-0.13183247836849432,-0.10647525546571428,-0.025357222902780044,49.64912280701755,28.876173943777115,26.528826056222893,0.08473415350795852,-4.150812867519882,20.752544571332106,36.87990818708168,32.88243562134907,27001044.35,-1800741697.0
2023-07-05,27.442,27.45,27.28,27.39,21154047.0,29.25,26.76,28.005000000000003,0.544635714285714,27.533264994414044,27.822554627843452,28.857350254949715,-0.12849442379364717,-0.11087908913130086,-0.017615334662346313,44.03508771929824,28.876173943777115,26.528826056222893,0.08473415350795852,-1.011926273942898,20.478779152684133,32.00041967763511,38.35853584965048,27025399.35,-1821895744.0
2023-07-06,26.72,26.835,26.5,26.6,36824199.0,29.25,26.5,27.875,0.5692785714285711,27.444382613993657,27.774611309104493,28.83488905838305,-0.18743475797240094,-0.1261902228995209,-0.06124453507288005,34.860883797054015,28.896197280081957,26.36980271991805,0.09142672023174855,-3.2727272727272716,20.11349486520939,27.3529153439817,46.48489943412089,26880859.2,-1858719943.0
2023-07-07,26.74,27.34,26.74,27.18,41733506.0,29.25,26.5,27.875,0.577135714285714,27.419203317422834,27.75129321855138,28.8184225005882,-0.18520926756575662,-0.13799403183276804,-0.04721523573298858,34.32343234323433,28.895306445421603,26.3386935545784,0.09257388169762121,-0.9475218658892226,18.18436991802261,26.918649983291854,45.85205262441367,27451174.45,-1816986437.0
2023-07-10,26.87,27.23,26.84,27.16,16661481.0,29.25,26.5,27.875,0.5721357142857139,27.394517287192087,27.728105249196425,28.801920784164437,-0.18295044439740948,-0.14698531434569634,-0.035965130051713146,35.194585448392544,28.8768391661723,26.294160833827707,0.09362448867501376,1.0792705619650178,16.533599268824318,25.03152348968148,46.25276220676914,26720634.2,-1833647918.0
2023-07-11,27.18,27.35,26.97,27.34,22167799.0,29.25,26.5,27.875,0.5064214285714284,27.389325164602365,27.712885435502447,28.787374308700116,-0.1647368314376223,-0.15053561776408153,-0.014201213673540769,46.59793814432987,28.852330414066852,26.270669585933152,0.09366909740521015,1.2217697149203843,14.676225697601913,29.972213994555595,35.61122159691956,26819281.0,-1811480119.0
2023-07-12,27.88,28.22,27.775,28.16,47207166.0,29.25,26.5,27.875,0.5478499999999996,27.462722767973567,27.730419339992547,28.78113177826529,-0.08317645853251676,-0.13706378591776858,0.053887327385251815,56.00000000000001,28.898208270188125,26.265791729811877,0.09543965413589471,2.0289855072463725,12.675354752275414,39.048749005854,30.571454647387853,28264990.25,-1764272953.0
2023-07-13,28.49,28.82,28.47,28.8,33461484.0,29.25,26.5,27.875,0.5749999999999998,27.59008250435704,27.772363679600684,28.78131952176514,0.03272612945333364,-0.10310580284354814,0.13583193229688179,61.18421052631579,29.028812022208335,26.208187977791667,0.10212806794057129,5.2246985750822095,12.716936494858075,44.65838509316766,26.643478260869575,28805471.05,-1730811469.0
2023-07-14,28.44,28.44,28.205,28.29,28189358.0,29.25,26.5,27.875,0.5689285714285715,27.656741313465893,27.792663143145756,28.776430770304792,0.08247629235446396,-0.06598938380394573,0.1484656761584097,61.7940199335548,29.00265055144194,26.218349448558065,0.10084211089563293,5.011135857461024,14.564680596133327,45.13496547394846,24.354048964218478,28436498.95,-1759000827.0
2023-07-17,27.95,28.21,27.78,28.15,26913781.0,29.25,26.5,27.875,0.5810714285714285,27.703718331231045,27.80667635321847,28.77019762831171,0.10934634827581036,-0.03092223738799451,0.14026858566380487,59.46843853820596,28.80320857595568,26.32479142404432,0.089915003334471,3.5307098197866704,15.600969516203184,42.2249539028887,29.06945298094652,27804716.45,-1785914608.0
2023-07-18,27.73,27.81,27.33,27.52,33863664.0,28.82,26.5,27.66,0.5967857142857144,27.68622134730428,27.795434143288336,28.757757850915574,0.07889586390335168,-0.00895861712972527,0.08785448103307696,49.33993399339933,28.559532245613084,26.429467754386913,0.07747238506705602,-0.6856730422230339,15.782522185363092,36.32555356074202,33.690005984440475,27939253.55,-1819778272.0
2023-07-19,27.88,28.0669,27.685,27.7,30152327.0,28.82,26.5,27.66,0.6065642857142858,27.68753359994197,27.791691627865266,28.74723289717512,0.06849852299725256,0.006532810895670297,0.06196571210158227,52.74542429284525,28.56215689572451,26.429843104275495,0.07754996332008345,1.1317999269806478,16.18293421828853,38.76517622675724,30.673936339335178,26817725.35,-1789625945.0
2023-07-20,27.57,27.71,27.46,27.6,16840391.0,28.82,26.5,27.66,0.5894214285714285,27.67919706661416,27.78417430912545,28.735817644466913,0.051594640258890934,0.015545176768314425,0.03604946349057651,55.80985915492958,28.568173344566652,26.433826655433357,0.07760978470358514,3.759398496240607,16.248708804554102,39.89263078806091,30.5359977702105,26582509.55,-1806466336.0
2023-07-21,27.82,27.88,27.55,27.62,13657648.0,28.82,26.5,27.66,0.5858499999999999,27.673559250746145,27.777736100924454,28.72471498133789,0.039358325973747554,0.02030780660940105,0.019050519364346503,53.944954128440365,28.578042971728593,26.44195702827141,0.07764761699226398,1.6188373804267853,16.501592180263255,38.67274655872418,30.722149745790617,26511784.85,-1792808688.0
2023-07-24,27.38,28.45,27.31,28.21,43746433.0,28.82,26.5,27.66,0.6115642857142858,27.72464884591318,27.794687626378398,28.719593439235027,0.07638846918653996,0.031523939124828836,0.04486453006171113,54.52898550724638,28.64411810621733,26.509881893782666,0.07739189224479331,3.8659793814433074,16.820495197963943,36.11231151963932,29.430383442927383,27264079.1,-1749062255.0
2023-07-25,28.97,29.045,28.52,28.56,30971594.0,29.045,26.5,27.7725,0.6404928571428573,27.804206098683352,27.824699876324342,28.71800544481478,0.1324503937072592,0.05170923004131491,0.08074116366594428,60.54054054054054,28.772175689703353,26.53682431029665,0.08083137932006368,4.462326261887339,18.063522649270862,41.116773912946506,23.92131059786547,27869028.55,-1718090661.0
2023-07-26,28.47,29.03,28.46,28.97,27951910.0,29.045,26.5,27.7725,0.6176357142857144,27.915234089284937,27.869613606664565,28.720512853324085,0.2075707004547489,0.08288152412400171,0.12468917633074719,72.92069632495165,28.98519691515118,26.460803084848823,0.09105774376158274,2.8764204545454586,19.373302261924966,42.63840220194521,16.47989452867498,27943207.2,-1690138751.0
2023-07-27,28.97,29.01,28.44,28.5,30760103.0,29.045,26.5,27.7725,0.6054928571428574,27.97092608078161,27.894334641697327,28.71831869557957,0.22656728607794108,0.11161867651478959,0.11494860956315149,63.04347826086958,29.075866988320335,26.48313301167967,0.09333263653559877,-1.041666666666674,20.196250928455807,37.53612759381379,17.046325897438876,28642432.95,-1720898854.0
2023-07-28,29.65,30.08,29.615,30.08,61385038.0,30.08,26.5,28.29,0.6904928571428572,28.171790263564315,27.98004700868959,28.731867763285248,0.3649085735482167,0.16227665592147503,0.20263191762674168,72.05438066465257,29.5310469575983,26.341953042401705,0.1141550987130311,6.327324142806634,21.58916425869533,43.98411072836171,14.947915050326335,30494579.05,-1659513816.0
2023-07-31,30.09,30.54,29.975,30.42,41715318.0,30.54,26.5,28.52,0.7037071428571426,28.38590547655819,28.07573143972137,28.74866509897395,0.49625962699588655,0.22907325013635735,0.2671863768595292,72.71386430678469,29.999031299054884,26.19696870094512,0.13531434970851175,8.063943161634125,24.698416287754018,46.60928348846416,14.66722155117284,31596802.65,-1617798498.0
2023-08-01,29.88,29.94,29.62,29.68,34026981.0,30.54,26.5,28.52,0.6979928571428571,28.50915257402884,28.138643932281315,28.75793211291451,0.5344832771102048,0.29015525553112687,0.24432802157907796,61.34328358208955,30.21349385485251,26.179506145147485,0.14306696610235398,7.848837209302317,26.314742214614732,38.08778231459595,18.420163939459034,31969211.4,-1651825479.0
2023-08-02,29.15,29.16,28.725,28.77,42680638.0,30.54,26.5,28.52,0.7190642857142855,28.533995186026093,28.16340299376048,28.758052191392974,0.4857470112213065,0.32927360666916283,0.15647340455214365,49.784791965566704,30.26062537529462,26.270374624705372,0.14117035787759805,3.862815884476545,25.03426163710086,31.011532845265187,26.770902661196573,33045540.95,-1694506117.0
2023-08-03,29.32,29.66,29.28,29.55,40636280.0,30.54,26.74,28.64,0.7401357142857139,28.630757549261702,28.217779346946347,28.76593226909056,0.5042499708670825,0.36426887950874676,0.1399810913583357,58.701657458563545,30.324098884766386,26.501901115233615,0.13452285114323623,7.065217391304346,24.304926998047257,34.95401422519038,23.451297541956563,33236145.0,-1653869837.0
2023-08-04,29.43,29.57,29.105,29.13,34826681.0,30.54,26.84,28.689999999999998,0.7369214285714284,28.678304449332018,28.25355270588963,28.76955483357722,0.47949587975346475,0.3873142795576904,0.09218160019577437,56.51595744680851,30.354528484763367,26.666471515236633,0.12935784954759594,5.467052860246202,24.762058652494265,35.10647578245404,21.13037831131445,32890803.75,-1688696518.0
2023-08-07,29.33,29.33,28.785,29.02,20298925.0,30.54,26.97,28.755,0.7172785714285711,28.71084688272897,28.283609462521408,28.77204682528292,0.4458623795390544,0.3990238995539632,0.046838479985091164,60.714285714285715,30.345540847907067,26.86145915209294,0.12180613197035767,2.871322226160933,26.472743365608817,36.06787560123086,20.414463398360848,33072675.95,-1708995443.0
2023-08-08,28.35,28.51,28.1446,28.48,28574477.0,30.54,27.31,28.924999999999997,0.7407428571428566,28.68886146532621,28.29131105222645,28.769140886722894,0.3713533707723329,0.39348979379763716,-0.022136423025304275,55.298913043478265,30.300056743689243,27.020943256310762,0.11441229173875128,-0.2801120448179262,26.436185478078663,32.4481215767955,25.94306873408932,33393009.85,-1737569920.0
2023-08-09,28.745,28.8,28.35,28.6,23902571.0,30.54,27.31,28.924999999999997,0.7550285714285708,28.680398468628475,28.303416501158747,28.767457892825156,0.31831806908020255,0.3784554488541502,-0.060137379773947675,56.77506775067751,30.305504037348825,27.05949596265117,0.11317033294509392,-1.2771832930617788,26.875568960780015,34.57768863997578,23.323620676606378,32227780.1,-1713667349.0
2023-08-10,28.94,29.339,28.71,28.83,28872820.0,30.54,27.31,28.924999999999997,0.7842428571428565,28.694646233521002,28.32406683444664,28.768080202349285,0.2914862165398695,0.3610616023912941,-0.06957538585142459,57.97101449275361,30.307516650908426,27.06048334909157,0.11320015694522578,1.157894736842091,27.772754305196138,36.65045448749477,22.45477894966939,31998346.9,-1684794529.0
2023-08-11,28.08,28.09,27.715,27.92,55058223.0,30.54,27.31,28.924999999999997,0.7824571428571421,28.6208704017571,28.308221076233046,28.759641593370688,0.19454973701066436,0.32775922931516815,-0.1332094923045038,48.166877370417204,30.316126356389734,27.01487364361026,0.11516466528682467,-7.180851063829774,27.051167792033148,31.53070912144892,31.58913313371799,33341790.15,-1739852752.0
2023-08-14,27.5,27.785,27.35,27.66,31446989.0,30.54,27.31,28.924999999999997,0.7635285714285706,28.52935893492309,28.282800641870967,28.748699885973966,0.09564452100332943,0.28133628765280044,-0.185691766649471,44.2455242966752,30.337744871181904,26.9442551288181,0.11848363333556107,-9.072978303747536,26.195344581357364,26.746122326791006,35.78685426684382,33568450.55,-1771299741.0
2023-08-15,27.5,27.5,27.13,27.21,32245575.0,30.54,27.13,28.835,0.7606714285714278,28.40370570302565,28.240730028464263,28.733389439347363,-0.0188327225466125,0.22130248561291788,-0.24013520815953038,38.804071246819355,30.37034473747152,26.880655262528478,0.12190841993827328,-8.322102425876011,24.21030987041596,26.846582906079192,37.42370462185669,33487546.1,-1803545316.0
2023-08-16,26.73,26.895,26.6,26.65,38493649.0,30.54,26.6,28.57,0.7635285714285706,28.236686112261303,28.178348458720567,28.712659196169778,-0.1529806173786561,0.14644586501460308,-0.2994264823932592,38.36477987421383,30.489807653087443,26.656192346912558,0.13416915641251828,-7.368786930830728,23.118270754662234,26.746122326791006,42.054745822964854,33904612.2,-1842038965.0
2023-08-17,27.23,27.23,26.805,26.85,32698270.0,30.54,26.6,28.57,0.6920999999999994,28.104620768236416,28.126256362300154,28.694125273819832,-0.2403844595703859,0.06907980009760528,-0.3094642596679912,25.41856925418574,30.558842466521483,26.512157533478508,0.1418123016257986,-9.137055837563446,22.157866702794614,21.920861972877585,46.39502961999715,34697506.15,-1809340695.0
2023-08-18,26.2,26.36,26.08,26.19,57397544.0,30.54,26.08,28.31,0.706742857142857,27.92227593316628,28.050324740249167,28.66920860442859,-0.35877340191923324,-0.016490840305762422,-0.3422825616134708,19.303338171262723,30.712137474722166,26.21586252527783,0.15796356623961266,-10.092687950566415,22.124372071422062,16.81759379042689,52.76115782664944,36884500.95,-1866738239.0
2023-08-21,25.95,26.16,25.85,26.15,32839167.0,30.54,25.85,28.195,0.6738857142857141,27.753487749055203,27.975802201415867,28.64414185214572,-0.4506305686948906,-0.10331878598358805,-0.34731178271130253,21.486268174474972,30.83550069391733,25.886499306082673,0.1745002428628982,-9.889731219848386,23.264358628543384,17.63758161621299,54.00873399474264,36339137.65,-1899577406.0
2023-08-22,26.35,26.4,26.035,26.14,26948013.0,30.54,25.85,28.195,0.6317428571428569,27.599822249145184,27.90380995822309,28.619225017796012,-0.5182607641037968,-0.18630718160762982,-0.331953582496167,25.141776937618175,30.903017678852564,25.576982321147433,0.188598985754431,-8.216292134831459,25.42720192685814,21.52774637058474,47.49219845325855,36137958.6,-1926525419.0
2023-08-23,26.37,26.79,26.35,26.7,42683066.0,30.54,25.85,28.195,0.6145999999999996,27.51412489208374,27.856601724567284,28.600128251449785,-0.5206689141922141,-0.2531795281245467,-0.26748938606766737,21.893491124260336,30.851296660687108,25.401703339312892,0.19375298460079343,-6.643356643356646,26.887880010662037,20.84979777788106,48.816884384733406,36874516.4,-1883842353.0
2023-08-24,26.96,27.05,26.71,26.82,30726239.0,30.54,25.85,28.195,0.606385714285714,27.448017759504335,27.81595067654504,28.58241553252989,-0.5070494430171273,-0.30395351110306285,-0.20309593191406444,25.786163522012586,30.8218514957321,25.263148504267892,0.19822423077344065,-6.971904266389172,27.428975625175184,24.19487831884467,47.41677857092373,36872823.2,-1853116114.0
2023-08-25,26.8,26.83,26.455,26.77,36757659.0,30.54,25.85,28.195,0.594242857142857,27.38344463955154,27.774933002955038,28.564381547131582,-0.49458917992534523,-0.3420806448675193,-0.1525085350578259,26.11464968152866,30.537147206054698,25.216852793945307,0.19084888661295657,-4.1189111747851115,27.713507244473565,24.68928047695746,47.60439454768374,35641454.25,-1889873773.0
2023-08-28,27.21,27.53,27.115,27.41,36505889.0,29.94,25.85,27.895000000000003,0.5860000000000001,27.385973721499013,27.76062190479994,28.552895163578036,-0.42813639055228947,-0.35929179400447336,-0.0688445965478161,38.877338877338886,30.106727985539084,25.34627201446091,0.17169336090304124,-0.9038322487346373,27.58335986294409,33.56899073622625,40.46806435884934,35380982.8,-1853367884.0
2023-08-29,27.74,28.04,27.595,27.95,55139656.0,29.66,25.85,27.755000000000003,0.5988571428571429,27.43969050992768,27.76804849676857,28.546896206726515,-0.3281162690713799,-0.3530566890178547,0.02494041994647478,43.785850860420624,29.84024878975708,25.439751210242914,0.15920758247156896,2.7195883866225623,26.58769278342323,35.472328244274806,39.599236641221374,36436616.55,-1798228228.0
2023-08-30,27.58,27.84,27.57,27.76,34461389.0,29.66,25.85,27.755000000000003,0.5732142857142859,27.47019617564885,27.767732869444316,28.539066393724262,-0.26117040444592377,-0.3346794321034685,0.07350902765754475,39.69171483622353,29.725984815861413,25.453015184138597,0.1548766607485752,4.165103189493435,25.9967153468702,30.342679127725873,41.68224299065418,36025654.1,-1832689617.0
2023-08-31,27.51,27.55,27.27,27.4,38649379.0,29.57,25.85,27.71,0.528571428571429,27.463510825587054,27.753311972603363,28.527732399756857,-0.2344615885206096,-0.31463586338689675,0.08017427486628714,44.39655172413791,29.409251656466665,25.554748343533333,0.14025556047352203,2.048417132215996,26.29211259499096,32.90540540540541,35.810810810810764,35926309.05,-1871338996.0
2023-09-01,27.87,28.45,27.86,28.04,52020950.0,29.339,25.85,27.5945,0.5628571428571433,27.518414556483524,27.764554640344407,28.52287934105281,-0.1598098200489737,-0.2836706547193122,0.12386083467033848,53.7848605577689,29.21511676099647,25.639883239003527,0.13035214737008266,7.063764795723548,26.593950529673926,42.32233502538069,28.997461928933994,36786022.5,-1819318046.0
2023-09-05,27.76,27.815,27.52,27.63,44259991.0,29.339,25.85,27.5945,0.5621428571428575,27.529041741580333,27.759277987781882,28.513994969500047,-0.1322073254338889,-0.25337798886222757,0.12117066342833865,54.216867469879496,28.985870420287807,25.730129579712187,0.11900507495341836,5.659655831739974,26.575724877526323,42.37611181702667,30.559085133417994,37984075.8,-1863578037.0
2023-09-06,27.68,27.97,27.61,27.71,22802061.0,29.339,25.85,27.5945,0.5442857142857146,27.546275861429827,27.75734551767279,28.505995019554774,-0.10269303677040043,-0.22324099844386214,0.12054796167346171,61.77777777777778,28.870234630657873,25.768765369342123,0.11352584276124195,6.006120887528699,27.136574222776837,45.800524934383155,24.606299212598408,37695455.0,-1840775976.0
2023-09-07,27.06,27.07,26.815,26.92,41747245.0,29.339,25.85,27.5945,0.5667857142857144,27.486630541293653,27.724508438548366,28.49021397458408,-0.14141895833866158,-0.20687659042282203,0.06545763208416044,50.68762278978389,28.67197924856698,25.799020751433023,0.1054857996781391,0.8239700374532033,25.172372866552994,39.76055450535597,33.64839319470696,38587688.7,-1882523221.0
2023-09-08,26.9,26.98,26.69,26.88,31708128.0,28.45,25.85,27.15,0.5324999999999999,27.42885620402759,27.691390460566076,28.47419194498623,-0.17333905121022042,-0.20016908258030172,0.026830031370081303,57.71812080536909,28.36877382589602,25.907226174103975,0.09070482908807008,0.22371364653244186,22.96571053750871,42.32059020791413,27.76659959758548,38729454.1,-1914231349.0
2023-09-11,27.3,27.41,27.12,27.24,27083959.0,28.45,25.85,27.15,0.5460714285714285,27.410869898882105,27.67368887387721,28.461911428120697,-0.16765434846047,-0.1936661357563354,0.026011787295865396,61.377870563674314,28.28017399356653,25.927826006433474,0.08678969846270136,1.7556966753828895,21.637213239726652,46.89339437540874,24.06801831262263,37330740.9,-1887147390.0
2023-09-12,27.11,27.39,27.1,27.3,17904874.0,28.45,25.85,27.15,0.5407142857142857,27.400310860893335,27.65903440823497,28.450350120378204,-0.15650360586781176,-0.18623362977863067,0.029730023910818915,61.98347107438015,28.23709833133636,25.93490166866363,0.0849958156491445,-0.40131338927398286,20.988034137928587,44.18758256274767,24.57067371202113,36653635.15,-1869242516.0
2023-09-13,27.06,27.185,27.0,27.07,23061817.0,28.45,25.85,27.15,0.5157142857142859,27.3688526836654,27.635935019676737,28.436615293309764,-0.16433133055028293,-0.18185316993296113,0.017521839382678206,54.1019955654102,28.228625110512613,25.929374889487388,0.08490897821283007,-3.148479427549189,19.566606711782473,40.92797783933514,27.146814404432135,36194447.25,-1892304333.0
2023-09-14,27.25,27.41,27.1448,27.3,27622489.0,28.45,25.85,27.15,0.515,27.362295285221077,27.622761097336472,28.42530568840121,-0.150243863215465,-0.17553130858946192,0.02528744537399691,55.19480519480519,28.246721286095976,25.976278713904016,0.08374463132589348,-1.6570605187319898,18.655505922916564,40.49930651872396,27.184466019417485,35650889.25,-1864681844.0
2023-09-15,27.26,27.32,27.1,27.18,28634734.0,28.45,25.85,27.15,0.5039285714285714,27.344933829485736,27.60539791704877,28.412914587024083,-0.14706714250339203,-0.16983847537224794,0.02277133286885591,54.371002132196146,28.25679255470762,25.999207445292388,0.08321974009935236,-0.8029197080291928,18.181336574495116,41.389085754783814,24.802267895109807,35447712.45,-1893316578.0
2023-09-18,26.96,27.075,26.81,27.05,24987792.0,28.45,25.85,27.15,0.47607142857142853,27.31684489334424,27.58361760657627,28.399353247849717,-0.1532726502930437,-0.1665253103564071,0.013252660063363397,45.69377990430623,28.211402756013904,26.130597243986095,0.07658185241720247,-3.5306704707560588,17.817896519452685,33.30832708177037,30.60465116279069,33827224.85,-1918304370.0
2023-09-19,27.03,27.145,26.92,26.98,16978198.0,28.45,26.035,27.2425,0.447142857142857,27.284764427311455,27.559946327887005,28.385230329960667,-0.16197186408501096,-0.16561462110212788,0.0036427570171169155,36.92722371967659,28.141696030524486,26.28330396947551,0.0682918534147533,-2.3525153818313327,17.91104681944506,28.434504792332238,32.584664536741215,33034176.4,-1935282568.0
2023-09-20,26.97,27.105,26.785,26.79,17858206.0,28.45,26.35,27.4,0.4428571428571428,27.237644005662744,27.529752354244376,28.369357391354093,-0.18209834937404423,-0.16891136675651117,-0.013186982617533066,36.927223719676554,28.053936924211676,26.43606307578832,0.05938241322897258,-3.320101046553592,17.458632781049477,28.709677419354808,34.674193548387144,32579686.05,-1953140774.0
2023-09-21,26.26,26.365,26.21,26.21,32340928.0,28.45,26.21,27.33,0.44928571428571396,27.139773147980577,27.477997359960284,28.34787124815654,-0.24205957460763017,-0.18354100832673498,-0.05851856628089519,34.8600508905853,28.123185467156837,26.31781453284316,0.0663239446121004,-2.6374442793462127,18.251970886486028,28.298887122416517,38.55007949125601,32062579.15,-1985481702.0
2023-09-22,27.28,27.28,27.08,27.14,53787112.0,28.45,26.21,27.33,0.45071428571428535,27.139794752934808,27.46474256153047,28.3358526287719,-0.2120911946669075,-0.1892510455947695,-0.022840149072138022,39.336492890995295,28.12044510426442,26.35255489573558,0.06490886158386136,0.9672619047619069,17.983514024696667,28.44690966719498,38.42789223454838,33215622.8,-1931694590.0
2023-09-25,26.54,26.76,26.54,26.72,29073287.0,28.45,26.21,27.33,0.45642857142857124,27.09981430027435,27.435536970882218,28.31977449316223,-0.2196989745462048,-0.19534063138505656,-0.024358343161148238,39.243498817966916,28.123764013648902,26.344235986351094,0.06534214684944582,-1.9089574155653488,18.16726506708384,28.09076682316123,41.076682316118955,32831404.2,-1960767877.0
2023-09-26,26.39,26.54,26.28,26.35,31122207.0,28.45,26.21,27.33,0.4621428571428568,27.028403414533937,27.39296689359272,28.300174746961613,-0.25267146334569546,-0.20680679777718436,-0.0458646655685111,34.9557522123894,28.149425743687733,26.21257425631227,0.07125755076617724,-3.4798534798534786,17.982128773817017,25.347758887171643,44.587326120556426,32562220.1,-1991890084.0
2023-09-27,26.46,26.48,26.22,26.41,23269799.0,28.45,26.21,27.33,0.4167857142857141,26.96950785124499,27.35441917227536,28.281367038036624,-0.2708388381789639,-0.2196132058575403,-0.05122563232142363,43.27176781002637,28.05978900996156,26.148210990038447,0.07052752434781258,-2.4381233838197236,18.348251412404913,28.106255355612763,36.84318766066844,30968727.25,-1968620285.0
2023-09-28,26.1,26.3,26.03,26.26,26391223.0,28.45,26.03,27.240000000000002,0.4232142857142855,26.901935674935945,27.311500773362603,28.26125393318054,-0.2939518658895999,-0.23448093786395222,-0.05947092802564766,42.05128205128208,28.00327760011685,26.054722399883143,0.07209127974522572,-3.809523809523807,17.93008921273175,27.67932489451485,37.380590717299604,30565218.95,-1995011508.0
2023-09-29,26.76,26.77,26.41,26.53,25147271.0,28.45,26.03,27.240000000000002,0.4217857142857139,26.86651322970395,27.28085368421113,28.244027525885212,-0.287172023031669,-0.2450191548974956,-0.042152868134173405,40.682414698162766,27.967688212205083,26.003311787794907,0.07279377533898487,-2.391464311994107,16.61331993179519,28.450465707028027,37.50719729043188,29890113.55,-1969864237.0
2023-10-02,26.46,26.545,26.27,26.37,21818743.0,27.97,26.03,27.0,0.4207142857142855,26.81922625544643,27.245133931889125,28.225380485826655,-0.29135109745315546,-0.2542855434086276,-0.03706555404452788,38.10741687979539,27.78573847047328,26.018261529526715,0.06570057768740487,-2.5138632162661767,15.740419568450388,28.522920203735215,39.64006791171481,28380003.2,-1991682980.0
2023-10-03,25.75,25.825,25.67,25.75,34779861.0,27.97,25.67,26.82,0.44928571428571396,26.71739518349915,27.186501228677788,28.20074983422639,-0.3407637500916074,-0.2715811847452236,-0.06918256534638384,34.65116279069767,27.762779665949196,25.853220334050803,0.0712309509063859,-4.558932542624172,16.121415864029313,26.709062003179724,45.068362480127185,27905996.7,-2026462841.0
2023-10-04,25.665,26.87,25.5,25.53,23401309.0,27.41,25.5,26.455,0.5228571428571426,26.6043099279278,27.12154039618062,28.174175209010208,-0.39314387680160223,-0.2958937231564993,-0.09725015364510292,29.37062937062936,27.715928295347442,25.68207170465256,0.07617725722667072,-4.703247480403128,15.164533222212484,34.15300546448094,38.72677595628414,27935959.1,-2049864150.0
2023-10-05,25.52,25.7,25.481,25.69,22023626.0,27.41,25.481,26.445500000000003,0.522785714285714,26.517232791934678,27.065401557114715,28.149457047726525,-0.4169386327504405,-0.3201027050752876,-0.09683592767515292,32.7944572748268,27.74306249078739,25.531937509212607,0.08300797678366154,-1.9839755818389926,13.790348658681124,34.157671813089294,38.379560049187035,26949778.15,-2027840524.0
2023-10-06,25.82,26.32,25.79,26.23,37514898.0,27.41,25.481,26.445500000000003,0.5413571428571424,26.4898772879409,27.032640711737667,28.13035797262477,-0.38775288732288615,-0.3336327415248073,-0.054120145798078834,41.35021097046412,27.718732463378583,25.491267536621418,0.08372354545225201,-3.3529845246868084,14.249468124334397,41.16638078902239,33.236574746008664,27240116.65,-1990325626.0
2023-10-09,25.99,26.25,25.96,26.22,14269977.0,27.41,25.481,26.445500000000003,0.5459999999999996,26.464174689089386,27.00077244853227,28.111349435583726,-0.36126544703266106,-0.33915928262637807,-0.02210616440628299,41.88034188034186,27.638326616158405,25.4696733838416,0.0816695500608875,-1.8712574850299424,14.444719714727947,39.90057561486142,32.95395081109363,26599417.55,-2004595603.0
2023-10-10,26.56,26.915,26.54,26.89,39316512.0,27.41,25.481,26.445500000000003,0.5727857142857139,26.504729480604684,26.99642843094277,28.0991967048814,-0.2829489004003456,-0.3279172061811716,0.044968305780826,50.96899224806203,27.57301962589205,25.49398037410794,0.07835525851410896,2.0493358633776104,15.33136983000851,46.327472253398255,29.72939269235559,27669999.45,-1965279091.0
2023-10-11,27.13,27.275,26.99,27.15,33400954.0,27.41,25.481,26.445500000000003,0.5588571428571425,26.56618381578519,27.002450845415606,28.089751961549247,-0.1976245530342844,-0.3018586755517942,0.1042341225175098,59.71074380165288,27.58628626591033,25.48871373408967,0.07904182880153217,2.801968951154854,16.986824219717864,52.08333333333341,23.121165644171718,28186956.3,-1931878137.0
2023-10-12,27.24,27.27,26.6,26.68,43058576.0,27.32,25.481,26.4005,0.5302857142857137,26.577023452377077,26.989805714222836,28.075724578847264,-0.1660157389664647,-0.2746900882347283,0.10867434926826358,44.74885844748857,27.495327588603352,25.517672411396646,0.07461019663881337,1.5993907083015957,17.201650800265707,42.56465517241384,29.62015086206888,28958760.65,-1974936713.0
2023-10-13,26.48,26.675,26.39,26.48,23603695.0,27.28,25.481,26.3805,0.5081428571428565,26.56778312357926,26.96981333327292,28.059846722341323,-0.15531349730117938,-0.2508147700480185,0.09550127274683912,47.115384615384635,27.40812945545459,25.53487054454541,0.07076512139127662,-0.18846588767433836,17.694258113858858,44.419454596570205,26.272139443351072,28707208.7,-1998540408.0
2023-10-16,26.36,26.745,26.24,26.65,23863426.0,27.28,25.481,26.3805,0.512785714285714,26.575613302285998,26.957271633928887,28.045818396745887,-0.13159734218106678,-0.22697128447462817,0.09537394229356139,53.78787878787876,27.352523394744967,25.55047660525503,0.06812644989849104,1.0618126659082128,17.763600289186474,44.01727260064079,24.50201977991361,28650990.4,-1974676982.0
2023-10-17,26.31,26.56,26.275,26.45,22490317.0,27.28,25.481,26.3805,0.5209999999999996,26.56365013063971,26.937378628676775,28.029939606728515,-0.12747104011054233,-0.207071235601811,0.07960019549126868,50.48780487804877,27.291074021379973,25.558925978620028,0.06554959480643123,2.7184466019417375,18.9504587185543,43.32327940773242,23.293117630929476,28926596.35,-1997167299.0
2023-10-18,26.19,26.23,25.93,26.01,34008771.0,27.28,25.481,26.3805,0.5309999999999996,26.510921546769264,26.901010839316903,28.00984070516903,-0.15788523603693605,-0.19723403568883602,0.03934879965189997,47.15261958997722,27.253116212683558,25.518883787316447,0.06572547659240167,1.8801410105757865,19.745872201783207,42.507398439601864,24.93946731234863,29734124.6,-2031176070.0
2023-10-19,25.69,25.81,25.53,25.56,36031396.0,27.28,25.481,26.3805,0.5288571428571426,26.420357589934095,26.848422178951534,27.985464180739488,-0.21581219596744816,-0.20094966774455847,-0.014862528222889693,39.387308533916816,27.294009940059777,25.41299005994023,0.07137647295879276,-0.5060334760607299,19.394989454793045,36.33171258779041,30.443003781739534,29918648.0,-2067207466.0
2023-10-20,25.25,25.3651,25.03,25.03,49214114.0,27.275,25.03,26.1525,0.547071428571428,26.287942581368945,26.77711150526716,27.956056576951035,-0.30101637031793516,-0.22096300825923382,-0.08005336205870134,36.437246963562735,27.285417847087803,25.2105821529122,0.07904738243582765,-4.5749142203583615,18.332362780898666,35.12207860033952,34.129781955868864,29689998.1,-2116421580.0
2023-10-23,25.05,25.32,24.845,25.25,25976625.0,27.275,24.845,26.06,0.5309999999999996,26.189090906952856,26.71722477957041,27.92913064086197,-0.34679153403620333,-0.24612871341462775,-0.10066282062157558,44.49339207048457,27.277347510565903,25.0716524894341,0.08426885026005472,-3.699466056445455,17.22270955744299,36.185095507129446,29.580306698950764,29535165.0,-2090444955.0
2023-10-24,25.32,26.13,25.31,26.06,67500493.0,27.275,24.845,26.06,0.49599999999999944,26.176796534862106,26.691451258802946,27.910532326027525,-0.3140878414048025,-0.25972053901266273,-0.05436730239213977,55.165692007797254,27.260755721255702,25.05924427874429,0.08415563618162886,-3.086649312011902,17.16734316063474,35.354262672811075,31.66762672811061,31354079.3,-2022944462.0
2023-10-25,25.49,25.68,25.35,25.53,37831601.0,27.275,24.845,26.06,0.531071428571428,26.11519686487524,26.645904150614594,27.88684543721133,-0.32716514385707285,-0.2732094599815448,-0.05395568387552807,48.54545454545455,27.244676915210775,24.98732308478923,0.0864356651256526,-5.966850828729275,17.175401192162727,33.01950235373236,29.320780094149324,32082169.4,-2060776063.0
2023-10-26,25.49,25.7,25.41,25.58,24399251.0,27.275,24.845,26.06,0.5067857142857137,26.064225734887124,26.604103987845395,27.86389175126893,-0.3296939119452347,-0.2845063503742828,-0.045187561570951884,43.51297405189617,27.233156855187612,24.93084314481239,0.08827213060253138,-4.122938530734643,16.989444396007823,26.145172656800554,30.72586328400285,31982570.8,-2036376812.0
2023-10-27,25.97,26.055,25.59,25.67,28660631.0,27.275,24.845,26.06,0.5199999999999996,26.026680426802635,26.56747245891028,27.84206198259959,-0.3207384577471295,-0.2917527718488521,-0.02898568589827738,44.59724950884088,27.18392748562981,24.894072514370187,0.08793943589460511,-3.0589123867069468,16.3571905258698,30.357142857142843,29.945054945054967,32158238.8,-2007716181.0
2023-10-30,26.07,26.12,25.77,25.94,34728984.0,27.275,24.845,26.06,0.5024999999999995,26.018425148059528,26.54286569581576,27.823135992722978,-0.28852847559479855,-0.2911079125980414,0.002579437003242868,39.872068230277165,27.15236145687389,24.882638543126113,0.08723831704613347,-2.6641651031894864,15.872642534680068,22.8855721393035,30.98791755508176,32803750.85,-1972987197.0
2023-10-31,25.48,25.55,25.17,25.52,50281104.0,27.275,24.845,26.06,0.5299999999999996,25.970956086339573,26.50275331558769,27.800219216675984,-0.2935089343005828,-0.2915881169385497,-0.0019208173620330893,33.195876288659775,27.156823961106042,24.85517603889396,0.08850449597062537,-3.5160680529300548,15.83364565515336,16.84636118598384,37.46630727762803,33578813.0,-2023268301.0
2023-11-01,25.35,25.48,25.225,25.48,27122464.0,27.275,24.845,26.06,0.5032142857142853,25.924198363831042,26.46264534242739,27.7771324583011,-0.2972570551179281,-0.2927219045744254,-0.004535150543502731,36.42533936651582,27.158886014320487,24.848113985679518,0.08886388480938984,-2.037677816224537,16.789805029061235,17.743080198722513,33.92476933995746,33764870.75,-2050390765.0
2023-11-02,25.71,25.83,25.601,25.75,38056391.0,27.275,24.845,26.06,0.5074999999999995,25.90760804346618,26.434698466253767,27.7569619860792,-0.27526761068572725,-0.2892310457966858,0.013963435110958544,41.8708240534521,27.15876595978853,24.85423404021147,0.08861368963824655,0.7433489827856077,16.052148441050974,22.519352568613645,30.682617874736128,34566509.0,-2012334374.0
2023-11-03,26.14,26.42,26.14,26.35,53456081.0,27.275,24.845,26.06,0.5192857142857138,25.949740610755114,26.431376957773228,27.74296236432717,-0.20703921278943582,-0.2727926791952358,0.06575346640579999,46.951219512195145,27.17089953110589,24.85410046889411,0.08906483660593094,5.273671594087093,14.288582050768754,30.123796423658924,27.922971114167805,35363568.15,-1958878293.0
2023-11-06,26.6,26.64,26.37,26.43,24230399.0,27.275,24.845,26.06,0.5132142857142851,25.99547960020701,26.43132295942918,27.72989806219456,-0.14484272768220663,-0.24720268889262997,0.10235996121042334,49.79166666666667,27.193067024613292,24.8529329753867,0.08992560616480005,4.673267326732677,12.752199432887881,33.54210160055676,28.253305497564373,35861589.25,-1934647894.0
2023-11-07,26.23,26.4,26.05,26.31,20525878.0,27.275,24.845,26.06,0.5032142857142851,26.025433923996818,26.42656519631431,27.715769723267254,-0.1040353079807339,-0.21856921271025076,0.11453390472951686,53.348214285714256,27.100619318361815,24.887380681638184,0.08514421161512775,0.9593246354566487,11.54692834175699,34.208658623137026,28.459900638750913,34922057.55,-1955173772.0
2023-11-08,26.16,26.325,26.055,26.12,25290595.0,27.27,24.845,26.057499999999997,0.488214285714285,26.034440216949502,26.414543031752967,27.699891417563105,-0.08603479045985551,-0.19206232826017172,0.10602753780031621,56.63507109004743,26.909685281320517,24.97531471867949,0.07456376843561832,2.3110066588327483,12.3491456970399,35.259692757863995,23.482077542062953,34516539.6,-1980464367.0
2023-11-09,26.08,26.19,25.69,25.76,42983191.0,26.745,24.845,25.795,0.48607142857142804,26.008303053430502,26.388874677566577,27.6805890153983,-0.0996693161576303,-0.17358372583966344,0.07391440968203314,59.01234567901236,26.80151003192044,24.991489968079566,0.06989438973764306,0.703674745895233,13.97728307411602,35.41513592946367,21.601763409257906,34512770.35,-2023447558.0
2023-11-10,25.6,25.72,25.48,25.68,28765657.0,26.745,24.845,25.795,0.4721428571428566,25.97703609596093,26.36107567060318,27.66068265703613,-0.11559757058001807,-0.1619864947877344,0.046388924207716314,55.49872122762147,26.722811600670045,24.990188399329956,0.06700919309806391,0.038955979742882896,14.93360768198376,36.4599092284418,22.617246596066554,34770868.45,-2052213215.0
2023-11-13,25.9,26.2,25.81,26.02,28339805.0,26.64,24.845,25.7425,0.4464285714285709,25.981127896345605,26.34770015410894,27.644357456468608,-0.09963711383880991,-0.14951661859794949,0.049879504759139576,49.418604651162795,26.61201300730417,25.037986992695828,0.06094970046886129,0.30840400925211675,15.709535664615663,33.28000000000007,23.919999999999987,34994687.4,-2023873410.0
2023-11-14,26.24,26.66,26.21,26.58,52626702.0,26.66,24.845,25.752499999999998,0.44142857142857117,26.03816333478888,26.35680995198702,27.633766835011212,-0.04132465213172409,-0.1278782253047044,0.08655357317298032,65.12968299711812,26.642043027841062,25.020956972158935,0.06275617194828513,4.153605015673967,17.135626486887965,41.10032362459554,24.190938511326834,36501506.65,-1971246708.0
2023-11-15,27.01,27.42,26.94,27.21,58100305.0,27.42,24.845,26.1325,0.48071428571428576,26.149766826713748,26.390268385242432,27.629550249588217,0.05508909595367584,-0.09128476105302837,0.1463738570067042,70.12345679012347,26.908932785822284,24.874067214177717,0.07859203103893425,6.789638932496067,19.230460488921413,48.73699851411597,22.213967310549737,37706083.35,-1913146403.0
2023-11-16,26.13,26.48,25.96,26.1,77727640.0,27.42,24.845,26.1325,0.5360714285714285,26.145027128931485,26.378885311311357,27.614330844119678,0.041452128260427656,-0.06473738319033716,0.10618951145076481,54.24063116370809,26.927517761036547,24.909482238963456,0.07786081455613139,1.3592233009708687,19.776886348559128,38.97401732178554,32.978014656895375,39790895.55,-1990874043.0
2023-11-17,26.11,26.315,25.98,26.12,50450827.0,27.42,24.845,26.1325,0.5278571428571429,26.142643592842774,26.36873294616189,27.599461880496598,0.03189094698212358,-0.045411717155845015,0.0773026641379686,51.86721991701245,26.893848578890804,25.0521514211092,0.07090814144617882,-0.8728652751423205,19.218094706341223,38.70094722598109,33.491204330175876,39852731.2,-1940423216.0
2023-11-20,26.41,26.73,26.36,26.69,38820888.0,27.42,25.17,26.295,0.5164285714285715,26.194772774476796,26.381331654155545,27.59041250855136,0.06950664886399949,-0.022428043951876118,0.0919346928158756,61.770623742454745,26.95291838259608,25.137081617403915,0.06971920772479043,0.9837306091562636,18.448037954449212,45.29737206085756,25.93360995850622,40494944.35,-1901602328.0
2023-11-21,26.27,26.45,26.1145,26.16,28713246.0,27.42,25.17,26.295,0.536464285714286,26.19146108166948,26.372651981443564,27.57617954826727,0.05590633952513713,-0.006761167256473469,0.0626675067816106,56.22710622710622,26.959366465405047,25.140633534594954,0.06981700310211489,-0.5701254275940704,17.739379349329273,43.60561880034619,28.23380600492642,38555582.0,-1930315574.0
2023-11-22,26.33,26.4,26.1241,26.29,23144043.0,27.42,25.17,26.295,0.531171428571429,26.2008457405581,26.369410727269308,27.56338174181685,0.054984087598391795,0.005587883714499585,0.04939620388389221,55.0751879699248,26.968946859012135,25.207053140987867,0.06753655772862113,0.6508422664624813,17.78230692456994,39.33354849120545,28.51514173524821,37821204.1,-1907171531.0
2023-11-24,26.14,26.38,26.13,26.36,16130238.0,27.42,25.17,26.295,0.5011714285714289,26.216003289076376,26.3690416791411,27.551407794137084,0.05921897184269653,0.016314101340138977,0.042904870502557556,50.10438413361167,26.981932438071325,25.272067561928672,0.06544436315469258,2.329192546583836,17.855364445847638,33.279174505444374,30.22205119434465,37407753.45,-1891041293.0
2023-11-27,26.02,26.09,25.95,26.02,24845948.0,27.42,25.17,26.295,0.5097428571428575,26.19733630916434,26.355353770155176,27.53616990563821,0.03473953389344686,0.019999187850800557,0.014740346042646305,45.940594059405946,26.973995090549405,25.315004909450597,0.06345465321956083,1.3239875389408073,17.544118100743287,29.63679165966034,32.23614147189056,37217019.3,-1915887241.0
2023-11-28,25.82,25.83,25.59,25.71,32291432.0,27.42,25.17,26.295,0.5133142857142862,26.150923327339164,26.3300457791687,27.51799906080599,-0.009564749786374449,0.014086400323365555,-0.023651150109740005,44.27480916030536,26.980612125781516,25.28538787421849,0.06486910234427834,-1.191391237509598,17.250395774344224,29.430591116553494,32.56846265167534,37095141.7,-1948178673.0
2023-11-29,25.15,25.285,25.04,25.06,43465244.0,27.42,25.04,26.23,0.5418857142857149,26.047025867592577,26.280240062338557,27.49354135870842,-0.09601893500804337,-0.00793466674291623,-0.08808426826512714,40.7017543859649,27.047813807119756,25.17218619288025,0.07183560376252413,-5.718585402558318,16.924906099057132,27.878835811452067,38.10107560898445,36754348.7,-1991643917.0
2023-11-30,25.15,25.215,24.89,25.16,34792932.0,27.42,24.89,26.155,0.5293857142857148,25.96254721353614,26.23630907950175,27.470322041706346,-0.15468225465455632,-0.03728418432524425,-0.11739807032931207,44.48529411764706,27.08640059822167,25.101599401778333,0.07606350871630778,-7.533994854832782,16.030151522966957,28.5371184931322,36.099792211997695,37137872.1,-1956850985.0
2023-12-01,24.75,24.92,24.585,24.89,49155272.0,27.42,24.585,26.0025,0.5504571428571433,25.860399859866032,26.183512645011486,27.444647195520215,-0.22041924577755978,-0.07391119661570736,-0.14650804916185242,42.984014209591486,27.172313139973376,24.92968686002662,0.08608599592901445,-4.636015325670506,15.314848456065803,27.444721270632204,35.950638430395465,37692816.15,-2006006257.0
2023-12-04,24.42,24.53,24.29,24.31,39855858.0,27.42,24.29,25.855,0.5561714285714291,25.712742730354982,26.11004156089339,27.413456676161807,-0.31567849243201707,-0.1222646557789693,-0.19341383665304776,35.4344122657581,27.302823435577498,24.595176564422506,0.10434494089001473,-6.9295558958652475,16.319798192001592,20.998150621596633,39.369927052296276,37012805.0,-2045862115.0
2023-12-05,23.83,23.99,23.77,23.94,39972850.0,27.42,23.77,25.595,0.5490285714285719,25.543910089368794,26.024941891838747,27.37889491819005,-0.4162299991563714,-0.18105772445444973,-0.23517227470192165,26.760563380281724,27.427175066382084,24.221824933617917,0.12412051086232713,-10.303484451105282,18.086730217618282,15.286740216486258,46.64732514571186,37799927.55,-2085834965.0
2023-12-06,24.125,24.19,23.94,23.95,37891223.0,27.42,23.77,25.595,0.5068857142857145,25.392109128476527,25.943571621570563,27.344776560795125,-0.48946858705543406,-0.24273989697464662,-0.24672869008078743,17.78656126482211,27.49536938712474,23.917630612875257,0.13917642519399695,-8.448012232415902,20.467842556258724,8.666366044755112,50.52561862352739,38668194.8,-2047943742.0
2023-12-07,23.97,24.05,23.905,24.03,21679537.0,27.42,23.77,25.595,0.42795714285714304,25.262384449574,25.86852959719525,27.311793709443933,-0.5348894911124731,-0.3011698158022119,-0.23371967531026117,24.317617866004966,27.528082470765938,23.675917529234056,0.15046343807248974,-8.596424496006083,24.316731981480494,10.264712754948789,44.071502486897856,38487641.9,-2026264205.0
2023-12-08,23.8,23.87,23.67,23.7,31180970.0,27.42,23.67,25.545,0.4297428571428572,25.113585930566952,25.78348922083465,27.27585546357882,-0.5907048490932034,-0.3590768224604102,-0.2316280266327932,22.119815668202776,27.601729053793026,23.39627094620698,0.16492639348939356,-10.09104704097117,28.42708917022274,10.222059703477195,47.794362076989536,37897530.85,-2057445175.0
2023-12-11,23.59,23.82,23.55,23.79,28928453.0,27.42,23.55,25.485,0.4054571428571429,24.987530127655813,25.705313172958782,27.241170334587988,-0.6205236640457024,-0.41136619077746867,-0.2091574732682337,12.435233160621763,27.638745192213303,23.170254807786694,0.1758936560226184,-8.570330514988466,32.73408424890371,3.523359875977782,52.771122542456474,37905670.65,-2028516722.0
2023-12-12,23.82,23.96,23.67,23.95,33847596.0,27.42,23.55,25.485,0.3850642857142856,24.888717734545736,25.636477362254517,27.20842237105975,-0.6240509559424403,-0.45390314381046304,-0.17014781213197727,18.338108882521496,27.60585894076466,22.996141059235338,0.18219508642066798,-6.845585375340335,36.776660438981445,6.30692463225071,51.01189040790965,38181060.2,-1994669126.0
2023-12-13,23.7,23.87,23.38,23.87,37522589.0,27.42,23.38,25.4,0.40607142857142847,24.791696997922333,25.567203740205322,27.17520423801438,-0.6260845783009366,-0.48833943070855773,-0.13774514759237882,14.825581395348877,27.47240017578417,22.858599824215833,0.1833383144212647,-4.748603351955294,41.343571539513505,5.980650835532163,53.47405452946356,37425854.55,-2032191715.0
2023-12-14,23.82,24.2,23.81,24.18,43377550.0,26.73,23.38,25.055,0.41607142857142854,24.73344014097735,25.512803593530606,27.14540121077046,-0.5958136604530253,-0.5098342766574513,-0.08597938379557402,20.380434782608702,27.14698308527877,22.88101691472123,0.17054314266241066,-3.8950715421303683,45.562652048445635,11.502145922746813,52.188841201716784,36689716.8,-1988814165.0
2023-12-15,24.3,24.435,24.13,24.13,37643570.0,26.73,23.38,25.055,0.4085714285714285,24.67596965136046,25.458576001627446,27.11539721862349,-0.5692958340997869,-0.5217265881459184,-0.047569245953868466,22.12389380530972,27.019065644574116,22.811934355425887,0.1688559847945347,-3.053435114503822,48.97154641151673,15.821678321678345,50.000000000000064,34685513.3,-2026457735.0
2023-12-18,24.04,24.04,23.78,23.88,39194296.0,26.73,23.38,25.055,0.40285714285714264,24.60016301789756,25.396671060387153,27.083204211473006,-0.5619750774515246,-0.5297762860070397,-0.0321987914444849,22.522522522522507,26.8753288386886,22.7316711613114,0.16705939393138866,-1.7688194158782422,52.30986375666985,16.046099290780173,50.53191489361708,34122686.75,-2065652031.0
2023-12-19,24.01,24.25,23.97,24.2,34987415.0,26.45,23.38,24.915,0.3814285714285712,24.562052254288268,25.349742783509225,27.054515612353875,-0.5243081019869145,-0.5286826492030147,0.0043745472161002,35.66666666666667,26.564377527454923,22.79362247254508,0.1527920521459476,1.0860484544694904,53.6817848881439,20.880149812734132,43.071161048689184,33931013.1,-2030664616.0
2023-12-20,23.25,23.32,22.91,22.91,50314644.0,26.4,22.91,24.655,0.45035714285714257,24.404713944356054,25.254066595920627,27.01327665103692,-0.5917279006743357,-0.5412916994972788,-0.05043620117705683,23.150357995226713,26.424513847456126,22.608486152543875,0.15565140598830382,-4.342379958246346,56.30600390956764,17.684377478191955,50.91197462331487,35011083.0,-2080979260.0
2023-12-21,23.41,23.72,23.34,23.71,49913038.0,26.38,22.91,24.645,0.4671428571428568,24.338550711560238,25.193514964708054,26.980408226648496,-0.5739886785556578,-0.5478310953089547,-0.026157583246703142,37.5,26.13255466660861,22.64244533339139,0.14311058260244877,-1.331668747399084,57.59391167086305,23.165137614678923,44.41896024464837,36349532.75,-2031066222.0
2023-12-22,22.88,23.16,22.82,23.05,53062285.0,26.09,22.82,24.455,0.4878571428571425,24.215831596173548,25.109455554327347,26.941299687079855,-0.606198818735546,-0.559504639994273,-0.04669417874127302,36.875000000000014,25.79914732482067,22.644852675179333,0.13022436832802148,-2.742616033755263,57.903599934172355,22.181551976573964,45.827232796486115,38196135.1,-2084128507.0
2023-12-26,23.23,23.37,23.08,23.22,26351167.0,25.83,22.82,24.325,0.47214285714285686,24.120990491776066,25.035359258079218,26.904271829496974,-0.6109651813410331,-0.569796748263625,-0.04116843307740803,42.17391304347823,25.473275068333958,22.690724931666043,0.11554481092383999,-2.395964691046659,55.74501332413276,26.096822995461462,39.48562783661121,38271396.05,-2057777340.0
2023-12-27,23.25,23.35,23.155,23.25,36390632.0,25.285,22.82,24.052500000000002,0.4682142857142854,24.03803901636882,24.965345169527094,26.867910915770636,-0.6053437824554102,-0.5769061551019821,-0.02843762735342814,42.42424242424244,25.167180885716007,22.750819114283992,0.10085403278233714,-2.9227557411273475,52.567988173777735,23.264683447749803,39.81693363844395,38476356.05,-2021386708.0
2023-12-28,23.73,23.97,23.72,23.88,45978253.0,25.215,22.82,24.0175,0.509285714285714,24.02298768147655,24.922782613859365,26.8381804588973,-0.5437846376594884,-0.5702818516134833,0.026497213953994958,48.5493230174081,24.991401802598226,22.80859819740177,0.09133069477809434,0.041893590280683846,48.77458704556968,30.08415147265073,36.115007012622726,38602006.5,-1975408455.0
2023-12-29,23.832,24.07,23.82,24.03,29996257.0,24.92,22.82,23.87,0.5014285714285711,24.023655521335925,24.88777153096292,26.810238364778918,-0.477391750566845,-0.5517038314041557,0.07431208083731067,53.306613226452924,24.76384947594511,22.923150524054886,0.0771991927313618,-0.6203473945409321,44.29676406985159,31.980056980056965,33.33333333333335,38362172.75,-1945412198.0
2024-01-02,23.44,23.47,23.22,23.24,45905673.0,24.53,22.82,23.675,0.5399999999999999,23.949021662161076,24.823153039552608,26.774713604930373,-0.48295411252484044,-0.5379538876282927,0.05499977510345222,45.166959578207376,24.57616933983628,22.94583066016372,0.06861406000052868,-3.688354745130551,38.85890845826483,29.695767195767164,37.30158730158731,38199692.8,-1991317871.0
2024-01-03,23.28,23.69,23.26,23.67,38481346.0,24.435,22.82,23.627499999999998,0.5514285714285716,23.92244817052669,24.777931351727016,26.7438209322445,-0.4475063435457791,-0.5198643788117899,0.07235803526601081,47.651006711409416,24.50261489125887,22.95538510874113,0.06520417137332965,-0.8793969849246075,33.97515586866154,30.11658031088081,36.52849740932641,38130967.2,-1952836525.0
2024-01-04,23.44,23.57,23.345,23.36,40730028.0,24.435,22.82,23.627499999999998,0.5339285714285718,23.868881678095576,24.7223262006789,26.710151072222168,-0.43936343231095165,-0.5037641895116223,0.06440075720067062,45.88045234248788,24.48372927655204,22.91627072344796,0.06613749169215535,-3.4710743801652844,28.570926888420527,31.103678929765856,33.84615384615379,38168826.1,-1993566553.0
2024-01-05,23.4,23.45,23.215,23.23,38582536.0,24.435,22.82,23.627499999999998,0.5228571428571431,23.808035803991235,24.663803604573847,26.675522703344335,-0.43834703824023435,-0.4906807592573447,0.05233372101711037,42.096505823627304,24.465325218148347,22.86267478185165,0.0677252550835319,1.396769969445666,25.028377793310785,27.25409836065574,36.33879781420759,38203391.75,-2032149089.0
2024-01-08,22.72,22.965,22.64,22.94,45391365.0,24.435,22.64,23.5375,0.543214285714286,23.72536572742064,24.59620346321801,26.638353323211557,-0.4556892133900696,-0.4836824500838897,0.02799323669382009,40.480000000000025,24.453163065683388,22.76583693431662,0.07146810103419245,-3.2475748629270385,23.42865627327053,23.14266929651546,42.53780407626554,39388983.15,-2077540454.0
2024-01-09,22.51,22.56,22.44,22.48,43389111.0,24.435,22.44,23.4375,0.5539285714285719,23.606759467666294,24.513215092111423,26.596976673229353,-0.5007785048790829,-0.4871016610429284,-0.013676843836154529,39.16408668730652,24.52980471686705,22.567195283132943,0.08334328869074926,-2.4728850325379637,21.682240417699898,22.69503546099291,39.780786589297165,39999390.2,-2120929565.0
2024-01-10,22.558,22.585,22.43,22.49,35950602.0,24.435,22.43,23.432499999999997,0.538571428571429,23.500401423126647,24.43387332379333,26.556111233694732,-0.5296002745086064,-0.49560138373606405,-0.03399889077254231,36.09756097560977,24.564596421999994,22.402403578000005,0.09207285302446352,-3.1438415159345423,21.518210409791266,20.888594164456254,40.91511936339515,40350497.65,-2084978963.0
2024-01-11,22.8,22.86,22.62,22.83,36648763.0,24.435,22.43,23.432499999999997,0.4728571428571434,23.436553668543155,24.370976330703396,26.519035500026128,-0.5190235951641178,-0.5002858260216748,-0.01873776914244296,49.23076923076921,24.522788954894423,22.33221104510558,0.09350455276016828,-1.806451612903237,18.38084060078245,27.94561933534742,30.58912386706943,40490556.0,-2048330200.0
2024-01-12,22.9,23.04,22.73,22.73,35115407.0,24.435,22.43,23.432499999999997,0.4371428571428577,23.36926284296762,24.306624317734634,26.481333654254726,-0.5127994322000404,-0.502788547257348,-0.010010884942692422,39.111111111111114,24.48727119174592,22.25372880825408,0.09557101403443817,-4.81574539363484,16.906494153795773,26.63398692810458,33.08823529411758,40370196.9,-2083445607.0
2024-01-16,22.29,22.29,21.99,22.02,63424066.0,24.435,21.99,23.2125,0.4264285714285721,23.240761619827847,24.216952775862687,26.436942274610402,-0.5587172597102352,-0.5139742897479255,-0.04474296996230975,38.68131868131868,24.464198359549915,22.060801640450084,0.10331635546909537,-8.364544319600508,15.556665538714892,27.30318257956449,37.604690117252886,41372522.7,-2146869673.0
2024-01-17,21.24,21.51,21.205,21.45,58520881.0,24.25,21.205,22.7275,0.461785714285715,23.070212894129956,24.108444823868073,26.387320958445127,-0.6337957028055712,-0.5379385723594546,-0.09585713044611655,32.12121212121215,24.50750459904483,21.74949540095517,0.11924721439305012,-7.702237521514633,16.68270485067233,21.964423820572303,46.86774941995353,42416388.25,-2205390554.0
2024-01-18,21.59,21.65,21.46,21.53,42409810.0,24.25,21.205,22.7275,0.4621428571428578,22.923525951831866,24.00732934057913,26.338989406619802,-0.6790133353981531,-0.5661535249671944,-0.11285981043095872,32.80000000000004,24.515182239790896,21.50681776020911,0.13073592975454285,-9.040980143641741,17.09604229367049,24.111282843894845,46.831530139103506,42577163.95,-2162980744.0
2024-01-19,21.31,21.76,21.2,21.68,54982154.0,24.07,21.2,22.634999999999998,0.4507142857142866,22.80509490880026,23.91606152330152,26.29263130307135,-0.6947363998464908,-0.5918700999430537,-0.1028662999034371,25.66371681415933,24.392001204894914,21.377998795105082,0.13170209350184978,-7.191780821917804,20.413569869672635,14.896988906497615,52.13946117274162,43576900.9,-2107998590.0
2024-01-22,20.93,21.2,20.86,21.14,53020840.0,24.07,20.86,22.465,0.4914285714285724,22.646514441295473,23.807196365524987,26.24136133985671,-0.7422147392308389,-0.6219390278006108,-0.12027571143022808,20.57026476578413,24.493261931623643,21.09973806837636,0.1488616174959876,-8.996986655187255,24.72386512359059,12.209302325581369,52.76162790697667,43712210.7,-2161019430.0
2024-01-23,21.85,22.16,21.84,22.11,104313590.0,24.07,20.86,22.465,0.5064285714285722,22.595417827838762,23.74063964530832,26.20025326682331,-0.6935756633726413,-0.6362663549150169,-0.057309308457624386,38.899803536345786,24.38251036199996,21.05048963800004,0.14667843743534073,-3.618134263295558,25.731966548632034,25.387870239774298,42.7362482369534,46432238.3,-2056705840.0
2024-01-24,22.985,23.03,22.67,22.77,90376891.0,24.07,20.86,22.465,0.5400000000000007,22.61204470137793,23.70257534549231,26.166121393521586,-0.5949145564937375,-0.6279959952307611,0.03308143873702363,41.54135338345863,24.36140103127172,21.043598968728283,0.1461425861708374,1.2900355871886093,25.800748716645973,32.407407407407355,40.07936507936504,48297968.6,-1966328949.0
2024-01-25,22.97,23.095,22.64,22.75,49794726.0,24.07,20.86,22.465,0.5492857142857146,22.625183301246697,23.66521944959065,26.132130135874604,-0.5124317570131858,-0.604883147587246,0.09245139057406027,43.936381709741546,24.32025625824809,21.037743741751907,0.14473797418299675,1.1560693641618602,26.162548391434875,32.70481144343297,39.40182054616384,49470146.55,-2016123675.0
2024-01-26,22.49,22.686,22.44,22.6,27056390.0,24.07,20.86,22.465,0.5546428571428574,22.622784891604155,23.623446137842,26.096984562383316,-0.45393461489009823,-0.5746934410478165,0.12075882615771827,43.76237623762376,24.265743163032635,21.027256836967364,0.14300162612612416,-1.0074463425317481,25.88632035792406,32.38892466194457,39.922730199613646,49003434.45,-2043180065.0
2024-01-29,22.56,22.585,22.105,22.29,57037709.0,24.07,20.86,22.465,0.5478571428571433,22.591091092403758,23.57115413243643,26.059104118976517,-0.4276598213191285,-0.5452867171020789,0.11762689578295038,43.58974358974357,24.08415939556597,21.04984060443403,0.13445822622111656,-1.935767707875058,24.23554000946931,32.790091264667474,37.28813559322035,49556407.25,-2100217774.0
2024-01-30,21.89,22.005,21.8,21.93,44870023.0,23.69,20.86,22.275,0.5471428571428574,22.528130035984354,23.50679514685069,26.018018505852375,-0.43091848936103005,-0.5224130715538692,0.09149458219283912,44.466800804828964,23.836835492542246,21.087164507457754,0.12241434356177065,-0.4087193460490468,22.86867555335265,32.83289817232371,38.7075718015666,50300095.55,-2145087797.0
2024-01-31,21.64,22.06,21.63,21.76,45460106.0,23.69,20.86,22.275,0.5667857142857144,22.454974794462036,23.438293376385957,25.97565016251056,-0.4421220784039903,-0.5063548729238935,0.06423279451990316,42.884990253411324,23.745731854766788,21.030268145233208,0.12129103580192872,1.4452214452214562,21.37319220980066,31.379962192816564,39.50850661625714,50277817.2,-2190547903.0
2024-02-01,21.9,22.01,21.73,21.86,37141279.0,23.57,20.86,22.215,0.560357142857143,22.398310528322796,23.37639951848847,25.93469841960001,-0.43788418288603737,-0.4926607349163223,0.05477655203028492,40.081799591002046,23.53104644909702,21.06395355090298,0.11064437260652715,1.5327450069670068,22.278915970513882,28.23454429572971,39.96175908221802,50210813.85,-2153406624.0
2024-02-02,21.45,21.54,21.325,21.41,46787003.0,23.45,20.86,22.155,0.5764285714285717,22.30418571610158,23.299285811881077,25.889676544778123,-0.4654711971339509,-0.487222827359848,0.0217516302258971,37.40458015267174,23.387336692361114,21.012663307638885,0.10696726958208239,-1.2453874538745358,23.435230409940733,25.216852540272555,43.866171003717525,50513662.6,-2200193627.0
2024-02-05,21.61,21.93,21.544,21.88,46742521.0,23.095,20.86,21.9775,0.5607142857142858,22.263787076472855,23.243627544748488,25.849779265725605,-0.44428756217566345,-0.47863577432301113,0.03434821214734768,48.599999999999994,23.222818640038945,21.042181359961056,0.09852647825947763,3.5004730368968673,22.814235106432704,30.89171974522289,35.668789808917246,50921661.85,-2153451106.0
2024-02-06,22.719,23.16,22.555,23.13,120725659.0,23.16,20.86,22.009999999999998,0.5939285714285715,22.346283545380203,23.239171562601488,25.82271678546963,-0.32291249134309297,-0.44749111772702754,0.12457862638393458,64.7887323943662,23.264771008183054,21.019228991816952,0.10141550069397984,4.613297150610585,22.295977033332466,43.95670475045096,24.233313289236367,54688376.55,-2032725447.0
2024-02-07,22.58,22.83,22.52,22.62,60542681.0,23.16,20.86,22.009999999999998,0.6232142857142858,22.37235177915352,23.214890324852412,25.79084895675849,-0.26482190888062007,-0.41095727595774606,0.146135367077126,58.91980360065468,23.282339731652748,21.015660268347254,0.10233777882999202,-0.6587615283267345,21.888770125412055,40.2865329512894,23.495702005730703,55546055.05,-2093268128.0
2024-02-08,22.29,22.35,22.1,22.1,57766066.0,23.16,20.86,22.009999999999998,0.6203571428571427,22.346413514472232,23.171169135642515,25.754124091517113,-0.2577729122632313,-0.38032040321884314,0.12254749095561185,53.24074074074076,23.25149962471874,21.00750037528126,0.1014030705365001,-2.857142857142847,19.54871328753862,40.4720782959125,25.44617156016121,56636828.25,-2151034194.0
2024-02-09,22.15,22.38,21.925,22.36,35134522.0,23.16,20.86,22.009999999999998,0.5942857142857141,22.347707465474876,23.139358581303593,25.72035171249704,-0.22857187032922965,-0.34997069664092045,0.1213988263116908,59.83870967741937,23.185091235582544,21.02690876441746,0.09762880987809118,-1.0619469026548756,16.97890911170383,42.247596153846175,24.579326923076948,56561116.2,-2115899672.0
2024-02-12,22.47,22.986,22.43,22.72,55858217.0,23.16,20.86,22.009999999999998,0.5661428571428571,22.383163897334413,23.12291314674267,25.69049746660155,-0.17437080476464928,-0.31485071826566624,0.14047991350101696,55.45617173524151,23.183382426932546,21.027617573067452,0.09752165089525655,1.9291161956034086,16.69112091018494,39.881402977542294,25.80116073681557,57598256.7,-2060041455.0
2024-02-13,22.43,22.635,22.1025,22.2,55166589.0,23.16,20.86,22.009999999999998,0.544535714285714,22.365719716635898,23.08672047432139,25.655766148525913,-0.1713999322594688,-0.2861605610644268,0.11476062880495796,44.770642201834846,23.192382426932557,21.036617573067442,0.09748196223586855,1.2311901504787892,16.059954684958143,30.05181347150261,31.12087623794849,57185382.85,-2115208044.0
2024-02-14,22.55,22.68,22.445,22.67,57004837.0,23.16,20.86,22.009999999999998,0.5463214285714285,22.394698791242003,23.070378494936236,25.626057032620185,-0.12962617252168585,-0.2548536833558786,0.12522751083419276,49.322033898305094,23.23293433289988,21.118065667100126,0.0953696045545649,4.1819852941176405,15.552683589346088,29.69209648950776,31.019154082499867,57109580.65,-2058203207.0
2024-02-15,22.63,22.8,22.62,22.76,39066009.0,23.16,20.86,22.009999999999998,0.5370357142857143,22.42948938255229,23.058206789252463,25.597539052196105,-0.08824073486363204,-0.2215310936574293,0.13329035879379725,51.36986301369863,23.27932735537544,21.194672644624564,0.09374712014889038,4.117108874656927,15.150502864810022,31.801556161468397,28.89539136795907,56942390.6,-2019137198.0
2024-02-16,23.2,23.31,23.07,23.07,70395809.0,23.31,20.86,22.085,0.5409642857142855,22.490490393737787,23.05866926810531,25.572389409885698,-0.030081309520557653,-0.18324113683005497,0.15315982730949732,56.67808219178084,23.37742237665329,21.23557762334671,0.09601886236328329,7.753386268099027,16.295160484919826,38.30461477520303,24.262230144583125,57713073.35,-1948741389.0
2024-02-20,23.08,23.185,22.825,22.92,35470144.0,23.31,21.325,22.3175,0.5316785714285712,22.531396070524664,23.053231257591374,25.545997475458975,0.0038621867969013124,-0.14582047210466373,0.14968265890156504,58.7921847246892,23.347494582014697,21.443505417985307,0.08501659547808221,4.753199268738584,17.423905360168927,38.973601128501386,23.879895210586472,56835538.55,-1984211533.0
2024-02-21,23.54,23.725,23.4525,23.59,52365878.0,23.725,21.325,22.525,0.5584642857142855,22.63221549237946,23.074281012195634,25.526534814011622,0.08385937409067168,-0.09988450286559665,0.18374387695626831,64.92659053833607,23.54952875204233,21.38947124795767,0.09613286918198723,1.98875918720276,19.198980464985528,44.01099955234385,20.56020975890519,54238152.95,-1931845655.0
2024-02-22,23.9,23.98,23.695,23.95,45473158.0,23.98,21.325,22.6525,0.5663214285714283,22.75771877881951,23.108622933286004,25.51084790043937,0.17429751941666893,-0.04504809840914353,0.21934561782581247,66.35367762128328,23.791133421809285,21.265866578190717,0.1120920986136923,5.879752431476559,20.78350855517156,46.61663618591163,20.27495743204897,51992966.3,-1886372497.0
2024-02-23,24.18,24.24,23.955,24.12,32646213.0,24.24,21.325,22.7825,0.5488214285714282,22.887459847503365,23.148284779039493,25.497008617847936,0.25672857322573606,0.015307235917832385,0.24142133730790366,72.17675941080199,24.045238131035692,21.14876186896431,0.12817968146529987,9.140271493212659,22.667966001092925,51.486952560682006,15.650419730591544,51135540.65,-1853726284.0
2024-02-26,23.96,24.13,23.89,23.91,34789885.0,24.24,21.325,22.7825,0.5288214285714281,22.984844623931615,23.1781559641752,25.481217487322088,0.30163348919322885,0.07257248657291168,0.22906100262031717,67.35042735042737,24.22527587037553,21.099724129624473,0.13791734101493905,6.932021466905192,25.552001654234534,48.166407780104024,17.12028094820017,51522215.4,-1888516169.0
2024-02-27,24.29,24.3485,24.215,24.32,40397509.0,24.3485,21.325,22.836750000000002,0.4687142857142853,23.11200227879527,23.222934161658525,25.469663084463164,0.3660845374390611,0.13127489674614157,0.23480964069291954,61.87624750499005,24.480991248476244,21.047008751523762,0.15085145391638027,7.042253521126773,25.891237877824512,38.92868028040236,19.31575739103931,50690205.4,-1848118660.0
2024-02-28,23.76,23.77,23.46,23.46,62235953.0,24.3485,21.325,22.836750000000002,0.48657142857142816,23.145144918910006,23.23223086120133,25.449666436856567,0.343804480794752,0.17378081355586367,0.17002366723888834,57.83582089552239,24.537252005567336,21.143747994432662,0.14857398091699717,5.675675675675684,24.902540761431545,37.50000000000004,29.176453317674678,51558501.9,-1910354613.0
2024-02-29,23.61,23.66,23.35,23.42,31133983.0,24.3485,21.325,22.836750000000002,0.4715714285714281,23.17132159329953,23.239594356840495,25.429470750917698,0.31923971298745,0.20287259344218095,0.11636711954526907,63.52459016393444,24.559004428859186,21.287995571140815,0.14269238369875328,3.30833700926334,24.75456237261191,38.69282035746749,25.408966979703123,50842195.75,-1941488596.0
2024-03-01,23.8,23.96,23.745,23.92,42913584.0,24.3485,21.325,22.836750000000002,0.4776428571428567,23.242624298699575,23.266276931082047,25.41445114145583,0.33624179276249677,0.22954643330624414,0.10669535945625264,65.23437500000003,24.639307620588628,21.413692379411376,0.140082741240625,5.096660808435849,25.082539277621894,42.687303723642955,22.46896964259009,51130811.0,-1898575012.0
2024-03-04,23.71,23.71,23.33,23.39,51821212.0,24.3485,21.544,22.94625,0.4750714285714283,23.256660079775806,23.271128816137654,25.394307349003537,0.30345149295363427,0.24432744523572217,0.059124047717912104,56.33270321361061,24.55293752742919,21.698062472570808,0.12345138720712559,1.387082791504124,24.11885838871809,33.80694632386109,28.830251090061665,51382521.45,-1950396224.0
2024-03-05,23.12,23.25,23.015,23.03,54550905.0,24.3485,21.925,23.13675,0.45774999999999977,23.235073405511443,23.26167278413226,25.370781902744795,0.2455850017306922,0.2445789565347162,0.0010060451959759964,58.08966861598443,24.48645451941637,21.87954548058363,0.1124491670117215,0.47993019197207776,24.584752615116805,35.08621362253259,29.726144963720035,51772940.65,-2004947129.0
2024-03-06,23.68,23.77,23.49,23.53,54439556.0,24.3485,21.925,23.13675,0.4763214285714282,23.263161652605593,23.272195420048643,25.35246566490654,0.23733535759042823,0.24313023674585862,-0.0057948791554303936,58.33333333333333,24.515275644976132,21.890724355023867,0.11311258414654421,-0.25434506146672087,25.691757164073547,40.841268651121,28.567144035390257,48458635.5,-1950507573.0
2024-03-07,23.28,23.365,23.19,23.33,36302120.0,24.3485,21.925,23.13675,0.48774999999999963,23.2695272095003,23.274462266321247,25.33234162843981,0.21221286879004708,0.23694676315469632,-0.024733894364649234,55.40796963946867,24.52247860286226,21.954521397137736,0.11050443039458337,-2.588726513569939,25.94171545281969,38.12696785531233,32.29113275243459,47246607.45,-1986809693.0
2024-03-08,23.41,23.55,23.33,23.47,41080306.0,24.3485,21.925,23.13675,0.46417857142857144,23.288619856214556,23.282130412740024,25.313810865967774,0.20127971809128553,0.22981335414201418,-0.028533636050728645,53.92156862745097,24.476293083775904,22.1377069162241,0.10033836047332573,-2.6948590381426274,24.45568209064791,35.06193737016242,33.930907132415086,46412319.45,-1945729387.0
2024-03-11,23.85,24.17,23.85,24.04,55427377.0,24.3485,22.1025,23.2255,0.48846428571428596,23.360179869908407,23.311850788711006,25.30113613098302,0.2358901587906459,0.23102871507174053,0.004861443718905373,60.144927536231855,24.514320266455425,22.267679733544572,0.09604722042284865,0.5437055625261422,24.120150264608025,42.38502595598456,28.66125612341877,47426962.2,-1890302010.0
2024-03-12,24.47,24.6,24.39,24.56,46904431.0,24.6,22.1025,23.35125,0.4709642857142861,23.474448453726655,23.36079781660469,25.29376164211752,0.30179987547771603,0.24518294715293565,0.05661692832478038,59.031657355679684,24.67426823175011,22.291731768249885,0.10145792545672289,0.9868421052631415,22.772285757624328,42.291650868279376,29.726245544854656,46979272.9,-1843397579.0
2024-03-13,24.66,24.89,24.6,24.64,42559480.0,24.89,22.445,23.6675,0.46667857142857194,23.585453362895546,23.410962608110392,25.287256551151177,0.356380993959295,0.26742255651420754,0.08895843744508747,56.77799607072692,24.741541383217857,22.468458616782144,0.0962966645386873,5.029838022165389,21.248855820956944,43.21573429249253,29.999234713400035,46348917.45,-1800838099.0
2024-03-14,24.39,24.42,24.06,24.14,56742898.0,24.89,22.62,23.755000000000003,0.48739285714285785,23.638267328334067,23.43955230975312,25.275841063080023,0.3551966167701117,0.2849773685653884,0.0702192482047233,50.184501845018445,24.748635751338693,22.608364248661307,0.09038881274900801,3.074295473953881,17.525723916064898,37.568696416794914,36.638088957279884,46335820.5,-1857580997.0
2024-03-15,24.1,24.16,23.98,23.99,35398752.0,24.89,22.825,23.8575,0.4831071428571437,23.671765678016538,23.461138493684373,25.263046624641415,0.33825504926553407,0.2956329047054176,0.04262214456011648,50.746268656716396,24.72594330998485,22.754056690015155,0.08306177843174788,0.29264214046822445,14.197257756259319,37.90197383011755,37.18488948029856,46152457.65,-1892979749.0
2024-03-18,24.13,24.165,23.97,24.03,25822800.0,24.89,22.825,23.8575,0.46571428571428647,23.705883232491153,23.483446788049694,25.25077750399822,0.32431786618627356,0.3013698970015888,0.02294796918468478,47.09418837675352,24.729054279981977,22.846945720018024,0.07912008407448937,2.736212056434373,12.056016983035969,35.966257668711634,38.72699386503059,43923807.2,-1867156949.0
2024-03-19,23.88,23.97,23.71,23.91,23460681.0,24.89,23.015,23.9525,0.42714285714285793,23.725322924634852,23.500174364988922,25.237436434306694,0.30012984108216756,0.30112188581770455,-0.00099204473553699,55.2941176470588,24.68590097271519,22.98909902728481,0.07118204280777683,3.821102909248797,11.678625022288662,39.214046822742446,33.94648829431428,43323334.05,-1890617630.0
2024-03-20,23.94,24.15,23.88,24.13,33523060.0,24.89,23.015,23.9525,0.42428571428571515,23.76386359847915,23.52487340949916,25.226417166303644,0.29530868362359897,0.29995924537888347,-0.004650561755284499,58.013544018058646,24.71410610066878,23.01489389933122,0.07120250587012338,2.5499362515936985,11.170606184311248,42.50841750841746,32.323232323232226,42381193.15,-1857094570.0
2024-03-21,24.18,24.215,24.02,24.02,35387687.0,24.89,23.015,23.9525,0.3996428571428581,23.788257541481137,23.54429013853841,25.214413015395152,0.2793911536076408,0.29584562702463496,-0.016454473416994186,51.2376237623762,24.719663387902532,23.016336612097472,0.07136445348605076,2.95756536648093,9.581897111726883,40.92940125111702,34.316353887399345,41876919.6,-1892482257.0
2024-03-22,23.69,23.76,23.61,23.68,38799842.0,24.89,23.015,23.9525,0.386785714285715,23.777947299435315,23.549612093889845,25.199145224197192,0.2366137024144237,0.2839992421025927,-0.047385539688169,53.766233766233746,24.69297355950708,22.99902644049292,0.0710369503905964,0.8947592671495475,9.651374509748084,42.289935364727576,35.364727608494775,42184601.05,-1931282099.0
2024-03-25,23.68,23.82,23.665,23.71,19439600.0,24.89,23.015,23.9525,0.37107142857142933,23.771476128060524,23.555901815698085,25.184327858782297,0.2027953152697144,0.26775845673601706,-0.06496314146630267,59.65909090909088,24.684513250821613,22.987486749178384,0.07119594318019926,-1.3727121464226166,10.416889377598489,45.23580365736278,30.79884504331077,41417086.8,-1911842499.0
2024-03-26,23.93,23.96,23.83,23.84,21299073.0,24.89,23.015,23.9525,0.33607142857142946,23.77800221110238,23.567042920964827,25.1709514621775,0.18435874055212764,0.2510785134992392,-0.06671977294711157,54.92063492063489,24.629456903727284,22.994543096272718,0.06865923935219916,-2.931596091205202,9.894048719243758,41.87035069075446,34.006376195536525,40462165.0,-1890543426.0
2024-03-27,23.64,23.83,23.58,23.81,20691898.0,24.89,23.015,23.9525,0.33035714285714385,23.78104961956882,23.57657064955444,25.157409656583695,0.16542001402920548,0.23394681360523248,-0.068526799576027,58.05369127516778,24.63003863444615,23.028961365553855,0.0671888738283345,-3.3685064935064957,10.154363752551921,42.59459459459451,33.51351351351342,38384962.25,-1911235324.0
2024-03-28,23.95,24.1856,23.95,24.07,33129932.0,24.89,23.015,23.9525,0.3414714285714296,23.808568703419407,23.59592082016015,25.146589660000775,0.1694375928043641,0.2210449694450588,-0.0516073766406947,59.67741935483871,24.64512733385475,23.078872666145255,0.0656380298260621,-0.2899751449875754,11.18032616024353,44.77680625862855,32.42270844663842,38484759.7,-1878105392.0
2024-04-01,24.44,24.59,24.27,24.4,37302348.0,24.89,23.015,23.9525,0.32861428571428647,23.86489549356994,23.627453337016615,25.139160907164946,0.196979142069182,0.21623180396988345,-0.019252661900701462,56.293706293706265,24.705201151301466,23.066798848698532,0.06859257735087222,1.7090454355981777,10.571376544917026,41.84236838673208,33.69125766204402,38204197.9,-1840803044.0
2024-04-02,24.55,24.78,24.51,24.6,35197586.0,24.89,23.015,23.9525,0.3157571428571436,23.934905446563278,23.66559242183949,25.133796122019028,0.23226691836418922,0.2194388268487446,0.012828091515444617,50.787401574803205,24.789833610693513,23.103166389306487,0.07043481182582113,2.372034956304625,9.623197374183547,38.11699769262087,35.06311360448801,37373016.6,-1805605458.0
2024-04-03,24.33,24.49,24.26,24.45,28991314.0,24.89,23.19,24.04,0.31647142857142924,23.98396207070011,23.69635350333598,25.126992180506402,0.24530130812963336,0.22461132310492238,0.020689985024710977,46.36015325670497,24.770175928012655,23.26482407198734,0.06267729180911061,2.258469259723972,9.239227410363814,31.485577574143463,40.62655170857213,36095037.05,-1834596772.0
2024-04-04,24.66,24.685,24.275,24.32,40934345.0,24.89,23.19,24.04,0.30432857142857195,24.015965683014386,23.720810228695356,25.11896240756604,0.24234760998997018,0.22815858048193194,0.014189029508038242,54.017857142857125,24.784449763126602,23.329550236873395,0.060477180290693246,0.7874015748031482,9.976718417431202,37.31868750880159,29.573299535276625,35419776.5,-1875531117.0
2024-04-05,24.19,24.28,24.145,24.19,32428334.0,24.89,23.33,24.11,0.30397142857142917,24.03254037987016,23.73920982757005,25.109719000525583,0.22690129253023628,0.22790712289159282,-0.0010058303613565411,54.50450450450455,24.74331378934176,23.456686210658244,0.05338703645989687,0.7077435470441262,10.59815884702161,37.3625340727512,30.782968324090522,35226087.2,-1907959451.0
2024-04-08,24.38,24.5,24.335,24.36,24828243.0,24.89,23.58,24.235,0.3121857142857148,24.063727010358715,23.76355454021436,25.10225910997309,0.22577496070246283,0.22748069045376684,-0.0017057297513040082,57.02127659574464,24.724317575648605,23.564682424351396,0.048028956959026245,2.871621621621623,11.505488508717216,41.41307829588614,29.744199881023086,34413484.05,-1883131208.0
2024-04-09,24.47,24.6,24.445,24.59,25801371.0,24.89,23.58,24.235,0.30647142857142917,24.11384824746741,23.795964166088307,25.09716200440122,0.24066715131372263,0.230117982625758,0.010549168687964627,63.821138211382106,24.782318294852026,23.561681705147976,0.05049795588714421,3.7115141290594567,13.097740324697844,44.515918519554376,24.239034167715403,32932183.75,-1857329837.0
2024-04-10,24.52,24.615,24.36,24.47,36946083.0,24.89,23.58,24.235,0.30540000000000056,24.147767461994324,23.822396943888766,25.09092158644698,0.2400195268488865,0.23209829147038372,0.007921235378502783,57.20338983050846,24.767004181083283,23.567995818916717,0.049612428350742366,2.6426174496644306,13.639175647534179,40.46215735803164,26.312096547852885,32434266.35,-1894275920.0
2024-04-11,24.79,24.82,24.53,24.7,33454572.0,24.82,23.58,24.2,0.31647142857142924,24.200361037042484,23.856812750010775,25.08703181941766,0.2551244418482419,0.23670352154595536,0.018420920302286536,63.70967741935482,24.78046893793176,23.560531062068232,0.05047218203444402,3.737925241495166,14.788189414965817,42.20647316390558,25.391594817857577,31979020.95,-1860821348.0
2024-04-12,24.22,24.22,23.79,23.84,73616032.0,24.82,23.58,24.2,0.35218571428571493,24.166040938276534,23.85615342648094,25.074623542607537,0.19544738731100608,0.22845229469896552,-0.03300490738795944,52.666666666666664,24.783126271614343,23.527873728385657,0.0519654961904612,-0.9555463232239325,15.04270714295318,37.92641869143717,29.509593152963117,32822677.65,-1934437380.0
2024-04-15,24.22,24.23,23.86,23.92,47202256.0,24.82,23.58,24.2,0.36897142857142917,24.142608467964482,23.858657213677766,25.063134751138804,0.15284630598056737,0.2133310969552859,-0.06048479097471854,53.44262295081968,24.78427575594621,23.519724244053783,0.0523580453748107,-1.967213114754085,14.482542599795114,35.23308037788455,28.167105466935098,33412852.85,-1887235124.0
2024-04-16,23.74,23.85,23.615,23.67,47788260.0,24.82,23.58,24.2,0.37290000000000084,24.09759813768215,23.851258891572755,25.04927271381404,0.0977845322204729,0.19022178400832332,-0.09243725178785042,47.318611987381736,24.800472252337833,23.467527747662167,0.05523098138210268,-3.780487804878052,13.784511908228529,32.18020917135967,32.56330689959007,34511125.85,-1935023384.0
2024-04-17,23.81,23.825,23.615,23.65,36308734.0,24.82,23.58,24.2,0.3693285714285722,24.054969743617185,23.843366386020882,25.035349602233804,0.051935170645236894,0.16256446133570604,-0.11062929069046915,47.46835443037975,24.815425927222908,23.42657407277709,0.057578535485503006,-3.271983640081799,13.457113667491635,32.49139364870621,28.043167137276132,35153528.5,-1971332118.0
2024-04-18,23.965,24.145,23.9506,24.08,40749048.0,24.82,23.58,24.2,0.37785714285714356,24.057353577558406,23.852646135588692,25.025843636042424,0.04972344666868267,0.13999625840230137,-0.0902728117336187,50.15015015015012,24.813149476149793,23.42385052385021,0.057603041329252785,-0.9868421052631637,12.762792129822225,31.085066162570918,27.410207939508506,35514827.9,-1930583070.0
2024-04-19,23.95,24.045,23.9,24.01,32792072.0,24.82,23.58,24.2,0.35357142857142926,24.052843713029034,23.858816875369527,25.01573573916638,0.0418399199443904,0.12036499071071918,-0.07852507076632878,43.648208469055426,24.81296232384014,23.423037676159865,0.057630178608519544,-0.7441091360066099,12.671184970183432,25.050505050505112,30.315151515151573,35385047.15,-1963375142.0
2024-04-22,24.11,24.43,24.04,24.42,42035459.0,24.82,23.58,24.2,0.3564285714285718,24.08781097845484,23.880824056727587,25.009808020368705,0.06789311216957827,0.10987061500249101,-0.04197750283291274,47.25609756097562,24.830293308577833,23.47970669142217,0.05591333542354226,0.24630541871921707,12.53272284342984,28.757515030060134,30.072144288577235,35546828.0,-1921339683.0
2024-04-23,24.6,24.81,24.57,24.8,32627244.0,24.82,23.58,24.2,0.3600000000000002,24.155638504316283,23.916870172150034,25.007720378374987,0.11784483699364756,0.11146545940072233,0.006379377592925228,54.98575498575501,24.909078068311707,23.50992193168829,0.057793681679647164,0.8540056933712847,12.942343931125107,36.01190476190476,24.813492063492163,36206210.2,-1888712439.0
2024-04-24,25.22,25.29,25.11,25.27,44860452.0,25.29,23.58,24.435,0.36571428571428577,24.261768170571873,23.96993408696768,25.010330125853844,0.19313072012369048,0.12779851154531596,0.06533220857837452,62.33766233766234,25.103138418349396,23.458861581650602,0.06771866219261125,3.2693093583980426,13.926039366214926,41.01562500000002,24.42578125000011,37384279.15,-1843851987.0
2024-04-25,25.11,25.46,25.11,25.44,43059065.0,25.46,23.615,24.5375,0.37821428571428584,24.373980725755505,24.027583730616005,25.014605447984653,0.263475720067472,0.15493395324974718,0.10854176681772482,66.0668380462725,25.302732334098394,23.422267665901607,0.07718685143958078,2.9959514170040613,15.657784535923446,42.870632672332434,21.163361661945352,38502637.5,-1800792922.0
2024-04-26,25.92,26.03,25.76,25.87,47815248.0,26.03,23.615,24.822499999999998,0.3982142857142859,24.51645875187403,24.09983534902322,25.023116836561922,0.34988874600556485,0.19392491180091073,0.15596383420465412,68.19277108433735,25.597206351671893,23.307793648328108,0.09362693807765199,8.51510067114094,17.34962486446302,46.995515695067326,20.100448430493383,39236903.3,-1752977674.0
2024-04-29,25.89,26.12,25.83,26.11,36479054.0,26.12,23.615,24.8675,0.4017857142857145,24.668224585028884,24.178665335336035,25.03393159440708,0.43274922221340617,0.24168977388340984,0.19105944832999633,68.26923076923076,25.900854589293427,23.175145410706573,0.11108114673513954,9.155518394648809,18.094792536730143,46.40000000000003,19.921777777777887,39195738.6,-1716498620.0
2024-04-30,25.73,25.79,25.49,25.49,51947287.0,26.12,23.615,24.8675,0.42785714285714327,24.74648891026423,24.230090224146387,25.038469588492582,0.44327809420287423,0.2820074379473027,0.16127065625557152,60.944206008583684,26.010444787367064,23.154555212632935,0.11617571747113305,7.689057879171934,18.79340712392504,43.57262103505844,22.96494156928221,40033223.65,-1768445907.0
2024-05-01,25.62,25.92,25.53,25.68,46174700.0,26.12,23.615,24.8675,0.4335714285714291,24.835394728334304,24.286949431042608,25.044852975671763,0.4616323033774954,0.31793241103334124,0.14369989234415415,60.6060606060606,26.151642286199653,23.136357713800344,0.12235369957796258,8.583509513742072,19.134323772967686,41.76276771004943,22.662273476112095,40892392.95,-1722271207.0
2024-05-02,26.46,27.2766,26.45,27.15,98520760.0,27.2766,23.615,25.4458,0.48261428571428616,25.0558333256358,24.399225923942897,25.065799712232245,0.588016572065559,0.37194924323978484,0.21606732882577417,81.64435946462714,26.653304509093562,22.917695490906443,0.1507175170235468,12.749169435215958,23.380011705975157,57.59701625077697,9.407098244679322,43771713.7,-1623750447.0
2024-05-03,27.26,27.35,27.06,27.33,55429870.0,27.35,23.615,25.4825,0.47547142857142916,25.272420627956198,24.514158240651017,25.088329068329436,0.6946935167976278,0.43649809795135347,0.25819541884627434,81.9887429643527,27.10428167259787,22.780718327402134,0.17334121861063392,13.827571845064535,27.74883974255703,59.414716221494416,9.54841811134818,44921790.5,-1568320577.0
2024-05-06,27.4,27.47,27.185,27.31,39772507.0,27.47,23.615,25.542499999999997,0.4740428571428575,25.466475806246084,24.623799093958823,25.11043524675402,0.7687601428207849,0.5029505069252398,0.26580963589554507,85.68627450980391,27.475429454876178,22.704570545123822,0.19014981704871883,11.834561834561818,33.59987932668098,61.40192267124728,5.8855438025495355,45669003.7,-1608093084.0
2024-05-07,27.0,27.03,26.9,26.92,40352177.0,27.47,23.615,25.542499999999997,0.4883285714285717,25.604906681841694,24.71384618831338,25.128440866189305,0.7869176402141882,0.5597439335830295,0.22717370663115866,79.89031078610611,27.713595404726675,22.69940459527332,0.1989245158769902,8.54838709677419,38.18623890982656,59.605651932246985,9.882105139981897,46396544.0,-1648445261.0
2024-05-08,26.59,26.83,26.56,26.82,27739881.0,27.47,23.615,25.542499999999997,0.4786857142857147,25.72062985499963,24.796440455438347,25.145272300356577,0.7841986693376306,0.6046348807339498,0.17956378860368083,76.65369649805453,27.9049455631572,22.743054436842804,0.20383395697024143,6.133755441234667,41.83911248037028,56.03139548764467,15.154589948669003,45936233.9,-1676185142.0
2024-05-09,27.33,27.41,27.17,27.4,43598192.0,27.47,23.615,25.542499999999997,0.5079714285714291,25.88056986880919,24.898540829734884,25.16770740184557,0.819399490795174,0.6475878027461947,0.1718116880489794,80.0,28.18111140960411,22.73688859039589,0.2138427597002326,7.704402515723263,45.701686693859266,60.956746723662704,13.569379605152132,46443414.9,-1632586950.0
2024-05-10,27.92,27.99,27.67,27.77,46321542.0,27.99,23.615,25.8025,0.5201142857142863,26.060515595589266,25.011147071706066,25.193600860533675,0.8671562655462957,0.6915014953062149,0.1756547702400808,79.85739750445633,28.45189975306265,22.85910024693735,0.21799612192805842,7.344414379590258,50.17615270700187,62.211601845748135,13.252581850142809,45078690.4,-1586265408.0
2024-05-13,28.13,28.46,28.12,28.36,48230834.0,28.46,23.615,26.0375,0.541542857142858,26.27951411029505,25.142474637521516,25.225107319632844,0.941755946441944,0.7415523855333608,0.20020356090858327,80.58419243986255,28.79607842107797,22.95892157892204,0.2255688085076196,8.617387973956347,53.53560983074174,60.937005381449794,12.7281840244803,45130119.3,-1538034574.0
2024-05-14,28.03,28.145,27.97,28.01,42197490.0,28.46,23.615,26.0375,0.534400000000001,26.44432229026695,25.254926612520674,25.252817694561873,0.9615505004605645,0.7855520085188016,0.17599849194176287,74.03508771929828,28.967008348205223,23.221991651794777,0.22016197652418884,9.886229894076127,55.83657705133965,55.33575705731389,14.903229255774164,44850580.8,-1580232064.0
2024-05-15,28.285,28.35,28.06,28.33,35736531.0,28.46,23.9,26.18,0.5336857142857152,26.62391064357486,25.375517725755156,25.283436423969217,0.9916282792448357,0.8267672626640085,0.1648610165808272,74.70085470085472,29.124002214551407,23.532997785448597,0.2123556005508407,10.319314641744537,57.54696174837477,55.87825900744148,14.923175758873603,44821970.65,-1544495533.0
2024-05-16,28.71,29.2,28.57,29.16,65472526.0,29.2,23.9,26.549999999999997,0.5536857142857153,26.865442963234397,25.523928795333386,25.322009195870024,1.0701037095829946,0.8754345520478057,0.19466915753518887,76.32000000000002,29.44024202363817,23.72475797636183,0.21500927479643905,7.4033149171270685,58.966934243471215,57.4720057794519,14.384127147943648,46058144.55,-1479023007.0
2024-05-17,29.17,29.53,29.05,29.33,46272649.0,29.53,24.04,26.785,0.5672571428571437,27.100162681021597,25.673186489634038,25.361889701383756,1.132953648342717,0.926938371306788,0.20601527703592892,76.0517799352751,29.688353776811077,24.008646223188926,0.21154655022150776,7.31796560556166,60.516507624660385,59.1190692051979,14.039991941170548,46732173.4,-1432750358.0
2024-05-20,29.02,29.185,28.955,29.01,30494226.0,29.53,24.57,27.05,0.5497571428571436,27.28205194949573,25.804041921413095,25.398189306345113,1.1437568351391612,0.9703020640732627,0.17345477106589846,79.93197278911573,29.832086724160103,24.323913275839903,0.20341876978802714,6.224826071036271,63.213768785246664,61.00096146350333,11.303692539562967,46155111.75,-1463244584.0
2024-05-21,28.58,28.695,28.44,28.56,43743588.0,29.53,25.11,27.32,0.5597571428571434,27.403761287638993,25.91211870880866,25.429650109267055,1.1032891685535944,0.9968994849693291,0.10638968358426526,73.45276872964172,29.874846488389988,24.65715351161001,0.1913626119262077,6.092124814264466,64.91360833851799,58.25230329479617,17.673480846285383,46710928.95,-1506988172.0
2024-05-22,28.45,28.505,28.18,28.2,41732666.0,29.53,25.11,27.32,0.4728571428571434,27.479593545959087,26.001839543757338,25.457215779821613,1.030292687114148,1.003578125398293,0.026714561715855067,60.43737574552687,29.874333933427387,24.950666066572616,0.17961396687112707,5.145413870246074,62.077296591325876,48.46525679758309,24.848942598187328,46554539.65,-1548720838.0
2024-05-23,28.001,28.1,27.56,27.63,49548008.0,29.53,25.49,27.509999999999998,0.4978571428571433,27.49391797015346,26.065688973413913,25.478835523305975,0.9158903989537386,0.9860405801093821,-0.07015018115564353,52.76752767527676,29.802568719463597,25.241431280536407,0.1657269616643845,0.8394160583941712,58.063188050684865,44.978479196556655,32.496413199426144,46878986.8,-1598268846.0
2024-05-24,27.48,27.675,27.42,27.58,24413772.0,29.53,25.49,27.509999999999998,0.49571428571428605,27.502116258710274,26.125073719554543,25.49974263252681,0.8118328751932609,0.9511990391261579,-0.13936616393289702,52.477064220183486,29.751415503044836,25.46358449695516,0.15531399098395998,-0.6841915736406246,52.97378393583193,43.443804034582165,34.65417867435158,45708913.0,-1622682618.0
2024-05-28,27.65,27.749,27.48,27.56,25480368.0,29.53,25.49,27.509999999999998,0.4856428571428574,27.50762899597596,26.18134533839554,25.520242705835003,0.7194592269456699,0.9048510766900604,-0.1853918497443905,56.29921259842517,29.705490194076834,25.654509805923166,0.1463504475489042,-2.8208744710860434,49.191294072606375,45.43315193410797,31.181056037652592,45158978.7,-1648162986.0
2024-05-29,27.05,27.175,27.01,27.12,38699413.0,29.53,25.53,27.53,0.4992142857142855,27.470711948740153,26.218155325125128,25.53616068886152,0.60378802986342,0.8446384673247324,-0.2408504374613124,52.76752767527676,29.530951595086517,25.992048404913486,0.12747521532240802,-3.1774366297750767,46.2121517052431,44.198025468593556,32.193446845042224,44496585.0,-1686862399.0
2024-05-30,26.81,27.18,26.78,27.15,25923896.0,29.53,26.45,27.990000000000002,0.4856428571428569,27.440167953622044,26.254698253551595,25.552218791459914,0.508674835227886,0.7774457409053631,-0.2687709056774771,47.43326488706364,29.343244012083566,26.326755987916428,0.10837032599846017,-4.165195905400632,41.71189264474397,36.90248565965586,36.47595234593325,43484044.8,-1660938503.0
2024-05-31,26.55,26.68,26.42,26.63,43801210.0,29.53,26.42,27.975,0.49564285714285666,27.363009100896136,26.269415969098592,25.562942982589668,0.3868776048413203,0.6993321136925545,-0.31245450885123427,38.645418326693196,29.383439248543525,26.23456075145647,0.11323235273066469,-8.676268861454052,38.44227665646095,27.799394725464822,40.92808762069466,40748067.3,-1704739713.0
2024-06-03,26.97,27.06,26.6,26.76,28674306.0,29.53,26.42,27.975,0.4792142857142849,27.30557966271555,26.28865455854571,25.57485399768828,0.2974139331157666,0.618948477577197,-0.32153454446143037,32.45614035087719,29.411082395144216,26.149917604855784,0.11739042818842112,-8.762359359018056,35.295870145242084,27.41094052764945,42.33119689968706,39410289.1,-1676065407.0
2024-06-04,27.01,27.1,26.82,26.97,25226602.0,29.53,26.42,27.975,0.4756428571428563,27.27361969483788,26.315373987622348,25.588736047462525,0.24068411699898107,0.5432956054615538,-0.3026114884625727,38.23529411764701,29.421593705683698,26.105406294316303,0.11944414109775045,-7.032057911065159,32.452000871564834,28.217450067577786,40.396455924312995,38682993.85,-1650838805.0
2024-06-05,27.08,27.2,26.975,27.2,26236956.0,29.53,26.42,27.975,0.46778571428571347,27.26660829532951,26.35006520379402,25.604768524602203,0.2118424192778683,0.4770049682248167,-0.2651625489469484,36.9515011547344,29.410139129232675,26.14486087076733,0.11755119281668053,-4.761904761904756,29.785909636810885,27.088105054206757,41.074973278363146,37977232.8,-1624601849.0
2024-06-06,27.2,27.23,26.99,27.19,20872758.0,29.53,26.42,27.975,0.42278571428571354,27.25931226720289,26.38300382325308,25.620541972118602,0.18603376813707584,0.41881072820726856,-0.23277696007019272,21.937321937321883,29.390905045840977,26.20109495415902,0.11475788212987321,-3.5815602836879346,28.90561411787769,16.117587430309214,45.44686602466637,37633876.65,-1645474607.0
2024-06-07,26.805,26.86,26.5,26.5,44844391.0,29.53,26.42,27.975,0.4377857142857136,27.18699681318357,26.387591908615704,25.629292798266675,0.10865053697962068,0.356778689961739,-0.24812815298211832,14.888337468982613,29.440906880021398,26.061093119978597,0.12179070159788119,-4.0897575099529515,29.30379475001805,10.181106216348503,51.884483602545295,37696186.6,-1690318998.0
2024-06-10,26.61,26.81,26.5,26.75,26288668.0,29.53,26.42,27.975,0.4331428571428564,27.145378069070848,26.401803990630775,25.64044411370681,0.06672748650606763,0.29876844927060475,-0.23204096276453712,21.46464646464642,29.44805756860109,25.95194243139891,0.12621354285928454,-3.009427121102237,29.133720666777265,10.290237467018468,50.8740105540897,36694542.9,-1664030330.0
2024-06-11,26.61,26.62,26.365,26.47,23488252.0,29.53,26.365,27.947499999999998,0.41992857142857076,27.081056348206957,26.404478343939374,25.648698401132613,0.010785182157768247,0.24117179584803747,-0.23038661369026922,22.427440633245354,29.40686176558508,25.804138234414918,0.13050745435402958,-3.9550072568940497,29.781283987689896,10.614050008504844,46.0112263990475,35457413.8,-1687518582.0
2024-06-12,26.57,26.64,26.38,26.41,29442212.0,29.53,26.365,27.947499999999998,0.41135714285714237,27.017146219806296,26.404694879471165,25.656273541419854,-0.03795349141605797,0.1853467383952184,-0.22330022981127637,24.355300859598827,29.39215447990616,25.65884552009384,0.1356309225922261,-2.6179941002949847,31.644940311465582,11.182496961277984,42.4552873762806,34819649.9,-1716960794.0
2024-06-13,26.55,26.645,26.29,26.39,22070126.0,29.53,26.29,27.91,0.3909999999999995,26.95741800839617,26.404118609687984,25.663574302201745,-0.07730198505462837,0.13281699370524905,-0.21011897875987742,28.911564625850318,29.32058072599171,25.53641927400828,0.13796457888632008,-2.799263351749537,34.04184944635831,11.764705882352926,34.98355864084761,34136329.65,-1739030920.0
2024-06-14,26.221,26.28,26.1101,26.17,27515594.0,29.53,26.1101,27.820050000000002,0.3927785714285711,26.882425817120346,26.394937487739437,25.66861336387138,-0.12479950018393637,0.08129369492741197,-0.20609319511134833,27.33118971061093,29.064531322953478,25.49346867704653,0.13090885464668603,-1.72737514081861,36.84084647955023,11.711433195730034,35.55074651293895,32238483.05,-1766546514.0
2024-06-17,26.37,26.52,26.3,26.5,25548893.0,29.185,26.1101,27.64755,0.39856428571428537,26.84600431072793,26.39905758625946,25.676885867713455,-0.13426565021192616,0.038181825899544344,-0.1724474761114705,34.50292397660816,28.669157169276165,25.605842830723834,0.11288122850492238,-0.9715994020926821,38.469842930209325,14.51638918260183,35.034678040825106,31202295.25,-1740997621.0
2024-06-18,26.42,26.62,26.35,26.56,21648093.0,28.695,26.1101,27.402549999999998,0.3785642857142855,26.81876580494432,26.405369053464973,25.68567307300984,-0.13536573185537293,0.00347231434856089,-0.1388380462039338,40.78947368421046,28.28576437833591,25.744235621664085,0.09407842889771696,-1.520207638116422,39.062030386072266,17.17013528557144,28.017509764335184,30759988.6,-1719349528.0
2024-06-20,26.94,26.99,26.74,26.88,36649668.0,28.505,26.1101,27.30755,0.38070714285714274,26.82459763304486,26.423982031760467,25.697556923029644,-0.10915792423294235,-0.01905373336773976,-0.09010419086520259,45.94594594594595,27.973323315829102,25.8886766841709,0.07740695227277868,-1.17647058823529,39.09123740849465,24.015459952344283,23.544531792341314,30405292.6,-1682699860.0
2024-06-21,26.61,26.67,26.42,26.42,35988527.0,28.1,26.1101,27.10505,0.3614214285714285,26.786064525135824,26.423825873652213,25.70474541135771,-0.12407593336940792,-0.040058173368073394,-0.08401776000133453,46.78899082568811,27.718946856689517,25.965053143310474,0.06534139458233526,-2.831923501287237,37.913150679881504,25.296942627324608,24.010355935887993,30118085.65,-1718688387.0
2024-06-24,26.63,26.95,26.63,26.72,31018932.0,27.749,26.1101,26.92955,0.3664214285714285,26.77977266559908,26.435440545273696,25.714847447065594,-0.11041823758322522,-0.05413018621110376,-0.05628805137212146,49.41860465116275,27.591941618476746,26.00105838152325,0.059369068234787936,0.8301886792452695,36.48913662346953,23.002397707557577,23.682722860094675,29191631.85,-1687669455.0
2024-06-25,26.57,26.6,26.44,26.51,25139204.0,27.749,26.1101,26.92955,0.36213571428571406,26.75408003078012,26.438364445459044,25.722759412766436,-0.11521157293498518,-0.06634646355588006,-0.048865109379105126,43.31395348837211,27.45624610057381,26.029753899426193,0.053340769590084026,-0.8971962616822426,35.96477938663749,22.485650604548297,27.71060573186838,29227903.45,-1712808659.0
2024-06-26,26.53,26.5799,26.43,26.52,15806507.0,27.23,26.1101,26.67005,0.3564142857142854,26.731786694515346,26.44156583975477,25.730692154927965,-0.11685636190932414,-0.07644844322656888,-0.040407918682755256,39.440993788819824,27.297036302529502,26.08496369747049,0.04541128489224884,0.18889308651304226,35.58990685514009,20.84251873822591,28.355845925688346,28744210.4,-1697002152.0
2024-06-27,26.17,26.19,25.87,25.89,41320543.0,27.23,25.87,26.55,0.38569999999999943,26.651616533132934,26.41993580682321,25.73227730761525,-0.16706972806404252,-0.09457270019406361,-0.07249702786997891,33.0729166666666,27.29859129263371,25.96040870736629,0.05025188551296188,-1.9689511548655836,34.49605578236843,18.704396459128038,36.57357679914067,28875266.9,-1738322695.0
2024-06-28,26.12,26.12,25.93,25.99,22894116.0,27.23,25.87,26.55,0.3528428571428565,26.58860543473932,26.403075579104655,25.7348417125146,-0.1965295479509166,-0.11496406974543422,-0.08156547820548238,42.15384615384609,27.251632340051106,25.8913676599489,0.051192619163472314,-1.5157256536566965,31.056227356173498,20.446171909793843,30.059921454309862,28723777.9,-1715428579.0
2024-07-01,26.19,26.27,26.065,26.08,24294510.0,27.23,25.87,26.55,0.3506999999999995,26.540166821907004,26.390405948551532,25.738276123335353,-0.21019146327024885,-0.13400954845039714,-0.0761819148198517,39.158576051779846,27.25781554449471,25.83018445550529,0.05378357026030071,-0.34390523500192893,27.194220343739623,23.6262169538473,30.24359444376549,27748442.9,-1691134069.0
2024-07-02,26.26,26.44,26.1901,26.43,23659462.0,27.23,25.87,26.55,0.34891428571428534,26.529674743630146,26.39195865645147,25.745158947978783,-0.19057967084784266,-0.14532357292988626,-0.0452560979179564,49.36708860759495,27.235525423260565,25.81947457673944,0.05338048615667226,-0.26415094339622414,22.78217037067145,27.227317392728384,27.63470357025868,27497700.7,-1667474607.0
2024-07-03,26.63,26.94,26.63,26.9,29692847.0,27.23,25.87,26.55,0.3667714285714282,26.56494381566537,26.411881846394554,25.75664990372029,-0.1355495808206264,-0.14336877450803429,0.007819193687407883,56.86274509803923,27.223455427257615,25.824544572742386,0.052741323123029295,1.2801204819277157,19.657665314854743,35.24966892576141,26.289242034743243,27721012.95,-1637781760.0
2024-07-05,26.43,26.48,26.22,26.44,41917235.0,27.23,25.87,26.55,0.3899857142857139,26.55304440464962,26.412984519084965,25.76344940716586,-0.1275852700492095,-0.14021207361626933,0.012626803567059836,50.623441396508746,27.109247859779764,25.862752140220238,0.04706243749752798,-1.636904761904756,16.397532369024194,33.15139748708739,30.585369427451493,28505026.9,-1679698995.0
2024-07-08,26.23,26.245,26.14,26.23,23113196.0,26.99,25.87,26.43,0.3914214285714281,26.522278270873464,26.40580865559144,25.768091701621923,-0.13664359898842093,-0.13949837869069967,0.002854779702278737,50.749999999999986,26.97483673886354,25.901163261136457,0.04061099469426901,-0.7191521574564819,13.3018195622502,33.029799813865175,28.650157849595708,28617048.8,-1702812191.0
2024-07-09,26.14,26.53,26.13,26.5,33083352.0,26.99,25.87,26.43,0.394992857142857,26.520156530790278,26.409502433803542,25.775374371257527,-0.12064492680132588,-0.13572768831282492,0.015082761511499038,50.0,26.97483673886354,25.901163261136457,0.04061099469426901,-0.8233532934131649,10.938448039650371,33.54491039620965,28.39111014665715,28028996.85,-1669728839.0
2024-07-10,26.41,26.49,26.2999,26.38,21396407.0,26.99,25.87,26.43,0.3899999999999998,26.50680828976263,26.408345475615167,25.7813905466679,-0.11630813318691935,-0.13184377728764382,0.015535644100724472,47.74999999999999,26.936188850667527,25.90281114933247,0.03911420357444523,-0.49038098830630483,9.621214618594832,32.142857142857075,28.754578754578645,27784383.8,-1691125246.0
2024-07-11,26.8,27.0499,26.78,26.94,45866609.0,27.0499,25.87,26.45995,0.40713571428571427,26.548064643118572,26.429194672649867,25.792918998939864,-0.06691254692848858,-0.11885753121581279,0.051944984287324206,50.70754716981135,27.009693085024608,25.876306914975395,0.04286148205760366,1.5837104072398356,10.31234638042598,34.12165125703961,27.544342883208362,28903301.65,-1645258637.0
2024-07-12,27.46,27.6,27.2,27.22,41053614.0,27.6,25.87,26.735,0.4214214285714287,26.61205848663109,26.46020664627144,25.807118809895687,-0.00511358280090235,-0.09610874153283071,0.09099515873192836,59.85221674876847,27.147658351428845,25.819341648571154,0.050156388047565136,5.137118578601774,12.500560862478242,42.288852353429725,21.18679977626733,29483871.75,-1604205023.0
2024-07-15,26.89,26.9,26.6,26.61,50976651.0,27.6,25.87,26.735,0.4278500000000002,26.61186244028527,26.46608089543727,25.815107677458915,-0.0052982851761491645,-0.0779466502614944,0.07264836508534524,48.74141876430206,27.15942500565186,25.82957499434814,0.050193436800230966,2.3855328972681944,13.037834179593236,36.97891450608528,30.8853236281072,30929198.0,-1655181674.0
2024-07-16,26.36,26.64,26.305,26.61,28322041.0,27.6,25.87,26.735,0.43177857142857184,26.61168506502001,26.47172478189071,25.82301705380261,-0.005382615696056803,-0.06343384334840689,0.05805122765235009,51.20192307692306,27.165135003992486,25.867864996007516,0.048923123639430924,2.032208588957052,12.739688364556685,36.64245893232314,32.34131251137316,30969520.35,-1655181674.0
2024-07-17,26.4,26.44,26.19,26.25,33746155.0,27.6,25.87,26.735,0.4510714285714289,26.577238868351436,26.463029692404803,25.827265640331937,-0.03410529498435011,-0.05756813367559554,0.02346283869124543,47.00665188470066,27.163518165412878,25.844481834587125,0.04976744381322642,-0.6810442678774065,11.907847876947185,35.075217735550304,32.62074425969903,31379383.45,-1688927829.0
2024-07-18,26.29,26.425,26.01,26.01,31336910.0,27.6,25.87,26.735,0.43428571428571466,26.52321611898463,26.44526382211442,25.829083892666944,-0.07536545345826084,-0.061127597632128605,-0.01423785582613224,51.45631067961166,27.17111916865062,25.781880831349376,0.05247061874874865,-3.3085501858735933,10.579956258005248,36.4309210526316,27.631578947368336,31863824.3,-1720264739.0
2024-07-19,25.91,25.95,25.814,25.82,24608509.0,27.6,25.814,26.707,0.43185714285714333,26.45624315527181,26.42074367222758,25.828993505675236,-0.12198961803516184,-0.07330000171273526,-0.04868961632242658,47.98099762470311,27.149535376826872,25.69746462317313,0.05495376288734433,-2.344931921331317,9.812217077095085,36.63579225934504,31.028779358253324,31261766.35,-1744873248.0
2024-07-22,26.29,26.43,26.22,26.36,35178406.0,27.6,25.814,26.707,0.4554285714285718,26.44707714048402,26.418361567434342,25.834277152384935,-0.11405140375170575,-0.08145028212052936,-0.032601121631176386,53.004291845493576,27.147091900214114,25.69390809978588,0.05500213093727352,0.49561570720548787,10.015667413129133,39.915307402760405,29.422835633626036,31221260.3,-1709694842.0
2024-07-23,25.96,26.01,25.86,25.99,40600035.0,27.6,25.814,26.707,0.4654285714285716,26.403545984247447,26.40156307459378,25.83582663345573,-0.13604794351536142,-0.09236981439949578,-0.043678129115865647,45.29914529914528,27.12051812425182,25.647481875748174,0.055830664361114564,-1.9245283018867965,10.177950659524205,36.44874155923884,34.31553100061382,31700315.45,-1750294877.0
2024-07-24,25.86,26.02,25.68,25.7,36117664.0,27.6,25.68,26.64,0.4532857142857143,26.33654160479531,26.37405079715873,25.83447512466513,-0.17486519895964747,-0.10886889131152612,-0.06599630764812135,36.666666666666664,27.13767020579495,25.549329794205047,0.060293446641103275,-2.577710386656562,10.038464686169617,29.54617081626227,38.07122596911435,32249238.45,-1786412541.0
2024-07-25,25.45,25.5716,25.38,25.39,31514046.0,27.6,25.38,26.490000000000002,0.4275714285714286,26.246394785290995,26.335460569819173,25.83005248660876,-0.22801415751047216,-0.13269794455131534,-0.09531621295915682,37.931034482758605,27.18260564629027,25.391394353709728,0.06814057490700885,-5.753526354862659,10.487219033965403,31.32308720347483,38.5232208486468,33034615.4,-1817926587.0
2024-07-26,25.35,25.6,25.28,25.52,24671826.0,27.6,25.28,26.44,0.429,26.177214329548995,26.30348172394391,25.82696738723952,-0.2566862571441888,-0.15749560706989005,-0.09919065007429875,41.68618266978921,27.21260692970638,25.32439307029362,0.071881297349021,-6.245407788390889,10.746858136920181,31.218781218781277,38.72793872793868,32202179.55,-1793254761.0
2024-07-29,25.55,25.62,25.47,25.56,23127569.0,27.6,25.28,26.44,0.41114285714285714,26.11843201244909,26.274325577906897,25.82431099532669,-0.27303407016611203,-0.18060329968913447,-0.09243077047697756,38.36633663366334,27.236313424863074,25.257686575136933,0.07538487635638892,-3.9458850056369843,11.451850210302833,27.970813064628263,40.41000694927027,32213852.2,-1770127192.0
2024-07-30,25.37,25.37,25.26,25.33,27485385.0,27.6,25.26,26.43,0.41827857142857133,26.043343249358703,26.237293202302705,25.819392477960257,-0.30107826475404664,-0.2046982927021169,-0.09637997205192975,37.34939759036143,27.27906902288702,25.139930977112986,0.08161689638390783,-4.810221721157459,12.649769548652825,27.49363889410685,43.30675045680417,32373395.95,-1797612577.0
2024-07-31,25.87,25.965,25.64,25.68,30820682.0,27.6,25.26,26.43,0.41578571428571415,26.00873913037216,26.215438566918287,25.818005488129806,-0.2916988928243178,-0.2220984127265571,-0.06960048009776074,34.010152284263924,27.261424763704245,25.082575236295764,0.0832511664148128,-2.1714285714285686,13.409895836019837,28.26146710187253,43.566397526198166,32731456.95,-1766791895.0
2024-08-01,25.69,25.72,25.27,25.32,34544880.0,27.6,25.26,26.43,0.4007857142857141,25.943144927479572,26.180323328999922,25.813050209640952,-0.3097441268642811,-0.2396275555541019,-0.0701165713101792,26.368159203980085,27.189273112333105,24.996726887666895,0.08402813876005862,-2.6528258362168433,14.268421429683396,19.515237925503467,51.791124576724236,32974058.6,-1801336775.0
2024-08-02,25.16,25.22,25.01,25.2,34152160.0,27.6,25.01,26.305,0.378642857142857,25.872369220100566,26.14187927688228,25.806950207554973,-0.3299249327148033,-0.2576870309862422,-0.0722379017285611,30.028328611898004,27.18346006894321,24.87853993105679,0.08854520140933578,-2.4012393493415995,16.497077774076455,20.656479909451033,48.405961139407594,32585804.85,-1835488935.0
2024-08-05,24.63,25.1,24.59,25.03,37464496.0,27.6,24.59,26.095,0.3982857142857141,25.79214358009099,26.098276167984935,25.799219359718606,-0.35553753065792293,-0.27725713092057835,-0.07828039973734457,28.648648648648646,27.202103911977947,24.739896088022046,0.09480604612667592,-5.045523520485573,19.06281327713879,19.637733142037295,48.26040172166422,33303369.85,-1872953431.0
2024-08-06,24.615,24.93,24.6,24.78,29317571.0,27.6,24.59,26.095,0.3989999999999999,25.695748953415656,26.046579063358074,25.78907787355225,-0.39149569109018856,-0.3001048429545004,-0.09139084813568815,29.526462395543163,27.19808395529996,24.571916044700043,0.1014552022638562,-4.655636783378214,21.685491829508074,19.60257787325455,46.115288220551335,33115080.8,-1902271002.0
2024-08-07,25.23,25.255,24.84,24.89,30574816.0,27.6,24.59,26.095,0.4032857142857141,25.61901095785226,26.001223021657758,25.780131825059197,-0.4064316208751251,-0.32137019853862536,-0.08506142233649971,33.81502890173407,27.173460786392983,24.44753921360702,0.10561289292287883,-3.151750972762646,22.531274794359984,25.150549061282305,42.437123627346764,33574001.25,-1871696186.0
2024-08-08,25.22,25.53,25.165,25.49,41361901.0,27.6,24.59,26.095,0.4349999999999997,25.60672419996157,25.98117506002412,25.777244941227764,-0.36563861291887534,-0.3302238814146754,-0.03541473150419994,45.7364341085271,26.99838590580846,24.47761409419154,0.0979396927351355,0.3938558487593502,22.86547891272475,27.832512315270957,36.12479474548435,33348765.85,-1830334285.0
2024-08-09,25.4,25.46,25.28,25.45,18962442.0,26.9,24.59,25.744999999999997,0.40642857142857103,25.591798085679514,25.96034466551337,25.773988772658335,-0.33270234044125857,-0.33071957321999207,-0.0019827672212665015,36.49851632047475,26.703384543752506,24.595615456247494,0.08217583529912913,-0.2742946708463978,23.844837142004558,21.35325131810195,38.66432337434091,32244207.25,-1849296727.0
2024-08-12,25.57,25.76,25.54,25.65,34283792.0,26.64,24.59,25.615000000000002,0.3928571428571426,25.59734112513861,25.948174286473634,25.77275505352741,-0.2871516729395225,-0.32200599316389816,0.03485432022437568,44.68749999999999,26.55373338580099,24.649266614199007,0.07438887454258468,0.35211267605632646,24.32144455676057,27.54545454545457,33.45454545454541,31409564.3,-1815012935.0
2024-08-13,25.72,25.82,25.67,25.8,24569248.0,26.44,24.59,25.515,0.3807142857142856,25.616641970363503,25.942363530141336,25.773026147522163,-0.23622563232773786,-0.30484992099666613,0.06862428866892828,51.6339869281046,26.394076732412184,24.727923267587816,0.06518342259005394,1.855507303592585,23.60856797522968,29.549718574108812,31.1444652908067,31221924.65,-1790443687.0
2024-08-14,25.61,25.625,25.16,25.32,41761511.0,26.43,24.59,25.509999999999998,0.40357142857142847,25.588390354138408,25.917957117194618,25.76851842466125,-0.23192488105266307,-0.29026491300786555,0.05834003195520249,48.91640866873065,26.287286482380242,24.74171351761976,0.060576259176565526,-1.4018691588784993,23.48389628602302,27.87610619469026,33.09734513274333,31622692.45,-1832205198.0
2024-08-15,25.61,25.94,25.61,25.84,40019160.0,26.43,24.59,25.509999999999998,0.42499999999999993,25.612353177553796,25.91489997534385,25.769229684117356,-0.1844308465089135,-0.26909809970807513,0.08466725319916163,54.41988950276244,26.25933364383157,24.752666356168422,0.05907109259245467,2.0537124802527673,22.951264097969222,31.764705882352956,29.74789915966386,32056804.95,-1792186038.0
2024-08-16,26.07,26.41,26.07,26.36,38538015.0,26.43,24.59,25.509999999999998,0.4549999999999998,25.683557636834387,25.932354878271543,25.77510799571818,-0.10363716307425364,-0.23600591238131086,0.13236874930705722,59.756097560975626,26.36800015756833,24.697999842431667,0.06540556593963348,4.603174603174609,22.642518114263307,36.73469387755103,27.78649921507065,32753280.25,-1753648023.0
2024-08-19,26.49,26.74,26.49,26.6,33115037.0,26.74,24.59,25.665,0.4607142857142857,25.77083786189778,25.958537039907952,25.7833158763578,-0.020010919208640843,-0.19280691374677686,0.17279599453813602,65.45012165450126,26.43512122177541,24.654878778224585,0.0696904460188227,6.272473032361159,22.921543417151657,41.395348837209276,24.186046511627943,32650111.8,-1720532986.0
2024-08-20,26.34,26.34,25.97,26.0,42300896.0,26.74,24.59,25.665,0.46035714285714285,25.79266282743132,25.960163038342934,25.785471937289564,-0.002126985476795795,-0.15467092809278066,0.15254394261598486,53.669724770642205,26.43668430959341,24.65431569040659,0.06977231289999487,4.923325262308298,21.40815392624913,32.19550038789759,32.273079906904606,32735154.85,-1762833882.0
2024-08-21,26.01,26.29,26.01,26.27,25546953.0,26.74,24.59,25.665,0.44892857142857145,25.8381235105331,25.972313507427526,25.790293112042903,0.033447344204585505,-0.11704727363330743,0.15049461783789292,61.12412177985948,26.520715096354515,24.62728490364549,0.07403731104672816,5.5443953394937795,18.863842844178173,33.01511535401749,27.20763723150359,32206619.3,-1737286929.0
2024-08-22,26.36,26.36,25.96,26.07,34897775.0,26.74,24.59,25.665,0.45535714285714285,25.860206985720424,25.976144350273504,25.793076265156905,0.0449833877531951,-0.08464114135600692,0.12962452910920202,60.000000000000014,26.57550574592735,24.640494254072642,0.07556277303400147,2.2754021184778317,17.374709094693138,33.647058823529406,22.74509803921573,32375805.75,-1772184704.0
2024-08-23,26.31,26.5699,26.24,26.48,29293864.0,26.74,24.59,25.665,0.4474928571428572,25.91923489184229,25.99590339536082,25.799911327195147,0.08621552001773836,-0.05046980908125787,0.13668532909899622,65.79520697167754,26.697545410477503,24.614454589522495,0.08119312523210974,4.047151277013761,17.159435684067983,37.58878832862457,16.440805120592522,32606907.65,-1742890840.0
2024-08-26,26.23,26.37,26.15,26.27,29550248.0,26.74,24.59,25.665,0.4403500000000002,25.952641092619213,26.00665228181726,25.804588826427036,0.10078524734730365,-0.02021879779554557,0.12100404514284922,66.37362637362637,26.76711047536662,24.61588952463338,0.08373278908328591,2.417153996101362,16.816184440365753,38.19851092475141,18.167366867264683,32928041.6,-1772441088.0
2024-08-27,26.62,26.68,26.49,26.56,24453665.0,26.74,24.59,25.665,0.43570714285714324,26.01048479808405,26.028352192334232,25.812105355517314,0.13418562918844756,0.010662087601253057,0.1235235415871945,67.65327695560251,26.880962298727272,24.625037701272735,0.08759851657882722,2.9457364341085146,17.507736193350734,38.35964524008587,18.36095673699569,32776455.6,-1747987423.0
2024-08-28,26.31,26.43,26.065,26.14,40469194.0,26.74,24.59,25.665,0.4253500000000002,26.022819579218904,26.032730537732892,25.81536798879575,0.1253205650561462,0.03359378309223168,0.09172678196391451,57.14285714285716,26.916385899589137,24.635614100410862,0.08848431871424096,3.2385466034755117,17.61035910900803,34.67564526692299,25.94502006750739,33258881.2,-1788456617.0
2024-08-29,26.3,26.39,26.2701,26.33,22188763.0,26.74,24.59,25.665,0.4282071428571432,26.052074857388533,26.044388163704152,25.820488705325147,0.13210354255868495,0.05329573498552234,0.07880780757316261,59.36170212765957,26.97130566035543,24.68169433964457,0.0886535659385074,1.8962848297213508,16.578839307947813,34.44427763599053,25.77190612020212,32641075.35,-1766267854.0
2024-08-30,26.62,26.63,26.3,26.46,27286548.0,26.74,24.59,25.665,0.42963571428571434,26.09092487097058,26.060686667088305,25.826852001789575,0.146282758065702,0.07189313960155828,0.07438961846414373,58.74730021598275,27.027799285398995,24.751200714601016,0.08793520812676872,0.3793626707132125,16.812286467814978,33.33222497464622,25.686212572112556,32297794.75,-1738981306.0
2024-09-03,26.04,26.11,25.92,26.0,36863547.0,26.74,24.6,25.67,0.4560642857142856,26.082265359449572,26.058306797790724,25.82857486744341,0.1190296333710208,0.08132043835545079,0.037709195015570005,52.0242914979757,27.002362423426863,24.873637576573135,0.08206973732954463,-2.2556390977443663,16.661337437944567,30.460931259690792,30.149258406552924,32267747.3,-1775844853.0
2024-09-04,26.0,26.125,25.96,25.98,19024517.0,26.74,24.84,25.79,0.42213571428571406,26.072525801406755,26.0552359429754,25.830081585180295,0.09472556549489397,0.08400146378333943,0.010724101711554537,57.36607142857142,26.91220601155381,25.083793988446192,0.07032894926946755,-0.07692307692307443,17.2029466234437,33.16299768185585,23.942875513968026,31753094.6,-1794869370.0
2024-09-05,25.89,26.025,25.82,25.85,22749763.0,26.74,25.16,25.95,0.3924928571428567,26.051332867939447,26.047187474623424,25.83027977836258,0.06423405287975115,0.08004798160262178,-0.01581392872287063,50.122249388753076,26.802457116037207,25.289542883962792,0.058086240961161606,-1.598781880472011,17.169430499952426,29.935030664798234,28.298968134087932,31361841.95,-1817619133.0
2024-09-06,25.82,25.855,25.455,25.5,32986970.0,26.74,25.16,25.95,0.3803499999999997,25.998824975754736,26.02572914228525,25.826993412408726,0.01169245122538598,0.06637687552717463,-0.054684424301788645,39.030612244897966,26.801421397081675,25.29157860291832,0.05796720458270227,-2.1864211737629424,17.898464652846368,22.064264117635982,36.05701515521418,30943095.4,-1850606103.0
2024-09-09,25.41,25.6099,25.365,25.52,23499213.0,26.74,25.16,25.95,0.37069999999999986,25.953222597111427,26.005896626901517,25.823938751588738,-0.028010427007814087,0.047499415020176884,-0.07550984202799096,35.40540540540539,26.793844918743268,25.306155081256733,0.05710901487472302,-3.625377643504535,18.939136189932068,16.28001079039654,38.72981617788737,31169933.95,-1827106890.0
2024-09-10,25.53,25.54,25.29,25.46,20723326.0,26.74,25.16,25.95,0.34355714285714256,25.90624901643415,25.984488916042636,25.820317470478404,-0.063583788278752,0.02528277436039111,-0.08886656263914311,41.455696202531655,26.810256625915073,25.27074337408493,0.05911995744437103,-3.083365055196041,21.0648912597927,17.56621896960372,32.53773545677573,30491910.65,-1847830216.0
2024-09-11,25.51,25.74,25.41,25.72,31299703.0,26.74,25.16,25.95,0.34641428571428534,25.888511014868993,25.974116801688023,25.81931928669255,-0.06998931305479772,0.0062283568773533445,-0.07621766993215107,41.26984126984125,26.81232621492943,25.26067378507057,0.059595277009539,-3.1626506024096335,21.799508235419232,21.545218359519968,32.2693719328632,30828433.4,-1816530513.0
2024-09-12,25.68,25.7781,25.55,25.71,19724897.0,26.74,25.29,26.015,0.33413571428571387,25.87150996583385,25.9637592800532,25.81823153259611,-0.07500800838583288,-0.0100189161752839,-0.06498909221054898,43.91891891891892,26.773404679150133,25.33859532084987,0.05506637082822627,-1.6449885233358774,21.94804688729899,21.6550161397208,33.45518288120737,29726602.7,-1836255410.0
2024-09-13,25.93,25.94,25.76,25.86,20127745.0,26.74,25.29,26.015,0.31485714285714245,25.87041377861158,25.959690288678566,25.818647139236944,-0.06611943055817449,-0.02123901905186202,-0.044880411506312466,38.51851851851846,26.77319168265073,25.340808317349268,0.05497115421197612,-1.7850360805165222,20.846185011244305,21.89201451905629,35.50362976406533,28732031.95,-1816127665.0
2024-09-16,26.025,26.085,25.96,26.01,18257856.0,26.74,25.29,26.015,0.3073571428571424,25.883707704458097,25.96166321853431,25.82055114780175,-0.04643613533071189,-0.026278442307631995,-0.020157693023079896,45.075757575757606,26.74148140624884,25.337518593751152,0.05391665786584569,-1.7006802721088454,19.31634281946358,25.795956309551503,34.27841041134093,27718024.0,-1797869809.0
2024-09-17,26.33,26.52,26.3,26.34,29938504.0,26.68,25.29,25.985,0.3144999999999994,25.927164113557325,25.976499955062376,25.825719793097257,-0.004160777128788595,-0.021854909271863315,0.01769413214307472,45.8955223880597,26.69353665170594,25.359463348294057,0.05125826766610509,1.3076923076922986,17.4304745411031,28.04905746082221,33.49988644106293,27559197.35,-1767931305.0
2024-09-18,26.45,26.47,26.16,26.19,24625582.0,26.68,25.29,25.985,0.30128571428571377,25.95219610274234,25.984872505844244,25.829344471772906,0.01704254655794557,-0.014075418105901539,0.031117964663847107,51.03734439834027,26.706848637711293,25.36515136228871,0.051532388824035276,0.8083140877598094,16.534303762829747,29.27927927927932,28.212422949265132,26675431.65,-1792556887.0
2024-09-19,26.97,27.17,26.7719,27.13,55028174.0,27.17,25.29,26.23,0.3534285714285709,26.064367902481166,26.029779466399372,25.842286317824918,0.10844637512666466,0.010428940540611702,0.09801743458605296,62.65822784810131,26.905250885807774,25.252749114192227,0.06336522763969275,4.951644100580266,17.208442262906917,39.10670978173009,24.050121261115663,28149492.7,-1737528713.0
2024-09-20,27.28,27.365,27.11,27.15,29824622.0,27.365,25.29,26.3275,0.34807142857142814,26.167761435578196,26.07370968340332,25.855298394264473,0.1804186467958715,0.04442688179166367,0.13599176500420784,61.31147540983607,27.087922978422498,25.1780770215775,0.07308177235085894,6.470588235294117,17.906440706616504,38.785142622614465,24.420274984609126,27895835.05,-1707704091.0
2024-09-23,27.5,27.885,27.465,27.68,44176365.0,27.885,25.29,26.5875,0.3619999999999998,26.31178415599932,26.13670146052476,25.873454629147414,0.2770303280546962,0.09094757104427018,0.186082757010426,76.923076923077,27.36569101237662,25.020308987623384,0.08954232141233287,8.463949843260199,21.418956122331625,47.553275453828036,15.982636148382056,28639960.1,-1663527726.0
2024-09-24,29.4,30.4999,29.28,30.4,167712254.0,30.4999,25.29,27.89495,0.5516357142857142,26.701138045904145,26.303889638543396,25.91849488159371,0.5665462569263724,0.18606730822069062,0.3804789487056818,87.97250859106535,28.61771621080492,24.181283789195078,0.16804986539933878,19.402985074626855,25.420299451237536,64.87070918955318,10.488288078312582,35548060.4,-1495815472.0
2024-09-25,29.44,29.89,29.4195,29.56,77309327.0,30.4999,25.29,27.89495,0.6070285714285715,26.973410612960894,26.43158024095346,25.954728763368898,0.7199100615189806,0.29283585888034863,0.427074202638632,78.40735068912713,29.180701246576046,23.918298753423958,0.19821098299975848,14.93001555209954,30.67734034816773,58.951096677021575,7.883836957544969,38190843.5,-1573124799.0
2024-09-26,31.86,32.09,31.26,31.92,165220570.0,32.09,25.29,28.69,0.7591714285714287,27.444514364107476,26.64681238836705,26.014084696071695,1.0201248934759342,0.43829366579946577,0.5818312276764683,87.58782201405157,30.38931769678104,23.28768230321896,0.2646062706023838,24.154025670945156,35.52074760333442,67.83617477701256,2.869669940913022,44428412.3,-1407904229.0
2024-09-27,31.74,32.44,31.7,32.17,100738305.0,32.44,25.29,28.865,0.7945357142857142,27.89456061514486,26.863407980980107,26.075337584668,1.263653609186072,0.603365654476787,0.6602879547092849,87.91334093500575,31.394189901825875,22.866810098174128,0.3143097179798289,24.40061871616397,39.353522315611976,67.96332089719962,1.932844877961072,48355889.4,-1307165924.0
2024-09-30,32.78,32.81,31.75,31.78,98533280.0,32.81,25.29,29.05,0.8523928571428573,28.26460246132154,27.05621551113775,26.132100394770806,1.408940738483917,0.7644806712782131,0.6444600672057039,84.72527472527474,32.12276825084362,22.670231749156372,0.34502715681518625,22.183775470972698,44.11419434699105,66.45074789458249,1.173167972514355,51918226.0,-1405699204.0
2024-10-01,32.0,33.13,31.8,33.1,96802979.0,33.13,25.29,29.21,0.9252500000000003,28.72511651262425,27.293226667563722,26.201432729151197,1.6120125265265735,0.9339870423278852,0.6780254841986882,86.3188976377953,33.06608479835755,22.436915201642446,0.383012435245486,25.664388762338653,49.589422079012266,62.14459412513993,1.0807889759524492,54915197.6,-1308896225.0
2024-10-02,35.11,35.55,34.45,35.48,222092526.0,35.55,25.29,30.419999999999998,1.083957142857143,29.36843874951718,27.614276602169067,26.293756781597455,1.9426013914998599,1.1357099121622802,0.8068914793375797,88.98643256185156,34.48819398636936,21.964806013630646,0.44367484359515746,35.471554028255035,55.0136718763539,68.74151587437561,0.9225456989601628,65068598.05,-1086803699.0
2024-10-03,34.16,34.95,34.105,34.5,113214146.0,35.55,25.29,30.419999999999998,1.1657428571428574,29.85715886861078,27.884304970711458,26.375410942974597,2.1012952157210982,1.3288269728740438,0.7724682428470544,82.33532934131739,35.405691664885865,21.91230833511414,0.47082533688445943,27.165499447106534,59.818346177662086,62.92676650082102,2.971740888703747,69591817.2,-1200017845.0
2024-10-04,35.59,35.82,35.32,35.71,107079121.0,35.82,25.29,30.555,1.243957142857143,30.41457230969547,28.19119497186003,26.46829242612908,2.2982058162850763,1.5227027415562504,0.7755030747288258,83.6338418862691,36.43491765380348,21.904082346196518,0.4981516758123027,31.528545119705353,65.34909806445941,63.13320394593287,2.7848915327813684,73296424.75,-1092938724.0
2024-10-07,36.54,37.5,36.02,36.69,218993737.0,37.5,25.29,31.395,1.3353857142857144,31.01223208972447,28.524481443551792,26.57000095920242,2.504466761840497,1.7190555456130998,0.7854112162273974,84.33974784339749,37.51105203293402,21.944947967065985,0.5236176017851195,32.55057803468206,71.31488818950999,65.47011564342029,2.5942210383303186,83071150.95,-873944987.0
2024-10-08,33.385,33.815,32.27,33.33,322806886.0,37.5,25.41,31.455,1.6289571428571428,31.23297189070309,28.7129331516478,26.637264631250158,2.3694920979669334,1.8491428560838665,0.5203492418830669,69.52954048140043,37.79095074544669,22.452049254553305,0.5092343173777332,9.638157894736832,74.74390832620675,53.6710603628965,17.956273514167727,98175328.95,-1196751873.0
2024-10-09,32.215,33.13,32.18,32.79,100519674.0,37.5,25.55,31.525,1.6410999999999998,31.3812602820647,28.872818126092984,26.698485878700406,2.1936630354111024,1.9180468919493139,0.27561614346178853,65.82774049217002,37.93924036392973,23.010759636070276,0.4898599090355849,10.926928281461446,76.38193093457218,50.22719952645001,18.215134448148934,101636327.5,-1297271547.0
2024-10-10,33.41,33.57,32.725,33.22,101466303.0,37.5,25.76,31.630000000000003,1.6832428571428568,31.55637835043949,29.043295846638358,26.763376566474534,2.0652082082188024,1.9474791552032118,0.11772905301559056,66.59376708583926,38.056571928004274,23.64442807199573,0.46716078689189944,4.07268170426065,78.15776156985089,50.00933572101469,17.75908747570595,105723397.8,-1195805244.0
2024-10-11,32.67,33.65,32.5,33.37,80108845.0,37.5,25.96,31.73,1.7128857142857137,31.729104221826205,29.212970519319207,26.829114113076777,1.9529976375328815,1.948582851669146,0.00441478586373556,65.88498045784479,38.112726821631774,24.339273178368224,0.44108927314620994,3.730183400683851,77.73220853085432,46.97544661473535,18.390018515120733,108722452.8,-1115696399.0
2024-10-14,32.9,33.62,32.61,32.74,94628105.0,37.5,26.16,31.83,1.583607142857142,31.82538001022371,29.351285400914534,26.887928898021286,1.7925705791603441,1.9173803971673857,-0.1248098180070416,57.395701643489275,38.020447775700724,25.104552224299276,0.40921649271766963,3.0207677784770404,74.89657092119838,39.01580929613674,19.89129699375302,112540965.25,-1210324504.0
2024-10-15,31.92,31.99,30.97,31.1,130081457.0,37.5,26.16,31.83,1.6399999999999995,31.756296199726215,29.419862444015926,26.929840053264858,1.5156254983367319,1.8370294174012551,-0.32140391906452326,54.63297232250302,37.781270853326035,25.819729146673964,0.3761431960708816,-6.042296072507558,70.70221659814099,37.674216027874536,26.350174216027934,117548112.9,-1340405961.0
2024-10-16,31.56,31.93,31.49,31.65,54401670.0,37.5,26.7719,32.13595,1.5185714285714276,31.74617275213324,29.5073188187604,26.976806818904016,1.3252482925821987,1.734673192437444,-0.4094248998552452,49.08845374746791,37.44320164808702,26.703798351912972,0.3348372736425413,-10.794813979706873,64.36773139445992,30.338664158043237,28.457196613358494,119036917.3,-1286004291.0
2024-10-17,31.03,31.05,30.65,30.85,68374546.0,37.5,27.11,32.305,1.5371428571428563,31.66082296621579,29.55997298273058,27.015346054536813,1.0971721536852606,1.6071729846870073,-0.5100008310017468,45.70312499999999,37.143995233307706,27.37500476669229,0.3028252287423989,-10.579710144927535,58.054318465092656,28.34572490706319,32.01672862453538,119704235.9,-1354378837.0
2024-10-18,32.45,32.465,32.06,32.17,95862520.0,37.5,27.465,32.4825,1.5767857142857136,31.70931601705238,29.662326983407816,27.066636143546397,1.0112757810032065,1.4879935439502472,-0.4767177629470407,51.197053406998165,36.76473368076108,28.256266319238915,0.26171444184254833,-9.913189582749926,51.28907346471709,32.366930917327274,31.211778029445135,123006130.8,-1258516317.0
2024-10-21,31.68,31.895,31.4873,31.74,42006311.0,37.5,29.28,33.39,1.5291214285714276,31.71223830114263,29.74380435660751,27.113137276446434,0.8981515484915903,1.370025144858516,-0.4718735963669256,45.584415584415574,36.338084331884616,29.088915668115376,0.22159563066529844,-13.491414554374492,44.709225233794214,31.881052144789006,34.859886863138115,122897628.1,-1300522628.0
2024-10-22,31.78,32.26,31.76,31.99,48538370.0,37.5,29.4195,33.45975,1.3912642857142852,31.738691796271905,29.83189046026996,27.161663273695723,0.8192291264555216,1.2598659411779172,-0.4406368147223956,36.85003767897512,36.27070099498541,29.31529900501457,0.21210020400606358,-4.020402040204019,39.32785858060572,24.489544453400544,38.314071990019436,116938933.9,-1251984258.0
2024-10-23,32.35,32.37,31.84,31.92,33813223.0,37.5,30.65,34.075,1.3309071428571422,31.75595924424601,29.913777108886826,27.209009907788303,0.7424753299719349,1.1563878189367207,-0.41391248896478583,39.56310679611649,36.07260452268959,29.749395477310415,0.19213056562788042,-2.653247941445558,34.16144569140982,26.190514525538422,38.200046155414995,114764128.7,-1285797481.0
2024-10-24,31.8,31.915,31.46,31.73,39802851.0,37.5,30.65,34.075,1.2694785714285708,31.7534869352702,29.985001535989305,27.253994883830213,0.6587226366588972,1.056854782481156,-0.39813214582225886,32.451499118165756,36.076754817788846,29.72624518221117,0.1930158088712574,-4.48524984948826,29.786951703635985,22.562694469607884,42.186612051067144,108493242.75,-1325600332.0
2024-10-25,32.02,32.095,31.72,31.72,29534258.0,37.5,30.65,34.075,1.168407142857142,31.750297703339704,30.053040691440707,27.29843274568265,0.5847998981753655,0.962443805619998,-0.3776439074446325,26.036644165863052,36.082333132518556,29.675666867481436,0.19485587350701425,-4.944560982918789,26.748485557045033,15.34445551636232,45.83590602590835,104933040.4,-1355134590.0
2024-10-28,31.88,32.38,31.85,32.27,41390693.0,37.5,30.65,34.075,0.8998357142857143,31.799793160164494,30.139980272168522,27.347901076571382,0.5640934802959556,0.8827737405551895,-0.3186802602592339,42.989417989418016,36.078814489189945,29.728185510810043,0.19300770369048592,-1.4355528405620044,24.227008038364158,22.18658961556476,29.749081181485547,102075911.05,-1313743897.0
2024-10-29,32.49,32.5,31.975,32.04,42026050.0,37.5,30.65,34.075,0.8551928571428571,31.82267000205359,30.21449084973054,27.394588628048286,0.523094509247457,0.8108378942936431,-0.287743385046186,44.827586206896555,36.04731733175794,29.653682668242055,0.19462822981433717,3.022508038585192,21.69325473441592,24.347056219566173,30.55033534624606,99337064.6,-1355769947.0
2024-10-30,31.41,31.78,31.34,31.63,29217562.0,37.5,30.65,34.075,0.8448357142857142,31.80432047804849,30.27000101248621,27.436732024784124,0.45230506458840836,0.7391313283525962,-0.28682626376418785,39.004149377593365,35.644901933088995,29.67109806691101,0.18292007674009383,-0.06319115323853985,20.212508907055028,20.925454653060203,36.29361583401679,89693316.4,-1384987509.0
2024-10-31,31.56,31.6,31.215,31.56,28257784.0,37.5,30.65,34.075,0.7923357142857144,31.781051861091488,30.320589208074985,27.477759566826073,0.38610472971777554,0.668526008625632,-0.2824212789078565,37.34265734265736,35.40411269269403,29.617887307305963,0.17797746563895497,2.301458670988654,18.928923801239556,22.311970935840698,37.796929512201736,85445498.3,-1413245293.0
2024-11-01,31.88,31.985,31.63,31.68,26861783.0,37.5,30.65,34.075,0.7505500000000003,31.77142787432087,30.3738994352093,27.519572904469594,0.33941096616137756,0.6027030001327812,-0.26329203397140366,42.01807228915661,34.797487772857835,29.821512227142165,0.1540096734928015,-1.5231582219459194,17.95969277053913,27.21813527222892,39.90121529925674,81434631.4,-1386383510.0
2024-11-04,31.98,32.295,31.86,31.87,49254563.0,33.815,30.65,32.2325,0.6680500000000001,31.780815695814123,30.43257004559325,27.562860736265918,0.31411629709398525,0.5449856595250221,-0.23086936243103684,57.41811175337185,33.463653641791986,30.673346358208015,0.08701084502187414,0.4095778197857669,17.4668207354951,33.893955756091835,27.29372266832039,72947672.7,-1337128947.0
2024-11-05,32.65,32.78,32.435,32.64,49509774.0,33.65,30.65,32.15,0.673764285714286,31.862642772403255,30.51913592615822,27.613379534910038,0.35214336495179666,0.506417200610377,-0.15427383565858033,59.14972273567468,33.32828541552355,30.73971458447646,0.08080698105285299,2.031884964051267,18.506604966599802,38.748184507087046,27.06224092783615,59282817.1,-1287619173.0
2024-11-06,31.55,31.94,31.25,31.68,89205723.0,33.65,30.65,32.15,0.701621428571429,31.845248222650564,30.56466000748535,27.653843420134816,0.30134242535376643,0.4654022455590549,-0.16405982020528848,57.45062836624772,33.230803561649914,30.72619643835008,0.07832159492470987,-0.7518796992481258,18.897709741391967,37.2097284860578,29.500035631750972,58717119.55,-1376824896.0
2024-11-07,33.09,33.62,32.96,33.42,120391129.0,33.65,30.65,32.15,0.7248357142857144,31.99522458239813,30.676634124838866,27.711218112471784,0.3969104364908773,0.4517038837454194,-0.054793447254542105,60.43405676126876,33.284961175254445,30.692038824745552,0.08105795365549785,5.3261897258115365,19.838988784951237,38.62944312504306,28.55523911822387,59663360.85,-1256433767.0
2024-11-08,31.95,32.14,31.325,31.47,154495861.0,33.62,30.65,32.135,0.8257142857142858,31.945203193598307,30.707746512100087,27.74861892727306,0.31170690747874374,0.4237044884920843,-0.11199758101334056,48.20239680426099,33.03262755165608,30.754372448343922,0.0714332106326416,-0.7881462799495642,19.556441257027164,33.91003460207608,34.256055363321835,63382711.65,-1410929628.0
2024-11-11,31.65,31.67,31.41,31.47,28329973.0,33.62,30.65,32.135,0.8071428571428575,31.899945746588944,30.73763880574322,27.78564759466338,0.24139979036121773,0.387243548865911,-0.14584375850469328,46.41873278236916,32.910526187604795,30.74947381239521,0.06789357132295273,-2.47908273938644,18.36907770651397,31.460176991150394,35.044247787610644,60067805.05,-1410929628.0
2024-11-12,30.59,30.7189,30.2,30.31,91688507.0,33.62,30.2,31.909999999999997,0.8600000000000004,31.7485223421519,30.72086865649839,27.81076552904484,0.09102925939607687,0.3280006909719442,-0.2369714315758673,40.35928143712576,33.029522959727245,30.55147704027276,0.07794925903821845,-5.399500624219722,18.46708774456954,28.612956810631186,42.94019933554819,58148157.55,-1502618135.0
2024-11-13,30.57,30.61,30.22,30.27,35393107.0,33.62,30.2,31.909999999999997,0.8550000000000004,31.607710690518385,30.70318753271414,27.835235523780714,-0.03101066383183948,0.2561984200111875,-0.28720908384302696,41.09756097560977,33.134898666147656,30.30810133385235,0.08911297802106793,-4.299715460006325,17.468887241133988,28.780284043441895,40.0167084377611,57197729.4,-1538011242.0
2024-11-14,30.18,30.225,29.85,29.95,42048557.0,33.62,29.85,31.735,0.858214285714286,31.449833481897585,30.673650766725352,27.856277956379913,-0.15179965594679246,0.1745988048195915,-0.32639846076638396,39.60047003525266,33.25445704030459,30.098542959695404,0.09962950706704285,-5.101394169835238,15.515598479923527,27.174365376612535,42.94631710362049,55881429.95,-1580059799.0
2024-11-15,30.16,30.2,29.98,30.15,32416053.0,33.62,29.85,31.735,0.8289285714285715,31.326039816954957,30.653115442540045,27.879101061291557,-0.22875057961580936,0.09392892793251134,-0.3226795075483207,37.00980392156862,33.27440955739396,29.876590442606037,0.10760935265594913,-4.829545454545459,16.388459910352942,25.678586816027515,44.463593278759184,52709106.6,-1547643746.0
2024-11-18,30.51,30.73,30.45,30.72,38854793.0,33.62,29.85,31.735,0.8328571428571431,31.268321739149723,30.655738366362005,27.907368712422986,-0.24096283514434802,0.026950575317139472,-0.2679134104614875,42.235294117647065,33.26338621339978,29.785613786600223,0.1103196696791243,-3.6084091622215264,17.06003020493325,29.073756432246967,44.25385934819899,52551530.7,-1508788953.0
2024-11-19,30.43,30.49,30.3534,30.39,22523604.0,33.62,29.85,31.735,0.8090428571428573,31.184672049706894,30.645317253955653,27.93207151130435,-0.27410961272204304,-0.033261462290697034,-0.240848150431346,42.636579572446564,33.23952792823724,29.64947207176276,0.1141711859458563,-6.893382352941179,16.239619457290367,29.929546377553695,40.80306535059064,51250792.4,-1531312557.0
2024-11-20,30.5,30.585,30.42,30.53,35646469.0,33.62,29.85,31.735,0.7933285714285717,31.12232233068719,30.64079500870249,27.95792154601774,-0.2857874628159962,-0.08376666239575688,-0.20202080042023934,43.934040047114266,33.19989797840115,29.550102021598853,0.11632815798573047,-3.630050505050497,15.304808284421526,31.37773936218103,40.48583724992346,51342454.7,-1495666088.0
2024-11-21,30.33,30.42,30.24,30.35,22478041.0,33.62,29.85,31.735,0.7836857142857147,31.048767823002695,30.62939128287102,27.981723321679258,-0.3060389127435563,-0.12822111246531678,-0.17781780027823954,42.22222222222224,33.17812685130093,29.43387314869907,0.11960179207186673,-9.186116098144826,15.40318915743733,28.25476685260126,42.62459440737907,50476214.2,-1518144129.0
2024-11-22,29.67,29.74,29.58,29.69,53262275.0,33.62,29.58,31.599999999999998,0.7947571428571434,30.919361363669104,30.59255240903294,27.998721099572997,-0.37106738305439535,-0.1767903665831325,-0.19427701647126286,37.91574279379157,33.19828481655624,29.210715183443767,0.12778828800693717,-5.656180489354934,16.871027156872348,25.075045386730878,47.962540218934805,51662615.05,-1571406404.0
2024-11-25,29.58,29.76,29.51,29.7,24744060.0,33.62,29.51,31.564999999999998,0.7476142857142862,30.80323170998633,30.557550353776747,28.015649247835952,-0.41698920585571386,-0.2248301344376488,-0.19215907141806507,32.20338983050847,33.111478994447054,29.040521005552943,0.13100006400096895,-5.624404194470922,18.475523527162217,22.022433263906123,51.65574303021035,50830283.4,-1546662344.0
2024-11-26,29.7,29.73,29.36,29.52,22186027.0,33.62,29.36,31.49,0.6747571428571434,30.68101916617811,30.516862104609032,28.03061791203659,-0.4625748025706429,-0.2723790680642476,-0.19019573450639526,35.561497326203195,33.045328136591706,28.854671863408296,0.13540084889122492,-2.606400527878583,19.860938679282377,24.40031334024938,46.276967374505084,49838282.25,-1568848371.0
2024-11-27,30.31,30.43,30.2,30.31,43782016.0,33.62,29.36,31.49,0.601185714285715,30.64568400749448,30.5087498652126,28.053298330822297,-0.42999856293053895,-0.3039029670375059,-0.12609559589303304,26.1868300153139,32.97228713492361,28.795712865076382,0.1352342400546312,0.13214403700032573,22.60995516522482,15.742698952070924,51.94021338782876,50566504.95,-1525066355.0
2024-11-29,30.05,30.32,29.9,30.31,23103683.0,33.62,29.36,31.49,0.48154285714285777,30.613714102018815,30.500955752851322,28.07575307379919,-0.39957559953238686,-0.3230374935364821,-0.07653810599590477,37.33624454148471,32.89939645656447,28.74360354343554,0.134834220045388,1.2020033388981721,25.37673128027622,19.654088050314485,45.04271982912063,50308799.9,-1525066355.0
2024-12-02,30.33,30.41,30.12,30.37,25058410.0,33.62,29.36,31.49,0.4836857142857148,30.59050323515988,30.495820233131663,28.098581401423083,-0.3664000515761998,-0.33171000514442567,-0.034690046431774146,38.14655172413795,32.80229986998173,28.70970013001827,0.13306671023421318,0.7296849087893964,27.593740595022837,20.896095457498987,44.843168527379014,50218631.25,-1500007945.0
2024-12-03,30.45,30.67,30.43,30.5,34867939.0,33.62,29.36,31.49,0.41440000000000055,30.581883879430368,30.495984145557873,28.122476113846734,-0.32586194361535803,-0.33054039283861214,0.004678449223254111,52.63157894736844,32.66742955749036,28.707570442509642,0.12903817889957528,-0.7161458333333259,26.472757314483527,28.871345835631583,31.484418091560894,49499300.05,-1465140006.0
2024-12-04,30.58,30.58,30.21,30.28,46481599.0,33.62,29.36,31.49,0.4129714285714289,30.553133033770333,30.487514179065407,28.143944013211446,-0.30793764884699826,-0.3260198440402894,0.01808219519329113,50.13192612137206,32.32844076977342,28.810559230226577,0.11507815108349322,-0.36196117143797446,26.019344924463557,28.971219039712242,35.398505603984994,49347891.3,-1511621605.0
2024-12-05,30.35,30.51,30.325,30.37,27662964.0,33.62,29.36,31.49,0.3994000000000005,30.535691792458874,30.482905779886373,28.166093824025264,-0.2832056498250992,-0.3174570051972514,0.03425135537215218,55.898876404494416,32.18464398684503,28.823356013154967,0.11019171169977919,-0.5240746806419949,24.416141838122773,29.955647757350352,29.984262107446856,46270753.35,-1483958641.0
2024-12-06,30.9,30.98,30.75,30.77,27635456.0,32.14,29.36,30.75,0.42511428571428617,30.558006859843744,30.494164376753574,28.192003338214068,-0.22869248079284077,-0.2997041003163693,0.07101161952352852,58.24468085106386,31.359134601082282,29.383865398917713,0.06503693272194554,1.3838550247116999,23.37866467022902,36.04072854358493,28.170575979568497,41632969.7,-1456323185.0
2024-12-09,32.93,33.75,32.86,33.3,181397998.0,33.75,29.36,31.555,0.5965428571428575,30.81914906366815,30.60419714629265,28.242829175644776,0.018446810965112803,-0.23607391806007288,0.2545207290251857,72.55244755244757,32.041488284134495,28.884511715865507,0.10363314736792133,12.158976086224293,25.09148737632777,52.504909238948215,20.075195172182568,42978076.55,-1274925187.0
2024-12-10,31.97,32.09,31.75,31.78,93050051.0,33.75,29.36,31.555,0.6810714285714289,30.910658676652137,30.65030706212431,28.27802490524035,0.09061067988128357,-0.1707369984718016,0.26134767835308514,60.0578871201158,32.10401076992738,28.852989230072627,0.10666606098904967,7.0033670033670115,25.704693633615125,45.9884635553225,28.21185107498689,46214080.45,-1367975238.0
2024-12-11,31.46,31.52,31.2741,31.48,36810575.0,33.75,29.36,31.555,0.7032785714285718,30.964881659828123,30.68284404008022,28.309885353944427,0.1221850993468756,-0.11215257890806617,0.23433767825494178,56.71852899575672,32.22016869092119,28.853831309078803,0.11023798611004318,6.639566395663965,25.876300787893392,43.57143582607986,32.15450085822524,43470183.85,-1404785813.0
2024-12-12,31.49,31.73,31.36,31.5,28552419.0,33.75,29.36,31.555,0.7089928571428573,31.015845311273065,30.71488937184178,28.341627788233538,0.1471259111863361,-0.060296880889185715,0.20742279207552183,58.32127351664255,32.32978823347259,28.86721176652741,0.11316164083027533,3.9260969976905313,25.872899608588437,45.335939310289234,30.081906930353885,43128149.45,-1376233394.0
2024-12-13,31.14,31.145,30.86,31.1,45698897.0,33.75,29.36,31.555,0.6997071428571429,31.023860043532775,30.729991749416616,28.369074277902858,0.13308095281341892,-0.021621314148664788,0.1547022669620837,60.60150375939852,32.37292994063385,28.93907005936615,0.11201265270314797,2.606400527878594,25.266842569121383,45.937586132974,28.847783256260247,43310666.45,-1421932291.0
2024-12-16,30.67,30.8775,30.59,30.59,38044513.0,33.75,29.36,31.555,0.7182785714285715,30.982540039386794,30.724501876890475,28.39117304130681,0.0798767153096982,-0.001321708256992191,0.0811984235666904,56.223776223776234,32.37883075676278,28.977169243237213,0.1108827665925278,0.7243990780375409,23.793063834613175,44.74984834773615,30.090792470092182,43592089.45,-1459976804.0
2024-12-17,30.33,30.705,30.265,30.67,45801830.0,33.75,29.36,31.555,0.7232785714285713,30.952774321349956,30.722364548384967,28.413847936418186,0.043663974071062484,0.007675428208618744,0.03598854586244374,58.156028368794345,32.37621780511169,28.974782194888306,0.11088443905473057,0.5573770491803298,22.78710502091649,44.44049417829527,31.611017292290043,43939441.3,-1414174974.0
2024-12-18,30.52,30.63,30.0,30.05,35935280.0,33.75,29.36,31.555,0.7061357142857142,30.866795814554724,30.695997311193402,28.430128056453828,-0.034664116347485674,-0.0007924807026021398,-0.03387163564488353,48.11046511627908,32.37792799545991,28.939072004540094,0.11216647882054957,-0.7595772787318378,19.295474148327646,38.43858424624972,35.05902345765179,44610025.1,-1450110254.0
2024-12-19,30.36,30.43,30.2,30.24,24070615.0,33.75,29.36,31.555,0.7032785714285712,30.807100975073322,30.67811506369562,28.448136732509017,-0.08048055053469483,-0.016730094669020677,-0.06375045586567415,49.5049504950495,32.37285602578324,28.91514397421675,0.11283487963602964,-0.4280540006585509,17.14264813460951,38.594745020770084,32.154500858225234,44031232.4,-1426039639.0
2024-12-20,30.18,30.55,30.125,30.42,28388961.0,33.75,29.36,31.555,0.7129214285714285,30.77023421554253,30.66799290433501,28.467757262533805,-0.10110048557556084,-0.03360417285032871,-0.06749631272523213,50.34770514603616,32.37413195114916,28.92086804885084,0.11267685463082866,-1.1374715632109123,15.218744627858387,38.37329298961018,31.719584406215844,44326778.4,-1397650678.0
2024-12-23,30.5,30.77,30.42,30.7,24155057.0,33.75,29.36,31.555,0.7164928571428568,30.763545242633718,30.669248084557164,28.48996863305586,-0.0937673807149757,-0.045636814423258114,-0.04813056629171759,51.36239782016348,32.36475985704151,29.03124014295849,0.10859077835960065,-7.807807807807798,15.550372484953638,37.783249758247024,31.561475042119834,42871417.5,-1373495621.0
2024-12-24,31.01,31.13,30.925,31.09,20218137.0,33.75,29.36,31.555,0.7207785714285713,30.794636171906696,30.68574815967257,28.515839591930927,-0.05584238538870778,-0.04767792861634805,-0.008164456772359732,55.39280958721704,32.37386726481406,29.16113273518593,0.1044197458236168,-2.1711768407803644,16.049229713128334,41.12616317672358,29.193629904171075,42645121.35,-1353277484.0
2024-12-26,30.98,31.355,30.95,31.12,23397326.0,33.75,29.9,31.825,0.7332785714285713,30.825623203153675,30.702777643606982,28.541751635792313,-0.023099527108712437,-0.04276224831482093,0.019662721206108492,55.03355704697987,32.3481647649741,29.346835235025893,0.0972957137514615,-1.143583227445999,17.440164395186088,42.61681878841602,28.695974050010214,42705686.3,-1329880158.0
2024-12-27,30.85,30.92,30.735,30.85,23765454.0,33.75,29.9,31.825,0.7172071428571429,30.827944802853324,30.708551069347887,28.564719281207317,-0.018721509628843336,-0.03795410057762541,0.019232590948782075,50.546448087431706,32.3537241921085,29.3952758078915,0.09582174235103402,-2.063492063492056,17.31689389870206,38.890936071467706,31.480245794699655,41704858.2,-1353645612.0
2024-12-30,30.73,30.77,30.46,30.49,26100692.0,33.75,30.0,31.875,0.5322071428571429,30.79575958353396,30.699980439177384,28.583876303284857,-0.04379603713460156,-0.039122487889020646,-0.004673549245580916,22.71844660194178,32.3504018551438,29.4165981448562,0.09499582982134805,-1.961414790996796,17.72094643875977,15.233059093532345,46.113892281469305,41854708.65,-1379746304.0
2024-12-31,30.51,30.585,30.36,30.44,22893337.0,33.75,30.0,31.875,0.43756428571428607,30.76187771843549,30.689785127837094,28.602345195789486,-0.06693082606777878,-0.04468415552477228,-0.022246670543006504,31.79347826086959,32.34906918980677,29.42493081019323,0.09467213972265154,-0.49035632559659703,18.59912314822223,18.52788977946099,39.600711732153584,41746455.0,-1402639641.0
2025-01-02,30.05,30.125,29.87,29.89,40394154.0,33.75,29.87,31.810000000000002,0.4421428571428575,30.678841745251155,30.658421005176816,28.61515768140352,-0.12816827237077888,-0.0613809788939736,-0.06678729347680529,29.77099236641223,32.376850028946954,29.336149971053043,0.09854325856444869,-2.543201825888497,20.12961213374682,18.336025848142175,39.41841680129234,42022765.75,-1443033795.0
2025-01-03,30.26,30.39,30.17,30.39,28060764.0,33.75,29.87,31.810000000000002,0.4514285714285717,30.651333007608187,30.647894691248315,28.63281780397662,-0.1347996816124919,-0.07606471943767726,-0.05873496217481464,37.41496598639458,32.374343597826716,29.34965640217329,0.09800684322640867,1.1314475873544172,21.144557618112987,18.82911392405064,38.60759493670881,41101724.0,-1414973031.0
2025-01-06,30.49,30.63,29.91,29.99,48937338.0,33.75,29.87,31.810000000000002,0.4571428571428573,30.588348911645504,30.622094899434657,28.646322104434567,-0.17036788336469044,-0.09492535222307989,-0.07544253114161055,37.41496598639455,32.39050869396181,29.295491306038183,0.1003474820193765,-0.8267195767195812,21.64039408565705,18.593750000000014,34.37499999999998,42165442.7,-1463910369.0
2025-01-07,29.8,29.9,29.59,29.62,33611273.0,33.75,29.59,31.67,0.44928571428571423,30.496125205774504,30.58279706024114,28.656010441703877,-0.22580886327465066,-0.12110205443339406,-0.1047068088412566,38.64168618266981,32.42703298057285,29.143967019427162,0.10664325611556363,-2.6298487836949436,22.442317467940136,18.91891891891894,35.7710651828299,42464233.55,-1497521642.0
2025-01-08,29.36,29.53,29.24,29.51,27248490.0,32.09,29.24,30.665,0.4450000000000003,30.402208519510264,30.54072658729051,28.66450785024414,-0.2754471368420006,-0.15197107091511539,-0.12347606592688523,36.51162790697675,31.842931391348003,29.349068608652004,0.08150943857680737,-3.876221498371324,23.47400850339696,19.101123595505626,36.51685393258428,34756758.15,-1524770132.0
2025-01-10,29.02,29.03,28.63,28.65,58206438.0,31.73,28.63,30.18,0.46000000000000035,30.235331517652142,30.46658044661245,28.664363493525293,-0.3798025120091033,-0.197537359133913,-0.18226515287519032,34.58149779735682,31.837294879911827,29.04170512008817,0.09184085677569133,-7.848182695400451,25.826481135299122,18.478260869565222,40.68322981366458,33014577.5,-1582976570.0
2025-01-13,28.69,28.88,28.65,28.79,28062297.0,31.73,28.63,30.18,0.44928571428571473,30.097680896923368,30.40083219380412,28.66561360801758,-0.44606609640487704,-0.24724310658810583,-0.1988229898167712,33.8530066815145,31.79582103835864,28.814178961641353,0.0983877933251043,-7.487146529562983,27.857187761519572,18.91891891891892,41.653418124006336,32577163.6,-1554914273.0
2025-01-14,29.49,29.57,29.35,29.42,46306584.0,31.355,28.63,29.9925,0.47464285714285764,30.033139859121142,30.36236818620396,28.673119940276113,-0.44264222553085375,-0.2863229303766554,-0.15631929515419835,39.87854251012146,31.629726337462817,28.772273662537184,0.09461450531193114,-4.6353322528362995,28.581616356342696,26.48607975921745,39.42814145974414,33464871.85,-1508607689.0
2025-01-15,29.81,29.855,29.63,29.82,31613279.0,31.355,28.63,29.9925,0.48071428571428626,30.012840824919127,30.34109884556851,28.684531682163914,-0.4030065178599749,-0.3096596478733193,-0.09334686998665559,41.304347826086975,31.509743699001845,28.764256300998156,0.09110022225183957,-2.197441784191534,29.218260995489935,27.11738484398218,38.93016344725109,32760590.95,-1476994410.0
2025-01-16,29.84,29.89,29.735,29.83,20134000.0,31.355,28.63,29.9925,0.4610714285714292,29.995427413022067,30.321055753585433,28.69592937686875,-0.3665625130709955,-0.32104022091285456,-0.045522292158140965,36.53846153846153,31.460978437108754,28.737021562891247,0.09049991276180294,-2.003942181340357,29.947940432379887,23.23780015491869,40.5886909372579,31865065.3,-1456860410.0
2025-01-17,30.04,30.705,29.975,30.41,59696024.0,31.355,28.63,29.9925,0.4946428571428577,30.034910516543775,30.32454376324875,28.712984805954637,-0.2875643610218397,-0.3143450489346516,0.026780687912811907,43.21223709369024,31.429873427620677,28.742126572379313,0.08933546683644769,1.7397122783539665,29.35735685990858,30.18050541516242,37.83393501805051,32559775.0,-1397164386.0
2025-01-21,30.87,30.93,30.53,30.75,35805730.0,31.355,28.63,29.9925,0.5042857142857147,30.10301427687294,30.341228321552723,28.733253613855588,-0.19527162809418996,-0.2905303647665593,0.09525873667236934,49.05660377358489,31.49700336596581,28.744996634034187,0.09136505202123511,1.1846001974333609,28.741351158549936,32.79036827195467,34.065155807365436,32553297.5,-1361358656.0
2025-01-22,30.53,30.595,28.41,30.53,27859570.0,31.355,28.41,29.8825,0.6435714285714289,30.14367958383742,30.348631132472224,28.751131687349563,-0.13828704670535785,-0.260081701154319,0.12179465444896115,50.387596899224825,31.522848474416236,28.748151525583765,0.09207403058958606,1.8006002000666932,27.251099592690935,25.693673695893455,47.16981132075473,32742745.25,-1389218226.0
2025-01-23,30.43,30.6,30.32,30.56,22683381.0,31.355,28.41,29.8825,0.6475000000000003,30.183329147281476,30.356920107669392,28.76913037702768,-0.08967192400236357,-0.22599974572392792,0.13632782172156435,51.16731517509725,31.537285401336298,28.747714598663705,0.0925460994500321,3.1735313977042434,26.68197947728624,25.592939878654192,45.780474351902924,32457466.25,-1366534845.0
2025-01-24,31.0,31.36,30.9,31.32,54730942.0,31.36,28.41,29.884999999999998,0.6639285714285718,30.29158351420705,30.39468794658432,28.79451216432094,0.010065530240751741,-0.178786690530992,0.18885222077174374,63.364485981308405,31.64585972434938,28.701140275650623,0.0975929026695198,6.133514063029466,24.689254101771557,33.13609467455622,39.37600860677786,33986260.5,-1311803903.0
2025-01-27,31.65,31.75,31.4,31.6,54333164.0,31.75,28.41,30.08,0.6589285714285718,30.416194608092095,30.441955085933955,28.82242746616849,0.11042888578460719,-0.12094357526787217,0.23137246105247936,61.79337231968811,31.753564078343413,28.64443592165659,0.10295467256156898,10.29668411867366,22.703008428841127,34.74254742547426,39.6747967479675,35692011.85,-1257470739.0
2025-01-28,31.55,31.96,31.21,31.96,48279021.0,31.96,28.41,30.185000000000002,0.661071428571429,30.563223693035706,30.501486259034586,28.853647093370796,0.21652064427868467,-0.0534507313585608,0.2699713756372455,69.35166994106093,31.93909676743421,28.542903232565795,0.11230427349850917,11.010767627648498,20.5906221709923,36.89897352782281,36.73689897352783,36936096.6,-1209191718.0
2025-01-29,32.19,32.35,31.77,31.83,49031510.0,32.35,28.41,30.380000000000003,0.6739285714285721,30.683869055603733,30.55358483711166,28.883262545178052,0.2868031257851129,0.014600040070173945,0.27220308571493895,72.78350515463913,32.113980609312925,28.466019390687077,0.12043450705268564,8.191706322229763,19.14177820618847,40.32856385797562,32.64440911499734,38199399.4,-1258223228.0
2025-01-30,31.92,32.84,31.32,32.59,77522018.0,32.84,28.41,30.625,0.7553571428571436,30.865405336022427,30.633444255264145,28.920145504927525,0.39922611698490584,0.09152525545312033,0.3077008615317855,77.99999999999997,32.48921760292786,28.30078239707214,0.13780013837327582,9.289067739771983,18.496381688905835,40.6146572104019,25.81560283687941,40770465.7,-1180701210.0
2025-01-31,32.54,32.575,31.81,31.89,80093605.0,32.84,28.41,30.625,0.7482142857142866,30.96298578021077,30.68272095113614,28.94969629592327,0.4269167668766549,0.15860355773782725,0.26831320913882767,80.33707865168535,32.66607250338113,28.268927496618872,0.1443224749901455,6.9057995306738285,18.23724611514718,41.00238663484487,20.238663484486857,43630479.1,-1260794815.0
2025-02-03,31.33,32.085,31.21,31.72,50166372.0,32.84,28.41,30.625,0.7942857142857151,31.035082372571647,30.723398560895507,28.97726150690911,0.4301853185938178,0.21291990990902537,0.21726540868479244,77.2811918063314,32.80811584967411,28.309884150325885,0.14719826235636718,4.307793488983891,17.16003757305743,38.62410071942446,24.46043165467622,44119090.0,-1310961187.0
2025-02-04,32.36,32.74,32.23,32.47,57845439.0,32.84,28.41,30.625,0.8114285714285724,31.17174119423149,30.79189273497804,29.012015123755784,0.4876728127472205,0.2678704904766644,0.21980232227055613,77.77777777777771,33.0662880984607,28.259711901539298,0.1567549227708119,5.593495934959347,17.333490005410052,37.5,23.94366197183095,45608323.75,-1253115748.0
2025-02-05,32.045,32.15,31.905,31.93,43692667.0,32.84,28.41,30.625,0.8207142857142866,31.243956318590396,30.83652439242988,29.0410497991413,0.484078424260602,0.3111120772334519,0.17296634702715008,68.7388987566607,33.20515417660338,28.314845823396624,0.1589827162941078,4.585653455617411,17.00224707011764,34.59530026109661,26.50130548302864,45346090.2,-1296808415.0
2025-02-06,32.4,32.4653,32.2,32.28,35769773.0,32.84,28.41,30.625,0.8478785714285723,31.34262714539131,30.893131279001256,29.073278159348853,0.5036659726057238,0.3496228563079063,0.15404311629781747,70.51926298157451,33.36627696535612,28.419723034643877,0.16011892437485012,5.628272251308908,16.244697406977064,35.84829364043033,25.65225815691256,45454015.2,-1261038642.0
2025-02-07,32.92,33.225,32.61,32.73,85505158.0,33.225,28.41,30.817500000000003,0.8528785714285723,31.474757893449283,30.965165346491403,29.10966345129563,0.5491699951256237,0.3895322840714498,0.1596377110541739,69.86301369863008,33.56711004638799,28.540889953612016,0.1618541924639651,4.501915708812243,16.57965276824094,35.174995603125595,25.501871812265954,48366848.6,-1175533484.0
2025-02-10,33.45,33.99,33.27,33.62,56515205.0,33.99,28.41,31.200000000000003,0.9057357142857155,31.679066665501733,31.069276509374095,29.154542421929506,0.6495600982950549,0.4415378469161708,0.20802225137888408,72.45696400625974,33.79753823406921,28.807461765930785,0.15941463040135526,6.392405063291129,17.998642770433662,37.380819065794995,24.01362743783657,48282286.95,-1119018279.0
2025-02-11,33.29,33.5799,33.13,33.34,44741553.0,33.99,28.41,31.200000000000003,0.773592857142858,31.837250792596805,31.15832448939864,29.19618876598991,0.6984747364101906,0.4929252248149748,0.20554951159521584,71.78294573643412,33.88633077831532,29.173669221684683,0.1494659548566646,4.317897371714641,20.415286172570976,43.76610066203156,9.833522617101954,49116249.75,-1163759832.0
2025-02-12,33.75,34.3601,33.61,34.17,60657129.0,34.3601,28.41,31.38505,0.8264571428571436,32.05941738377806,31.27642941138301,29.245679425034787,0.7950491709857559,0.5533500140491311,0.2416991569366248,74.89655172413794,34.185101029292575,29.34989897070743,0.15220593558149512,7.351555136663546,23.22569858164027,47.66645924082143,9.204521883426617,49833777.0,-1103102703.0
2025-02-13,33.52,34.18,33.44,34.16,40709504.0,34.3601,28.41,31.38505,0.8221714285714293,32.259472871037296,31.389510610936618,29.294578137223496,0.8608547915679132,0.6148509695528875,0.24600382201502569,71.8461538461538,34.44480785407781,29.524192145922203,0.15384375895060434,4.8174286590978666,26.8086016669948,41.31220461495695,10.729427300528172,50288588.25,-1143812207.0
2025-02-14,35.22,35.28,34.82,35.04,76123840.0,35.28,28.41,31.845,0.871457142857144,32.52428497855755,31.532667057566556,29.35174651396754,0.9728010208950408,0.6864409798213182,0.2863600410737226,74.225352112676,34.84416180821019,29.64583819178981,0.16121332350505127,9.877704609595472,30.844859274581058,44.7952526146684,10.122618930526821,53088080.25,-1067688367.0
2025-02-18,35.57,35.57,35.07,35.3,85086475.0,35.57,28.41,31.990000000000002,0.8557428571428584,32.7886387901235,31.68040560432865,29.41093311581861,1.070162869844843,0.7631853578260233,0.30697751201881984,73.8571428571428,35.275158572798595,29.703841427201414,0.17148054434808724,11.286254728877676,35.3698802345029,46.28559981302795,10.30850388968644,54357602.8,-982601892.0
2025-02-19,35.205,35.26,34.91,35.05,45952242.0,35.57,28.41,31.990000000000002,0.8421714285714297,33.004006524397454,31.812546561021644,29.467043234069173,1.1143049125280768,0.8334092687664341,0.2808956437616428,72.61235955056178,35.586943955724195,29.822056044275815,0.17627200878926078,7.945796119494908,38.718147574170594,43.7237074229882,11.831659655312778,54864928.4,-1028554134.0
2025-02-20,35.62,36.255,35.26,35.73,79891684.0,36.255,30.32,33.2875,0.8196714285714298,33.263624950645315,31.96617218607962,29.529361211839632,1.1904355167667617,0.9048145183664996,0.2856209984002621,72.30113636363632,35.95706957004773,29.971930429952277,0.1815631706865098,11.90103351080487,41.445084717613426,49.324642278264825,12.156438991233399,57466534.1,-948662450.0
2025-02-21,36.35,36.795,36.0412,36.24,81843187.0,36.795,30.9,33.8475,0.8400285714285728,33.54708924106005,32.1337732768216,29.59613373709496,1.2771995455376128,0.9792915238007223,0.29790802173689057,81.75182481751825,36.3561359266537,30.1408640733463,0.18693390238078106,12.267657992565063,43.542324936865235,52.72099588449372,11.861841433964809,60424524.4,-866819263.0
2025-02-24,35.795,35.83,34.99,35.03,83975374.0,36.795,31.21,34.0025,0.866814285714287,33.688318837149566,32.24735079537761,29.650202058118893,1.2340978638562277,1.0302527918118234,0.20384507204440427,70.97591888466414,36.499567003448,30.368432996551995,0.18338021196674062,7.027192178429598,45.80370111469171,51.09184699309459,15.213342782273354,61886746.0,-950794637.0
2025-02-25,35.47,35.51,35.13,35.38,39151546.0,36.795,31.21,34.0025,0.8282428571428581,33.849431328849604,32.37019978379418,29.70721497296348,1.2141851746317158,1.0670392683758019,0.14714590625591395,69.42590120160216,36.67855645720315,30.56744354279686,0.18175394564453767,5.234979179060106,47.80238748838899,47.82241233592634,15.921831070941936,61127665.1,-911643091.0
2025-02-26,36.59,36.82,36.28,36.44,72783015.0,36.82,31.21,34.015,0.8907428571428581,34.096152154673455,32.52979979227284,29.77420785880464,1.2693056013118635,1.1074925349630143,0.1618130663488493,78.15230961298377,37.04286640917006,30.65113359082994,0.18884193040269803,9.298140371925601,51.40460492829324,54.971773158840165,12.19848601488329,62352864.8,-838860076.0
2025-02-27,36.17,36.45,35.84,36.05,58708532.0,36.82,31.21,34.015,0.8960785714285723,34.28223290184741,32.66784685924253,29.83665355175186,1.2669149885819238,1.1393770256867963,0.12753796289512742,73.41614906832297,37.25038963457567,30.86561036542433,0.18746782750459035,5.501902253438673,54.06755621107573,52.131110951686345,15.63319543088539,62836715.9,-897568608.0
2025-02-28,35.085,35.3,34.895,35.23,60759657.0,36.82,31.21,34.015,0.9110785714285718,34.3724964350048,32.76832345299773,29.890318690540397,1.1851911183395814,1.1485398442173533,0.03665127412222802,64.84560570071258,37.34491262703258,31.035087372967432,0.1845517769542306,3.132318501170972,55.292140120736555,45.316775250684074,22.784611645537897,61998597.85,-958328265.0
2025-03-03,35.19,35.265,34.38,34.51,55795113.0,36.82,31.21,34.015,0.8842928571428571,34.38559201262339,32.83662449405664,29.936285668743977,1.0502200961458428,1.1288758946030513,-0.07865579845720849,55.393939393939405,37.28564003317689,31.356359966823103,0.17275953691191362,-1.512557077625576,55.08654550780767,40.51017358502765,27.634671771633556,60783673.25,-1014123378.0
2025-03-04,34.78,35.36,34.52,35.04,66689436.0,36.82,31.905,34.3625,0.9100071428571432,34.447916582849736,32.923031376642655,29.987068895920654,0.9747844508812875,1.0980576058586986,-0.12327315497741109,59.999999999999964,37.19949816880843,31.774501831191568,0.15730554520882836,-0.7365439093484416,52.12144772664403,40.1111451244496,25.754899883046473,61609826.45,-947433942.0
2025-03-05,35.97,36.9,35.83,36.79,102267360.0,36.9,31.905,34.4025,0.9700000000000004,34.670972146387854,33.07467720500961,30.054759752677665,1.044174934495878,1.0872810715861345,-0.04310613709025657,63.90658174097662,37.427208045227864,31.978791954772127,0.15700129932443124,4.964336661911561,49.31137793384003,43.225331369661276,24.162002945508128,63830922.5,-845166582.0
2025-03-06,37.31,37.485,36.7849,36.97,64613488.0,37.485,32.2,34.8425,0.9671500000000002,34.8899271800652,33.2274349616759,30.12356811334754,1.101000242917614,1.0900249058524305,0.0109753370651835,64.65067778936393,37.52735914657107,32.382640853428924,0.14718118418372617,3.4704729918835664,47.61054464011595,47.67320773110985,22.97767372471402,64876963.55,-780553094.0
2025-03-07,37.06,37.39,36.73,36.96,37635430.0,37.485,32.61,35.0475,0.9342928571428573,35.087076972439945,33.373810061218016,30.19159231122468,1.1321767638415636,1.0984552774502572,0.033721486391306454,61.009174311926614,37.58198008437418,32.79601991562582,0.13600727979619656,1.9867549668874052,44.93572815691972,40.940053975122545,24.205472435226085,64970246.4,-818188524.0
2025-03-10,36.2,36.43,35.7,35.97,78739122.0,37.485,33.13,35.307500000000005,0.9864357142857142,35.17116487982662,33.47562143136633,30.249088905142845,1.0647261547211073,1.0917094529044273,-0.026983298183320015,53.54497354497355,37.4655401391322,33.2364598608678,0.11963113570378221,2.6834142163859376,41.065146632222465,36.676055930080196,30.384283966082805,64631944.6,-896927646.0
2025-03-11,36.62,36.86,36.155,36.39,64643825.0,37.485,33.13,35.307500000000005,1.02215,35.287244415081226,33.58991078699902,30.3101924981265,1.0332508780059797,1.0800177379247378,-0.046766859918758064,56.964656964656974,37.48623918387519,33.49276081612482,0.11252563061610812,2.8547201808931444,38.058064629340684,38.399452135205244,28.204554824913856,65038375.6,-832283821.0
2025-03-12,36.37,36.43,35.95,36.35,33583288.0,37.485,33.44,35.4625,0.970364285714285,35.38845923269254,33.698149579665724,30.37029008520982,0.9936249389498997,1.0627391781297701,-0.06911423917987047,53.45211581291762,37.39350476114842,33.88649523885158,0.09840094058071942,-0.24698133918769072,33.95143389421077,33.124526135251145,31.218761731602996,64480462.35,-865867109.0
2025-03-13,36.06,36.76,36.04,36.59,37665971.0,37.485,33.44,35.4625,0.9457214285714274,35.502891686721824,33.81155547850236,30.432177746053505,0.9704009133196436,1.0442715251677448,-0.07387061184810118,52.009184845005755,37.41877149082479,34.1032285091752,0.09271393366095987,1.4979195561720005,29.473356998176467,32.40156796398823,32.03223540607701,63330904.45,-828201138.0
2025-03-14,37.6,37.725,37.39,37.66,51075921.0,37.725,34.38,36.0525,0.9375071428571415,35.7083305737007,33.96247487150227,30.504096375446007,1.0265028771327422,1.0407177955607443,-0.014214918428002044,65.34422403733953,37.620885128054475,34.251114871945525,0.09377143410810747,6.89753051376667,27.354975359666362,40.03779018826531,24.303814828077495,63849225.3,-777125217.0
2025-03-17,37.595,38.595,37.58,38.55,55266111.0,38.595,34.38,36.4875,0.9757214285714275,35.97896575715777,34.14237781771787,30.584155117978884,1.1297565196970467,1.0585255403880047,0.07123097930904199,67.39846322722282,38.10615892085061,34.11684107914939,0.11047222745389204,11.706751666183713,26.031052876745065,44.838617579666376,23.351952035490207,62806338.85,-721859106.0
2025-03-18,38.71,38.73,38.31,38.49,42261718.0,38.73,34.38,36.555,0.9028642857142845,36.2181118755237,34.31287280525835,30.662820241183077,1.1929922052423407,1.085418873358872,0.10757333188346863,62.63871763255245,38.48998886408884,34.05201113591116,0.12235608966330361,9.845890410958912,23.0270677593572,39.16108258637196,25.236350978235922,60665101.0,-764120824.0
2025-03-19,38.72,38.7294,38.22,38.33,33290163.0,38.73,34.38,36.555,0.8956785714285702,36.41924407785477,34.47040720505214,30.739110587041953,1.2161769479887354,1.1115704882848447,0.10460645970389071,64.46700507614214,38.75649226054981,34.11350773945018,0.12743198905172595,4.185920086980155,21.11474993278929,39.47525818413814,22.647633478208892,60031997.05,-797410987.0
2025-03-20,37.26,37.5,37.155,37.23,67297611.0,38.73,34.38,36.555,0.8971071428571419,36.496458927582886,34.578626530344216,30.803696551349994,1.1327327783685206,1.11580294630158,0.016929832066940653,62.25490196078432,38.83251225139892,34.18748774860108,0.1272260888194423,0.7032729239924151,20.548564674795866,39.41239699032605,23.567020980134565,59402293.4,-864708598.0
2025-03-21,36.48,36.7,36.36,36.56,51625435.0,38.73,34.38,36.555,0.8960357142857133,36.50251045828928,34.65632745072288,30.860973202580343,1.0010003631006228,1.0928424296613886,-0.09184206656076577,62.63871763255245,38.84508693466409,34.206913065335904,0.1269828031902805,-1.0822510822510734,20.69044194065111,39.45952409422457,25.827254972298636,57891405.8,-916334033.0
2025-03-24,36.9,36.94,36.61,36.67,38216057.0,38.73,34.38,36.555,0.8624642857142842,36.51846184321411,34.73529500167492,30.918774464246212,0.8951587230690734,1.0533056883429255,-0.15814696527385208,60.59817945383618,38.81776397882416,34.39823602117583,0.12072574185009637,1.9460661662496603,20.723362731886173,42.196364238684836,26.832581059257148,55603439.95,-878117976.0
2025-03-25,36.46,36.715,36.25,36.3,32355028.0,38.73,34.38,36.555,0.7628214285714273,36.497655953384196,34.7966559820014,30.97231899694028,0.7725174526959862,0.9971480412135376,-0.22463058851755147,46.117274167987304,38.7933102675994,34.51468973240059,0.11672997586071948,-0.2473206924979432,18.747531006641942,33.288075284423414,33.70850695257272,55263614.05,-910473004.0
2025-03-26,36.27,36.53,36.0401,36.27,31577186.0,38.73,34.38,36.555,0.7478071428571417,36.475974434014276,34.85443417878566,31.025032240751823,0.6652342072162654,0.9307652744140832,-0.2655310671978178,44.31818181818185,38.78973560174554,34.501264398254456,0.1170258613879217,-0.22008253094910613,17.13556513103934,28.368658840610127,36.390207559244665,53203322.6,-942050190.0
2025-03-27,36.365,36.84,36.33,36.68,36416787.0,38.73,34.38,36.555,0.74137857142857,36.49540544029863,34.92602499530387,31.08130057666474,0.6063059185103086,0.8658734032333283,-0.2595674847230197,47.86585365853657,38.8028320971485,34.551167902851496,0.11592180915279349,0.24596884394643137,15.782895915209725,31.60136040002698,36.17681346526258,52088735.35,-905633403.0
2025-03-28,36.11,36.125,35.74,35.84,52060187.0,38.73,34.38,36.555,0.7185214285714271,36.432985874555904,34.96186715235078,31.128650819683003,0.48621901518216504,0.7899425256230956,-0.3037235104409306,48.98595943837756,38.76223394359247,34.65276605640752,0.11195172341306132,-4.832713754646822,15.150534629198754,32.6066426093267,32.9535852395296,51653761.85,-957693590.0
2025-03-31,35.54,35.9,35.37,35.84,29370365.0,38.73,34.52,36.625,0.6928071428571414,36.3765110293601,34.99630373461153,31.175529916004567,0.38659287707400125,0.7092725959132768,-0.3226797188392756,45.40901502504174,38.602964619382014,34.94503538061799,0.09947052914461377,-7.029831387808027,14.969769293453297,29.383563762333363,37.991401441341196,50332524.45,-957693590.0
2025-04-01,35.69,35.89,35.49,35.76,28414046.0,38.73,35.37,37.05,0.6870928571428558,36.31779569323057,35.02625260776402,31.221146533755768,0.2977508272505176,0.626968242180725,-0.3292174149302074,45.10779436152567,38.51971219492568,35.10028780507432,0.09289389812147127,-7.092751363990657,15.469006027409305,29.627935504662496,36.17622903953518,48418754.95,-986107636.0
2025-04-02,35.71,35.76,35.4349,35.54,33888379.0,38.73,35.37,37.05,0.658885714285713,36.2437199129229,35.04639956432229,31.26412020008656,0.20720220328909278,0.5430150344023986,-0.33581283111330584,41.26455906821957,38.54920533252997,34.94579466747003,0.09805866154323259,-7.278893816853637,16.62542094805023,27.318850006504498,38.32227570356891,44999805.9,-1019996015.0
2025-04-03,34.92,35.33,34.92,35.22,41958032.0,38.73,34.92,36.825,0.6220999999999987,36.14622277835881,35.05320742454495,31.303482188145402,0.10837120499122932,0.45608626852016476,-0.34771506352893544,26.806083650190104,38.58215887398668,34.73784112601333,0.1048640956893985,-5.39887187751813,18.05820842103623,17.854272395342914,46.500332973568895,43867033.1,-1061954047.0
2025-04-04,33.28,33.54,32.1,32.74,159777797.0,38.73,32.1,35.415,0.7724571428571413,35.82182060899131,34.96249340789613,31.317775897716096,-0.16813024615371575,0.3312429655853887,-0.49937321173910443,7.591240875912362,39.04193696515483,33.856063034845164,0.1422775365664262,-10.448577680525162,21.65508998917138,6.334147063174994,63.525484539133146,49974151.45,-1221731844.0
2025-04-07,30.59,32.06,29.625,30.0,210512100.0,38.73,29.625,34.177499999999995,0.9649571428571418,35.26736150337309,34.767885823272756,31.304663699728874,-0.6014219215960068,0.1447099881491096,-0.7461319097451165,5.456453305351488,40.0306490747274,32.2703509252726,0.21466641262098166,-18.189255522225256,26.459379008448064,4.07123928523841,69.17331635749932,56562800.35,-1432243944.0
2025-04-08,31.37,31.4,29.205,29.59,121952797.0,38.73,29.205,33.9675,1.0853571428571418,34.726660407813746,34.56483147726206,31.287602369383315,-0.9667481981209249,-0.07758164910489732,-0.8891665490160277,5.3169734151328925,40.67031795197287,30.95068204802713,0.2714186035924028,-18.48484848484848,30.898972540880983,3.619611714379715,63.67160250082271,59428248.95,-1554196741.0
2025-04-09,30.68,31.93,30.16,31.68,158084976.0,38.73,29.205,33.9675,1.1685714285714277,34.436502273736245,34.451700831094925,31.291506823419304,-1.075231768639071,-0.27711167301173206,-0.7981200956273391,24.233983286908057,40.765331442563806,30.388668557436187,0.291667731543627,-12.655086848635245,34.652482410555635,6.601466992665031,52.627750611247,65653333.35,-1396111765.0
2025-04-10,31.84,32.07,31.02,31.56,95454024.0,38.73,29.205,33.9675,1.1814285714285708,34.16254967623755,34.33830079850297,31.29417839731563,-1.157545315128914,-0.45319840143516843,-0.7043469136937455,25.53816046966729,40.78750840254523,29.863491597454765,0.309238844604902,-13.958560523446017,38.37484075491538,7.376058041112452,47.24848851269653,68542736.0,-1491565789.0
2025-04-11,32.33,32.985,32.03,32.94,84183938.0,38.73,29.205,33.9675,1.2560714285714283,34.04611637373874,34.28346547307148,31.3105547316707,-1.0987591157676349,-0.5823105443016617,-0.5164485714659731,33.76849434290686,40.53465419529392,29.644345804706088,0.3103580384613012,-8.091517857142872,41.13988764695749,10.776229741256774,44.44071651976118,70198136.85,-1407381851.0
2025-04-14,33.3,33.74,33.2015,33.37,51602290.0,38.73,29.205,33.9675,1.2799999999999998,33.98172433814457,34.247643297656914,31.331046724390394,-1.0058780864587433,-0.6670240527330781,-0.33885403372566525,37.31601731601731,40.071554433885176,29.589445566114822,0.3009462645603811,-6.8917410714285925,44.49150596512467,14.787946428571463,41.60100446428574,70014945.8,-1355779561.0
2025-04-15,33.25,33.37,33.0901,33.18,33179984.0,38.7294,29.205,33.9672,1.265,33.90536963927366,34.20577493304292,31.349444269421337,-0.9368017462713283,-0.7209795914407282,-0.21582215483060008,36.806148590947885,39.55759451588045,29.572405484119543,0.2888814995446524,-7.214765100671139,46.96629898186781,14.963297571993259,41.538114059853235,69560859.1,-1388959545.0
2025-04-16,32.55,32.795,32.22,32.42,50833968.0,37.5,29.205,33.3525,1.2928571428571427,33.763905864104736,34.13574454351183,31.360096565247993,-0.9326330837738226,-0.7633102899073472,-0.16932279386647542,32.33830845771145,39.01741688394407,29.521583116055943,0.27709286006180794,-8.778840742824979,50.46333123744341,12.928176795580132,45.450276243093974,70438049.35,-1439793513.0
2025-04-17,32.87,32.985,32.4,32.4,42802634.0,36.94,29.205,33.0725,1.2675,33.634010067523334,34.06767613004077,31.370443863106225,-0.9203341820020015,-0.794715068326278,-0.12561911367572343,34.69750889679713,38.631017774414694,29.42498222558532,0.2705429513585686,-8.006814310051114,54.01329519959006,14.257537334460418,43.034657650042334,69213300.5,-1482596147.0
2025-04-21,32.545,32.6,32.12,32.43,39561475.0,36.94,29.205,33.0725,1.2639285714285717,33.51934244204492,34.00345353670584,31.380986710239497,-0.8978169890810364,-0.8153354524772297,-0.08248153660380664,34.87133984028392,38.315511336738595,29.327488663261406,0.2657487891866768,-0.946854001221753,56.65673328868338,14.297824244136764,42.647640576434064,68610102.5,-1443034672.0
2025-04-22,33.25,33.75,33.165,33.46,64714595.0,36.84,29.205,33.0225,1.3296428571428576,33.51369078089779,33.982141633305616,31.4016734096401,-0.7877785389112688,-0.8098240697640375,0.022045530852768724,40.58919803600656,37.95133626457831,29.370663735421694,0.2549143676407895,11.533333333333328,58.40599385276588,19.769003491807673,40.53988718775185,69935029.4,-1378320077.0
2025-04-23,34.05,34.45,33.83,33.83,52320155.0,36.84,29.205,33.0225,1.3771357142857148,33.54381546843133,33.976175294744614,31.425835863275523,-0.6630728752294175,-0.7804738308571135,0.11740095562769604,43.08811641067097,37.64634476016745,29.42865523983255,0.24502987760968767,14.329165258533294,59.0807226317713,22.717960155395005,38.85601066395575,70933285.75,-1325999922.0
2025-04-24,33.85,34.1951,33.74,34.11,36441878.0,36.84,29.205,33.0225,1.3653571428571432,33.59773780477121,33.98142332240169,31.452543964138457,-0.5354764392937241,-0.7314743525444357,0.1959979132507116,45.49878345498784,37.34492953212671,29.514070467873278,0.23424996079072183,7.670454545454541,57.57766687228384,22.913941930421146,36.96834946377193,71176520.35,-1289558044.0
2025-04-25,33.91,34.0571,33.81,33.98,23063231.0,36.125,29.205,32.665,1.1639285714285719,33.63414372812633,33.981367505836914,31.477692780415687,-0.4397757964461704,-0.6731346413247827,0.23335884487861236,56.212424849699374,36.91296419878543,29.676035801214567,0.21736107758250955,7.667934093789608,51.84062996318231,26.879410862227683,26.060141147591303,70508842.55,-1312621275.0
2025-04-28,33.95,34.09,33.84,34.0,17029981.0,35.9,29.205,32.552499999999995,0.9592857142857145,33.66898718259049,33.98209819188253,31.50279036469016,-0.35818952872861587,-0.6101456188055494,0.25195609007693354,77.54820936639116,36.63736688625815,29.76763311374185,0.2069041118143603,3.2179720704310855,48.542596347764274,32.858525688756565,13.190618019359663,68757332.25,-1295591294.0
2025-04-29,33.85,33.95,33.8,33.8,19920830.0,35.89,29.205,32.5475,0.8167857142857147,33.68146459377235,33.97495708631851,31.525648172006676,-0.30614114771083223,-0.549344724586606,0.24320357687577376,79.85815602836874,36.319996364666686,29.881003635333307,0.19452856389883474,1.288582559184892,45.886286770823624,38.59116746829913,12.168780061215628,68284855.5,-1315512124.0
2025-04-30,33.89,33.94,33.59,33.86,29034661.0,35.76,29.205,32.4825,0.6746428571428572,33.69846796579403,33.970448965286415,31.548875553379744,-0.2570873888198548,-0.4908932574332558,0.23380586861340097,71.71314741035852,35.998751884172435,30.01224811582756,0.18137897527214783,2.049427365883072,43.30694668035412,41.110640550555914,16.956061408152475,68315886.25,-1286477463.0
2025-05-01,33.88,33.94,33.695,33.79,22206255.0,35.33,29.205,32.2675,0.6171428571428569,33.70718530238508,33.963372535275184,31.57117529911726,-0.22130923141159542,-0.43697645222892373,0.2156672208173283,72.43460764587522,35.69370360923356,30.14229639076644,0.1686435147477708,4.225786551511401,40.95512489612411,43.32060185185193,18.535879629629655,67731780.05,-1308683718.0
2025-05-02,34.96,34.99,34.6247,34.91,59597561.0,34.99,29.205,32.0975,0.6010714285714285,33.82173908311031,34.000495180950665,31.604397435444454,-0.10141113963690174,-0.36986338971051935,0.2684522500736176,70.9129511677282,35.62706949762064,30.177930502379354,0.1656147403766062,7.746913580246906,39.567769360763975,46.083184789067275,19.031491384432584,68613756.5,-1249086157.0
2025-05-05,34.78,35.035,34.76,34.87,24651713.0,35.035,29.205,32.12,0.5635714285714281,33.92157345614742,34.03459340914868,31.636890993300728,-0.0095090889343723,-0.29779252955528995,0.28828344062091765,67.36111111111109,35.869930286682944,30.148069713317057,0.173342439133748,7.52389762565524,38.517234158108685,40.150823827629985,20.29784537389104,61857452.3,-1273737870.0
2025-05-06,35.19,35.4652,35.16,35.27,36558769.0,35.4652,29.205,32.3351,0.5860928571428572,34.04999503175243,34.08304072643696,31.673041331675847,0.0945111398375218,-0.21933179567672761,0.3138429355142494,73.06843267108164,35.93007210131377,30.614927898686215,0.15974586227748305,5.409444112372985,38.116897786617066,43.85092562124492,18.160213520529393,53159785.75,-1237179101.0
2025-05-07,34.74,34.76,34.47,34.47,44473398.0,35.4652,30.16,32.8126,0.5746642857142861,34.08999550491887,34.09821559991003,31.700871766186538,0.11111375622760278,-0.15324268529586155,0.2643564415234643,72.42888402625807,35.580234734075376,31.452765265924622,0.12314738914119175,1.8918120011823802,37.46759592673842,44.72300597864601,16.282798652629417,49285815.8,-1281652499.0
2025-05-08,35.01,35.15,34.73,35.0,37731301.0,35.4652,31.02,33.2426,0.5814500000000002,34.1766625996885,34.133579694031205,31.73369891279165,0.16513445275855076,-0.08956725768497908,0.25470171044352985,75.59055118110228,35.65639142771809,31.708608572281904,0.117205755375527,2.6092055115801926,37.35904028537612,46.65798557792723,16.092772993624248,43268132.05,-1243921198.0
2025-05-09,35.13,35.185,34.825,34.83,30396685.0,35.4652,32.03,33.747600000000006,0.5728785714285713,34.23888520924197,34.16089029426528,31.764507878833523,0.19201523263027553,-0.03325075962192816,0.2252659922522037,72.98850574712634,35.610222208226126,32.08177779177388,0.10424996798594355,2.5014714537963556,37.92018579353539,47.792476590651425,12.842412378589257,40015265.1,-1274317883.0
2025-05-12,36.07,36.12,35.755,36.04,55941132.0,36.12,32.12,34.12,0.5707357142857141,34.41041995121893,34.23458087096076,31.807050088994384,0.30741168144567155,0.03488172859159178,0.27252995285407977,73.88888888888879,35.963628742005454,32.03837125799454,0.11544535407814221,6.000000000000005,39.4373274976155,45.281153398495846,12.890629888740026,38603124.8,-1218376751.0
2025-05-13,35.61,35.95,35.485,35.74,34713583.0,36.12,32.12,34.12,0.5396642857142854,34.53704662253141,34.29361691523681,31.84618391895464,0.37038711363499743,0.10198280560027292,0.2684043080347245,67.91744840525325,36.204115072381185,32.03488492761882,0.12219493675940052,5.739644970414215,40.30530354708599,38.62321813826071,17.2064643362937,37758689.45,-1253090334.0
2025-05-14,36.39,36.455,36.15,36.31,35247785.0,36.455,32.12,34.287499999999994,0.5582285714285712,34.70589932514747,34.37269076169812,31.890599999363054,0.46097598941141626,0.1737814423625016,0.2871945470489147,69.57295373665477,36.52696377019621,32.02503622980378,0.1313434339010512,7.2356763142350955,42.04081050368978,43.800542532500856,15.482649196437729,37862079.5,-1217842549.0
2025-05-15,35.84,35.88,35.565,35.75,43594767.0,36.455,32.12,34.287499999999994,0.590014285714286,34.80533748465724,34.42670288869035,31.929001989419145,0.48202452753355374,0.23543005939671205,0.2465944681368417,64.6280991735537,36.606364719966386,32.278635280033605,0.12565085112674115,5.800532701982841,44.15891442625673,41.440885208590636,21.730708699547236,37500119.45,-1261437316.0
2025-05-16,35.715,35.76,35.56,35.64,26772856.0,36.455,32.12,34.287499999999994,0.5864428571428572,34.884829152785116,34.47428316756524,31.96592734275826,0.4842474616459569,0.28519353984656104,0.19905392179939585,63.355048859934826,36.603357305140996,32.60564269485899,0.11552585965068138,2.0910913778287243,43.29661582789409,41.29253854960903,21.92394825948207,36698630.55,-1288210172.0
2025-05-19,35.5,35.87,35.46,35.86,19353809.0,36.455,33.165,34.81,0.6014428571428567,34.97770256680558,34.52862500413131,32.00467433437261,0.4980204446497325,0.3277589208071953,0.17026152384253718,66.7207792207792,36.567082001707966,32.984917998292026,0.10300678638762194,2.8391167192429068,41.94152852826053,41.56908386974184,20.90211633927926,35688247.25,-1268856363.0
2025-05-20,36.15,36.26,36.05,36.26,26034547.0,36.455,33.59,35.0225,0.6050142857142856,35.099826131871716,34.59652206279282,32.047015883284324,0.5350446285455703,0.36921606235487037,0.16582856619069997,68.46153846153842,36.71168371379828,33.120316286201714,0.10285735558473383,2.80691806067479,42.04287237363102,45.92807725909661,18.299449835895228,33754244.85,-1242821816.0
2025-05-21,36.43,36.55,36.0,36.09,40126831.0,36.55,33.59,35.07,0.6267999999999999,35.19412840502679,34.65508982503624,32.08724458096309,0.5443935517853831,0.4042515602409729,0.14014199154441015,67.42424242424245,36.82136861810246,33.236631381897546,0.10233627098132733,4.699738903394279,42.45948365712372,47.63652110493208,17.66341507885857,33144578.65,-1282948647.0
2025-05-22,35.91,36.005,35.82,35.91,24597708.0,36.55,33.59,35.07,0.5603714285714284,35.26230665216709,34.704301988760314,32.12528194831669,0.5311553172663181,0.429632311646042,0.10152300562027616,58.83392226148408,36.89778610293672,33.34021389706328,0.1013004984730044,2.59999999999998,41.549827895492975,39.899556416662364,22.05170040279403,32552370.15,-1307546355.0
2025-05-23,35.79,36.03,35.76,35.97,27095312.0,36.55,33.59,35.07,0.5600142857142859,35.32970601862737,34.753937204887364,32.16353784932846,0.5195167538423604,0.4476092000853057,0.07190755375705471,59.68309859154929,36.95105242193067,33.48594757806933,0.09838876851260957,3.273040482342804,41.10157143934007,39.351036963342764,22.831050228310485,32753974.2,-1280451043.0
2025-05-27,35.61,35.68,35.52,35.6,32810792.0,36.55,33.59,35.07,0.5496428571428567,35.35544830256762,34.787116138029035,32.19773150256898,0.4749621328823679,0.45307978664471815,0.02188234623764973,52.920353982300874,36.9394916770696,33.65750832293041,0.0929779836009798,-1.220865704772467,39.095232806115696,34.50292397660814,26.380766731643874,33543014.75,-1313261835.0
2025-05-28,35.42,35.42,35.24,35.24,27161924.0,36.55,33.59,35.07,0.5182142857142849,35.344453226132615,34.80487628947888,32.22800283090162,0.4059240437213205,0.4436486380600386,-0.03772459433871811,57.38963531669869,36.85340575347374,33.88759424652626,0.08384986095609263,-1.3989927252378243,37.494637932488786,36.595451412818726,22.329427980702967,33905069.45,-1340423759.0
2025-05-29,35.83,35.86,35.52,35.62,34189301.0,36.55,33.695,35.1225,0.5139285714285704,35.370695776024746,34.83684192518559,32.26175404651455,0.3775218480114191,0.4304232800503147,-0.052901432038895635,56.12648221343871,36.76202194982888,34.154978050171124,0.07352380669395923,-1.9003029468466104,35.80733735447025,37.59555246699092,22.515635858234894,34162801.45,-1306234458.0
2025-05-30,35.15,35.17,34.79,35.0,62720989.0,36.55,34.47,35.51,0.5474999999999989,35.33539141640334,34.843240281060666,32.28900027490744,0.30150848273430597,0.40464032058711297,-0.103131837852807,51.54264972776772,36.587612479611074,34.45038752038892,0.0601713156119866,-2.0979020979020935,32.14550261409958,34.83365949119364,30.658838878017043,36188538.15,-1368955447.0
2025-06-02,35.14,35.36,35.02,35.35,33125263.0,36.55,34.47,35.51,0.48107142857142754,35.33678271007921,34.86311321121515,32.319457983614825,0.2664380856341779,0.376999873596526,-0.11056178796234806,42.58064516129034,36.57435732852808,34.50764267147193,0.0581501549493867,-0.8136924803591405,28.8784100891439,28.582034149962794,34.89235337787686,34864923.25,-1335830184.0
2025-06-03,35.78,35.83,35.615,35.7,32666156.0,36.55,34.47,35.51,0.4757142857142845,35.37137483292881,34.89593230097142,32.35309521760871,0.2638451752493651,0.35436893392709384,-0.09052375867772872,49.574468085106396,36.5679494032255,34.597050596774494,0.05538955403501732,-0.4461795872838681,26.641141001018294,35.96096096096089,31.231231231231284,35265645.4,-1303164028.0
2025-06-04,36.05,36.385,36.01,36.37,41079486.0,36.55,34.47,35.51,0.47357142857142726,35.46648199169749,34.953738877403914,32.39306441942355,0.31225420357750266,0.3459459878571756,-0.033691784279672954,50.62499999999996,36.67112163493822,34.60387836506179,0.058007527741183534,0.30336458907886943,23.805365615374434,36.87782805429865,31.372549019607902,35491681.25,-1262084542.0
2025-06-05,36.705,36.83,36.43,36.63,43463888.0,36.83,34.73,35.78,0.4532142857142841,35.57729323058344,35.0194746077018,32.435222982414366,0.36736379325251534,0.3502295489362436,0.01713424431627175,59.777777777777814,36.7148725588734,34.7761274411266,0.054237459757082856,1.4962593516209433,23.849078972316843,45.547675334909435,23.56185973207254,35441205.75,-1218620654.0
2025-06-06,36.33,36.6,36.215,36.59,32956657.0,36.83,34.79,35.81,0.4685714285714272,35.6737414943374,35.08106383877232,32.47656404726597,0.40316345703489986,0.36081633055597484,0.04234712647892502,60.722347629796886,36.797733533049,34.85226646695101,0.05430473317789225,1.8936229462545473,23.502678253694576,44.054878048780516,25.990853658536633,35202473.55,-1251577311.0
2025-06-09,36.89,37.12,36.845,37.06,30061655.0,37.12,34.79,35.955,0.4771428571428556,35.805766113924314,35.15866917842831,32.52217037515387,0.46411004880702933,0.38147507420618576,0.08263497460084357,62.82051282051287,36.93976362175614,34.93323637824386,0.05583535523805269,3.03030303030305,23.41594536538432,49.40119760479043,25.52395209580844,35185722.05,-1221515656.0
2025-06-10,37.15,37.225,36.91,37.22,37896307.0,37.225,34.79,36.0075,0.4710714285714275,35.94045505545533,35.239505681235045,32.56891494853542,0.5193347569042004,0.4090470107457887,0.11028774615841169,60.81081081081084,37.15154543709757,34.83945456290243,0.06423277560237073,4.550561797752795,22.325762253614723,45.71645185746778,25.852918877937864,34283480.8,-1183619349.0
2025-06-11,37.55,37.62,37.36,37.41,31361727.0,37.62,34.79,36.205,0.46035714285714185,36.08041171684054,35.324623105500336,32.61708494904751,0.5718403286965241,0.4416056743359358,0.13023465436058834,64.79820627802684,37.38841368960653,34.76958631039346,0.0725859192109835,6.157775255391584,21.14188784126244,48.40961986035682,26.454615981380947,34115888.0,-1152257622.0
2025-06-12,37.27,37.335,37.18,37.26,36102240.0,37.62,34.79,36.205,0.4574999999999986,36.19275345809382,35.40052023861797,32.66328310875848,0.5944946618250242,0.4721834718337535,0.12231118999127072,65.23702031602716,37.53627452471276,34.71672547528724,0.07804655998852693,4.604154969118479,21.17881004545509,48.71194379391101,26.61982825917258,34158610.75,-1188359862.0
2025-06-13,36.62,36.78,36.49,36.58,41925420.0,37.62,34.79,36.205,0.4932142857142838,36.2296340811325,35.44677434690746,32.702255416134015,0.5512239010359536,0.48799155767419355,0.06323234336176009,56.03960396039606,37.57997286391202,34.75602713608798,0.07807857022296061,4.514285714285715,20.309049493010153,45.18464880521365,33.81607530774805,34075143.4,-1230285282.0
2025-06-16,36.67,36.95,36.61,36.67,35201961.0,37.62,34.79,36.205,0.48749999999999866,36.27157369245322,35.494743980362074,32.741735461744625,0.5182200411466695,0.4940372543686888,0.024182786777980747,61.21593291404615,37.62550928349216,34.81349071650785,0.07763824920234422,3.7340876944837342,20.941251193934104,48.205128205128226,30.695970695970757,34496598.65,-1195083321.0
2025-06-17,36.5,36.5469,36.24,36.24,29832195.0,37.62,34.79,36.205,0.4924999999999987,36.26856667412434,35.52396970662239,32.77654406411533,0.4521546803656449,0.48566073956808004,-0.03350605920243516,60.33057851239672,37.634287270778096,34.84271272922191,0.07703339104974508,1.5126050420168013,20.653545628651038,47.715736040609144,31.68963016678754,35020517.95,-1224915516.0
2025-06-18,35.94,35.98,35.715,35.75,28424263.0,37.62,34.79,36.205,0.4857142857142845,36.21917937182678,35.53283363969602,32.80613069034304,0.35615299108859233,0.4597591898721825,-0.10360619878359018,51.31313131313134,37.625666012602004,34.800333987398,0.07801982782989549,-1.7047016772064771,19.041494229308093,41.91176470588237,39.852941176470594,35140003.75,-1253339779.0
2025-06-20,35.84,35.85,35.51,35.52,26191698.0,37.62,34.79,36.205,0.45071428571428485,36.15259086022423,35.53233035970794,32.833134365065995,0.25853169047451274,0.4195136899926486,-0.16098199951813585,55.70175438596495,37.63022655200103,34.73877344799897,0.07990861015081191,-3.0303030303030276,19.529568884863785,45.16640253565768,34.62757527733755,34443247.1,-1279531477.0
2025-06-23,35.85,36.09,35.74,36.08,33957578.0,37.62,34.79,36.205,0.4657142857142849,36.14567744496478,35.55380760050371,32.86544148581161,0.22377390007346065,0.380365732008811,-0.15659183193535037,57.65199161425575,37.633922219312396,34.7520777806876,0.07962435936851867,-1.3938234490298074,19.823814824195875,44.47852760736202,33.51226993865029,34911240.6,-1245573899.0
2025-06-24,36.63,37.1,36.56,37.1,46304889.0,37.62,34.79,36.205,0.5042857142857139,36.23656530734909,35.61444259656239,32.90757639640055,0.2753594044592589,0.35936446649890064,-0.08400506203964175,62.867647058823536,37.741322975247634,34.75767702475236,0.0823086097875908,0.10793308148946412,20.914672321757305,48.72521246458924,30.949008498583524,35871719.45,-1199269010.0
2025-06-25,37.14,37.165,36.99,37.06,18018435.0,37.62,34.79,36.205,0.46785714285714264,36.31498765903013,35.6711311221874,32.94889404419756,0.3094465158218185,0.3493808763634842,-0.039934360541665714,57.172557172557234,37.8233611563131,34.82163884368691,0.08264085105998169,-0.4298764105319597,21.402633902102973,45.03816793893126,33.35877862595414,35132101.6,-1217287445.0
2025-06-26,37.03,37.29,36.93,37.16,24517666.0,37.62,34.79,36.205,0.4607142857142854,36.39546502483678,35.72951813700358,32.99079559599659,0.34060369405946744,0.34762543990268086,-0.007021745843213412,55.69892473118276,37.87271746002996,34.96428253997004,0.07986146930982653,-0.6682705159048341,19.790416285878504,40.775193798449564,33.875968992248005,34999888.7,-1192769779.0
2025-06-27,36.83,36.94,36.69,36.81,27903590.0,37.62,34.79,36.205,0.4646428571428568,36.434944546280896,35.77188997476815,33.02879762986727,0.3332128371908567,0.34474291936031604,-0.011530082169459333,52.217741935483865,37.89146308573669,35.0645369142633,0.07749674246048,-1.207729468599017,18.568186640956203,40.430438124519554,33.973866256725636,34685603.15,-1220673369.0
2025-06-30,36.51,36.78,36.3907,36.76,20096867.0,37.62,35.02,36.32,0.45673571428571436,36.46590220853986,35.81063938752234,33.06592402160989,0.31963637853662874,0.3397216111955786,-0.020085232658949848,46.69603524229069,37.79974312774855,35.33225687225144,0.06748034391229851,0.49207217058502284,16.90933199788317,32.99813896751793,39.24276308587329,32554397.05,-1240770236.0
2025-07-01,36.69,36.92,36.68,36.83,22972762.0,37.62,35.51,36.565,0.4513785714285713,36.50057818867892,35.85061431350186,33.10337751393218,0.3109410177273446,0.3339654925019318,-0.02302447477458719,45.617977528089874,37.73655921192927,35.54344078807073,0.05985585217954519,0.43632397054811367,15.485970089691222,33.9436329973256,39.7085120187362,32046772.0,-1217797474.0
2025-07-02,36.62,36.7,36.495,36.69,27680980.0,37.62,35.51,36.565,0.44673571428571435,36.518618361185695,35.883531399246884,33.139065299863205,0.28941683455509093,0.32505576091256366,-0.03563892635747273,41.81818181818182,37.692809785818746,35.686190214181245,0.05469193016087712,1.2417218543046227,14.908899780502034,27.980749244519764,43.07916153686261,31797513.2,-1245478454.0
2025-07-03,36.3,36.4168,36.22,36.27,19394161.0,37.62,35.51,36.565,0.46387857142857164,36.49494042202515,35.898687030648965,33.170218878969045,0.23575068723147297,0.3071947461763455,-0.07144405894487255,39.400428265524646,37.695481284643094,35.673518715356906,0.05511762649855356,1.454545454545464,14.449555192845226,26.946707112390854,42.949971513480996,30713246.95,-1264872615.0
2025-07-07,36.28,36.58,36.25,36.31,20175172.0,37.62,35.51,36.565,0.43245000000000033,36.47732704849895,35.91481695101567,33.201460482163384,0.19420882608355328,0.2845975621577871,-0.09038873607423381,46.65012406947895,37.693149362364174,35.64385063763583,0.05588717086132089,2.224099099099086,13.752950819236998,31.600680508068557,34.67452884726555,29548811.15,-1244697443.0
2025-07-08,36.67,36.79,36.53,36.69,25176779.0,37.62,35.51,36.565,0.4403071428571427,36.497581615308576,35.94521628626996,33.236172318161756,0.1897619681917746,0.26563044336458463,-0.07586847517281003,50.231481481481445,37.69751223265908,35.64948776734093,0.055844805249516676,1.6906873614190632,12.425372957410714,31.685673961358084,34.0557727560307,29159817.25,-1219520664.0
2025-07-09,36.35,36.35,36.075,36.18,29920528.0,37.62,35.51,36.565,0.453521428571428,36.46733574718395,35.954423490729965,33.26546413589149,0.14343167248520672,0.24119068918870906,-0.09775901670350234,49.318181818181785,37.65919540718734,35.59980459281266,0.05622219288755457,-2.4797843665768204,11.382719392239258,30.762446253917723,34.402217567290926,29152760.9,-1249441192.0
2025-07-10,36.435,36.53,36.26,36.52,17221143.0,37.62,35.51,36.565,0.44102142857142823,36.47235139030929,35.976602961681735,33.297847577325406,0.13262096590615613,0.21947674453219848,-0.08685577862604235,59.058823529411846,37.58658393108621,35.60241606891378,0.05422038454337202,-1.4570966001079322,12.095414364804371,34.54966554913102,26.874301540255622,28119002.7,-1232220049.0
2025-07-11,36.58,36.645,36.44,36.48,15148432.0,37.335,35.51,36.4225,0.4313785714285712,36.47307982932745,35.99634402200794,33.329510785511225,0.11944880586951001,0.1994711567996608,-0.08002235093015078,61.82266009852213,37.463356703553565,35.63264329644644,0.05009065905404197,-1.829924650161463,12.683608762484969,37.22616859569815,24.08060536817176,27308337.95,-1247368481.0
2025-07-14,36.71,36.92,36.65,36.91,23708575.0,37.29,35.51,36.4,0.42209285714285727,36.51469127415341,36.032173668203704,33.36513754386435,0.14206949181379258,0.18799082380248716,-0.04592133198869458,60.55979643765903,37.40081694166605,35.660183058333956,0.04764878343663772,0.2716653083401077,13.263391819836315,38.637402061157715,24.610359941109706,26688654.7,-1223659906.0
2025-07-15,37.35,37.68,37.11,37.64,45494188.0,37.68,35.51,36.595,0.4042357142857144,36.621863533757846,36.095225681215325,33.40767348870152,0.21640684414263234,0.1936740278705162,0.022732816272116124,57.41758241758242,37.585629837161825,35.581370162838176,0.05478589184533051,2.393906420021774,12.85540410862279,35.92670471613085,25.69752442881621,26867093.1,-1178165718.0
2025-07-16,37.31,37.48,37.16,37.47,22401612.0,37.68,35.51,36.595,0.42602142857142916,36.70263843530472,36.14913839959904,33.44809464801792,0.25862093107670603,0.2066634085117542,0.05195752256495184,55.437665782493326,37.70118318750703,35.54581681249296,0.05885200417802965,1.7377138202552267,12.863802622666187,32.99968143788866,24.383414650503738,26227075.65,-1200567330.0
2025-07-17,37.2,37.595,37.17,37.59,18014862.0,37.68,35.51,36.595,0.43066428571428617,36.7871490605138,36.205642776085355,33.48930763659486,0.29832004840594806,0.22499473649059298,0.07332531191535507,55.672823218997436,37.834639619351854,35.54736038064815,0.062338972464738046,2.45298446443174,13.258398917930043,32.478065447066754,24.120544673510935,25636209.0,-1182552468.0
2025-07-18,38.085,38.36,38.0347,38.06,43043523.0,38.36,35.51,36.935,0.4520928571428574,36.908372959512484,36.27836266721926,33.53478716259889,0.36351656428035994,0.2526991020485464,0.11081746223181355,65.98465473145775,38.01475711798524,35.59824288201477,0.06565455112467816,4.935208161014604,15.375797767276964,43.0252950563253,19.185375949946973,26367172.0,-1139508945.0
2025-07-21,38.2,38.42,38.04,38.21,25259504.0,38.42,35.74,37.08,0.44928571428571473,37.032337439558916,36.35411315085772,33.5813066933193,0.42241962869158556,0.28664320737715426,0.1357764213144313,68.07980049875313,38.14514896787999,35.73685103212,0.06519308994775426,5.232718259432656,18.366676381959255,44.24801271860092,14.54689984101746,26320562.3,-1114249441.0
2025-07-22,38.44,38.77,38.32,38.74,26390488.0,38.77,36.075,37.4225,0.4721428571428576,37.19497196912474,36.44767734102017,33.632636974977814,0.506034056607028,0.330521377223129,0.17551267938389903,71.36465324384788,38.45268587315845,35.695314126841545,0.07437481108908955,5.5873535023167165,21.605833830489633,45.28290468986383,13.842662632375163,25942207.8,-1087858953.0
2025-07-23,39.02,39.13,38.94,39.08,31806150.0,39.13,36.075,37.602500000000006,0.47607142857142903,37.374498448255714,36.550905680588,33.68683959214221,0.5928996732746086,0.382997036433425,0.2099026368411836,75.58886509635974,38.818153648240965,35.52784635175904,0.0885133644441376,8.015478164731892,24.676997392325777,50.31057764441107,10.95273818454608,25217270.85,-1056052803.0
2025-07-24,39.07,39.14,38.845,38.9,17800208.0,39.14,36.075,37.6075,0.46357142857142924,37.5197843103266,36.6430270264473,33.73871183500647,0.6398411145580383,0.43436585205834766,0.20547526249969061,79.68397291196379,39.08051790494141,35.44948209505859,0.09743823453328371,6.5169769989047,28.17145416715496,51.667180277349715,8.474576271186384,25206359.5,-1073853011.0
2025-07-25,38.55,38.67,38.43,38.65,21767761.0,39.14,36.075,37.6075,0.47357142857142925,37.627423899819306,36.72173184893956,33.78758037396163,0.6493839404689012,0.4773694697404584,0.17201447072844284,75.21551724137923,39.25633373795237,35.422666262047635,0.10267056269914521,5.948464912280715,31.66516371008344,48.114630467571644,14.555052790346831,25068864.25,-1095620772.0
2025-07-28,38.66,38.71,38.39,38.48,15764635.0,39.14,36.075,37.6075,0.4621428571428581,37.70862162364604,36.79068354113801,33.83427111650928,0.6358988731287667,0.5090753504181201,0.12682352271064656,70.20316027088029,39.387614332048265,35.45838566795174,0.10499502081865503,4.253589813058789,35.05603021494567,46.05873261205561,14.91499227202464,24461916.5,-1111385407.0
2025-07-29,38.63,38.6375,38.2,38.22,26410762.0,39.14,36.075,37.6075,0.44946428571428704,37.75732432615594,36.84673516697573,33.87791020987735,0.5973461978836028,0.5267295199112167,0.07061667797238602,74.401913875598,39.465380346041314,35.52661965395869,0.10504482323668189,1.540913921360243,39.08253187563886,47.35796583234001,11.1243543901469,24777611.25,-1137796169.0
2025-07-30,37.97,38.105,37.71,37.78,37056839.0,39.14,36.075,37.6075,0.4608928571428582,37.759483914141086,36.88333378787865,33.91673697395817,0.5252340312626487,0.5264304221815032,-0.0011963909188544841,64.71962616822424,39.49094934398148,35.59605065601853,0.10374362241034933,0.8273285294902566,41.07218630175031,43.394033320418416,18.44246416117776,25481815.1,-1174853008.0
2025-07-31,37.33,37.5899,37.24,37.44,36901878.0,39.14,36.075,37.6075,0.4848214285714292,37.729056874699076,36.90516383541282,33.95179431750088,0.4356278148928112,0.5082699007237648,-0.07264208583095355,60.480349344978166,39.48770727474998,35.67429272525003,0.10147187540246275,-0.3990422984836539,41.22561951457719,39.55801104972374,24.45672191528537,25942860.0,-1211754886.0
2025-08-01,36.98,37.03,36.655,36.83,33791114.0,39.14,36.075,37.6075,0.5094642857142857,37.643432410442024,36.90221623402408,33.98043318001331,0.3117981261142475,0.46897554580186135,-0.15717741968761384,49.159663865546236,39.449959703954576,35.76804029604541,0.09789995500835341,-3.2317393589070043,39.89466589340736,33.78899404136003,31.475639677532385,26662707.65,-1245546000.0
2025-08-04,37.55,37.63,37.325,37.47,30242963.0,39.14,36.075,37.6075,0.5116071428571429,37.62691503801897,36.924482264062355,34.01515523792362,0.2622814397365758,0.42763672458880425,-0.16535528485222845,48.1798715203426,39.405905887107245,35.92809411289276,0.09233046895729649,-1.9366657942946897,38.71694814705781,31.41361256544512,31.343804537521773,27166097.2,-1215303037.0
2025-08-05,37.78,37.835,37.61,37.64,16471134.0,39.14,36.075,37.6075,0.5033928571428571,37.628161224874304,36.95254178311873,34.051223345008964,0.23405860636675868,0.38892110094439514,-0.15486249457763646,51.820128479657406,39.39184721635573,36.037152783644274,0.0889497257742103,-2.8394424367578774,37.96357282151458,34.83504788932253,31.85526782546999,26730814.95,-1198831903.0
2025-08-06,37.7,37.81,37.48,37.79,26247445.0,39.14,36.26,37.7,0.4966071428571434,37.64357444155294,36.985383281819956,34.08842510277007,0.22124517730075866,0.35538591621566784,-0.13414073891490919,52.12765957446804,39.30883097158575,36.281169028414254,0.08010747303006997,-3.3009211873080813,36.96185935041768,33.656957928802605,34.16037396619917,26547160.8,-1172584458.0
2025-08-07,37.88,37.97,37.62,37.74,16210143.0,39.14,36.44,37.79,0.4666071428571438,37.652757828071714,37.01497609429761,34.12475918134947,0.2046962493738249,0.3252479828472993,-0.12055173347347437,46.261682242990645,39.24683314675461,36.46516685324539,0.07348019583445736,-2.9820051413881665,35.33689551573538,26.559510141599635,36.35667814772285,26496610.8,-1188794601.0
2025-08-08,37.59,37.68,37.5196,37.67,12052982.0,39.14,36.65,37.894999999999996,0.455207142857144,37.654399939683934,37.040663306285936,34.160035209395744,0.18381379872595716,0.29696114602303086,-0.11314734729707371,43.57142857142858,39.15169918340808,36.679300816591926,0.06520811717677864,-2.535575679172053,33.10606842522718,26.283167788604768,38.84259913069394,26341838.3,-1200847583.0
2025-08-11,37.48,37.59,37.2,37.33,27626785.0,39.14,36.655,37.8975,0.4487785714285723,37.62350470733308,37.05200984329433,34.191577147610715,0.1382356530761868,0.26521604743366206,-0.12698039435747527,32.418952618453815,39.11363792064343,36.75936207935658,0.0620583301381743,-2.9885654885654866,31.856371053628042,21.088987569434387,44.485826608731465,26537748.8,-1228474368.0
2025-08-12,37.54,38.0,37.5242,37.94,34375855.0,39.14,36.655,37.8975,0.4687785714285724,37.6536471161585,37.08683298669455,34.22887488743549,0.14961191328704615,0.24209522060433888,-0.09248330731729273,36.6822429906542,39.12034603461611,36.78265396538388,0.06159682935410282,-0.7326007326007411,29.69987300978815,20.951103932712524,42.587880357768505,25981832.15,-1194098513.0
2025-08-13,38.88,39.09,38.87,39.09,60160691.0,39.14,36.655,37.8975,0.5298500000000013,37.79044262890531,37.16538855584379,34.27724429154061,0.2485578503378605,0.24338774655104323,0.0051701037868172595,51.80952380952385,39.28255894598112,36.782441054018875,0.06573635422236897,3.4674430915828447,24.895005817001643,33.23042909718371,36.398441607462885,27869786.1,-1133937822.0
2025-08-14,38.42,38.55,38.24,38.34,44954571.0,39.14,36.655,37.8975,0.5569928571428585,37.84278142615243,37.21145174973227,34.31766972147553,0.2634179679664115,0.2473937908341169,0.016024177132294593,47.304347826086996,39.309116833201074,36.83088316679893,0.0650967603467861,2.4038461538461675,21.66746099101089,31.611074776542274,37.38185921850736,29216771.55,-1178892393.0
2025-08-15,38.385,38.48,38.29,38.34,27930560.0,39.14,36.655,37.8975,0.5477071428571441,37.890135576042674,37.255708543860415,34.35769290832653,0.272058596103129,0.2523267518879193,0.019731844215209682,48.74551971326171,39.328954448545744,36.83904555145425,0.06537939547031552,4.0999185446646935,18.61653236337935,32.14700243873799,38.015623573598845,28461123.4,-1178892393.0
2025-08-18,38.58,38.685,38.51,38.58,21744955.0,39.14,36.655,37.8975,0.5411000000000011,37.95583694975289,37.3076415421404,34.399705914213826,0.29487323528599063,0.26083604856753356,0.03403718671845707,53.237410071942435,39.366193417185556,36.838806582814456,0.06633126000580276,2.962369895916739,14.263885272387549,35.245663595321645,35.97169786413904,28285395.95,-1157147438.0
2025-08-19,38.5,38.5699,38.14,38.22,28185059.0,39.14,36.655,37.8975,0.5361000000000011,37.98099533549071,37.34342030519372,34.43771879068931,0.2806696251268548,0.26480276387939783,0.015866861247456954,54.01459854014596,39.305899082995275,36.84710091700472,0.06457521479102749,1.540913921360243,11.46969600775678,35.57438644176188,34.708343326138305,28375124.5,-1185332497.0
2025-08-20,38.39,38.48,38.2,38.43,18023333.0,39.14,36.655,37.8975,0.5175285714285722,38.02375768449159,37.3860312736175,34.477442981826734,0.2830950630349136,0.268461223710501,0.01463383932441259,59.25233644859814,39.19346944283283,36.894530557167165,0.06042842197628176,1.6935697274411243,10.579974683098229,36.850967510420375,29.46697214784536,27685983.65,-1167309164.0
2025-08-21,38.25,38.44,38.235,38.37,17821371.0,39.09,36.655,37.8725,0.4761000000000009,38.05673314311144,37.424618282495246,34.516174892455325,0.2769828555493845,0.27016555007827775,0.0068173054711067604,66.04166666666664,39.106736816358875,36.92826318364112,0.05730186447603746,1.669316375198715,12.22252529989558,40.057610946079706,23.25441833948431,27687041.8,-1185130535.0
2025-08-22,38.71,39.3,38.65,39.24,39558393.0,39.3,36.655,37.9775,0.48538571428571486,38.16942522471987,37.4958097223974,34.56317812735627,0.3384392986242588,0.283820299787474,0.05461899883678484,67.5944333996024,39.2357738043468,36.85822619565321,0.06248975237715429,4.167772763472266,14.414835065848687,43.11740294905372,22.80954763516479,28576573.4,-1145572142.0
2025-08-25,39.31,39.58,39.13,39.14,31399805.0,39.58,36.655,38.1175,0.491457142857143,38.2618609176037,37.56028777249946,34.60871864350198,0.3747548674307879,0.3020072133161368,0.07274765411465112,65.12096774193546,39.353040289603534,36.80695971039646,0.06686135974808487,4.84864720064293,16.377323263126815,43.674786349630864,22.527760013952527,29358331.9,-1176971947.0
2025-08-26,39.33,39.425,39.18,39.22,22671663.0,39.58,36.655,38.1175,0.48824285714285665,38.3531122587843,37.62537452651909,34.65460204008405,0.40531829179566614,0.32266942901204265,0.08264886278362349,64.62167689161552,39.500977369388345,36.759022630611646,0.07191069338517436,3.3737480231945227,18.882815925170007,43.962313836790905,20.774204874623123,29171376.95,-1154300284.0
2025-08-27,38.24,38.26,38.04,38.22,51266706.0,39.58,36.655,38.1175,0.5475285714285708,38.340434900804844,37.648693172537946,34.69007863670013,0.34487290300125295,0.32711012380988475,0.017762779191368205,54.10958904109585,39.513417218236896,36.790582781763106,0.07136806553978269,-2.22563315425941,18.147181590273053,37.11482766717992,33.39682208364848,29881870.3,-1205566990.0
2025-08-28,38.21,38.6,38.15,38.56,30254286.0,39.58,36.655,38.1175,0.5639285714285707,38.36134586263295,37.684430695183515,34.72858531693197,0.32070773624777615,0.325829646297463,-0.005121910049686873,57.28314238952536,39.53787692347288,36.87812307652713,0.06961248552517135,0.5738132498695814,17.68763390685201,40.34198860038016,31.153894870170877,29549490.7,-1175312704.0
2025-08-29,38.68,39.02,38.61,38.91,43493976.0,39.58,37.2,38.39,0.5632142857142851,38.41359863762029,37.73249223654887,34.7701914331814,0.32604035219593186,0.32587178747715684,0.00016856471877502166,62.908496732026116,39.506577220965234,37.11742277903476,0.06236047300925225,1.4866979655711932,16.960549871889466,45.71972098922023,27.140139505389925,30034633.8,-1131818728.0
2025-09-02,38.715,39.26,38.625,39.26,27069299.0,39.58,37.2,38.39,0.5607142857142848,38.494208291180264,37.79239450178225,34.81486614528905,0.354422996004935,0.33158202918271246,0.02284096682222253,61.26279863481228,39.59867694247176,37.204323057528235,0.06235053018615229,1.7625712804562044,16.1874028545898,43.75796178343968,27.261146496815247,29875950.6,-1104749429.0
2025-09-03,38.89,39.01,38.75,38.91,24884001.0,39.58,37.2,38.39,0.5149999999999986,38.53380750154405,37.836222168379024,34.855613745833445,0.3447008736785975,0.3342057980818895,0.010495075596707981,48.22134387351772,39.62629691566067,37.303703084339325,0.060382005233883845,1.805337519623218,16.18889833569303,32.52427184466037,29.680998613037442,30296593.95,-1129633430.0
2025-09-04,38.335,38.41,38.08,38.33,31584328.0,39.58,37.2,38.39,0.5135714285714269,38.51439726330176,37.85558600491318,34.89018475333759,0.2868878049194592,0.32474219944940347,-0.03785439452994427,49.89775051124739,39.611578868196666,37.37242113180334,0.05817202889933813,-0.2602133749674773,15.851905233701684,32.614742698192124,30.319888734353363,30563438.1,-1161217758.0
2025-09-05,38.945,38.985,38.65,38.9,26099020.0,39.58,37.2,38.39,0.5467857142857129,38.5511213334635,37.89654341648521,34.93008341250837,0.28379337435410434,0.31655243443034364,-0.0327590600762393,55.128205128205074,39.62484148158399,37.475158518416,0.05576350099009054,1.3812874641647044,16.290868923266746,38.14500326583954,28.478118876551346,31057881.95,-1135118738.0
2025-09-08,39.245,39.44,39.125,39.44,32508373.0,39.58,37.2,38.39,0.5607142857142843,38.63577644456221,37.95707112564265,34.97495820442371,0.32121177349117147,0.31748430224250923,0.0037274712486622397,57.465277777777764,39.69964684732438,37.57735315267562,0.054926917314304664,0.5096839959225274,17.539812525548946,40.38216560509567,27.770700636942742,32080651.5,-1102610365.0
2025-09-09,39.795,40.07,39.76,39.97,37238829.0,40.07,37.5242,38.7971,0.5742857142857132,38.762845354603904,38.03600951287235,35.0246601128374,0.3891468523194561,0.3318168122578986,0.05733004006155751,64.75548060708262,39.80270713955831,37.73829286044169,0.05324703780236569,2.120592743995897,19.985537045430128,47.263681592039944,22.512437810945347,32561253.7,-1065371536.0
2025-09-10,40.08,40.095,39.71,39.72,26132268.0,40.095,38.04,39.067499999999995,0.5817857142857135,38.85400293987972,38.102048355504806,35.071379912709666,0.417994599523162,0.3490523697109513,0.06894222981221065,60.8040201005025,39.89713851326869,37.8218614867313,0.05340462503473778,1.2748597654258065,21.6384929884917,46.65438919582578,22.836095764272585,32149074.35,-1091503804.0
2025-09-11,40.14,40.74,40.115,40.74,45104169.0,40.74,38.04,39.39,0.6399999999999996,39.03362170751022,38.20549743960266,35.12778409268271,0.5172001610129797,0.382681927971357,0.1345182330416227,67.09956709956711,40.27666494908793,37.60733505091207,0.06854629701031946,6.593406593406592,22.671273175520167,49.609375000000114,20.758928571428577,31396248.25,-1046399635.0
2025-09-12,40.605,40.66,40.4,40.49,19860535.0,40.74,38.04,39.39,0.5978571428571426,39.172324402033055,38.295085775304514,35.181139474845075,0.5690882771544281,0.41996319780797126,0.14912507934645686,59.90491283676703,40.519487110580044,37.57951288941996,0.07528839603990026,5.005186721991706,22.73390670000433,42.831541218638094,22.222222222222225,30141546.45,-1066260170.0
2025-09-15,40.88,40.8951,40.69,40.78,31004171.0,40.8951,38.04,39.46755,0.5946499999999999,39.325436363744195,38.39253339195924,35.23684952982174,0.6263899262435473,0.4612485434950865,0.1651413827484608,62.61538461538462,40.790964173896676,37.552035826103314,0.08268583913797946,4.805962477512216,22.67458290995968,42.52321293437929,22.34207396908145,30295227.0,-1035255999.0
2025-09-16,40.66,41.0951,40.5539,41.05,23170836.0,41.0951,38.04,39.56755,0.6129500000000004,39.48968051957808,38.49674776874515,35.29469182305735,0.6856844954587444,0.5061357338878181,0.17954876157092636,63.67713004484305,41.09157569017704,37.498424309822965,0.09144042194564378,4.5593479368313705,22.51411189104453,43.58430540827159,21.675037581718364,30366521.05,-1012085163.0
2025-09-17,41.64,41.7299,41.335,41.62,34303247.0,41.7299,38.04,39.88495,0.5772285714285721,39.69256808914207,38.61922824840221,35.35763021287767,0.7697963716762501,0.5588678614455045,0.21092851023074566,77.15654952076676,41.465184202046004,37.464815797954,0.10136496652963387,6.964790542277055,27.26150809515291,54.13676186704952,8.909567885957506,30672430.45,-977781916.0
2025-09-18,40.95,41.21,40.875,41.08,36182943.0,41.7299,38.04,39.88495,0.5983000000000003,39.82470446160473,38.71572910140605,35.414569215734616,0.7838464584942244,0.6038635808552485,0.1799828776389759,69.50464396284829,41.65914854833492,37.535851451665074,0.1041302379359769,7.174536916253582,30.253925009148492,48.171008333134424,14.08753372651082,31580410.95,-1013964859.0
2025-09-19,41.18,41.365,40.93,40.93,33890154.0,41.7299,38.04,39.88495,0.5965142857142861,39.92997070335666,38.80256325429209,35.46944912403577,0.7739558261323083,0.6378820299106605,0.13607379622164784,66.13418530351441,41.784140072323964,37.66685992767603,0.10364325545677049,5.218508997429305,32.16977029312995,45.1420155187279,14.129705910527814,32383850.1,-1047855013.0
2025-09-22,40.7,40.8,40.545,40.65,25541100.0,41.7299,38.04,39.88495,0.5786571428571433,39.9985449220846,38.875011754123776,35.52099689394586,0.7350505634426909,0.6573157366170665,0.07773482682562438,61.22778675282715,41.8810384320601,37.7109615679399,0.10478633189567305,3.0679513184584284,33.26529296783138,43.57255715202697,19.31812570977135,31682985.45,-1073396113.0
2025-09-23,40.3,40.4399,40.1,40.1,23445425.0,41.7299,38.04,39.88495,0.5815142857142861,40.00820731045749,38.92305050886402,35.5665591139066,0.6523179438033253,0.6563161780543183,-0.0039982342509929936,59.31142410015654,41.90956122104976,37.77843877895024,0.10368242250023904,0.32524393294972587,34.89848737848135,43.35847295239043,24.689235002210935,31285266.45,-1096841538.0
2025-09-24,40.56,40.825,40.49,40.57,35307509.0,41.7299,38.04,39.88495,0.5740142857142863,40.06171137612821,38.98763676341838,35.61634459536027,0.6175579945838408,0.6485645413602228,-0.031006546776382038,67.83439490445863,41.97943336958971,37.8435666304103,0.10362594087366812,2.139979859013086,38.13809756669614,48.71705532465605,16.67454767178511,31917058.75,-1061534029.0
2025-09-25,40.67,40.76,40.46,40.67,21546899.0,41.7299,38.08,39.90495,0.5486571428571432,40.11964362602076,39.05361179230393,35.66662972376464,0.5912639261687573,0.6371044183219298,-0.04584049215317243,65.23235800344239,41.96582106614179,38.10217893385822,0.0965090206395457,-0.1718213058419238,40.089247453402415,43.48278914752915,17.83575482997444,30431068.4,-1039987130.0
2025-09-26,40.255,40.41,40.1,40.33,21841303.0,41.7299,38.08,39.90495,0.5508000000000004,40.13967756639973,39.10366623182143,35.71303141805554,0.5368026027533048,0.6170440552082048,-0.0802414524549,57.93226381461676,41.92804555103229,38.3169544489677,0.09000164750612728,-0.3951592985922514,40.555134074350256,37.41311339350568,22.43489988588022,30010419.25,-1061828433.0
2025-09-29,40.98,41.085,40.8601,40.98,24254310.0,41.7299,38.08,39.90495,0.5597285714285718,40.219708274361665,39.17724794822059,35.76543906563708,0.5398679179947266,0.6016088277655092,-0.061740909770782615,58.813263525305395,41.97533852160424,38.476661478395755,0.0869755144237182,0.49043648847473253,39.8607556596992,37.390571960899564,22.07702713049687,29048435.95,-1037574123.0
2025-09-30,41.36,41.41,41.03,41.14,29827545.0,41.7299,38.08,39.90495,0.5629428571428576,40.30735510537484,39.254218616917825,35.81891728388945,0.5488807100728295,0.5910632042269732,-0.04218249415414377,62.588652482269524,42.05274348938636,38.58725651061364,0.08594957784654554,0.21924482338613327,39.69213246273228,41.30081713444662,21.316550779069154,29186348.25,-1007746578.0
2025-10-01,41.2,41.43,41.145,41.38,26764908.0,41.7299,38.08,39.90495,0.5108000000000003,40.409511762005806,39.33758259272497,35.87425144026866,0.5688322627257776,0.5866170159267341,-0.017784753200956516,56.5843621399177,42.103674689606805,38.783325310393195,0.08209846771950029,-0.5766458433445365,38.33802934576649,36.777044412126756,23.4925606891151,29280393.6,-980981670.0
2025-10-02,41.925,42.0,41.66,41.75,32022439.0,42.0,38.65,40.325,0.5307999999999998,40.537177308481446,39.432187196931835,35.93271660006698,0.6074970716393295,0.5907930270692532,0.01670404457007635,62.650602409638545,42.04698734724304,39.18201265275696,0.07054068607236527,1.6309639727361214,38.2999650752134,43.06168586500176,22.60738507912585,29302299.15,-948959231.0
2025-10-03,41.57,41.63,41.33,41.42,24482191.0,42.0,39.125,40.5625,0.5318642857142858,40.62125566005464,39.51014064018941,35.987316434892186,0.6045421832195856,0.5935428582993197,0.010999324920265896,56.37450199203188,41.966438523405465,39.514561476594544,0.06018279222913123,1.197165892988039,37.44867713648404,39.818159842065064,26.993996857415258,29221457.7,-973441422.0
2025-10-06,41.2,41.545,41.17,41.4,16610896.0,42.0,39.71,40.855000000000004,0.519992857142857,40.69542178766849,39.584252771946694,36.041173982803706,0.5937422884950649,0.5935827443384688,0.0001595441565961364,53.66876310272537,41.93302753566443,39.74397246433556,0.05360272956472119,1.845018450184499,35.911701475494446,37.97991730655647,29.808101759639488,28426583.85,-990052318.0
2025-10-07,41.47,41.49,40.855,40.93,26990235.0,42.0,39.71,40.855000000000004,0.5167857142857143,40.7177625697953,39.637027173046825,36.089819017800686,0.5410216611354528,0.5830705276978656,-0.0420488665624128,42.612419700214154,41.90200661456363,39.870993385436364,0.04967442136468683,2.0698254364089674,31.336953753380072,29.4416033172081,34.34692467173461,27914154.15,-1017042553.0
2025-10-08,40.93,41.07,40.74,41.05,25431597.0,42.0,40.1,41.05,0.48714285714285716,40.74940422981479,39.69243787214303,36.139174052449434,0.5031234868664072,0.5670811195315739,-0.06395763266516674,49.6470588235294,41.8084494048292,40.09755059517081,0.041777130116435635,1.1831402514173028,27.443152843086317,31.23313782991211,31.378299120234505,27879120.6,-991610956.0
2025-10-09,41.13,41.145,40.41,40.51,45824776.0,42.0,40.1,41.05,0.5085714285714289,40.726603826975285,39.724499132058995,36.1826648578977,0.4246206610218124,0.5385890278296216,-0.1139683668078092,45.474137931034456,41.814999314621176,40.068000685378834,0.04267060633446115,-0.39341037619867736,24.501105604236322,27.740168539325893,34.691011235955024,27915150.95,-1037435732.0
2025-10-10,40.43,40.695,38.12,38.33,146013630.0,42.0,38.12,40.06,0.6650000000000007,40.49835584345383,39.66981289158609,36.204031376724586,0.18437348224303207,0.4677459187123037,-0.2833724364692716,32.26299694189602,42.284964233477524,39.38203576652248,0.07109183555059072,-4.959087527894868,24.445897648735897,21.21482277121378,46.99248120300747,34222805.7,-1183449362.0
2025-10-13,39.75,39.8,39.415,39.53,71314440.0,42.0,38.12,40.06,0.7307142857142865,40.40613147741061,39.66433003309252,36.23712559188156,0.08977100904321134,0.3921509367784852,-0.3023799277352739,46.036161335187764,42.33541884282989,39.20658115717011,0.0767417450064942,-3.538311371400671,24.85088112006277,19.306940371456527,38.416422287389985,36238319.15,-1112134922.0
2025-10-14,39.08,39.77,39.015,39.4,41027788.0,42.0,38.12,40.06,0.7328571428571438,40.31030943194293,39.65396414944183,36.268596979027016,0.0042588604217783654,0.3145725215071439,-0.3103136610853655,41.459854014598534,42.36124467174571,39.015755328254286,0.08222198762528535,-4.229460379193006,24.656797713562593,15.497076023391825,42.20272904483424,37131166.75,-1153162710.0
2025-10-15,39.86,40.03,39.53,39.8,29502766.0,42.0,38.12,40.06,0.7564285714285727,40.261708533662656,39.659691045542154,36.30373531754416,-0.030877539329161152,0.2454825093398829,-0.27636004866904407,43.91608391608389,42.25482663617005,38.94017336382994,0.08164673372350785,-3.818269695505083,24.51476171631452,17.469310670443804,40.60434372049094,36891142.7,-1123659944.0
2025-10-16,40.05,40.26,39.87,39.99,25051366.0,42.0,38.12,40.06,0.7485714285714299,40.235831530456686,39.672644337873834,36.34041456811586,-0.04289748170577923,0.18780651113075048,-0.2307039928365297,47.5714285714286,42.2052001906195,38.8807998093805,0.08199690159186547,-4.215568862275443,24.934042028908184,19.847328244274756,37.59541984732815,36334563.85,-1098608578.0
2025-10-17,39.41,40.06,39.375,40.0,43076802.0,42.0,38.12,40.06,0.7435714285714299,40.21337138469891,39.68548181481996,36.37682835350775,-0.051028234488534,0.14003956200689358,-0.19106779649542757,42.295597484276755,42.16513669534858,38.827863304651416,0.08240893387569699,-3.4282955094157463,26.800648363369756,13.49663784822278,42.60326609029767,36793896.25,-1055531776.0
2025-10-20,39.91,40.56,39.84,40.49,40080940.0,42.0,38.12,40.06,0.7642857142857155,40.239716967108535,39.71703154757212,36.417755434567376,-0.017728644965181672,0.10848592061247853,-0.1262145655776602,45.142002989536635,42.155571494697284,38.82142850530272,0.08234790099397518,-2.1980676328502313,27.911346794596646,14.76635514018688,41.44859813084101,37520888.25,-1015450836.0
2025-10-21,40.11,40.115,39.88,39.94,35064338.0,42.0,38.12,40.06,0.7871428571428584,40.21117249405058,39.725775408451646,36.45280264417367,-0.035311831008534966,0.07972637028827584,-0.1150382012968108,39.71428571428568,42.1569307322437,38.80406926775628,0.08282658229239805,-2.4187637429758158,29.76240873633739,14.156079854809372,40.245009074410056,38101833.9,-1050515174.0
2025-10-22,39.78,40.01,39.39,39.74,25768595.0,42.0,38.12,40.06,0.7871428571428584,40.16629892318862,39.72633323557119,36.485511075574934,-0.06463983339568102,0.05085312955148447,-0.11549296294716549,35.28550512445098,42.146899910789344,38.731100089210656,0.08446795968195771,-3.1912302070645437,32.28942594539387,8.983666061705929,44.69147005444637,37624888.2,-1076283769.0
2025-10-23,40.195,40.59,40.15,40.41,30021825.0,42.0,38.12,40.06,0.8178571428571441,40.18950854955161,39.75314369692134,36.52456071661399,-0.033433683318421004,0.03399576697750338,-0.06742945029592438,42.9567642956764,42.13045113870172,38.72154886129828,0.08432450099944198,-0.24685262898049842,34.42320879005333,13.711790393013084,40.13100436681216,38048634.5,-1046261944.0
2025-10-24,40.66,40.7,40.51,40.55,20969554.0,42.0,38.12,40.06,0.811785714285716,40.22384106864193,39.78439296370874,36.56461483883674,0.0025646813668203094,0.027709549855366767,-0.025144868488546458,44.17009602194786,42.14168209723768,38.73231790276232,0.0843129854953473,5.791807983302899,36.78022253832814,14.782226132864023,39.023317201935704,38005047.05,-1025292390.0
2025-10-27,41.12,41.175,41.01,41.08,27399009.0,42.0,38.12,40.06,0.8110714285714299,40.30538001448556,39.83520108277899,36.60954404442045,0.07301850348355288,0.03677134058100399,0.03624716290254889,51.020408163265294,42.153959173151456,38.730040826848544,0.08466243870982919,3.921072603086251,38.467705882669584,18.97842360193739,36.28357551739313,38162282.0,-997893381.0
2025-10-28,40.665,40.91,40.56,40.86,28787094.0,42.0,38.12,40.06,0.8246428571428582,40.35820096548693,39.875389275611184,36.651837138505826,0.10983538971765228,0.05138415040833365,0.05845123930931863,48.724832214765115,42.12039288707486,38.73560711292514,0.08372379969698525,3.7055837563451766,40.93655726170322,18.66608921611079,38.58813339107833,38110259.45,-1026680475.0
2025-10-29,41.14,41.24,40.74,40.97,32970532.0,42.0,38.12,40.06,0.8078571428571435,40.41646754020246,39.91831518637153,36.69480393314756,0.14620377192706968,0.07034807471208086,0.07585569721498882,53.276353276353284,42.06082042298632,38.75417957701368,0.0818323540425079,2.939698492462317,41.913506175570284,21.971706454465053,36.47214854111397,38420540.65,-993709943.0
2025-10-30,40.175,40.395,40.07,40.15,35664696.0,41.63,38.12,39.875,0.6882142857142861,40.391089679230795,39.927400865337354,36.729183993514255,0.10761827340821384,0.07780211445130747,0.02981615895690637,66.07773851590105,41.85754815886034,38.79745184113966,0.07588113118146868,0.40010002500623365,39.242627317200466,25.79138557343018,25.998962117280684,38602653.5,-1029374639.0
2025-10-31,39.53,39.8,39.355,39.71,32012171.0,41.545,38.12,39.832499999999996,0.6400000000000006,40.32622399549453,39.91887534120648,36.758843854275305,0.04106133555545455,0.07045395867213688,-0.029392623116682337,51.836734693877546,41.70462345408233,38.779376545917664,0.07269138979585177,-0.7249999999999979,37.798209724902804,27.73437499999997,35.93749999999996,38979152.5,-1061386810.0
2025-11-03,39.88,39.9,39.64,39.83,21839239.0,41.49,38.12,39.805,0.6046428571428574,40.27896456735219,39.915390033708185,36.78940262189446,-0.001979699349760722,0.055967227067757364,-0.057946926417518085,54.39672801635992,41.52979002084592,38.797209979154076,0.06803640224810703,-1.6300321066930246,34.80278417512944,30.537507383343176,33.31364441819255,39240569.65,-1039547571.0
2025-11-04,39.38,39.67,39.28,39.37,23252424.0,41.24,38.12,39.68,0.5989285714285713,40.19239651331865,39.89400218924904,36.815080207746256,-0.07237390391253484,0.030299000871698924,-0.10267290478423377,45.656565656565654,41.44564666392224,38.72535333607777,0.0678622775777893,-1.427140711066599,33.066636801978014,27.728085867620795,37.92486583184259,39053679.1,-1062799995.0
2025-11-05,39.55,39.87,39.495,39.77,17970179.0,41.24,38.12,39.68,0.601785714285714,40.15216827395497,39.8891393582981,36.84448239473386,-0.09479245274191328,0.005280710148976484,-0.10007316289088976,47.868217054263575,41.3090807588406,38.73391924115939,0.06434445279865098,0.07549068948162763,32.014306344468466,27.240356083086088,37.74480712166174,38680608.2,-1044829816.0
2025-11-06,40.285,40.48,39.99,40.14,31541530.0,41.24,38.12,39.68,0.6035714285714278,40.151009390721164,39.898977030521706,36.87727361468676,-0.08176091746303626,-0.012127615373426066,-0.0696333020896102,51.26811594202899,41.27151923621275,38.73448076378725,0.06342120522024582,-0.6681514476614581,28.589451890225664,34.37869822485213,31.77514792899415,37966445.9,-1013288286.0
2025-11-07,39.66,39.96,39.475,39.94,28679654.0,41.24,39.015,40.1275,0.5996428571428564,40.130913258271526,39.900585774422815,36.90774850409286,-0.08657369275778137,-0.02701683085029713,-0.05955686190748424,44.74187380497128,41.08021618723943,39.08678381276057,0.04973199382486203,-1.5043156596794116,26.212244236067654,28.64800476474097,38.1179273377011,32099747.1,-1041967940.0
2025-11-10,40.585,40.795,40.425,40.76,35660181.0,41.24,39.015,40.1275,0.6171428571428567,40.19082628129328,39.9342882930729,36.946079364748655,-0.02394468545016082,-0.026402401770269868,0.002457716320109049,57.45454545454547,41.14967329070854,39.140326709291465,0.05005222521900802,-0.7789678675754641,22.831136199423685,37.50000000000005,37.0370370370371,30317034.15,-1006307759.0
2025-11-11,40.825,40.94,40.715,40.76,21097178.0,41.24,39.28,40.260000000000005,0.5889285714285707,40.24503330212249,39.966669144324946,36.984028823805886,0.025396499026754782,-0.01604262161086494,0.04143912063761972,59.62264150943393,41.18905219878216,39.236947801217845,0.0485441125398332,-0.24473813020068347,18.870341159650188,41.055184960582196,32.868405093996415,29320503.65,-1006307759.0
2025-11-12,40.95,40.96,40.695,40.91,20611907.0,41.24,39.28,40.260000000000005,0.5471428571428564,40.30836346382511,40.003662511214166,37.023093213618765,0.0757305153659118,0.002312005784490409,0.07341850958142139,55.23012552301255,41.271532769580766,39.26546723041924,0.04981724025383427,-0.14644862094216338,15.488573967174302,36.61879895561353,35.37859007832904,28875960.7,-985695852.0
2025-11-13,41.19,41.22,40.5,40.65,30309860.0,41.24,39.28,40.260000000000005,0.5778571428571416,40.340900276794144,40.029009079401845,37.05918183835888,0.09356223169584155,0.020562050966760635,0.0730001807290809,51.02040816326532,41.309369561323486,39.29363043867651,0.05001647885679136,1.245330012453305,12.579406353992196,36.52657601977747,33.498145859085376,29138885.4,-1016005712.0
2025-11-14,40.14,40.565,39.89,40.12,44898654.0,41.24,39.28,40.260000000000005,0.5874999999999986,40.3198621551947,40.03257735079785,37.08963774046477,0.06418751108030563,0.029287142989469637,0.03490036809083599,40.20408163265304,41.309222201227406,39.30577779877259,0.0497040104807993,1.0324855200201322,11.377121895765983,30.15197568389061,40.36474164133749,29229978.0,-1060904366.0
2025-11-17,39.84,40.045,39.53,39.67,33870423.0,41.24,39.28,40.260000000000005,0.5924999999999986,40.25797052136663,40.01835863115872,37.1153129868283,0.004544211326482639,0.024338556656872238,-0.0197943453303896,38.401559454191045,41.30328196459815,39.22971803540184,0.051496006089337576,-0.4017072558373025,9.829913834652071,29.897528631705878,38.93911995177832,28919452.15,-1094774789.0
2025-11-18,39.22,39.63,39.18,39.51,32116552.0,41.24,39.18,40.21,0.591785714285713,40.186735233617426,39.99842299856426,37.13914071830265,-0.05500018832482567,0.008470807660532655,-0.06347099598535832,35.907335907335906,41.327132397780645,39.16286760221935,0.05377723432876865,0.35560071120142034,9.840305077191994,25.95051297525644,43.21062160531096,28772062.85,-1126891341.0
2025-11-19,39.25,39.32,39.01,39.11,32477686.0,41.24,39.01,40.125,0.5632142857142846,40.084189020891955,39.963582880973505,37.158751258419045,-0.13293383262912783,-0.019810120397399444,-0.11312371223172839,39.075630252100844,41.39008336766387,39.03691663233612,0.05851683477756841,-1.659542368619571,11.081821160437451,27.266962587190818,39.06150919467358,29107517.4,-1159369027.0
2025-11-20,39.285,39.45,38.56,38.58,38244258.0,41.24,38.56,39.900000000000006,0.5699999999999987,39.94093292366415,39.909324728778465,37.17289303694224,-0.23475724246721086,-0.06279954481136173,-0.17195769765584912,38.3505154639175,41.501391170049466,38.742608829950534,0.06875984098746155,-3.8863976083707064,11.118272639811485,26.94235588972427,35.2756892230577,29518639.05,-1197613285.0
2025-11-21,38.295,38.905,38.145,38.72,38856610.0,41.24,38.145,39.6925,0.6057142857142844,39.8246535976009,39.86268454333617,37.18828713607714,-0.30069003088772916,-0.11037764202663522,-0.19031238886109395,38.603696098562644,41.52806961001897,38.53293038998104,0.07482142916121276,-3.0545818728092144,12.404033979920664,24.174528301886724,38.08962264150947,30412991.85,-1158756675.0
2025-11-24,39.11,39.385,39.0818,39.35,34365546.0,41.24,38.145,39.6925,0.6139285714285704,39.779448493067484,39.842579267126915,37.2097967168127,-0.29866369667716697,-0.14803485295674157,-0.1506288437204254,49.80158730158734,41.38511652620991,38.50288347379008,0.07215684589474854,-3.4592737978410115,11.744388347523005,29.43571844095394,33.39150668993604,30761318.7,-1124391129.0
2025-11-25,39.675,39.725,39.435,39.6,30123949.0,41.24,38.145,39.6925,0.6049999999999989,39.76235816039439,39.833066354690565,37.23357983405835,-0.273729518060037,-0.17317378597740066,-0.10055573208263632,48.26175869120653,41.26243937139929,38.49956062860071,0.06927807083068571,-2.8459273797840967,10.847654400494818,31.52302243211334,33.884297520661185,30828161.45,-1094267180.0
2025-11-26,39.445,39.61,38.89,39.37,30425319.0,41.22,38.145,39.682500000000005,0.605714285714285,39.72499071654731,39.81490688980074,37.25483774615727,-0.2694223465730019,-0.19242349809652093,-0.07699884847648097,41.894736842105246,41.09974271185202,38.50225728814798,0.06526181311283745,-3.764360791982402,12.334315769284261,24.29245283018865,40.271226415094375,30700900.8,-1124692499.0
2025-11-28,39.43,39.615,39.405,39.53,11699775.0,41.22,38.145,39.682500000000005,0.5757142857142854,39.706420172114235,39.80373407059287,37.277476176543765,-0.2502139091222091,-0.20398158030165858,-0.046232328820550506,45.64755838641193,41.063253750494326,38.47674624950568,0.06503664825216608,-2.7552275522755187,12.522455738748093,25.620347394540925,35.98014888337469,29502654.75,-1112992724.0
2025-12-01,39.49,39.82,39.475,39.64,20355304.0,41.22,38.145,39.682500000000005,0.5392857142857136,39.70009444143669,39.79731312664805,37.30098387627965,-0.22353819420637677,-0.20789290308260222,-0.015645291123774552,36.00000000000006,41.06081591360852,38.47218408639148,0.06509579236837647,-1.1964107676968982,14.891996905598477,19.006622516556256,38.4105960264901,28919811.4,-1092637420.0
2025-12-02,39.53,39.54,39.27,39.49,16635165.0,41.22,38.145,39.682500000000005,0.5496428571428567,39.68008544701415,39.78526163148538,37.32276513124204,-0.2120567857201081,-0.2087256796101034,-0.0033311061100047,34.69879518072297,41.049224262258896,38.4497757377411,0.0653957540225109,-0.45374338290899985,17.050730975175373,16.76413255360624,40.35087719298245,28659607.7,-1109272585.0
2025-12-03,38.965,39.22,38.94,39.21,27072868.0,41.22,38.145,39.682500000000005,0.5699999999999997,39.63531540444137,39.76270235181929,37.3415435876476,-0.22298096100043807,-0.21157673588817036,-0.011404225112267713,30.140186915887938,41.052976066763655,38.430023933236335,0.06600033047387041,-0.7593014426727329,20.170320303805,16.16541353383458,43.045112781954934,28850629.9,-1136345453.0
2025-12-04,39.37,39.4,39.21,39.31,17482155.0,41.22,38.145,39.682500000000005,0.5321428571428568,39.60433298497077,39.74494931841462,37.36113021861628,-0.2210214862371629,-0.2134656859579689,-0.007555800279194003,33.73786407767,41.04393180650452,38.39306819349548,0.06674128209799053,0.5113781641523873,23.282903687480598,16.241610738255055,46.10738255033563,28826228.7,-1118863298.0
2025-12-05,39.91,40.01,39.79,39.89,30296848.0,41.22,38.145,39.682500000000005,0.5278571428571424,39.631539367354506,39.750637580437576,37.386293102013134,-0.17069971556807673,-0.20491249187999047,0.034212776311913745,47.24220623501204,41.01935488450045,38.392645115499555,0.06615397594824199,3.3955417314670777,23.793861494752573,24.62787550744252,38.22733423545339,28763994.6,-1088566450.0
2025-12-08,39.52,39.53,39.29,39.47,25719678.0,41.22,38.145,39.682500000000005,0.5285714285714285,39.61615466570169,39.7396321851263,37.407026503983154,-0.16283280446759107,-0.1964965543975106,0.03366374992991952,47.584541062801904,40.995044736083344,38.369955263916665,0.06615232085092114,1.9369834710743827,24.564868171912995,24.594594594594604,40.06756756756762,28615995.8,-1114286128.0
2025-12-09,38.72,38.88,38.65,38.82,38798079.0,41.22,38.145,39.682500000000005,0.5521428571428569,39.540330411825344,39.703568177866444,37.42108594175447,-0.20666547748609787,-0.19853033901522807,-0.008135138470869802,42.54859611231106,40.84857019432763,38.322429805672364,0.0638147904827592,-1.3468869123252847,24.801974749514233,23.544631306597687,42.10866752910742,28772890.7,-1153084207.0
2025-12-10,38.97,39.24,38.8946,39.09,26145581.0,41.22,38.145,39.682500000000005,0.5464285714285714,39.49744180117531,39.67950668069521,37.43769205178676,-0.21711369164604832,-0.20224700954139213,-0.014866682104656193,49.77777777777782,40.654070904254695,38.349929095745296,0.05832975060780213,-1.2878787878787823,24.759614541443362,28.49673202614379,40.326797385620935,29025310.85,-1126938626.0
2025-12-11,39.0,39.245,38.86,39.19,17964751.0,41.22,38.145,39.682500000000005,0.5103571428571426,39.46816162963481,39.66031034027579,37.455127951768986,-0.21484817633950115,-0.20476724290101395,-0.010080933438487205,57.493857493857476,40.36429264859401,38.467707351405984,0.048117142713315034,-0.457200914401823,24.524037520014993,30.510846745976217,37.36319104268725,28892953.05,-1108973875.0
2025-12-12,39.43,39.52,38.9,39.08,29147015.0,40.565,38.145,39.355000000000004,0.5003571428571431,39.431193855383874,39.63755307202968,37.47129583284591,-0.21939971646867917,-0.207693737614547,-0.01170597885413216,54.45544554455444,40.09677597091497,38.57822402908503,0.03860316344022728,-1.1383759170250474,23.23165563373977,35.04639543183446,32.185581727337656,28834810.8,-1138120890.0
2025-12-15,39.01,39.025,38.71,38.74,39067033.0,40.045,38.145,39.095,0.47928571428571437,39.36536586915684,39.60235491234224,37.48391975490715,-0.24758796339076383,-0.2156725827697904,-0.03191538062097343,41.866666666666674,39.97751785294745,38.559482147052556,0.03611127763716195,-2.2704339051463185,23.54087703853541,29.433681073025458,36.432190760059626,28543229.75,-1177187923.0
2025-12-16,37.86,37.975,37.68,37.96,42610688.0,40.01,37.68,38.845,0.528214285714286,39.231521500665714,39.53794883734843,37.48865687177375,-0.329073479202755,-0.23835276205638334,-0.09072071714637164,30.8411214953271,40.07655823302013,38.289441766979884,0.0456094853900989,-3.8743985819194804,25.85464203291179,22.109533468559896,46.98580121703855,28980243.0,-1219798611.0
2025-12-17,38.32,38.4,37.845,37.85,36203430.0,40.01,37.68,38.845,0.5164285714285717,39.09994802441184,39.47175476529555,37.492252325785955,-0.39794021120128775,-0.27027025188536424,-0.1276699593159235,31.73076923076927,40.158777845595665,38.04122215440434,0.054157434557322956,-3.468502932925277,25.331741483918602,28.49239280774552,40.52005532503456,29184586.9,-1256002041.0
2025-12-18,38.34,38.49,38.18,38.21,31528298.0,40.01,37.68,38.845,0.5446428571428571,39.01519106970595,39.42227418626435,37.499394093688586,-0.4186427481095265,-0.2999447511301967,-0.11869799697932981,34.86238532110089,40.18602654815875,37.92397345184125,0.05791967984425813,-2.798270160264571,25.23485527532361,28.131147540983655,38.420983606557385,29137117.5,-1224473743.0
2025-12-19,38.435,38.71,38.395,38.6,30036578.0,40.01,37.68,38.845,0.5557142857142858,38.97564906306729,39.39002813974418,37.510345396238954,-0.3989807157942238,-0.3197519440630021,-0.07922877173122167,38.79310344827586,40.185292279544974,37.92670772045502,0.057829387522786616,-3.233893206317373,23.901022187749387,27.76349614395891,37.65552699228792,28726733.5,-1194437165.0
2025-12-22,38.545,38.72,38.48,38.63,15893240.0,40.01,37.68,38.845,0.5464285714285718,38.942730104679924,39.36022311465617,37.521486238067425,-0.3766360384441185,-0.33112876293922544,-0.045507275504893085,40.48672566371682,40.18712920190475,37.91587079809524,0.058160593160557515,-2.1281986318723023,21.760588336559277,28.366013071895424,35.61568627450981,27578565.0,-1178543925.0
2025-12-23,38.375,38.535,38.22,38.53,19173607.0,40.01,37.68,38.845,0.5364285714285718,38.903422475662786,39.32766534545397,37.531521200872724,-0.3628145842416828,-0.3374659271997169,-0.025348657041965872,42.165898617511516,40.15987923749612,37.86112076250388,0.0589266601297661,-0.7470376094796505,19.23541195169947,28.894806924101196,35.347536617842785,26818968.05,-1197717532.0
2025-12-24,38.52,38.63,38.49,38.55,7330728.0,40.01,37.68,38.845,0.5328571428571435,38.86976319226633,39.29716866524009,37.54165531827698,-0.3462557288495631,-0.3392238875296862,-0.007031841319876941,41.07981220657269,40.08979131422515,37.82620868577486,0.05810315284281261,-1.3814274750575728,16.67233502466926,27.949061662198467,35.58445040214466,25679307.0,-1190386804.0
2025-12-26,38.69,38.95,38.6299,38.93,19516053.0,40.01,37.68,38.845,0.5114285714285727,38.87550003109811,39.282769894054205,37.5554696932195,-0.29902294210246083,-0.3311836984442411,0.03216075634178028,38.177339901477815,40.05105298434774,37.82094701565226,0.057276196031833856,-0.6634345496300043,16.50679377556909,25.0698324022347,37.07541899441325,25133843.7,-1170870751.0
2025-12-29,38.235,38.5,38.215,38.47,27921197.0,40.01,37.68,38.845,0.5196428571428581,38.83688098051734,39.25089656487561,37.564569497267065,-0.29530468533932464,-0.32400789582325784,0.028703210483933206,37.80487804878047,39.979791492926225,37.78620850707378,0.056414962473380244,-1.560900716479019,16.06511531808123,24.67353951890042,35.31958762886579,25944914.8,-1198791948.0
2025-12-30,38.77,38.82,38.6,38.67,18122638.0,40.01,37.68,38.845,0.48607142857142954,38.82098755380141,39.22811630742951,37.57556880575197,-0.2730718096948195,-0.3138206785975702,0.0407488689027507,47.94520547945207,39.87467154456038,37.79432845543962,0.05356945728980056,-0.1806917914300432,14.373016274619573,31.080088170462965,28.354151359294438,25833281.5,-1180669310.0
2025-12-31,38.4,38.418,38.1929,38.29,15517676.0,40.01,37.68,38.845,0.49015000000000086,38.770417310582225,39.191327432628356,37.58267757385394,-0.2828543508884991,-0.30762741305575597,0.024773062167256887,39.36170212765951,39.79369421216617,37.755305787833834,0.05257033422306771,0.8693361433087521,14.16055230062788,25.575261217411676,34.05080077527267,25777407.05,-1196186986.0
2026-01-02,39.45,39.855,39.435,39.82,64269443.0,40.01,37.68,38.845,0.5744357142857152,38.87037756671725,39.21598125879979,37.604939488541966,-0.1652440415571803,-0.27915073875604085,0.11390669719886054,56.06936416184973,39.911811446884776,37.69818855311522,0.05704478530523266,5.204755614266832,14.596538897702974,39.69112545230726,28.624364282960784,27637235.8,-1131917543.0
2026-01-05,39.37,39.93,39.25,39.93,32499779.0,40.01,37.68,38.845,0.578721428571429,38.971293988934654,39.243981993748825,37.628074419004236,-0.06244116055336235,-0.23580882311550516,0.1733676625621428,58.18882466281311,40.033390144398474,37.63860985560152,0.06166392751047872,4.501439413766017,14.860962497507694,36.00301156490291,30.69574554745057,28388117.0,-1099417764.0
2026-01-06,40.07,40.22,39.89,39.91,25182626.0,40.22,37.68,38.95,0.5758642857142863,39.060694561417066,39.270100346935145,37.65078014617833,0.0172185457664753,-0.1852033493391091,0.2024218951055844,62.01232032854201,40.038124034967375,37.63587596503263,0.061854624969352484,3.3937823834196745,15.28296494530218,39.778717703824036,28.491336004266817,28132405.9,-1124600390.0
2026-01-07,39.45,39.48,39.24,39.28,36413508.0,40.22,37.68,38.95,0.5480071428571429,39.08158079366306,39.27048856862396,37.666991289002425,0.02917736358667611,-0.14232720675395205,0.17150457034062816,63.98305084745761,40.010411217030374,37.64458878296963,0.060931618931446684,1.682630080248515,14.509595359843946,41.80081072978716,24.986639903025175,28667097.4,-1161013898.0
2026-01-08,38.97,39.4,38.93,39.4,21987024.0,40.22,37.68,38.95,0.5419357142857143,39.11190643236181,39.27556744828577,37.684235156773546,0.04778695175250647,-0.10430437505266035,0.15209132680516682,66.38477801268495,40.06675921538692,37.64624078461308,0.0622937843288469,2.2579807941863317,14.056152869686603,36.6675014168787,29.35245350660986,27826544.65,-1139026874.0
2026-01-09,39.245,39.385,39.045,39.35,28496981.0,40.22,37.68,38.95,0.5215785714285711,39.134582010232116,39.27848637188241,37.70080993133301,0.05783392878554139,-0.07187671428502,0.1297106430705614,62.89592760180996,40.0957990963432,37.643200903656805,0.06309826966352525,2.075226977950728,13.62699742212544,36.86610701031213,30.498075895975102,27944114.65,-1167523855.0
2026-01-12,39.81,40.66,39.8,40.64,58687923.0,40.66,37.68,39.17,0.5794357142857136,39.27795515211477,39.33187906318114,37.73005560365806,0.167952398782532,-0.023910891671509605,0.1918632904540416,69.17293233082705,40.398016194244704,37.485983805755296,0.07477870649913737,4.392499357821733,14.364322976616913,46.19025899582111,27.452817396235247,29980273.25,-1108835932.0
2026-01-13,40.36,40.48,40.04,40.25,36884006.0,40.66,37.68,39.17,0.6051499999999993,39.370530851913365,39.36788380580149,37.7551296772535,0.22120245477695022,0.02511177761818236,0.19609067715876785,64.26056338028167,40.56949532051491,37.431504679485094,0.08046026694606008,4.626982063945939,15.363446099795206,44.10948879262528,26.28628085126473,30367122.8,-1145719938.0
2026-01-14,39.88,40.08,39.81,40.04,40171052.0,40.66,37.68,39.17,0.6072928571428561,39.43428981839781,39.3942413036132,37.777864705340534,0.24364962166970372,0.06881934642848664,0.17483027524121708,63.039723661485304,40.695578784020455,37.435421215979545,0.08345362450348542,3.5427980346521837,16.499716399807863,43.95384669669856,25.840674656849476,30422323.75,-1185890990.0
2026-01-15,39.88,40.2051,39.675,40.0,22815474.0,40.66,37.845,39.2525,0.635157142857142,39.488166978550396,39.41799654660876,37.79997550429237,0.2552689162817572,0.10610926039914076,0.14915965588261643,62.47848537005165,40.76120967441511,37.57379032558488,0.08137918807251504,4.465917994254376,17.20760671445279,40.95724342682352,26.225231101414764,29432563.05,-1208706464.0
2026-01-16,39.53,39.54,39.1,39.3,50220662.0,40.66,38.18,39.42,0.6708714285714272,39.47024631392655,39.413369231055476,37.814901121165086,0.20562284891191496,0.1260119781016956,0.07961087081021936,53.01794453507339,40.70834672515447,37.771653274845534,0.07483928262764875,-1.3058764439979997,16.30359208449377,35.36977491961417,30.951214837844194,30133424.65,-1258927126.0
2026-01-20,39.05,39.275,38.84,38.87,33402764.0,40.66,38.1929,39.42645,0.6526571428571414,39.4130799983145,39.392060633759186,37.8253996174719,0.1300810827513601,0.1268257990316285,0.0032552837197316054,53.27868852459015,40.671903329871135,37.87409667012887,0.0712399526326551,-2.654645629852248,15.706235923004128,36.35687081381608,30.119730333143686,30227147.95,-1292329890.0
2026-01-21,39.29,39.53,39.06,39.34,39539091.0,40.66,38.1929,39.42645,0.6747999999999986,39.40611999847503,39.39001904027843,37.84047026804432,0.10690641031501258,0.12284192128830532,-0.015935510973292738,55.25902668759812,40.672629037833,37.94737096216701,0.06932734865596517,-1.4282134803307311,15.978791717077105,34.47582352443057,29.13138284359391,30702273.6,-1252790799.0
2026-01-22,39.49,39.68,39.41,39.48,31618738.0,40.66,38.1929,39.42645,0.6650071428571412,39.413156189096455,39.393547705365556,37.8567839967205,0.09869940016898937,0.11801341706444213,-0.019314016895452757,59.7063621533442,40.678354243004534,38.026645756995464,0.06738348226946371,0.5091649694500822,16.282267076702343,36.594666007883966,25.18769938024301,31488548.5,-1221172061.0
2026-01-23,39.31,39.46,39.16,39.44,25427434.0,40.66,38.1929,39.42645,0.57607857142857,39.41571274251584,39.39536936397867,37.87253738978796,0.08795374378485121,0.11200148240852395,-0.024047738623672738,45.905172413793075,40.66621216887088,38.12978783112913,0.06437952022289835,0.10152284263960087,16.10309834783425,24.426231540836486,32.17567048145721,31801239.85,-1246599495.0
2026-01-26,39.32,39.59,39.27,39.45,24628275.0,40.66,38.1929,39.42645,0.5503642857142843,39.41897819560957,39.39751174186186,37.8882335351632,0.0793301811615521,0.10546722215912958,-0.02613704099757748,44.71365638766523,40.64675028010431,38.23924971989569,0.0610374606446928,0.2541296060991183,16.02570873017634,27.254675474685687,31.27798471142494,32666117.2,-1221971220.0
2026-01-27,39.93,40.015,39.7839,39.94,30231998.0,40.66,38.1929,39.42645,0.5671499999999986,39.46859931983723,39.41878579120061,37.908649121878,0.11075810011865883,0.10652539775103544,0.004232702367623395,50.299401197604794,40.69136257010197,38.29563742989802,0.06066125160352844,-1.7224409448818978,15.113855994050967,28.148260097479945,30.35226256596268,33201914.45,-1191739222.0
2026-01-28,40.62,40.65,40.29,40.5,35977679.0,40.66,38.1929,39.42645,0.5700071428571418,39.56682795604321,39.46118634840843,37.93443370772996,0.1787912776478109,0.12097857373039053,0.057812703917420355,62.348178137651814,40.771533713480736,38.41846628651926,0.059428398205871286,0.6211180124223503,15.028030140146035,35.964461598225625,22.05486146790142,33604738.55,-1155761543.0
2026-01-29,41.0,41.17,40.2,40.78,39203011.0,41.17,38.1929,39.68145,0.6057214285714275,39.68236815070576,39.51290453082379,37.96274780019036,0.2523922996134047,0.14726131890699337,0.10513098070641133,63.529411764705905,40.905847296538546,38.49515270346145,0.06072202095885685,1.8481518481518577,17.099643620768752,39.975943679909506,17.098854966332926,34658757.2,-1116558532.0
2026-01-30,40.07,40.19,39.355,39.61,52440227.0,41.17,38.84,40.005,0.6821499999999995,39.67547594587664,39.51671219628168,37.97913836934269,0.21384731910652732,0.16057851894690017,0.05326880015962715,52.090032154340825,40.77516300251438,38.757836997485605,0.050729282311211155,-0.9750000000000036,17.800220252056135,35.497010502507855,24.03116197736153,36504884.75,-1168998759.0
2026-02-02,39.145,39.33,39.05,39.17,35834136.0,41.17,38.84,40.005,0.6285785714285714,39.62733537960268,39.503115639564754,37.99098773880197,0.14611153871958749,0.15768512290143766,-0.011573584181850172,36.3128491620112,40.77671709843951,38.69128290156049,0.05248487936978459,-0.3307888040712359,16.71755820700883,24.03381779752505,29.545118805468135,35083119.4,-1204832895.0
2026-02-03,38.715,38.895,38.39,38.72,39016608.0,41.17,38.39,39.78,0.6414357142857143,39.54092248630718,39.47240522232692,37.998241592147224,0.05547967045380631,0.13724403241191138,-0.08176436195810508,35.91160220994476,40.80496900323107,38.54203099676892,0.05703903125416589,-0.3859017236943596,16.430683024574233,23.552076257502723,36.302491063573875,35408960.85,-1243849503.0
2026-02-04,38.72,38.72,38.075,38.27,45696165.0,41.17,38.075,39.6225,0.6560785714285713,39.41988224951602,39.42525207635332,38.00094565590695,-0.05205788639777609,0.0993836486499739,-0.15144153504775,34.391534391534435,40.87790298180172,38.305097018198275,0.06498379610783737,-2.7198779867819045,16.186063904467595,23.026423228925132,36.41767645425744,36434637.8,-1289545668.0
2026-02-05,38.595,38.755,38.17,38.2,33002301.0,41.17,38.075,39.6225,0.6599999999999996,39.30370298765735,39.377202975319854,38.00292629614669,-0.14130175132254408,0.05124656865547031,-0.1925483199780144,34.21052631578951,40.96219756717138,38.11280243282862,0.07206816653411968,-3.2421479229989725,16.032332703949063,23.268398268398343,34.740259740259695,36264077.45,-1322547969.0
2026-02-06,38.805,39.235,38.79,39.22,37414936.0,41.17,38.075,39.6225,0.6696428571428567,39.29573127454713,39.371038152758295,38.015036482254686,-0.12824436057901067,0.015348382808574115,-0.1435927433875848,49.335548172757484,40.95911672384172,38.097883276158285,0.07238406333869062,-0.5578093306288001,15.563231357232254,28.05333333333338,28.10666666666667,37035473.05,-1285133033.0
2026-02-09,39.16,39.45,39.035,39.4,26572385.0,41.17,38.075,39.6225,0.6664285714285718,39.305661629352166,39.37217391147366,38.028817213774545,-0.10219376258246626,-0.008160046269633963,-0.0940337163128323,54.59272097053728,40.960477637390234,38.101522362609764,0.07232185562673522,-0.12674271229405898,15.536186461854387,30.493033226152242,25.45551982851017,36939243.25,-1258560648.0
2026-02-10,39.41,39.67,39.27,39.53,24916735.0,41.17,38.075,39.6225,0.6478571428571429,39.327027188461486,39.37836316984724,38.04375435592604,-0.07024877825374887,-0.020577792666456946,-0.049670985587291924,51.74953959484345,40.80648262079235,38.14451737920764,0.06743335085267343,-1.0265398097145662,15.535281373626502,30.981256890848975,26.185226019845643,35250683.85,-1233643913.0
2026-02-11,39.3,39.515,39.05,39.47,28709511.0,41.17,38.075,39.6225,0.6578571428571435,39.34064364670325,39.3819567710297,38.05794585487205,-0.049206425537477116,-0.02630351924066098,-0.022902906296816135,49.906542056074784,40.71666898555935,38.15633101444065,0.06492305278406295,-2.5432098765432176,14.304836656996033,28.88165038002173,28.175895765472347,34841959.1,-1262353424.0
2026-02-12,39.2,39.2,38.46,38.66,52002219.0,41.17,38.075,39.6225,0.7071428571428575,39.27582044225532,39.35364474079324,38.06393644338079,-0.09677487938612472,-0.04039779126975373,-0.056377088116370995,43.627450980392155,40.659416161532945,38.075583838467054,0.06563364000929425,-5.198626777832283,13.677977701379685,26.868686868686893,29.646464646464654,35433517.45,-1314355643.0
2026-02-13,38.14,38.49,38.085,38.33,36467029.0,41.17,38.075,39.6225,0.7253571428571429,39.18574230489767,39.31350180978174,38.06658384195412,-0.1592655497303781,-0.0641713429618786,-0.0950942067684995,41.30434782608692,40.61894569178255,37.94905430821745,0.06796383727637464,-3.2315071951527385,14.141017000870715,24.913835548990654,32.59478089611031,36116095.2,-1350822672.0
2026-02-17,38.48,38.665,38.2,38.52,26534476.0,41.17,38.075,39.6225,0.7182142857142857,39.122338275859796,39.282384091751084,38.07109544551677,-0.19125378946185378,-0.08958783226187364,-0.10166595719998014,38.43648208469062,40.622862570493375,37.86713742950662,0.0702185027643459,-1.6594332397242728,15.188036169400888,22.675285927399315,32.918945798110414,34931785.9,-1324288196.0
2026-02-18,38.76,38.91,38.65,38.72,23168652.0,41.17,38.075,39.6225,0.6953571428571423,39.08402034482553,39.260329813643196,38.07755220725292,-0.19818185432882984,-0.11130663667526489,-0.08687521765356496,34.60207612456746,40.62555240307883,37.849447596921166,0.070751317136863,0.0,15.426151186133614,19.414483821263502,34.00102722136625,34420080.3,-1301119544.0
2026-02-19,38.59,38.66,38.38,38.61,25484228.0,41.17,38.075,39.6225,0.6503571428571421,39.03887555008024,39.234826683696404,38.082850195240454,-0.21012627148297014,-0.13107056363680594,-0.0790557078461642,30.65953654188945,40.61583716749842,37.78616283250158,0.07218372834868596,0.8884243532793157,15.752138330302573,15.046677649643042,39.31905546403078,33717337.15,-1326603772.0
2026-02-20,37.94,38.81,37.93,38.81,42075311.0,41.17,37.93,39.55,0.6114285714285705,39.01707787864403,39.21816681374753,38.09008551668085,-0.20113541573213212,-0.14508353405587118,-0.056051881676260934,41.37931034482762,40.58624481218923,37.74875518781078,0.07244500221812597,1.5968586387434591,17.222503259014474,16.004672897196254,37.207943925233636,34240165.8,-1284528461.0
2026-02-23,38.97,39.105,38.6,38.68,23351202.0,41.17,37.93,39.55,0.6074999999999987,38.98497522353507,39.19706223281626,38.09595531253478,-0.20216952685917278,-0.1565007326165315,-0.04566879424264128,44.34180138568127,40.55819060405455,37.70080939594545,0.07302370866249513,-1.37684854665987,18.397242759930187,19.576719576719523,33.862433862433875,34136354.2,-1307879663.0
2026-02-24,38.14,38.49,38.08,38.37,34975136.0,41.17,37.93,39.55,0.5946428571428558,38.926406154626974,39.16462841976464,38.09868212534538,-0.2254051463819664,-0.1702816153696185,-0.055123531012347904,45.8233890214797,40.53450434688144,37.61649565311857,0.0746761703308434,-2.6142131979695504,18.618797094516776,19.999999999999947,32.912912912913015,34653697.25,-1342854799.0
2026-02-25,38.41,38.48,38.115,38.42,27342183.0,41.17,37.93,39.55,0.5746428571428558,38.878176997043454,39.135427305264066,38.10187931812801,-0.2370523679866352,-0.18363576589302186,-0.05341660209361335,51.97889182058045,40.42690803003863,37.57209196996136,0.07320135027570274,-2.8079939286617783,18.33697099187338,20.696084524549356,30.142945929148663,34509206.5,-1315512616.0
2026-02-26,37.45,37.585,37.115,37.39,51883087.0,41.17,37.115,39.1425,0.6260714285714271,38.73644585446789,39.06697917564587,38.09479594182823,-0.32564147473688365,-0.21203690766179423,-0.11360456707508942,41.473684210526315,40.260703363820596,37.427296636179406,0.07294322746476135,-5.269825183683807,19.46077650858828,18.596691386195005,39.075869937250566,35304476.9,-1367395703.0
2026-02-27,37.305,37.435,37.2,37.28,28610395.0,40.19,37.115,38.6525,0.5689285714285701,38.597736725470945,38.99690156091466,38.08668851952148,-0.4001128093732689,-0.24965208800408917,-0.1504607213691797,24.739583333333485,39.9354895536408,37.402510446359194,0.06550412752544946,-3.569580962234853,23.005905736777642,14.438166980539787,43.000627746390606,34774846.1,-1396006098.0
2026-03-02,36.455,37.01,36.435,36.9,35556955.0,39.67,36.435,38.0525,0.5996428571428554,38.43604751352133,38.9146701271533,38.074880673556095,-0.4842129968020856,-0.2965642697636885,-0.18764872703839713,19.059405940594218,39.94739011707602,37.11960988292399,0.07338498278516173,-3.7307591964518605,26.89936028708672,11.137581893984406,49.910661107802476,33930682.5,-1431563053.0
2026-03-03,35.77,36.2,35.33,36.06,65873215.0,39.67,35.33,37.5,0.683214285714284,38.20975727413835,38.802722279029645,38.05483210964012,-0.6115939072172267,-0.35957019725439615,-0.2520237099628306,13.473684210526429,40.138688860408024,36.617311139591976,0.09175511284631946,-6.3862928348909715,31.74341296230156,7.4751698902246835,55.35807631991659,35432636.45,-1497436268.0
2026-03-04,36.125,36.31,35.835,36.21,35218769.0,39.67,35.33,37.5,0.6828571428571409,38.019304200410886,38.70104689553829,38.03647557123574,-0.692458222702399,-0.42614780234399674,-0.26631042035840224,16.322314049586865,40.2521512853907,36.25284871460931,0.10455009661542108,-6.482438016528924,36.80034018254381,8.629707112970616,53.085774058577584,35242744.5,-1462217499.0
2026-03-05,35.53,35.805,35.345,35.58,44716631.0,39.67,35.33,37.5,0.6724999999999984,37.78698951465747,38.57865289963483,38.01203302823837,-0.7981786040916106,-0.5005539626935195,-0.2976246413980911,16.9527896995709,40.44737850306317,35.788621496936834,0.12221934535196852,-7.847707847707852,41.560098851658154,8.762612851832083,52.84121083377611,35193767.8,-1506934130.0
2026-03-06,35.655,36.02,35.55,35.82,42539455.0,39.67,35.33,37.5,0.6649999999999991,37.59965717992819,38.47047043298249,37.99022175432555,-0.8527666111163015,-0.5709964923780759,-0.28177011873822555,22.538293216630308,40.543938423411,35.454061576589005,0.13394765248617052,-7.704199948466894,45.11469906539566,11.17078410311486,49.40923737916235,35670625.5,-1464394675.0
2026-03-09,36.01,36.555,35.805,36.48,43347688.0,39.67,35.33,37.5,0.6853571428571422,37.49302316279217,38.39241276894396,37.97519467219296,-0.8331672820203622,-0.6234306503065332,-0.20973663171382895,29.76190476190473,40.425119809509646,35.29888019049036,0.135392732000932,-5.687693898655644,47.60809714018911,14.5909327774882,47.94163626889018,35967263.1,-1421046987.0
2026-03-10,36.54,37.08,36.385,36.59,39777186.0,39.67,35.33,37.5,0.7071428571428571,37.40702095681196,38.32172991525989,37.96141164062885,-0.7995419696857056,-0.6586529141823677,-0.14088905550333786,28.484848484848612,40.237271515021824,35.205728484978174,0.1333866105548202,-4.639040917383353,48.9787487815414,16.969696969696894,46.464646464646556,36627503.15,-1381269801.0
2026-03-11,36.43,36.5,36.1901,36.4,24789063.0,39.515,35.33,37.4225,0.7114214285714289,37.311114199020345,38.24636795779872,37.945875206393744,-0.7792424575182579,-0.6827708228495458,-0.09647163466871211,28.031809145129316,39.99503573723021,35.1349642627698,0.12937765138986854,-5.257678292555967,49.06466189071034,16.867639233325555,45.43117902790196,36621119.55,-1406058864.0
2026-03-12,36.315,36.4251,36.045,36.16,26034969.0,39.2,35.33,37.265,0.6757142857142858,37.20148427530412,38.164549606512495,37.928105303842564,-0.7736033245378522,-0.7009373231872071,-0.07266600135064505,23.865877712031605,39.73216484158419,35.06683515841581,0.12474310306737738,-3.289649638940906,49.293556514663486,17.758985200845583,44.60887949260049,36487392.45,-1432093833.0
2026-03-13,36.54,36.705,36.19,36.24,23224167.0,39.105,35.33,37.2175,0.678571428571429,37.109914344322775,38.08907707292377,37.91130823614264,-0.7539874417237087,-0.7115473468945075,-0.04244009482920119,25.697211155378625,39.586794198161925,34.97020580183808,0.12384050850554203,-2.7896995708154515,50.48535842766006,17.52526315789468,44.42105263157898,35048489.85,-1408869666.0
